ISO-10303-21;
HEADER;
FILE_DESCRIPTION((''),'2;1');
FILE_NAME('DRC0010R_ASM','2017-01-26T',('a0412025'),(''),
'CREO PARAMETRIC BY PTC INC, 2016050','CREO PARAMETRIC BY PTC INC, 2016050','');
FILE_SCHEMA(('AUTOMOTIVE_DESIGN { 1 0 10303 214 1 1 1 1 }'));
ENDSEC;
DATA;
#29=DIRECTION('',(1.E0,0.E0,0.E0));
#30=VECTOR('',#29,2.5E-1);
#31=CARTESIAN_POINT('',(-1.25E-1,0.E0,1.5E0));
#32=LINE('',#31,#30);
#33=DRAUGHTING_PRE_DEFINED_CURVE_FONT('continuous');
#34=CURVE_STYLE('',#33,POSITIVE_LENGTH_MEASURE(2.E-2),#6);
#35=PRESENTATION_STYLE_ASSIGNMENT((#34));
#36=STYLED_ITEM('',(#35),#32);
#37=DIRECTION('',(0.E0,0.E0,-1.E0));
#38=VECTOR('',#37,3.E-1);
#39=CARTESIAN_POINT('',(1.25E-1,0.E0,1.5E0));
#40=LINE('',#39,#38);
#41=CURVE_STYLE('',#33,POSITIVE_LENGTH_MEASURE(2.E-2),#6);
#42=PRESENTATION_STYLE_ASSIGNMENT((#41));
#43=STYLED_ITEM('',(#42),#40);
#44=DIRECTION('',(1.E0,0.E0,0.E0));
#45=VECTOR('',#44,2.5E-1);
#46=CARTESIAN_POINT('',(-1.25E-1,0.E0,1.2E0));
#47=LINE('',#46,#45);
#48=CURVE_STYLE('',#33,POSITIVE_LENGTH_MEASURE(2.E-2),#6);
#49=PRESENTATION_STYLE_ASSIGNMENT((#48));
#50=STYLED_ITEM('',(#49),#47);
#51=DIRECTION('',(0.E0,0.E0,-1.E0));
#52=VECTOR('',#51,3.E-1);
#53=CARTESIAN_POINT('',(-1.25E-1,0.E0,1.5E0));
#54=LINE('',#53,#52);
#55=CURVE_STYLE('',#33,POSITIVE_LENGTH_MEASURE(2.E-2),#6);
#56=PRESENTATION_STYLE_ASSIGNMENT((#55));
#57=STYLED_ITEM('',(#56),#54);
#58=DIRECTION('',(-1.E0,0.E0,0.E0));
#59=VECTOR('',#58,2.5E-1);
#60=CARTESIAN_POINT('',(1.25E-1,0.E0,-1.5E0));
#61=LINE('',#60,#59);
#62=CURVE_STYLE('',#33,POSITIVE_LENGTH_MEASURE(2.E-2),#6);
#63=PRESENTATION_STYLE_ASSIGNMENT((#62));
#64=STYLED_ITEM('',(#63),#61);
#65=DIRECTION('',(0.E0,0.E0,1.E0));
#66=VECTOR('',#65,3.E-1);
#67=CARTESIAN_POINT('',(-1.25E-1,0.E0,-1.5E0));
#68=LINE('',#67,#66);
#69=CURVE_STYLE('',#33,POSITIVE_LENGTH_MEASURE(2.E-2),#6);
#70=PRESENTATION_STYLE_ASSIGNMENT((#69));
#71=STYLED_ITEM('',(#70),#68);
#72=DIRECTION('',(-1.E0,0.E0,0.E0));
#73=VECTOR('',#72,2.5E-1);
#74=CARTESIAN_POINT('',(1.25E-1,0.E0,-1.2E0));
#75=LINE('',#74,#73);
#76=CURVE_STYLE('',#33,POSITIVE_LENGTH_MEASURE(2.E-2),#6);
#77=PRESENTATION_STYLE_ASSIGNMENT((#76));
#78=STYLED_ITEM('',(#77),#75);
#79=DIRECTION('',(0.E0,0.E0,1.E0));
#80=VECTOR('',#79,3.E-1);
#81=CARTESIAN_POINT('',(1.25E-1,0.E0,-1.5E0));
#82=LINE('',#81,#80);
#83=CURVE_STYLE('',#33,POSITIVE_LENGTH_MEASURE(2.E-2),#6);
#84=PRESENTATION_STYLE_ASSIGNMENT((#83));
#85=STYLED_ITEM('',(#84),#82);
#86=DIRECTION('',(0.E0,0.E0,-1.E0));
#87=VECTOR('',#86,3.75E-1);
#88=CARTESIAN_POINT('',(1.45E0,0.E0,1.5E0));
#89=LINE('',#88,#87);
#90=CURVE_STYLE('',#33,POSITIVE_LENGTH_MEASURE(2.E-2),#6);
#91=PRESENTATION_STYLE_ASSIGNMENT((#90));
#92=STYLED_ITEM('',(#91),#89);
#93=DIRECTION('',(-1.E0,0.E0,0.E0));
#94=VECTOR('',#93,2.25E-1);
#95=CARTESIAN_POINT('',(1.45E0,0.E0,1.125E0));
#96=LINE('',#95,#94);
#97=CURVE_STYLE('',#33,POSITIVE_LENGTH_MEASURE(2.E-2),#6);
#98=PRESENTATION_STYLE_ASSIGNMENT((#97));
#99=STYLED_ITEM('',(#98),#96);
#100=CARTESIAN_POINT('',(1.225E0,0.E0,1.E0));
#101=DIRECTION('',(0.E0,1.E0,0.E0));
#102=DIRECTION('',(0.E0,0.E0,-1.E0));
#103=AXIS2_PLACEMENT_3D('',#100,#101,#102);
#105=CURVE_STYLE('',#33,POSITIVE_LENGTH_MEASURE(2.E-2),#6);
#106=PRESENTATION_STYLE_ASSIGNMENT((#105));
#107=STYLED_ITEM('',(#106),#104);
#108=DIRECTION('',(-1.E0,0.E0,0.E0));
#109=VECTOR('',#108,2.25E-1);
#110=CARTESIAN_POINT('',(1.45E0,0.E0,8.75E-1));
#111=LINE('',#110,#109);
#112=CURVE_STYLE('',#33,POSITIVE_LENGTH_MEASURE(2.E-2),#6);
#113=PRESENTATION_STYLE_ASSIGNMENT((#112));
#114=STYLED_ITEM('',(#113),#111);
#115=DIRECTION('',(0.E0,0.E0,-1.E0));
#116=VECTOR('',#115,2.5E-1);
#117=CARTESIAN_POINT('',(1.45E0,0.E0,8.75E-1));
#118=LINE('',#117,#116);
#119=CURVE_STYLE('',#33,POSITIVE_LENGTH_MEASURE(2.E-2),#6);
#120=PRESENTATION_STYLE_ASSIGNMENT((#119));
#121=STYLED_ITEM('',(#120),#118);
#122=DIRECTION('',(-1.E0,0.E0,0.E0));
#123=VECTOR('',#122,2.25E-1);
#124=CARTESIAN_POINT('',(1.45E0,0.E0,6.25E-1));
#125=LINE('',#124,#123);
#126=CURVE_STYLE('',#33,POSITIVE_LENGTH_MEASURE(2.E-2),#6);
#127=PRESENTATION_STYLE_ASSIGNMENT((#126));
#128=STYLED_ITEM('',(#127),#125);
#129=CARTESIAN_POINT('',(1.225E0,0.E0,5.E-1));
#130=DIRECTION('',(0.E0,1.E0,0.E0));
#131=DIRECTION('',(0.E0,0.E0,-1.E0));
#132=AXIS2_PLACEMENT_3D('',#129,#130,#131);
#134=CURVE_STYLE('',#33,POSITIVE_LENGTH_MEASURE(2.E-2),#6);
#135=PRESENTATION_STYLE_ASSIGNMENT((#134));
#136=STYLED_ITEM('',(#135),#133);
#137=DIRECTION('',(-1.E0,0.E0,0.E0));
#138=VECTOR('',#137,2.25E-1);
#139=CARTESIAN_POINT('',(1.45E0,0.E0,3.75E-1));
#140=LINE('',#139,#138);
#141=CURVE_STYLE('',#33,POSITIVE_LENGTH_MEASURE(2.E-2),#6);
#142=PRESENTATION_STYLE_ASSIGNMENT((#141));
#143=STYLED_ITEM('',(#142),#140);
#144=DIRECTION('',(0.E0,0.E0,-1.E0));
#145=VECTOR('',#144,2.5E-1);
#146=CARTESIAN_POINT('',(1.45E0,0.E0,3.75E-1));
#147=LINE('',#146,#145);
#148=CURVE_STYLE('',#33,POSITIVE_LENGTH_MEASURE(2.E-2),#6);
#149=PRESENTATION_STYLE_ASSIGNMENT((#148));
#150=STYLED_ITEM('',(#149),#147);
#151=DIRECTION('',(-1.E0,0.E0,0.E0));
#152=VECTOR('',#151,2.25E-1);
#153=CARTESIAN_POINT('',(1.45E0,0.E0,1.25E-1));
#154=LINE('',#153,#152);
#155=CURVE_STYLE('',#33,POSITIVE_LENGTH_MEASURE(2.E-2),#6);
#156=PRESENTATION_STYLE_ASSIGNMENT((#155));
#157=STYLED_ITEM('',(#156),#154);
#158=CARTESIAN_POINT('',(1.225E0,0.E0,0.E0));
#159=DIRECTION('',(0.E0,1.E0,0.E0));
#160=DIRECTION('',(0.E0,0.E0,-1.E0));
#161=AXIS2_PLACEMENT_3D('',#158,#159,#160);
#163=CURVE_STYLE('',#33,POSITIVE_LENGTH_MEASURE(2.E-2),#6);
#164=PRESENTATION_STYLE_ASSIGNMENT((#163));
#165=STYLED_ITEM('',(#164),#162);
#166=DIRECTION('',(-1.E0,0.E0,0.E0));
#167=VECTOR('',#166,2.25E-1);
#168=CARTESIAN_POINT('',(1.45E0,0.E0,-1.25E-1));
#169=LINE('',#168,#167);
#170=CURVE_STYLE('',#33,POSITIVE_LENGTH_MEASURE(2.E-2),#6);
#171=PRESENTATION_STYLE_ASSIGNMENT((#170));
#172=STYLED_ITEM('',(#171),#169);
#173=DIRECTION('',(0.E0,0.E0,-1.E0));
#174=VECTOR('',#173,2.5E-1);
#175=CARTESIAN_POINT('',(1.45E0,0.E0,-1.25E-1));
#176=LINE('',#175,#174);
#177=CURVE_STYLE('',#33,POSITIVE_LENGTH_MEASURE(2.E-2),#6);
#178=PRESENTATION_STYLE_ASSIGNMENT((#177));
#179=STYLED_ITEM('',(#178),#176);
#180=DIRECTION('',(-1.E0,0.E0,0.E0));
#181=VECTOR('',#180,2.25E-1);
#182=CARTESIAN_POINT('',(1.45E0,0.E0,-3.75E-1));
#183=LINE('',#182,#181);
#184=CURVE_STYLE('',#33,POSITIVE_LENGTH_MEASURE(2.E-2),#6);
#185=PRESENTATION_STYLE_ASSIGNMENT((#184));
#186=STYLED_ITEM('',(#185),#183);
#187=CARTESIAN_POINT('',(1.225E0,0.E0,-5.E-1));
#188=DIRECTION('',(0.E0,1.E0,0.E0));
#189=DIRECTION('',(0.E0,0.E0,-1.E0));
#190=AXIS2_PLACEMENT_3D('',#187,#188,#189);
#192=CURVE_STYLE('',#33,POSITIVE_LENGTH_MEASURE(2.E-2),#6);
#193=PRESENTATION_STYLE_ASSIGNMENT((#192));
#194=STYLED_ITEM('',(#193),#191);
#195=DIRECTION('',(-1.E0,0.E0,0.E0));
#196=VECTOR('',#195,2.25E-1);
#197=CARTESIAN_POINT('',(1.45E0,0.E0,-6.25E-1));
#198=LINE('',#197,#196);
#199=CURVE_STYLE('',#33,POSITIVE_LENGTH_MEASURE(2.E-2),#6);
#200=PRESENTATION_STYLE_ASSIGNMENT((#199));
#201=STYLED_ITEM('',(#200),#198);
#202=DIRECTION('',(0.E0,0.E0,-1.E0));
#203=VECTOR('',#202,2.5E-1);
#204=CARTESIAN_POINT('',(1.45E0,0.E0,-6.25E-1));
#205=LINE('',#204,#203);
#206=CURVE_STYLE('',#33,POSITIVE_LENGTH_MEASURE(2.E-2),#6);
#207=PRESENTATION_STYLE_ASSIGNMENT((#206));
#208=STYLED_ITEM('',(#207),#205);
#209=DIRECTION('',(-1.E0,0.E0,0.E0));
#210=VECTOR('',#209,2.25E-1);
#211=CARTESIAN_POINT('',(1.45E0,0.E0,-8.75E-1));
#212=LINE('',#211,#210);
#213=CURVE_STYLE('',#33,POSITIVE_LENGTH_MEASURE(2.E-2),#6);
#214=PRESENTATION_STYLE_ASSIGNMENT((#213));
#215=STYLED_ITEM('',(#214),#212);
#216=CARTESIAN_POINT('',(1.225E0,0.E0,-1.E0));
#217=DIRECTION('',(0.E0,1.E0,0.E0));
#218=DIRECTION('',(0.E0,0.E0,-1.E0));
#219=AXIS2_PLACEMENT_3D('',#216,#217,#218);
#221=CURVE_STYLE('',#33,POSITIVE_LENGTH_MEASURE(2.E-2),#6);
#222=PRESENTATION_STYLE_ASSIGNMENT((#221));
#223=STYLED_ITEM('',(#222),#220);
#224=DIRECTION('',(-1.E0,0.E0,0.E0));
#225=VECTOR('',#224,2.25E-1);
#226=CARTESIAN_POINT('',(1.45E0,0.E0,-1.125E0));
#227=LINE('',#226,#225);
#228=CURVE_STYLE('',#33,POSITIVE_LENGTH_MEASURE(2.E-2),#6);
#229=PRESENTATION_STYLE_ASSIGNMENT((#228));
#230=STYLED_ITEM('',(#229),#227);
#231=DIRECTION('',(0.E0,0.E0,-1.E0));
#232=VECTOR('',#231,3.75E-1);
#233=CARTESIAN_POINT('',(1.45E0,0.E0,-1.125E0));
#234=LINE('',#233,#232);
#235=CURVE_STYLE('',#33,POSITIVE_LENGTH_MEASURE(2.E-2),#6);
#236=PRESENTATION_STYLE_ASSIGNMENT((#235));
#237=STYLED_ITEM('',(#236),#234);
#238=DIRECTION('',(-1.E0,0.E0,0.E0));
#239=VECTOR('',#238,1.075E0);
#240=CARTESIAN_POINT('',(1.45E0,0.E0,-1.5E0));
#241=LINE('',#240,#239);
#242=CURVE_STYLE('',#33,POSITIVE_LENGTH_MEASURE(2.E-2),#6);
#243=PRESENTATION_STYLE_ASSIGNMENT((#242));
#244=STYLED_ITEM('',(#243),#241);
#245=DIRECTION('',(0.E0,0.E0,1.E0));
#246=VECTOR('',#245,3.E-1);
#247=CARTESIAN_POINT('',(3.75E-1,0.E0,-1.5E0));
#248=LINE('',#247,#246);
#249=CURVE_STYLE('',#33,POSITIVE_LENGTH_MEASURE(2.E-2),#6);
#250=PRESENTATION_STYLE_ASSIGNMENT((#249));
#251=STYLED_ITEM('',(#250),#248);
#252=DIRECTION('',(-1.E0,0.E0,0.E0));
#253=VECTOR('',#252,4.5E-1);
#254=CARTESIAN_POINT('',(8.25E-1,0.E0,-1.2E0));
#255=LINE('',#254,#253);
#256=CURVE_STYLE('',#33,POSITIVE_LENGTH_MEASURE(2.E-2),#6);
#257=PRESENTATION_STYLE_ASSIGNMENT((#256));
#258=STYLED_ITEM('',(#257),#255);
#259=DIRECTION('',(0.E0,0.E0,-1.E0));
#260=VECTOR('',#259,2.4E0);
#261=CARTESIAN_POINT('',(8.25E-1,0.E0,1.2E0));
#262=LINE('',#261,#260);
#263=CURVE_STYLE('',#33,POSITIVE_LENGTH_MEASURE(2.E-2),#6);
#264=PRESENTATION_STYLE_ASSIGNMENT((#263));
#265=STYLED_ITEM('',(#264),#262);
#266=DIRECTION('',(1.E0,0.E0,0.E0));
#267=VECTOR('',#266,4.5E-1);
#268=CARTESIAN_POINT('',(3.75E-1,0.E0,1.2E0));
#269=LINE('',#268,#267);
#270=CURVE_STYLE('',#33,POSITIVE_LENGTH_MEASURE(2.E-2),#6);
#271=PRESENTATION_STYLE_ASSIGNMENT((#270));
#272=STYLED_ITEM('',(#271),#269);
#273=DIRECTION('',(0.E0,0.E0,-1.E0));
#274=VECTOR('',#273,3.E-1);
#275=CARTESIAN_POINT('',(3.75E-1,0.E0,1.5E0));
#276=LINE('',#275,#274);
#277=CURVE_STYLE('',#33,POSITIVE_LENGTH_MEASURE(2.E-2),#6);
#278=PRESENTATION_STYLE_ASSIGNMENT((#277));
#279=STYLED_ITEM('',(#278),#276);
#280=DIRECTION('',(1.E0,0.E0,0.E0));
#281=VECTOR('',#280,1.075E0);
#282=CARTESIAN_POINT('',(3.75E-1,0.E0,1.5E0));
#283=LINE('',#282,#281);
#284=CURVE_STYLE('',#33,POSITIVE_LENGTH_MEASURE(2.E-2),#6);
#285=PRESENTATION_STYLE_ASSIGNMENT((#284));
#286=STYLED_ITEM('',(#285),#283);
#287=DIRECTION('',(0.E0,0.E0,-1.E0));
#288=VECTOR('',#287,3.75E-1);
#289=CARTESIAN_POINT('',(-1.45E0,0.E0,1.5E0));
#290=LINE('',#289,#288);
#291=CURVE_STYLE('',#33,POSITIVE_LENGTH_MEASURE(2.E-2),#6);
#292=PRESENTATION_STYLE_ASSIGNMENT((#291));
#293=STYLED_ITEM('',(#292),#290);
#294=DIRECTION('',(1.E0,0.E0,0.E0));
#295=VECTOR('',#294,1.075E0);
#296=CARTESIAN_POINT('',(-1.45E0,0.E0,1.5E0));
#297=LINE('',#296,#295);
#298=CURVE_STYLE('',#33,POSITIVE_LENGTH_MEASURE(2.E-2),#6);
#299=PRESENTATION_STYLE_ASSIGNMENT((#298));
#300=STYLED_ITEM('',(#299),#297);
#301=DIRECTION('',(0.E0,0.E0,-1.E0));
#302=VECTOR('',#301,3.E-1);
#303=CARTESIAN_POINT('',(-3.75E-1,0.E0,1.5E0));
#304=LINE('',#303,#302);
#305=CURVE_STYLE('',#33,POSITIVE_LENGTH_MEASURE(2.E-2),#6);
#306=PRESENTATION_STYLE_ASSIGNMENT((#305));
#307=STYLED_ITEM('',(#306),#304);
#308=DIRECTION('',(1.E0,0.E0,0.E0));
#309=VECTOR('',#308,4.5E-1);
#310=CARTESIAN_POINT('',(-8.25E-1,0.E0,1.2E0));
#311=LINE('',#310,#309);
#312=CURVE_STYLE('',#33,POSITIVE_LENGTH_MEASURE(2.E-2),#6);
#313=PRESENTATION_STYLE_ASSIGNMENT((#312));
#314=STYLED_ITEM('',(#313),#311);
#315=DIRECTION('',(0.E0,0.E0,1.E0));
#316=VECTOR('',#315,2.1E0);
#317=CARTESIAN_POINT('',(-8.25E-1,0.E0,-9.E-1));
#318=LINE('',#317,#316);
#319=CURVE_STYLE('',#33,POSITIVE_LENGTH_MEASURE(2.E-2),#6);
#320=PRESENTATION_STYLE_ASSIGNMENT((#319));
#321=STYLED_ITEM('',(#320),#318);
#322=DIRECTION('',(7.071067811865E-1,0.E0,-7.071067811865E-1));
#323=VECTOR('',#322,4.242640687119E-1);
#324=CARTESIAN_POINT('',(-8.25E-1,0.E0,-9.E-1));
#325=LINE('',#324,#323);
#326=CURVE_STYLE('',#33,POSITIVE_LENGTH_MEASURE(2.E-2),#6);
#327=PRESENTATION_STYLE_ASSIGNMENT((#326));
#328=STYLED_ITEM('',(#327),#325);
#329=DIRECTION('',(-1.E0,0.E0,0.E0));
#330=VECTOR('',#329,1.5E-1);
#331=CARTESIAN_POINT('',(-3.75E-1,0.E0,-1.2E0));
#332=LINE('',#331,#330);
#333=CURVE_STYLE('',#33,POSITIVE_LENGTH_MEASURE(2.E-2),#6);
#334=PRESENTATION_STYLE_ASSIGNMENT((#333));
#335=STYLED_ITEM('',(#334),#332);
#336=DIRECTION('',(0.E0,0.E0,1.E0));
#337=VECTOR('',#336,3.E-1);
#338=CARTESIAN_POINT('',(-3.75E-1,0.E0,-1.5E0));
#339=LINE('',#338,#337);
#340=CURVE_STYLE('',#33,POSITIVE_LENGTH_MEASURE(2.E-2),#6);
#341=PRESENTATION_STYLE_ASSIGNMENT((#340));
#342=STYLED_ITEM('',(#341),#339);
#343=DIRECTION('',(-1.E0,0.E0,0.E0));
#344=VECTOR('',#343,1.075E0);
#345=CARTESIAN_POINT('',(-3.75E-1,0.E0,-1.5E0));
#346=LINE('',#345,#344);
#347=CURVE_STYLE('',#33,POSITIVE_LENGTH_MEASURE(2.E-2),#6);
#348=PRESENTATION_STYLE_ASSIGNMENT((#347));
#349=STYLED_ITEM('',(#348),#346);
#350=DIRECTION('',(0.E0,0.E0,-1.E0));
#351=VECTOR('',#350,3.75E-1);
#352=CARTESIAN_POINT('',(-1.45E0,0.E0,-1.125E0));
#353=LINE('',#352,#351);
#354=CURVE_STYLE('',#33,POSITIVE_LENGTH_MEASURE(2.E-2),#6);
#355=PRESENTATION_STYLE_ASSIGNMENT((#354));
#356=STYLED_ITEM('',(#355),#353);
#357=DIRECTION('',(1.E0,0.E0,0.E0));
#358=VECTOR('',#357,2.25E-1);
#359=CARTESIAN_POINT('',(-1.45E0,0.E0,-1.125E0));
#360=LINE('',#359,#358);
#361=CURVE_STYLE('',#33,POSITIVE_LENGTH_MEASURE(2.E-2),#6);
#362=PRESENTATION_STYLE_ASSIGNMENT((#361));
#363=STYLED_ITEM('',(#362),#360);
#364=CARTESIAN_POINT('',(-1.225E0,0.E0,-1.E0));
#365=DIRECTION('',(0.E0,-1.E0,0.E0));
#366=DIRECTION('',(0.E0,0.E0,-1.E0));
#367=AXIS2_PLACEMENT_3D('',#364,#365,#366);
#369=CURVE_STYLE('',#33,POSITIVE_LENGTH_MEASURE(2.E-2),#6);
#370=PRESENTATION_STYLE_ASSIGNMENT((#369));
#371=STYLED_ITEM('',(#370),#368);
#372=DIRECTION('',(1.E0,0.E0,0.E0));
#373=VECTOR('',#372,2.25E-1);
#374=CARTESIAN_POINT('',(-1.45E0,0.E0,-8.75E-1));
#375=LINE('',#374,#373);
#376=CURVE_STYLE('',#33,POSITIVE_LENGTH_MEASURE(2.E-2),#6);
#377=PRESENTATION_STYLE_ASSIGNMENT((#376));
#378=STYLED_ITEM('',(#377),#375);
#379=DIRECTION('',(0.E0,0.E0,-1.E0));
#380=VECTOR('',#379,2.5E-1);
#381=CARTESIAN_POINT('',(-1.45E0,0.E0,-6.25E-1));
#382=LINE('',#381,#380);
#383=CURVE_STYLE('',#33,POSITIVE_LENGTH_MEASURE(2.E-2),#6);
#384=PRESENTATION_STYLE_ASSIGNMENT((#383));
#385=STYLED_ITEM('',(#384),#382);
#386=DIRECTION('',(1.E0,0.E0,0.E0));
#387=VECTOR('',#386,2.25E-1);
#388=CARTESIAN_POINT('',(-1.45E0,0.E0,-6.25E-1));
#389=LINE('',#388,#387);
#390=CURVE_STYLE('',#33,POSITIVE_LENGTH_MEASURE(2.E-2),#6);
#391=PRESENTATION_STYLE_ASSIGNMENT((#390));
#392=STYLED_ITEM('',(#391),#389);
#393=CARTESIAN_POINT('',(-1.225E0,0.E0,-5.E-1));
#394=DIRECTION('',(0.E0,-1.E0,0.E0));
#395=DIRECTION('',(0.E0,0.E0,-1.E0));
#396=AXIS2_PLACEMENT_3D('',#393,#394,#395);
#398=CURVE_STYLE('',#33,POSITIVE_LENGTH_MEASURE(2.E-2),#6);
#399=PRESENTATION_STYLE_ASSIGNMENT((#398));
#400=STYLED_ITEM('',(#399),#397);
#401=DIRECTION('',(1.E0,0.E0,0.E0));
#402=VECTOR('',#401,2.25E-1);
#403=CARTESIAN_POINT('',(-1.45E0,0.E0,-3.75E-1));
#404=LINE('',#403,#402);
#405=CURVE_STYLE('',#33,POSITIVE_LENGTH_MEASURE(2.E-2),#6);
#406=PRESENTATION_STYLE_ASSIGNMENT((#405));
#407=STYLED_ITEM('',(#406),#404);
#408=DIRECTION('',(0.E0,0.E0,-1.E0));
#409=VECTOR('',#408,2.5E-1);
#410=CARTESIAN_POINT('',(-1.45E0,0.E0,-1.25E-1));
#411=LINE('',#410,#409);
#412=CURVE_STYLE('',#33,POSITIVE_LENGTH_MEASURE(2.E-2),#6);
#413=PRESENTATION_STYLE_ASSIGNMENT((#412));
#414=STYLED_ITEM('',(#413),#411);
#415=DIRECTION('',(1.E0,0.E0,0.E0));
#416=VECTOR('',#415,2.25E-1);
#417=CARTESIAN_POINT('',(-1.45E0,0.E0,-1.25E-1));
#418=LINE('',#417,#416);
#419=CURVE_STYLE('',#33,POSITIVE_LENGTH_MEASURE(2.E-2),#6);
#420=PRESENTATION_STYLE_ASSIGNMENT((#419));
#421=STYLED_ITEM('',(#420),#418);
#422=CARTESIAN_POINT('',(-1.225E0,0.E0,0.E0));
#423=DIRECTION('',(0.E0,-1.E0,0.E0));
#424=DIRECTION('',(0.E0,0.E0,-1.E0));
#425=AXIS2_PLACEMENT_3D('',#422,#423,#424);
#427=CURVE_STYLE('',#33,POSITIVE_LENGTH_MEASURE(2.E-2),#6);
#428=PRESENTATION_STYLE_ASSIGNMENT((#427));
#429=STYLED_ITEM('',(#428),#426);
#430=DIRECTION('',(1.E0,0.E0,0.E0));
#431=VECTOR('',#430,2.25E-1);
#432=CARTESIAN_POINT('',(-1.45E0,0.E0,1.25E-1));
#433=LINE('',#432,#431);
#434=CURVE_STYLE('',#33,POSITIVE_LENGTH_MEASURE(2.E-2),#6);
#435=PRESENTATION_STYLE_ASSIGNMENT((#434));
#436=STYLED_ITEM('',(#435),#433);
#437=DIRECTION('',(0.E0,0.E0,-1.E0));
#438=VECTOR('',#437,2.5E-1);
#439=CARTESIAN_POINT('',(-1.45E0,0.E0,3.75E-1));
#440=LINE('',#439,#438);
#441=CURVE_STYLE('',#33,POSITIVE_LENGTH_MEASURE(2.E-2),#6);
#442=PRESENTATION_STYLE_ASSIGNMENT((#441));
#443=STYLED_ITEM('',(#442),#440);
#444=DIRECTION('',(1.E0,0.E0,0.E0));
#445=VECTOR('',#444,2.25E-1);
#446=CARTESIAN_POINT('',(-1.45E0,0.E0,3.75E-1));
#447=LINE('',#446,#445);
#448=CURVE_STYLE('',#33,POSITIVE_LENGTH_MEASURE(2.E-2),#6);
#449=PRESENTATION_STYLE_ASSIGNMENT((#448));
#450=STYLED_ITEM('',(#449),#447);
#451=CARTESIAN_POINT('',(-1.225E0,0.E0,5.E-1));
#452=DIRECTION('',(0.E0,-1.E0,0.E0));
#453=DIRECTION('',(0.E0,0.E0,-1.E0));
#454=AXIS2_PLACEMENT_3D('',#451,#452,#453);
#456=CURVE_STYLE('',#33,POSITIVE_LENGTH_MEASURE(2.E-2),#6);
#457=PRESENTATION_STYLE_ASSIGNMENT((#456));
#458=STYLED_ITEM('',(#457),#455);
#459=DIRECTION('',(1.E0,0.E0,0.E0));
#460=VECTOR('',#459,2.25E-1);
#461=CARTESIAN_POINT('',(-1.45E0,0.E0,6.25E-1));
#462=LINE('',#461,#460);
#463=CURVE_STYLE('',#33,POSITIVE_LENGTH_MEASURE(2.E-2),#6);
#464=PRESENTATION_STYLE_ASSIGNMENT((#463));
#465=STYLED_ITEM('',(#464),#462);
#466=DIRECTION('',(0.E0,0.E0,-1.E0));
#467=VECTOR('',#466,2.5E-1);
#468=CARTESIAN_POINT('',(-1.45E0,0.E0,8.75E-1));
#469=LINE('',#468,#467);
#470=CURVE_STYLE('',#33,POSITIVE_LENGTH_MEASURE(2.E-2),#6);
#471=PRESENTATION_STYLE_ASSIGNMENT((#470));
#472=STYLED_ITEM('',(#471),#469);
#473=DIRECTION('',(1.E0,0.E0,0.E0));
#474=VECTOR('',#473,2.25E-1);
#475=CARTESIAN_POINT('',(-1.45E0,0.E0,8.75E-1));
#476=LINE('',#475,#474);
#477=CURVE_STYLE('',#33,POSITIVE_LENGTH_MEASURE(2.E-2),#6);
#478=PRESENTATION_STYLE_ASSIGNMENT((#477));
#479=STYLED_ITEM('',(#478),#476);
#480=CARTESIAN_POINT('',(-1.225E0,0.E0,1.E0));
#481=DIRECTION('',(0.E0,-1.E0,0.E0));
#482=DIRECTION('',(0.E0,0.E0,-1.E0));
#483=AXIS2_PLACEMENT_3D('',#480,#481,#482);
#485=CURVE_STYLE('',#33,POSITIVE_LENGTH_MEASURE(2.E-2),#6);
#486=PRESENTATION_STYLE_ASSIGNMENT((#485));
#487=STYLED_ITEM('',(#486),#484);
#488=DIRECTION('',(1.E0,0.E0,0.E0));
#489=VECTOR('',#488,2.25E-1);
#490=CARTESIAN_POINT('',(-1.45E0,0.E0,1.125E0));
#491=LINE('',#490,#489);
#492=CURVE_STYLE('',#33,POSITIVE_LENGTH_MEASURE(2.E-2),#6);
#493=PRESENTATION_STYLE_ASSIGNMENT((#492));
#494=STYLED_ITEM('',(#493),#491);
#495=DIRECTION('',(1.E0,0.E0,0.E0));
#496=VECTOR('',#495,5.E-2);
#497=CARTESIAN_POINT('',(-1.5E0,7.5E-2,1.5E0));
#498=LINE('',#497,#496);
#499=CURVE_STYLE('',#33,POSITIVE_LENGTH_MEASURE(2.E-2),#6);
#500=PRESENTATION_STYLE_ASSIGNMENT((#499));
#501=STYLED_ITEM('',(#500),#498);
#502=DIRECTION('',(0.E0,1.E0,0.E0));
#503=VECTOR('',#502,7.75E-1);
#504=CARTESIAN_POINT('',(-1.5E0,7.5E-2,1.5E0));
#505=LINE('',#504,#503);
#506=CURVE_STYLE('',#33,POSITIVE_LENGTH_MEASURE(2.E-2),#6);
#507=PRESENTATION_STYLE_ASSIGNMENT((#506));
#508=STYLED_ITEM('',(#507),#505);
#509=DIRECTION('',(-1.E0,0.E0,0.E0));
#510=VECTOR('',#509,5.E-2);
#511=CARTESIAN_POINT('',(1.5E0,7.5E-2,1.5E0));
#512=LINE('',#511,#510);
#513=CURVE_STYLE('',#33,POSITIVE_LENGTH_MEASURE(2.E-2),#6);
#514=PRESENTATION_STYLE_ASSIGNMENT((#513));
#515=STYLED_ITEM('',(#514),#512);
#516=DIRECTION('',(0.E0,1.E0,0.E0));
#517=VECTOR('',#516,7.5E-2);
#518=CARTESIAN_POINT('',(1.45E0,0.E0,1.5E0));
#519=LINE('',#518,#517);
#520=CURVE_STYLE('',#33,POSITIVE_LENGTH_MEASURE(2.E-2),#6);
#521=PRESENTATION_STYLE_ASSIGNMENT((#520));
#522=STYLED_ITEM('',(#521),#519);
#523=DIRECTION('',(0.E0,1.E0,0.E0));
#524=VECTOR('',#523,1.75E-1);
#525=CARTESIAN_POINT('',(3.75E-1,0.E0,1.5E0));
#526=LINE('',#525,#524);
#527=CURVE_STYLE('',#33,POSITIVE_LENGTH_MEASURE(2.E-2),#6);
#528=PRESENTATION_STYLE_ASSIGNMENT((#527));
#529=STYLED_ITEM('',(#528),#526);
#530=DIRECTION('',(1.E0,0.E0,0.E0));
#531=VECTOR('',#530,2.5E-1);
#532=CARTESIAN_POINT('',(1.25E-1,1.75E-1,1.5E0));
#533=LINE('',#532,#531);
#534=CURVE_STYLE('',#33,POSITIVE_LENGTH_MEASURE(2.E-2),#6);
#535=PRESENTATION_STYLE_ASSIGNMENT((#534));
#536=STYLED_ITEM('',(#535),#533);
#537=DIRECTION('',(0.E0,1.E0,0.E0));
#538=VECTOR('',#537,1.75E-1);
#539=CARTESIAN_POINT('',(1.25E-1,0.E0,1.5E0));
#540=LINE('',#539,#538);
#541=CURVE_STYLE('',#33,POSITIVE_LENGTH_MEASURE(2.E-2),#6);
#542=PRESENTATION_STYLE_ASSIGNMENT((#541));
#543=STYLED_ITEM('',(#542),#540);
#544=DIRECTION('',(0.E0,1.E0,0.E0));
#545=VECTOR('',#544,1.75E-1);
#546=CARTESIAN_POINT('',(-1.25E-1,0.E0,1.5E0));
#547=LINE('',#546,#545);
#548=CURVE_STYLE('',#33,POSITIVE_LENGTH_MEASURE(2.E-2),#6);
#549=PRESENTATION_STYLE_ASSIGNMENT((#548));
#550=STYLED_ITEM('',(#549),#547);
#551=DIRECTION('',(1.E0,0.E0,0.E0));
#552=VECTOR('',#551,2.5E-1);
#553=CARTESIAN_POINT('',(-3.75E-1,1.75E-1,1.5E0));
#554=LINE('',#553,#552);
#555=CURVE_STYLE('',#33,POSITIVE_LENGTH_MEASURE(2.E-2),#6);
#556=PRESENTATION_STYLE_ASSIGNMENT((#555));
#557=STYLED_ITEM('',(#556),#554);
#558=DIRECTION('',(0.E0,1.E0,0.E0));
#559=VECTOR('',#558,1.75E-1);
#560=CARTESIAN_POINT('',(-3.75E-1,0.E0,1.5E0));
#561=LINE('',#560,#559);
#562=CURVE_STYLE('',#33,POSITIVE_LENGTH_MEASURE(2.E-2),#6);
#563=PRESENTATION_STYLE_ASSIGNMENT((#562));
#564=STYLED_ITEM('',(#563),#561);
#565=DIRECTION('',(0.E0,1.E0,0.E0));
#566=VECTOR('',#565,7.5E-2);
#567=CARTESIAN_POINT('',(-1.45E0,0.E0,1.5E0));
#568=LINE('',#567,#566);
#569=CURVE_STYLE('',#33,POSITIVE_LENGTH_MEASURE(2.E-2),#6);
#570=PRESENTATION_STYLE_ASSIGNMENT((#569));
#571=STYLED_ITEM('',(#570),#568);
#572=DIRECTION('',(0.E0,0.E0,1.E0));
#573=VECTOR('',#572,3.75E-1);
#574=CARTESIAN_POINT('',(-1.5E0,7.5E-2,-1.5E0));
#575=LINE('',#574,#573);
#576=CURVE_STYLE('',#33,POSITIVE_LENGTH_MEASURE(2.E-2),#6);
#577=PRESENTATION_STYLE_ASSIGNMENT((#576));
#578=STYLED_ITEM('',(#577),#575);
#579=DIRECTION('',(0.E0,1.E0,0.E0));
#580=VECTOR('',#579,7.75E-1);
#581=CARTESIAN_POINT('',(-1.5E0,7.5E-2,-1.5E0));
#582=LINE('',#581,#580);
#583=CURVE_STYLE('',#33,POSITIVE_LENGTH_MEASURE(2.E-2),#6);
#584=PRESENTATION_STYLE_ASSIGNMENT((#583));
#585=STYLED_ITEM('',(#584),#582);
#586=DIRECTION('',(0.E0,0.E0,1.E0));
#587=VECTOR('',#586,3.75E-1);
#588=CARTESIAN_POINT('',(-1.5E0,7.5E-2,1.125E0));
#589=LINE('',#588,#587);
#590=CURVE_STYLE('',#33,POSITIVE_LENGTH_MEASURE(2.E-2),#6);
#591=PRESENTATION_STYLE_ASSIGNMENT((#590));
#592=STYLED_ITEM('',(#591),#589);
#593=DIRECTION('',(0.E0,1.E0,0.E0));
#594=VECTOR('',#593,1.E-1);
#595=CARTESIAN_POINT('',(-1.5E0,7.5E-2,1.125E0));
#596=LINE('',#595,#594);
#597=CURVE_STYLE('',#33,POSITIVE_LENGTH_MEASURE(2.E-2),#6);
#598=PRESENTATION_STYLE_ASSIGNMENT((#597));
#599=STYLED_ITEM('',(#598),#596);
#600=DIRECTION('',(0.E0,0.E0,-1.E0));
#601=VECTOR('',#600,2.5E-1);
#602=CARTESIAN_POINT('',(-1.5E0,1.75E-1,1.125E0));
#603=LINE('',#602,#601);
#604=CURVE_STYLE('',#33,POSITIVE_LENGTH_MEASURE(2.E-2),#6);
#605=PRESENTATION_STYLE_ASSIGNMENT((#604));
#606=STYLED_ITEM('',(#605),#603);
#607=DIRECTION('',(0.E0,1.E0,0.E0));
#608=VECTOR('',#607,1.E-1);
#609=CARTESIAN_POINT('',(-1.5E0,7.5E-2,8.75E-1));
#610=LINE('',#609,#608);
#611=CURVE_STYLE('',#33,POSITIVE_LENGTH_MEASURE(2.E-2),#6);
#612=PRESENTATION_STYLE_ASSIGNMENT((#611));
#613=STYLED_ITEM('',(#612),#610);
#614=DIRECTION('',(0.E0,0.E0,1.E0));
#615=VECTOR('',#614,2.5E-1);
#616=CARTESIAN_POINT('',(-1.5E0,7.5E-2,6.25E-1));
#617=LINE('',#616,#615);
#618=CURVE_STYLE('',#33,POSITIVE_LENGTH_MEASURE(2.E-2),#6);
#619=PRESENTATION_STYLE_ASSIGNMENT((#618));
#620=STYLED_ITEM('',(#619),#617);
#621=DIRECTION('',(0.E0,1.E0,0.E0));
#622=VECTOR('',#621,1.E-1);
#623=CARTESIAN_POINT('',(-1.5E0,7.5E-2,6.25E-1));
#624=LINE('',#623,#622);
#625=CURVE_STYLE('',#33,POSITIVE_LENGTH_MEASURE(2.E-2),#6);
#626=PRESENTATION_STYLE_ASSIGNMENT((#625));
#627=STYLED_ITEM('',(#626),#624);
#628=DIRECTION('',(0.E0,0.E0,-1.E0));
#629=VECTOR('',#628,2.5E-1);
#630=CARTESIAN_POINT('',(-1.5E0,1.75E-1,6.25E-1));
#631=LINE('',#630,#629);
#632=CURVE_STYLE('',#33,POSITIVE_LENGTH_MEASURE(2.E-2),#6);
#633=PRESENTATION_STYLE_ASSIGNMENT((#632));
#634=STYLED_ITEM('',(#633),#631);
#635=DIRECTION('',(0.E0,1.E0,0.E0));
#636=VECTOR('',#635,1.E-1);
#637=CARTESIAN_POINT('',(-1.5E0,7.5E-2,3.75E-1));
#638=LINE('',#637,#636);
#639=CURVE_STYLE('',#33,POSITIVE_LENGTH_MEASURE(2.E-2),#6);
#640=PRESENTATION_STYLE_ASSIGNMENT((#639));
#641=STYLED_ITEM('',(#640),#638);
#642=DIRECTION('',(0.E0,0.E0,1.E0));
#643=VECTOR('',#642,2.5E-1);
#644=CARTESIAN_POINT('',(-1.5E0,7.5E-2,1.25E-1));
#645=LINE('',#644,#643);
#646=CURVE_STYLE('',#33,POSITIVE_LENGTH_MEASURE(2.E-2),#6);
#647=PRESENTATION_STYLE_ASSIGNMENT((#646));
#648=STYLED_ITEM('',(#647),#645);
#649=DIRECTION('',(0.E0,1.E0,0.E0));
#650=VECTOR('',#649,1.E-1);
#651=CARTESIAN_POINT('',(-1.5E0,7.5E-2,1.25E-1));
#652=LINE('',#651,#650);
#653=CURVE_STYLE('',#33,POSITIVE_LENGTH_MEASURE(2.E-2),#6);
#654=PRESENTATION_STYLE_ASSIGNMENT((#653));
#655=STYLED_ITEM('',(#654),#652);
#656=DIRECTION('',(0.E0,0.E0,-1.E0));
#657=VECTOR('',#656,2.5E-1);
#658=CARTESIAN_POINT('',(-1.5E0,1.75E-1,1.25E-1));
#659=LINE('',#658,#657);
#660=CURVE_STYLE('',#33,POSITIVE_LENGTH_MEASURE(2.E-2),#6);
#661=PRESENTATION_STYLE_ASSIGNMENT((#660));
#662=STYLED_ITEM('',(#661),#659);
#663=DIRECTION('',(0.E0,1.E0,0.E0));
#664=VECTOR('',#663,1.E-1);
#665=CARTESIAN_POINT('',(-1.5E0,7.5E-2,-1.25E-1));
#666=LINE('',#665,#664);
#667=CURVE_STYLE('',#33,POSITIVE_LENGTH_MEASURE(2.E-2),#6);
#668=PRESENTATION_STYLE_ASSIGNMENT((#667));
#669=STYLED_ITEM('',(#668),#666);
#670=DIRECTION('',(0.E0,0.E0,1.E0));
#671=VECTOR('',#670,2.5E-1);
#672=CARTESIAN_POINT('',(-1.5E0,7.5E-2,-3.75E-1));
#673=LINE('',#672,#671);
#674=CURVE_STYLE('',#33,POSITIVE_LENGTH_MEASURE(2.E-2),#6);
#675=PRESENTATION_STYLE_ASSIGNMENT((#674));
#676=STYLED_ITEM('',(#675),#673);
#677=DIRECTION('',(0.E0,1.E0,0.E0));
#678=VECTOR('',#677,1.E-1);
#679=CARTESIAN_POINT('',(-1.5E0,7.5E-2,-3.75E-1));
#680=LINE('',#679,#678);
#681=CURVE_STYLE('',#33,POSITIVE_LENGTH_MEASURE(2.E-2),#6);
#682=PRESENTATION_STYLE_ASSIGNMENT((#681));
#683=STYLED_ITEM('',(#682),#680);
#684=DIRECTION('',(0.E0,0.E0,-1.E0));
#685=VECTOR('',#684,2.5E-1);
#686=CARTESIAN_POINT('',(-1.5E0,1.75E-1,-3.75E-1));
#687=LINE('',#686,#685);
#688=CURVE_STYLE('',#33,POSITIVE_LENGTH_MEASURE(2.E-2),#6);
#689=PRESENTATION_STYLE_ASSIGNMENT((#688));
#690=STYLED_ITEM('',(#689),#687);
#691=DIRECTION('',(0.E0,1.E0,0.E0));
#692=VECTOR('',#691,1.E-1);
#693=CARTESIAN_POINT('',(-1.5E0,7.5E-2,-6.25E-1));
#694=LINE('',#693,#692);
#695=CURVE_STYLE('',#33,POSITIVE_LENGTH_MEASURE(2.E-2),#6);
#696=PRESENTATION_STYLE_ASSIGNMENT((#695));
#697=STYLED_ITEM('',(#696),#694);
#698=DIRECTION('',(0.E0,0.E0,1.E0));
#699=VECTOR('',#698,2.5E-1);
#700=CARTESIAN_POINT('',(-1.5E0,7.5E-2,-8.75E-1));
#701=LINE('',#700,#699);
#702=CURVE_STYLE('',#33,POSITIVE_LENGTH_MEASURE(2.E-2),#6);
#703=PRESENTATION_STYLE_ASSIGNMENT((#702));
#704=STYLED_ITEM('',(#703),#701);
#705=DIRECTION('',(0.E0,1.E0,0.E0));
#706=VECTOR('',#705,1.E-1);
#707=CARTESIAN_POINT('',(-1.5E0,7.5E-2,-8.75E-1));
#708=LINE('',#707,#706);
#709=CURVE_STYLE('',#33,POSITIVE_LENGTH_MEASURE(2.E-2),#6);
#710=PRESENTATION_STYLE_ASSIGNMENT((#709));
#711=STYLED_ITEM('',(#710),#708);
#712=DIRECTION('',(0.E0,0.E0,-1.E0));
#713=VECTOR('',#712,2.5E-1);
#714=CARTESIAN_POINT('',(-1.5E0,1.75E-1,-8.75E-1));
#715=LINE('',#714,#713);
#716=CURVE_STYLE('',#33,POSITIVE_LENGTH_MEASURE(2.E-2),#6);
#717=PRESENTATION_STYLE_ASSIGNMENT((#716));
#718=STYLED_ITEM('',(#717),#715);
#719=DIRECTION('',(0.E0,1.E0,0.E0));
#720=VECTOR('',#719,1.E-1);
#721=CARTESIAN_POINT('',(-1.5E0,7.5E-2,-1.125E0));
#722=LINE('',#721,#720);
#723=CURVE_STYLE('',#33,POSITIVE_LENGTH_MEASURE(2.E-2),#6);
#724=PRESENTATION_STYLE_ASSIGNMENT((#723));
#725=STYLED_ITEM('',(#724),#722);
#726=DIRECTION('',(1.E0,0.E0,0.E0));
#727=VECTOR('',#726,5.E-2);
#728=CARTESIAN_POINT('',(-1.5E0,7.5E-2,-1.5E0));
#729=LINE('',#728,#727);
#730=CURVE_STYLE('',#33,POSITIVE_LENGTH_MEASURE(2.E-2),#6);
#731=PRESENTATION_STYLE_ASSIGNMENT((#730));
#732=STYLED_ITEM('',(#731),#729);
#733=DIRECTION('',(0.E0,1.E0,0.E0));
#734=VECTOR('',#733,7.5E-2);
#735=CARTESIAN_POINT('',(-1.45E0,0.E0,-1.5E0));
#736=LINE('',#735,#734);
#737=CURVE_STYLE('',#33,POSITIVE_LENGTH_MEASURE(2.E-2),#6);
#738=PRESENTATION_STYLE_ASSIGNMENT((#737));
#739=STYLED_ITEM('',(#738),#736);
#740=DIRECTION('',(0.E0,1.E0,0.E0));
#741=VECTOR('',#740,1.75E-1);
#742=CARTESIAN_POINT('',(-3.75E-1,0.E0,-1.5E0));
#743=LINE('',#742,#741);
#744=CURVE_STYLE('',#33,POSITIVE_LENGTH_MEASURE(2.E-2),#6);
#745=PRESENTATION_STYLE_ASSIGNMENT((#744));
#746=STYLED_ITEM('',(#745),#743);
#747=DIRECTION('',(1.E0,0.E0,0.E0));
#748=VECTOR('',#747,2.5E-1);
#749=CARTESIAN_POINT('',(-3.75E-1,1.75E-1,-1.5E0));
#750=LINE('',#749,#748);
#751=CURVE_STYLE('',#33,POSITIVE_LENGTH_MEASURE(2.E-2),#6);
#752=PRESENTATION_STYLE_ASSIGNMENT((#751));
#753=STYLED_ITEM('',(#752),#750);
#754=DIRECTION('',(0.E0,1.E0,0.E0));
#755=VECTOR('',#754,1.75E-1);
#756=CARTESIAN_POINT('',(-1.25E-1,0.E0,-1.5E0));
#757=LINE('',#756,#755);
#758=CURVE_STYLE('',#33,POSITIVE_LENGTH_MEASURE(2.E-2),#6);
#759=PRESENTATION_STYLE_ASSIGNMENT((#758));
#760=STYLED_ITEM('',(#759),#757);
#761=DIRECTION('',(0.E0,1.E0,0.E0));
#762=VECTOR('',#761,1.75E-1);
#763=CARTESIAN_POINT('',(1.25E-1,0.E0,-1.5E0));
#764=LINE('',#763,#762);
#765=CURVE_STYLE('',#33,POSITIVE_LENGTH_MEASURE(2.E-2),#6);
#766=PRESENTATION_STYLE_ASSIGNMENT((#765));
#767=STYLED_ITEM('',(#766),#764);
#768=DIRECTION('',(1.E0,0.E0,0.E0));
#769=VECTOR('',#768,2.5E-1);
#770=CARTESIAN_POINT('',(1.25E-1,1.75E-1,-1.5E0));
#771=LINE('',#770,#769);
#772=CURVE_STYLE('',#33,POSITIVE_LENGTH_MEASURE(2.E-2),#6);
#773=PRESENTATION_STYLE_ASSIGNMENT((#772));
#774=STYLED_ITEM('',(#773),#771);
#775=DIRECTION('',(0.E0,1.E0,0.E0));
#776=VECTOR('',#775,1.75E-1);
#777=CARTESIAN_POINT('',(3.75E-1,0.E0,-1.5E0));
#778=LINE('',#777,#776);
#779=CURVE_STYLE('',#33,POSITIVE_LENGTH_MEASURE(2.E-2),#6);
#780=PRESENTATION_STYLE_ASSIGNMENT((#779));
#781=STYLED_ITEM('',(#780),#778);
#782=DIRECTION('',(0.E0,1.E0,0.E0));
#783=VECTOR('',#782,7.5E-2);
#784=CARTESIAN_POINT('',(1.45E0,0.E0,-1.5E0));
#785=LINE('',#784,#783);
#786=CURVE_STYLE('',#33,POSITIVE_LENGTH_MEASURE(2.E-2),#6);
#787=PRESENTATION_STYLE_ASSIGNMENT((#786));
#788=STYLED_ITEM('',(#787),#785);
#789=DIRECTION('',(-1.E0,0.E0,0.E0));
#790=VECTOR('',#789,5.E-2);
#791=CARTESIAN_POINT('',(1.5E0,7.5E-2,-1.5E0));
#792=LINE('',#791,#790);
#793=CURVE_STYLE('',#33,POSITIVE_LENGTH_MEASURE(2.E-2),#6);
#794=PRESENTATION_STYLE_ASSIGNMENT((#793));
#795=STYLED_ITEM('',(#794),#792);
#796=DIRECTION('',(0.E0,1.E0,0.E0));
#797=VECTOR('',#796,7.75E-1);
#798=CARTESIAN_POINT('',(1.5E0,7.5E-2,-1.5E0));
#799=LINE('',#798,#797);
#800=CURVE_STYLE('',#33,POSITIVE_LENGTH_MEASURE(2.E-2),#6);
#801=PRESENTATION_STYLE_ASSIGNMENT((#800));
#802=STYLED_ITEM('',(#801),#799);
#803=DIRECTION('',(0.E0,0.E0,-1.E0));
#804=VECTOR('',#803,3.75E-1);
#805=CARTESIAN_POINT('',(-1.45E0,7.5E-2,1.5E0));
#806=LINE('',#805,#804);
#807=CURVE_STYLE('',#33,POSITIVE_LENGTH_MEASURE(2.E-2),#6);
#808=PRESENTATION_STYLE_ASSIGNMENT((#807));
#809=STYLED_ITEM('',(#808),#806);
#810=DIRECTION('',(0.E0,0.E0,-1.E0));
#811=VECTOR('',#810,2.5E-1);
#812=CARTESIAN_POINT('',(-1.45E0,7.5E-2,8.75E-1));
#813=LINE('',#812,#811);
#814=CURVE_STYLE('',#33,POSITIVE_LENGTH_MEASURE(2.E-2),#6);
#815=PRESENTATION_STYLE_ASSIGNMENT((#814));
#816=STYLED_ITEM('',(#815),#813);
#817=DIRECTION('',(0.E0,0.E0,-1.E0));
#818=VECTOR('',#817,2.5E-1);
#819=CARTESIAN_POINT('',(-1.45E0,7.5E-2,3.75E-1));
#820=LINE('',#819,#818);
#821=CURVE_STYLE('',#33,POSITIVE_LENGTH_MEASURE(2.E-2),#6);
#822=PRESENTATION_STYLE_ASSIGNMENT((#821));
#823=STYLED_ITEM('',(#822),#820);
#824=DIRECTION('',(0.E0,0.E0,-1.E0));
#825=VECTOR('',#824,2.5E-1);
#826=CARTESIAN_POINT('',(-1.45E0,7.5E-2,-1.25E-1));
#827=LINE('',#826,#825);
#828=CURVE_STYLE('',#33,POSITIVE_LENGTH_MEASURE(2.E-2),#6);
#829=PRESENTATION_STYLE_ASSIGNMENT((#828));
#830=STYLED_ITEM('',(#829),#827);
#831=DIRECTION('',(0.E0,0.E0,-1.E0));
#832=VECTOR('',#831,2.5E-1);
#833=CARTESIAN_POINT('',(-1.45E0,7.5E-2,-6.25E-1));
#834=LINE('',#833,#832);
#835=CURVE_STYLE('',#33,POSITIVE_LENGTH_MEASURE(2.E-2),#6);
#836=PRESENTATION_STYLE_ASSIGNMENT((#835));
#837=STYLED_ITEM('',(#836),#834);
#838=DIRECTION('',(0.E0,0.E0,-1.E0));
#839=VECTOR('',#838,3.75E-1);
#840=CARTESIAN_POINT('',(-1.45E0,7.5E-2,-1.125E0));
#841=LINE('',#840,#839);
#842=CURVE_STYLE('',#33,POSITIVE_LENGTH_MEASURE(2.E-2),#6);
#843=PRESENTATION_STYLE_ASSIGNMENT((#842));
#844=STYLED_ITEM('',(#843),#841);
#845=DIRECTION('',(1.E0,0.E0,0.E0));
#846=VECTOR('',#845,5.E-2);
#847=CARTESIAN_POINT('',(-1.5E0,7.5E-2,1.125E0));
#848=LINE('',#847,#846);
#849=CURVE_STYLE('',#33,POSITIVE_LENGTH_MEASURE(2.E-2),#6);
#850=PRESENTATION_STYLE_ASSIGNMENT((#849));
#851=STYLED_ITEM('',(#850),#848);
#852=DIRECTION('',(0.E0,1.E0,0.E0));
#853=VECTOR('',#852,7.5E-2);
#854=CARTESIAN_POINT('',(-1.45E0,0.E0,1.125E0));
#855=LINE('',#854,#853);
#856=CURVE_STYLE('',#33,POSITIVE_LENGTH_MEASURE(2.E-2),#6);
#857=PRESENTATION_STYLE_ASSIGNMENT((#856));
#858=STYLED_ITEM('',(#857),#855);
#859=DIRECTION('',(0.E0,1.E0,0.E0));
#860=VECTOR('',#859,1.75E-1);
#861=CARTESIAN_POINT('',(-1.225E0,0.E0,1.125E0));
#862=LINE('',#861,#860);
#863=CURVE_STYLE('',#33,POSITIVE_LENGTH_MEASURE(2.E-2),#6);
#864=PRESENTATION_STYLE_ASSIGNMENT((#863));
#865=STYLED_ITEM('',(#864),#862);
#866=DIRECTION('',(0.E0,1.E0,0.E0));
#867=VECTOR('',#866,1.75E-1);
#868=CARTESIAN_POINT('',(-1.225E0,0.E0,8.75E-1));
#869=LINE('',#868,#867);
#870=CURVE_STYLE('',#33,POSITIVE_LENGTH_MEASURE(2.E-2),#6);
#871=PRESENTATION_STYLE_ASSIGNMENT((#870));
#872=STYLED_ITEM('',(#871),#869);
#873=DIRECTION('',(1.E0,0.E0,0.E0));
#874=VECTOR('',#873,5.E-2);
#875=CARTESIAN_POINT('',(-1.5E0,7.5E-2,8.75E-1));
#876=LINE('',#875,#874);
#877=CURVE_STYLE('',#33,POSITIVE_LENGTH_MEASURE(2.E-2),#6);
#878=PRESENTATION_STYLE_ASSIGNMENT((#877));
#879=STYLED_ITEM('',(#878),#876);
#880=DIRECTION('',(0.E0,1.E0,0.E0));
#881=VECTOR('',#880,7.5E-2);
#882=CARTESIAN_POINT('',(-1.45E0,0.E0,8.75E-1));
#883=LINE('',#882,#881);
#884=CURVE_STYLE('',#33,POSITIVE_LENGTH_MEASURE(2.E-2),#6);
#885=PRESENTATION_STYLE_ASSIGNMENT((#884));
#886=STYLED_ITEM('',(#885),#883);
#887=DIRECTION('',(-1.E0,0.E0,0.E0));
#888=VECTOR('',#887,2.75E-1);
#889=CARTESIAN_POINT('',(-1.225E0,1.75E-1,1.125E0));
#890=LINE('',#889,#888);
#891=CURVE_STYLE('',#33,POSITIVE_LENGTH_MEASURE(2.E-2),#6);
#892=PRESENTATION_STYLE_ASSIGNMENT((#891));
#893=STYLED_ITEM('',(#892),#890);
#894=CARTESIAN_POINT('',(-1.225E0,1.75E-1,1.E0));
#895=DIRECTION('',(0.E0,-1.E0,0.E0));
#896=DIRECTION('',(0.E0,0.E0,-1.E0));
#897=AXIS2_PLACEMENT_3D('',#894,#895,#896);
#899=CURVE_STYLE('',#33,POSITIVE_LENGTH_MEASURE(2.E-2),#6);
#900=PRESENTATION_STYLE_ASSIGNMENT((#899));
#901=STYLED_ITEM('',(#900),#898);
#902=DIRECTION('',(1.E0,0.E0,0.E0));
#903=VECTOR('',#902,2.75E-1);
#904=CARTESIAN_POINT('',(-1.5E0,1.75E-1,8.75E-1));
#905=LINE('',#904,#903);
#906=CURVE_STYLE('',#33,POSITIVE_LENGTH_MEASURE(2.E-2),#6);
#907=PRESENTATION_STYLE_ASSIGNMENT((#906));
#908=STYLED_ITEM('',(#907),#905);
#909=DIRECTION('',(1.E0,0.E0,0.E0));
#910=VECTOR('',#909,5.E-2);
#911=CARTESIAN_POINT('',(-1.5E0,7.5E-2,6.25E-1));
#912=LINE('',#911,#910);
#913=CURVE_STYLE('',#33,POSITIVE_LENGTH_MEASURE(2.E-2),#6);
#914=PRESENTATION_STYLE_ASSIGNMENT((#913));
#915=STYLED_ITEM('',(#914),#912);
#916=DIRECTION('',(0.E0,1.E0,0.E0));
#917=VECTOR('',#916,7.5E-2);
#918=CARTESIAN_POINT('',(-1.45E0,0.E0,6.25E-1));
#919=LINE('',#918,#917);
#920=CURVE_STYLE('',#33,POSITIVE_LENGTH_MEASURE(2.E-2),#6);
#921=PRESENTATION_STYLE_ASSIGNMENT((#920));
#922=STYLED_ITEM('',(#921),#919);
#923=DIRECTION('',(0.E0,1.E0,0.E0));
#924=VECTOR('',#923,1.75E-1);
#925=CARTESIAN_POINT('',(-1.225E0,0.E0,6.25E-1));
#926=LINE('',#925,#924);
#927=CURVE_STYLE('',#33,POSITIVE_LENGTH_MEASURE(2.E-2),#6);
#928=PRESENTATION_STYLE_ASSIGNMENT((#927));
#929=STYLED_ITEM('',(#928),#926);
#930=DIRECTION('',(0.E0,1.E0,0.E0));
#931=VECTOR('',#930,1.75E-1);
#932=CARTESIAN_POINT('',(-1.225E0,0.E0,3.75E-1));
#933=LINE('',#932,#931);
#934=CURVE_STYLE('',#33,POSITIVE_LENGTH_MEASURE(2.E-2),#6);
#935=PRESENTATION_STYLE_ASSIGNMENT((#934));
#936=STYLED_ITEM('',(#935),#933);
#937=DIRECTION('',(1.E0,0.E0,0.E0));
#938=VECTOR('',#937,5.E-2);
#939=CARTESIAN_POINT('',(-1.5E0,7.5E-2,3.75E-1));
#940=LINE('',#939,#938);
#941=CURVE_STYLE('',#33,POSITIVE_LENGTH_MEASURE(2.E-2),#6);
#942=PRESENTATION_STYLE_ASSIGNMENT((#941));
#943=STYLED_ITEM('',(#942),#940);
#944=DIRECTION('',(0.E0,1.E0,0.E0));
#945=VECTOR('',#944,7.5E-2);
#946=CARTESIAN_POINT('',(-1.45E0,0.E0,3.75E-1));
#947=LINE('',#946,#945);
#948=CURVE_STYLE('',#33,POSITIVE_LENGTH_MEASURE(2.E-2),#6);
#949=PRESENTATION_STYLE_ASSIGNMENT((#948));
#950=STYLED_ITEM('',(#949),#947);
#951=DIRECTION('',(-1.E0,0.E0,0.E0));
#952=VECTOR('',#951,2.75E-1);
#953=CARTESIAN_POINT('',(-1.225E0,1.75E-1,6.25E-1));
#954=LINE('',#953,#952);
#955=CURVE_STYLE('',#33,POSITIVE_LENGTH_MEASURE(2.E-2),#6);
#956=PRESENTATION_STYLE_ASSIGNMENT((#955));
#957=STYLED_ITEM('',(#956),#954);
#958=CARTESIAN_POINT('',(-1.225E0,1.75E-1,5.E-1));
#959=DIRECTION('',(0.E0,-1.E0,0.E0));
#960=DIRECTION('',(0.E0,0.E0,-1.E0));
#961=AXIS2_PLACEMENT_3D('',#958,#959,#960);
#963=CURVE_STYLE('',#33,POSITIVE_LENGTH_MEASURE(2.E-2),#6);
#964=PRESENTATION_STYLE_ASSIGNMENT((#963));
#965=STYLED_ITEM('',(#964),#962);
#966=DIRECTION('',(1.E0,0.E0,0.E0));
#967=VECTOR('',#966,2.75E-1);
#968=CARTESIAN_POINT('',(-1.5E0,1.75E-1,3.75E-1));
#969=LINE('',#968,#967);
#970=CURVE_STYLE('',#33,POSITIVE_LENGTH_MEASURE(2.E-2),#6);
#971=PRESENTATION_STYLE_ASSIGNMENT((#970));
#972=STYLED_ITEM('',(#971),#969);
#973=DIRECTION('',(1.E0,0.E0,0.E0));
#974=VECTOR('',#973,5.E-2);
#975=CARTESIAN_POINT('',(-1.5E0,7.5E-2,1.25E-1));
#976=LINE('',#975,#974);
#977=CURVE_STYLE('',#33,POSITIVE_LENGTH_MEASURE(2.E-2),#6);
#978=PRESENTATION_STYLE_ASSIGNMENT((#977));
#979=STYLED_ITEM('',(#978),#976);
#980=DIRECTION('',(0.E0,1.E0,0.E0));
#981=VECTOR('',#980,7.5E-2);
#982=CARTESIAN_POINT('',(-1.45E0,0.E0,1.25E-1));
#983=LINE('',#982,#981);
#984=CURVE_STYLE('',#33,POSITIVE_LENGTH_MEASURE(2.E-2),#6);
#985=PRESENTATION_STYLE_ASSIGNMENT((#984));
#986=STYLED_ITEM('',(#985),#983);
#987=DIRECTION('',(0.E0,1.E0,0.E0));
#988=VECTOR('',#987,1.75E-1);
#989=CARTESIAN_POINT('',(-1.225E0,0.E0,1.25E-1));
#990=LINE('',#989,#988);
#991=CURVE_STYLE('',#33,POSITIVE_LENGTH_MEASURE(2.E-2),#6);
#992=PRESENTATION_STYLE_ASSIGNMENT((#991));
#993=STYLED_ITEM('',(#992),#990);
#994=DIRECTION('',(0.E0,1.E0,0.E0));
#995=VECTOR('',#994,1.75E-1);
#996=CARTESIAN_POINT('',(-1.225E0,0.E0,-1.25E-1));
#997=LINE('',#996,#995);
#998=CURVE_STYLE('',#33,POSITIVE_LENGTH_MEASURE(2.E-2),#6);
#999=PRESENTATION_STYLE_ASSIGNMENT((#998));
#1000=STYLED_ITEM('',(#999),#997);
#1001=DIRECTION('',(1.E0,0.E0,0.E0));
#1002=VECTOR('',#1001,5.E-2);
#1003=CARTESIAN_POINT('',(-1.5E0,7.5E-2,-1.25E-1));
#1004=LINE('',#1003,#1002);
#1005=CURVE_STYLE('',#33,POSITIVE_LENGTH_MEASURE(2.E-2),#6);
#1006=PRESENTATION_STYLE_ASSIGNMENT((#1005));
#1007=STYLED_ITEM('',(#1006),#1004);
#1008=DIRECTION('',(0.E0,1.E0,0.E0));
#1009=VECTOR('',#1008,7.5E-2);
#1010=CARTESIAN_POINT('',(-1.45E0,0.E0,-1.25E-1));
#1011=LINE('',#1010,#1009);
#1012=CURVE_STYLE('',#33,POSITIVE_LENGTH_MEASURE(2.E-2),#6);
#1013=PRESENTATION_STYLE_ASSIGNMENT((#1012));
#1014=STYLED_ITEM('',(#1013),#1011);
#1015=DIRECTION('',(-1.E0,0.E0,0.E0));
#1016=VECTOR('',#1015,2.75E-1);
#1017=CARTESIAN_POINT('',(-1.225E0,1.75E-1,1.25E-1));
#1018=LINE('',#1017,#1016);
#1019=CURVE_STYLE('',#33,POSITIVE_LENGTH_MEASURE(2.E-2),#6);
#1020=PRESENTATION_STYLE_ASSIGNMENT((#1019));
#1021=STYLED_ITEM('',(#1020),#1018);
#1022=CARTESIAN_POINT('',(-1.225E0,1.75E-1,0.E0));
#1023=DIRECTION('',(0.E0,-1.E0,0.E0));
#1024=DIRECTION('',(0.E0,0.E0,-1.E0));
#1025=AXIS2_PLACEMENT_3D('',#1022,#1023,#1024);
#1027=CURVE_STYLE('',#33,POSITIVE_LENGTH_MEASURE(2.E-2),#6);
#1028=PRESENTATION_STYLE_ASSIGNMENT((#1027));
#1029=STYLED_ITEM('',(#1028),#1026);
#1030=DIRECTION('',(1.E0,0.E0,0.E0));
#1031=VECTOR('',#1030,2.75E-1);
#1032=CARTESIAN_POINT('',(-1.5E0,1.75E-1,-1.25E-1));
#1033=LINE('',#1032,#1031);
#1034=CURVE_STYLE('',#33,POSITIVE_LENGTH_MEASURE(2.E-2),#6);
#1035=PRESENTATION_STYLE_ASSIGNMENT((#1034));
#1036=STYLED_ITEM('',(#1035),#1033);
#1037=DIRECTION('',(1.E0,0.E0,0.E0));
#1038=VECTOR('',#1037,5.E-2);
#1039=CARTESIAN_POINT('',(-1.5E0,7.5E-2,-3.75E-1));
#1040=LINE('',#1039,#1038);
#1041=CURVE_STYLE('',#33,POSITIVE_LENGTH_MEASURE(2.E-2),#6);
#1042=PRESENTATION_STYLE_ASSIGNMENT((#1041));
#1043=STYLED_ITEM('',(#1042),#1040);
#1044=DIRECTION('',(0.E0,1.E0,0.E0));
#1045=VECTOR('',#1044,7.5E-2);
#1046=CARTESIAN_POINT('',(-1.45E0,0.E0,-3.75E-1));
#1047=LINE('',#1046,#1045);
#1048=CURVE_STYLE('',#33,POSITIVE_LENGTH_MEASURE(2.E-2),#6);
#1049=PRESENTATION_STYLE_ASSIGNMENT((#1048));
#1050=STYLED_ITEM('',(#1049),#1047);
#1051=DIRECTION('',(0.E0,1.E0,0.E0));
#1052=VECTOR('',#1051,1.75E-1);
#1053=CARTESIAN_POINT('',(-1.225E0,0.E0,-3.75E-1));
#1054=LINE('',#1053,#1052);
#1055=CURVE_STYLE('',#33,POSITIVE_LENGTH_MEASURE(2.E-2),#6);
#1056=PRESENTATION_STYLE_ASSIGNMENT((#1055));
#1057=STYLED_ITEM('',(#1056),#1054);
#1058=DIRECTION('',(0.E0,1.E0,0.E0));
#1059=VECTOR('',#1058,1.75E-1);
#1060=CARTESIAN_POINT('',(-1.225E0,0.E0,-6.25E-1));
#1061=LINE('',#1060,#1059);
#1062=CURVE_STYLE('',#33,POSITIVE_LENGTH_MEASURE(2.E-2),#6);
#1063=PRESENTATION_STYLE_ASSIGNMENT((#1062));
#1064=STYLED_ITEM('',(#1063),#1061);
#1065=DIRECTION('',(1.E0,0.E0,0.E0));
#1066=VECTOR('',#1065,5.E-2);
#1067=CARTESIAN_POINT('',(-1.5E0,7.5E-2,-6.25E-1));
#1068=LINE('',#1067,#1066);
#1069=CURVE_STYLE('',#33,POSITIVE_LENGTH_MEASURE(2.E-2),#6);
#1070=PRESENTATION_STYLE_ASSIGNMENT((#1069));
#1071=STYLED_ITEM('',(#1070),#1068);
#1072=DIRECTION('',(0.E0,1.E0,0.E0));
#1073=VECTOR('',#1072,7.5E-2);
#1074=CARTESIAN_POINT('',(-1.45E0,0.E0,-6.25E-1));
#1075=LINE('',#1074,#1073);
#1076=CURVE_STYLE('',#33,POSITIVE_LENGTH_MEASURE(2.E-2),#6);
#1077=PRESENTATION_STYLE_ASSIGNMENT((#1076));
#1078=STYLED_ITEM('',(#1077),#1075);
#1079=DIRECTION('',(-1.E0,0.E0,0.E0));
#1080=VECTOR('',#1079,2.75E-1);
#1081=CARTESIAN_POINT('',(-1.225E0,1.75E-1,-3.75E-1));
#1082=LINE('',#1081,#1080);
#1083=CURVE_STYLE('',#33,POSITIVE_LENGTH_MEASURE(2.E-2),#6);
#1084=PRESENTATION_STYLE_ASSIGNMENT((#1083));
#1085=STYLED_ITEM('',(#1084),#1082);
#1086=CARTESIAN_POINT('',(-1.225E0,1.75E-1,-5.E-1));
#1087=DIRECTION('',(0.E0,-1.E0,0.E0));
#1088=DIRECTION('',(0.E0,0.E0,-1.E0));
#1089=AXIS2_PLACEMENT_3D('',#1086,#1087,#1088);
#1091=CURVE_STYLE('',#33,POSITIVE_LENGTH_MEASURE(2.E-2),#6);
#1092=PRESENTATION_STYLE_ASSIGNMENT((#1091));
#1093=STYLED_ITEM('',(#1092),#1090);
#1094=DIRECTION('',(1.E0,0.E0,0.E0));
#1095=VECTOR('',#1094,2.75E-1);
#1096=CARTESIAN_POINT('',(-1.5E0,1.75E-1,-6.25E-1));
#1097=LINE('',#1096,#1095);
#1098=CURVE_STYLE('',#33,POSITIVE_LENGTH_MEASURE(2.E-2),#6);
#1099=PRESENTATION_STYLE_ASSIGNMENT((#1098));
#1100=STYLED_ITEM('',(#1099),#1097);
#1101=DIRECTION('',(1.E0,0.E0,0.E0));
#1102=VECTOR('',#1101,5.E-2);
#1103=CARTESIAN_POINT('',(-1.5E0,7.5E-2,-8.75E-1));
#1104=LINE('',#1103,#1102);
#1105=CURVE_STYLE('',#33,POSITIVE_LENGTH_MEASURE(2.E-2),#6);
#1106=PRESENTATION_STYLE_ASSIGNMENT((#1105));
#1107=STYLED_ITEM('',(#1106),#1104);
#1108=DIRECTION('',(0.E0,1.E0,0.E0));
#1109=VECTOR('',#1108,7.5E-2);
#1110=CARTESIAN_POINT('',(-1.45E0,0.E0,-8.75E-1));
#1111=LINE('',#1110,#1109);
#1112=CURVE_STYLE('',#33,POSITIVE_LENGTH_MEASURE(2.E-2),#6);
#1113=PRESENTATION_STYLE_ASSIGNMENT((#1112));
#1114=STYLED_ITEM('',(#1113),#1111);
#1115=DIRECTION('',(0.E0,1.E0,0.E0));
#1116=VECTOR('',#1115,1.75E-1);
#1117=CARTESIAN_POINT('',(-1.225E0,0.E0,-8.75E-1));
#1118=LINE('',#1117,#1116);
#1119=CURVE_STYLE('',#33,POSITIVE_LENGTH_MEASURE(2.E-2),#6);
#1120=PRESENTATION_STYLE_ASSIGNMENT((#1119));
#1121=STYLED_ITEM('',(#1120),#1118);
#1122=DIRECTION('',(0.E0,1.E0,0.E0));
#1123=VECTOR('',#1122,1.75E-1);
#1124=CARTESIAN_POINT('',(-1.225E0,0.E0,-1.125E0));
#1125=LINE('',#1124,#1123);
#1126=CURVE_STYLE('',#33,POSITIVE_LENGTH_MEASURE(2.E-2),#6);
#1127=PRESENTATION_STYLE_ASSIGNMENT((#1126));
#1128=STYLED_ITEM('',(#1127),#1125);
#1129=DIRECTION('',(1.E0,0.E0,0.E0));
#1130=VECTOR('',#1129,5.E-2);
#1131=CARTESIAN_POINT('',(-1.5E0,7.5E-2,-1.125E0));
#1132=LINE('',#1131,#1130);
#1133=CURVE_STYLE('',#33,POSITIVE_LENGTH_MEASURE(2.E-2),#6);
#1134=PRESENTATION_STYLE_ASSIGNMENT((#1133));
#1135=STYLED_ITEM('',(#1134),#1132);
#1136=DIRECTION('',(0.E0,1.E0,0.E0));
#1137=VECTOR('',#1136,7.5E-2);
#1138=CARTESIAN_POINT('',(-1.45E0,0.E0,-1.125E0));
#1139=LINE('',#1138,#1137);
#1140=CURVE_STYLE('',#33,POSITIVE_LENGTH_MEASURE(2.E-2),#6);
#1141=PRESENTATION_STYLE_ASSIGNMENT((#1140));
#1142=STYLED_ITEM('',(#1141),#1139);
#1143=DIRECTION('',(-1.E0,0.E0,0.E0));
#1144=VECTOR('',#1143,2.75E-1);
#1145=CARTESIAN_POINT('',(-1.225E0,1.75E-1,-8.75E-1));
#1146=LINE('',#1145,#1144);
#1147=CURVE_STYLE('',#33,POSITIVE_LENGTH_MEASURE(2.E-2),#6);
#1148=PRESENTATION_STYLE_ASSIGNMENT((#1147));
#1149=STYLED_ITEM('',(#1148),#1146);
#1150=CARTESIAN_POINT('',(-1.225E0,1.75E-1,-1.E0));
#1151=DIRECTION('',(0.E0,-1.E0,0.E0));
#1152=DIRECTION('',(0.E0,0.E0,-1.E0));
#1153=AXIS2_PLACEMENT_3D('',#1150,#1151,#1152);
#1155=CURVE_STYLE('',#33,POSITIVE_LENGTH_MEASURE(2.E-2),#6);
#1156=PRESENTATION_STYLE_ASSIGNMENT((#1155));
#1157=STYLED_ITEM('',(#1156),#1154);
#1158=DIRECTION('',(1.E0,0.E0,0.E0));
#1159=VECTOR('',#1158,2.75E-1);
#1160=CARTESIAN_POINT('',(-1.5E0,1.75E-1,-1.125E0));
#1161=LINE('',#1160,#1159);
#1162=CURVE_STYLE('',#33,POSITIVE_LENGTH_MEASURE(2.E-2),#6);
#1163=PRESENTATION_STYLE_ASSIGNMENT((#1162));
#1164=STYLED_ITEM('',(#1163),#1161);
#1165=DIRECTION('',(0.E0,1.E0,0.E0));
#1166=VECTOR('',#1165,7.5E-2);
#1167=CARTESIAN_POINT('',(3.75E-1,0.E0,-1.2E0));
#1168=LINE('',#1167,#1166);
#1169=CURVE_STYLE('',#33,POSITIVE_LENGTH_MEASURE(2.E-2),#6);
#1170=PRESENTATION_STYLE_ASSIGNMENT((#1169));
#1171=STYLED_ITEM('',(#1170),#1168);
#1172=DIRECTION('',(-1.E0,0.E0,0.E0));
#1173=VECTOR('',#1172,4.5E-1);
#1174=CARTESIAN_POINT('',(8.25E-1,7.5E-2,-1.2E0));
#1175=LINE('',#1174,#1173);
#1176=CURVE_STYLE('',#33,POSITIVE_LENGTH_MEASURE(2.E-2),#6);
#1177=PRESENTATION_STYLE_ASSIGNMENT((#1176));
#1178=STYLED_ITEM('',(#1177),#1175);
#1179=DIRECTION('',(0.E0,-1.E0,0.E0));
#1180=VECTOR('',#1179,7.5E-2);
#1181=CARTESIAN_POINT('',(8.25E-1,7.5E-2,-1.2E0));
#1182=LINE('',#1181,#1180);
#1183=CURVE_STYLE('',#33,POSITIVE_LENGTH_MEASURE(2.E-2),#6);
#1184=PRESENTATION_STYLE_ASSIGNMENT((#1183));
#1185=STYLED_ITEM('',(#1184),#1182);
#1186=DIRECTION('',(0.E0,1.E0,0.E0));
#1187=VECTOR('',#1186,7.5E-2);
#1188=CARTESIAN_POINT('',(-1.25E-1,0.E0,-1.2E0));
#1189=LINE('',#1188,#1187);
#1190=CURVE_STYLE('',#33,POSITIVE_LENGTH_MEASURE(2.E-2),#6);
#1191=PRESENTATION_STYLE_ASSIGNMENT((#1190));
#1192=STYLED_ITEM('',(#1191),#1189);
#1193=DIRECTION('',(-1.E0,0.E0,0.E0));
#1194=VECTOR('',#1193,2.5E-1);
#1195=CARTESIAN_POINT('',(1.25E-1,7.5E-2,-1.2E0));
#1196=LINE('',#1195,#1194);
#1197=CURVE_STYLE('',#33,POSITIVE_LENGTH_MEASURE(2.E-2),#6);
#1198=PRESENTATION_STYLE_ASSIGNMENT((#1197));
#1199=STYLED_ITEM('',(#1198),#1196);
#1200=DIRECTION('',(0.E0,1.E0,0.E0));
#1201=VECTOR('',#1200,7.5E-2);
#1202=CARTESIAN_POINT('',(1.25E-1,0.E0,-1.2E0));
#1203=LINE('',#1202,#1201);
#1204=CURVE_STYLE('',#33,POSITIVE_LENGTH_MEASURE(2.E-2),#6);
#1205=PRESENTATION_STYLE_ASSIGNMENT((#1204));
#1206=STYLED_ITEM('',(#1205),#1203);
#1207=DIRECTION('',(0.E0,-1.E0,0.E0));
#1208=VECTOR('',#1207,7.5E-2);
#1209=CARTESIAN_POINT('',(-5.25E-1,7.5E-2,-1.2E0));
#1210=LINE('',#1209,#1208);
#1211=CURVE_STYLE('',#33,POSITIVE_LENGTH_MEASURE(2.E-2),#6);
#1212=PRESENTATION_STYLE_ASSIGNMENT((#1211));
#1213=STYLED_ITEM('',(#1212),#1210);
#1214=DIRECTION('',(-1.E0,0.E0,0.E0));
#1215=VECTOR('',#1214,1.5E-1);
#1216=CARTESIAN_POINT('',(-3.75E-1,7.5E-2,-1.2E0));
#1217=LINE('',#1216,#1215);
#1218=CURVE_STYLE('',#33,POSITIVE_LENGTH_MEASURE(2.E-2),#6);
#1219=PRESENTATION_STYLE_ASSIGNMENT((#1218));
#1220=STYLED_ITEM('',(#1219),#1217);
#1221=DIRECTION('',(0.E0,1.E0,0.E0));
#1222=VECTOR('',#1221,7.5E-2);
#1223=CARTESIAN_POINT('',(-3.75E-1,0.E0,-1.2E0));
#1224=LINE('',#1223,#1222);
#1225=CURVE_STYLE('',#33,POSITIVE_LENGTH_MEASURE(2.E-2),#6);
#1226=PRESENTATION_STYLE_ASSIGNMENT((#1225));
#1227=STYLED_ITEM('',(#1226),#1224);
#1228=DIRECTION('',(0.E0,0.E0,1.E0));
#1229=VECTOR('',#1228,1.5E-1);
#1230=CARTESIAN_POINT('',(-1.25E-1,1.75E-1,1.35E0));
#1231=LINE('',#1230,#1229);
#1232=CURVE_STYLE('',#33,POSITIVE_LENGTH_MEASURE(2.E-2),#6);
#1233=PRESENTATION_STYLE_ASSIGNMENT((#1232));
#1234=STYLED_ITEM('',(#1233),#1231);
#1235=DIRECTION('',(1.E0,0.E0,0.E0));
#1236=VECTOR('',#1235,2.5E-1);
#1237=CARTESIAN_POINT('',(-1.25E-1,1.75E-1,1.35E0));
#1238=LINE('',#1237,#1236);
#1239=CURVE_STYLE('',#33,POSITIVE_LENGTH_MEASURE(2.E-2),#6);
#1240=PRESENTATION_STYLE_ASSIGNMENT((#1239));
#1241=STYLED_ITEM('',(#1240),#1238);
#1242=DIRECTION('',(0.E0,0.E0,1.E0));
#1243=VECTOR('',#1242,1.5E-1);
#1244=CARTESIAN_POINT('',(1.25E-1,1.75E-1,1.35E0));
#1245=LINE('',#1244,#1243);
#1246=CURVE_STYLE('',#33,POSITIVE_LENGTH_MEASURE(2.E-2),#6);
#1247=PRESENTATION_STYLE_ASSIGNMENT((#1246));
#1248=STYLED_ITEM('',(#1247),#1245);
#1249=DIRECTION('',(0.E0,0.E0,-1.E0));
#1250=VECTOR('',#1249,1.5E-1);
#1251=CARTESIAN_POINT('',(3.75E-1,1.75E-1,1.5E0));
#1252=LINE('',#1251,#1250);
#1253=CURVE_STYLE('',#33,POSITIVE_LENGTH_MEASURE(2.E-2),#6);
#1254=PRESENTATION_STYLE_ASSIGNMENT((#1253));
#1255=STYLED_ITEM('',(#1254),#1252);
#1256=DIRECTION('',(1.E0,0.E0,0.E0));
#1257=VECTOR('',#1256,5.75E-1);
#1258=CARTESIAN_POINT('',(3.75E-1,1.75E-1,1.35E0));
#1259=LINE('',#1258,#1257);
#1260=CURVE_STYLE('',#33,POSITIVE_LENGTH_MEASURE(2.E-2),#6);
#1261=PRESENTATION_STYLE_ASSIGNMENT((#1260));
#1262=STYLED_ITEM('',(#1261),#1259);
#1263=DIRECTION('',(0.E0,0.E0,-1.E0));
#1264=VECTOR('',#1263,2.7E0);
#1265=CARTESIAN_POINT('',(9.5E-1,1.75E-1,1.35E0));
#1266=LINE('',#1265,#1264);
#1267=CURVE_STYLE('',#33,POSITIVE_LENGTH_MEASURE(2.E-2),#6);
#1268=PRESENTATION_STYLE_ASSIGNMENT((#1267));
#1269=STYLED_ITEM('',(#1268),#1266);
#1270=DIRECTION('',(-1.E0,0.E0,0.E0));
#1271=VECTOR('',#1270,5.75E-1);
#1272=CARTESIAN_POINT('',(9.5E-1,1.75E-1,-1.35E0));
#1273=LINE('',#1272,#1271);
#1274=CURVE_STYLE('',#33,POSITIVE_LENGTH_MEASURE(2.E-2),#6);
#1275=PRESENTATION_STYLE_ASSIGNMENT((#1274));
#1276=STYLED_ITEM('',(#1275),#1273);
#1277=DIRECTION('',(0.E0,0.E0,1.E0));
#1278=VECTOR('',#1277,1.5E-1);
#1279=CARTESIAN_POINT('',(3.75E-1,1.75E-1,-1.5E0));
#1280=LINE('',#1279,#1278);
#1281=CURVE_STYLE('',#33,POSITIVE_LENGTH_MEASURE(2.E-2),#6);
#1282=PRESENTATION_STYLE_ASSIGNMENT((#1281));
#1283=STYLED_ITEM('',(#1282),#1280);
#1284=DIRECTION('',(0.E0,0.E0,-1.E0));
#1285=VECTOR('',#1284,1.5E-1);
#1286=CARTESIAN_POINT('',(1.25E-1,1.75E-1,-1.35E0));
#1287=LINE('',#1286,#1285);
#1288=CURVE_STYLE('',#33,POSITIVE_LENGTH_MEASURE(2.E-2),#6);
#1289=PRESENTATION_STYLE_ASSIGNMENT((#1288));
#1290=STYLED_ITEM('',(#1289),#1287);
#1291=DIRECTION('',(-1.E0,0.E0,0.E0));
#1292=VECTOR('',#1291,2.5E-1);
#1293=CARTESIAN_POINT('',(1.25E-1,1.75E-1,-1.35E0));
#1294=LINE('',#1293,#1292);
#1295=CURVE_STYLE('',#33,POSITIVE_LENGTH_MEASURE(2.E-2),#6);
#1296=PRESENTATION_STYLE_ASSIGNMENT((#1295));
#1297=STYLED_ITEM('',(#1296),#1294);
#1298=DIRECTION('',(0.E0,0.E0,-1.E0));
#1299=VECTOR('',#1298,1.5E-1);
#1300=CARTESIAN_POINT('',(-1.25E-1,1.75E-1,-1.35E0));
#1301=LINE('',#1300,#1299);
#1302=CURVE_STYLE('',#33,POSITIVE_LENGTH_MEASURE(2.E-2),#6);
#1303=PRESENTATION_STYLE_ASSIGNMENT((#1302));
#1304=STYLED_ITEM('',(#1303),#1301);
#1305=DIRECTION('',(0.E0,0.E0,1.E0));
#1306=VECTOR('',#1305,1.5E-1);
#1307=CARTESIAN_POINT('',(-3.75E-1,1.75E-1,-1.5E0));
#1308=LINE('',#1307,#1306);
#1309=CURVE_STYLE('',#33,POSITIVE_LENGTH_MEASURE(2.E-2),#6);
#1310=PRESENTATION_STYLE_ASSIGNMENT((#1309));
#1311=STYLED_ITEM('',(#1310),#1308);
#1312=DIRECTION('',(-1.E0,0.E0,0.E0));
#1313=VECTOR('',#1312,5.75E-1);
#1314=CARTESIAN_POINT('',(-3.75E-1,1.75E-1,-1.35E0));
#1315=LINE('',#1314,#1313);
#1316=CURVE_STYLE('',#33,POSITIVE_LENGTH_MEASURE(2.E-2),#6);
#1317=PRESENTATION_STYLE_ASSIGNMENT((#1316));
#1318=STYLED_ITEM('',(#1317),#1315);
#1319=DIRECTION('',(0.E0,0.E0,1.E0));
#1320=VECTOR('',#1319,2.7E0);
#1321=CARTESIAN_POINT('',(-9.5E-1,1.75E-1,-1.35E0));
#1322=LINE('',#1321,#1320);
#1323=CURVE_STYLE('',#33,POSITIVE_LENGTH_MEASURE(2.E-2),#6);
#1324=PRESENTATION_STYLE_ASSIGNMENT((#1323));
#1325=STYLED_ITEM('',(#1324),#1322);
#1326=DIRECTION('',(1.E0,0.E0,0.E0));
#1327=VECTOR('',#1326,5.75E-1);
#1328=CARTESIAN_POINT('',(-9.5E-1,1.75E-1,1.35E0));
#1329=LINE('',#1328,#1327);
#1330=CURVE_STYLE('',#33,POSITIVE_LENGTH_MEASURE(2.E-2),#6);
#1331=PRESENTATION_STYLE_ASSIGNMENT((#1330));
#1332=STYLED_ITEM('',(#1331),#1329);
#1333=DIRECTION('',(0.E0,0.E0,-1.E0));
#1334=VECTOR('',#1333,1.5E-1);
#1335=CARTESIAN_POINT('',(-3.75E-1,1.75E-1,1.5E0));
#1336=LINE('',#1335,#1334);
#1337=CURVE_STYLE('',#33,POSITIVE_LENGTH_MEASURE(2.E-2),#6);
#1338=PRESENTATION_STYLE_ASSIGNMENT((#1337));
#1339=STYLED_ITEM('',(#1338),#1336);
#1340=DIRECTION('',(0.E0,1.E0,0.E0));
#1341=VECTOR('',#1340,7.5E-2);
#1342=CARTESIAN_POINT('',(-3.75E-1,0.E0,1.2E0));
#1343=LINE('',#1342,#1341);
#1344=CURVE_STYLE('',#33,POSITIVE_LENGTH_MEASURE(2.E-2),#6);
#1345=PRESENTATION_STYLE_ASSIGNMENT((#1344));
#1346=STYLED_ITEM('',(#1345),#1343);
#1347=DIRECTION('',(1.E0,0.E0,0.E0));
#1348=VECTOR('',#1347,4.5E-1);
#1349=CARTESIAN_POINT('',(-8.25E-1,7.5E-2,1.2E0));
#1350=LINE('',#1349,#1348);
#1351=CURVE_STYLE('',#33,POSITIVE_LENGTH_MEASURE(2.E-2),#6);
#1352=PRESENTATION_STYLE_ASSIGNMENT((#1351));
#1353=STYLED_ITEM('',(#1352),#1350);
#1354=DIRECTION('',(0.E0,-1.E0,0.E0));
#1355=VECTOR('',#1354,7.5E-2);
#1356=CARTESIAN_POINT('',(-8.25E-1,7.5E-2,1.2E0));
#1357=LINE('',#1356,#1355);
#1358=CURVE_STYLE('',#33,POSITIVE_LENGTH_MEASURE(2.E-2),#6);
#1359=PRESENTATION_STYLE_ASSIGNMENT((#1358));
#1360=STYLED_ITEM('',(#1359),#1357);
#1361=DIRECTION('',(0.E0,1.E0,0.E0));
#1362=VECTOR('',#1361,7.5E-2);
#1363=CARTESIAN_POINT('',(1.25E-1,0.E0,1.2E0));
#1364=LINE('',#1363,#1362);
#1365=CURVE_STYLE('',#33,POSITIVE_LENGTH_MEASURE(2.E-2),#6);
#1366=PRESENTATION_STYLE_ASSIGNMENT((#1365));
#1367=STYLED_ITEM('',(#1366),#1364);
#1368=DIRECTION('',(1.E0,0.E0,0.E0));
#1369=VECTOR('',#1368,2.5E-1);
#1370=CARTESIAN_POINT('',(-1.25E-1,7.5E-2,1.2E0));
#1371=LINE('',#1370,#1369);
#1372=CURVE_STYLE('',#33,POSITIVE_LENGTH_MEASURE(2.E-2),#6);
#1373=PRESENTATION_STYLE_ASSIGNMENT((#1372));
#1374=STYLED_ITEM('',(#1373),#1371);
#1375=DIRECTION('',(0.E0,1.E0,0.E0));
#1376=VECTOR('',#1375,7.5E-2);
#1377=CARTESIAN_POINT('',(-1.25E-1,0.E0,1.2E0));
#1378=LINE('',#1377,#1376);
#1379=CURVE_STYLE('',#33,POSITIVE_LENGTH_MEASURE(2.E-2),#6);
#1380=PRESENTATION_STYLE_ASSIGNMENT((#1379));
#1381=STYLED_ITEM('',(#1380),#1378);
#1382=DIRECTION('',(1.E0,0.E0,0.E0));
#1383=VECTOR('',#1382,4.5E-1);
#1384=CARTESIAN_POINT('',(3.75E-1,7.5E-2,1.2E0));
#1385=LINE('',#1384,#1383);
#1386=CURVE_STYLE('',#33,POSITIVE_LENGTH_MEASURE(2.E-2),#6);
#1387=PRESENTATION_STYLE_ASSIGNMENT((#1386));
#1388=STYLED_ITEM('',(#1387),#1385);
#1389=DIRECTION('',(0.E0,1.E0,0.E0));
#1390=VECTOR('',#1389,7.5E-2);
#1391=CARTESIAN_POINT('',(3.75E-1,0.E0,1.2E0));
#1392=LINE('',#1391,#1390);
#1393=CURVE_STYLE('',#33,POSITIVE_LENGTH_MEASURE(2.E-2),#6);
#1394=PRESENTATION_STYLE_ASSIGNMENT((#1393));
#1395=STYLED_ITEM('',(#1394),#1392);
#1396=DIRECTION('',(0.E0,1.E0,0.E0));
#1397=VECTOR('',#1396,1.E-1);
#1398=CARTESIAN_POINT('',(-3.75E-1,7.5E-2,1.35E0));
#1399=LINE('',#1398,#1397);
#1400=CURVE_STYLE('',#33,POSITIVE_LENGTH_MEASURE(2.E-2),#6);
#1401=PRESENTATION_STYLE_ASSIGNMENT((#1400));
#1402=STYLED_ITEM('',(#1401),#1399);
#1403=DIRECTION('',(0.E0,1.E0,0.E0));
#1404=VECTOR('',#1403,1.E-1);
#1405=CARTESIAN_POINT('',(-9.5E-1,7.5E-2,1.35E0));
#1406=LINE('',#1405,#1404);
#1407=CURVE_STYLE('',#33,POSITIVE_LENGTH_MEASURE(2.E-2),#6);
#1408=PRESENTATION_STYLE_ASSIGNMENT((#1407));
#1409=STYLED_ITEM('',(#1408),#1406);
#1410=DIRECTION('',(0.E0,1.E0,0.E0));
#1411=VECTOR('',#1410,1.E-1);
#1412=CARTESIAN_POINT('',(1.25E-1,7.5E-2,1.35E0));
#1413=LINE('',#1412,#1411);
#1414=CURVE_STYLE('',#33,POSITIVE_LENGTH_MEASURE(2.E-2),#6);
#1415=PRESENTATION_STYLE_ASSIGNMENT((#1414));
#1416=STYLED_ITEM('',(#1415),#1413);
#1417=DIRECTION('',(0.E0,1.E0,0.E0));
#1418=VECTOR('',#1417,1.E-1);
#1419=CARTESIAN_POINT('',(-1.25E-1,7.5E-2,1.35E0));
#1420=LINE('',#1419,#1418);
#1421=CURVE_STYLE('',#33,POSITIVE_LENGTH_MEASURE(2.E-2),#6);
#1422=PRESENTATION_STYLE_ASSIGNMENT((#1421));
#1423=STYLED_ITEM('',(#1422),#1420);
#1424=DIRECTION('',(0.E0,1.E0,0.E0));
#1425=VECTOR('',#1424,1.E-1);
#1426=CARTESIAN_POINT('',(3.75E-1,7.5E-2,1.35E0));
#1427=LINE('',#1426,#1425);
#1428=CURVE_STYLE('',#33,POSITIVE_LENGTH_MEASURE(2.E-2),#6);
#1429=PRESENTATION_STYLE_ASSIGNMENT((#1428));
#1430=STYLED_ITEM('',(#1429),#1427);
#1431=DIRECTION('',(0.E0,1.E0,0.E0));
#1432=VECTOR('',#1431,1.E-1);
#1433=CARTESIAN_POINT('',(-9.5E-1,7.5E-2,-1.35E0));
#1434=LINE('',#1433,#1432);
#1435=CURVE_STYLE('',#33,POSITIVE_LENGTH_MEASURE(2.E-2),#6);
#1436=PRESENTATION_STYLE_ASSIGNMENT((#1435));
#1437=STYLED_ITEM('',(#1436),#1434);
#1438=DIRECTION('',(-1.E0,0.E0,0.E0));
#1439=VECTOR('',#1438,2.5E-1);
#1440=CARTESIAN_POINT('',(1.25E-1,7.5E-2,-1.35E0));
#1441=LINE('',#1440,#1439);
#1442=CURVE_STYLE('',#33,POSITIVE_LENGTH_MEASURE(2.E-2),#6);
#1443=PRESENTATION_STYLE_ASSIGNMENT((#1442));
#1444=STYLED_ITEM('',(#1443),#1441);
#1445=DIRECTION('',(0.E0,0.E0,1.E0));
#1446=VECTOR('',#1445,1.5E-1);
#1447=CARTESIAN_POINT('',(1.25E-1,7.5E-2,-1.35E0));
#1448=LINE('',#1447,#1446);
#1449=CURVE_STYLE('',#33,POSITIVE_LENGTH_MEASURE(2.E-2),#6);
#1450=PRESENTATION_STYLE_ASSIGNMENT((#1449));
#1451=STYLED_ITEM('',(#1450),#1448);
#1452=DIRECTION('',(0.E0,0.E0,1.E0));
#1453=VECTOR('',#1452,1.5E-1);
#1454=CARTESIAN_POINT('',(-1.25E-1,7.5E-2,-1.35E0));
#1455=LINE('',#1454,#1453);
#1456=CURVE_STYLE('',#33,POSITIVE_LENGTH_MEASURE(2.E-2),#6);
#1457=PRESENTATION_STYLE_ASSIGNMENT((#1456));
#1458=STYLED_ITEM('',(#1457),#1455);
#1459=DIRECTION('',(1.E0,0.E0,0.E0));
#1460=VECTOR('',#1459,5.75E-1);
#1461=CARTESIAN_POINT('',(-9.5E-1,7.5E-2,1.35E0));
#1462=LINE('',#1461,#1460);
#1463=CURVE_STYLE('',#33,POSITIVE_LENGTH_MEASURE(2.E-2),#6);
#1464=PRESENTATION_STYLE_ASSIGNMENT((#1463));
#1465=STYLED_ITEM('',(#1464),#1462);
#1466=DIRECTION('',(0.E0,0.E0,1.E0));
#1467=VECTOR('',#1466,2.7E0);
#1468=CARTESIAN_POINT('',(-9.5E-1,7.5E-2,-1.35E0));
#1469=LINE('',#1468,#1467);
#1470=CURVE_STYLE('',#33,POSITIVE_LENGTH_MEASURE(2.E-2),#6);
#1471=PRESENTATION_STYLE_ASSIGNMENT((#1470));
#1472=STYLED_ITEM('',(#1471),#1469);
#1473=DIRECTION('',(-1.E0,0.E0,0.E0));
#1474=VECTOR('',#1473,5.75E-1);
#1475=CARTESIAN_POINT('',(-3.75E-1,7.5E-2,-1.35E0));
#1476=LINE('',#1475,#1474);
#1477=CURVE_STYLE('',#33,POSITIVE_LENGTH_MEASURE(2.E-2),#6);
#1478=PRESENTATION_STYLE_ASSIGNMENT((#1477));
#1479=STYLED_ITEM('',(#1478),#1476);
#1480=DIRECTION('',(0.E0,0.E0,1.E0));
#1481=VECTOR('',#1480,1.5E-1);
#1482=CARTESIAN_POINT('',(-3.75E-1,7.5E-2,-1.35E0));
#1483=LINE('',#1482,#1481);
#1484=CURVE_STYLE('',#33,POSITIVE_LENGTH_MEASURE(2.E-2),#6);
#1485=PRESENTATION_STYLE_ASSIGNMENT((#1484));
#1486=STYLED_ITEM('',(#1485),#1483);
#1487=DIRECTION('',(0.E0,0.E0,-1.E0));
#1488=VECTOR('',#1487,1.5E-1);
#1489=CARTESIAN_POINT('',(-3.75E-1,7.5E-2,1.35E0));
#1490=LINE('',#1489,#1488);
#1491=CURVE_STYLE('',#33,POSITIVE_LENGTH_MEASURE(2.E-2),#6);
#1492=PRESENTATION_STYLE_ASSIGNMENT((#1491));
#1493=STYLED_ITEM('',(#1492),#1490);
#1494=DIRECTION('',(1.E0,0.E0,0.E0));
#1495=VECTOR('',#1494,2.5E-1);
#1496=CARTESIAN_POINT('',(-1.25E-1,7.5E-2,1.35E0));
#1497=LINE('',#1496,#1495);
#1498=CURVE_STYLE('',#33,POSITIVE_LENGTH_MEASURE(2.E-2),#6);
#1499=PRESENTATION_STYLE_ASSIGNMENT((#1498));
#1500=STYLED_ITEM('',(#1499),#1497);
#1501=DIRECTION('',(0.E0,0.E0,-1.E0));
#1502=VECTOR('',#1501,1.5E-1);
#1503=CARTESIAN_POINT('',(-1.25E-1,7.5E-2,1.35E0));
#1504=LINE('',#1503,#1502);
#1505=CURVE_STYLE('',#33,POSITIVE_LENGTH_MEASURE(2.E-2),#6);
#1506=PRESENTATION_STYLE_ASSIGNMENT((#1505));
#1507=STYLED_ITEM('',(#1506),#1504);
#1508=DIRECTION('',(0.E0,0.E0,-1.E0));
#1509=VECTOR('',#1508,1.5E-1);
#1510=CARTESIAN_POINT('',(1.25E-1,7.5E-2,1.35E0));
#1511=LINE('',#1510,#1509);
#1512=CURVE_STYLE('',#33,POSITIVE_LENGTH_MEASURE(2.E-2),#6);
#1513=PRESENTATION_STYLE_ASSIGNMENT((#1512));
#1514=STYLED_ITEM('',(#1513),#1511);
#1515=DIRECTION('',(1.E0,0.E0,0.E0));
#1516=VECTOR('',#1515,5.75E-1);
#1517=CARTESIAN_POINT('',(3.75E-1,7.5E-2,1.35E0));
#1518=LINE('',#1517,#1516);
#1519=CURVE_STYLE('',#33,POSITIVE_LENGTH_MEASURE(2.E-2),#6);
#1520=PRESENTATION_STYLE_ASSIGNMENT((#1519));
#1521=STYLED_ITEM('',(#1520),#1518);
#1522=DIRECTION('',(0.E0,0.E0,-1.E0));
#1523=VECTOR('',#1522,1.5E-1);
#1524=CARTESIAN_POINT('',(3.75E-1,7.5E-2,1.35E0));
#1525=LINE('',#1524,#1523);
#1526=CURVE_STYLE('',#33,POSITIVE_LENGTH_MEASURE(2.E-2),#6);
#1527=PRESENTATION_STYLE_ASSIGNMENT((#1526));
#1528=STYLED_ITEM('',(#1527),#1525);
#1529=DIRECTION('',(0.E0,0.E0,1.E0));
#1530=VECTOR('',#1529,1.5E-1);
#1531=CARTESIAN_POINT('',(3.75E-1,7.5E-2,-1.35E0));
#1532=LINE('',#1531,#1530);
#1533=CURVE_STYLE('',#33,POSITIVE_LENGTH_MEASURE(2.E-2),#6);
#1534=PRESENTATION_STYLE_ASSIGNMENT((#1533));
#1535=STYLED_ITEM('',(#1534),#1532);
#1536=DIRECTION('',(-1.E0,0.E0,0.E0));
#1537=VECTOR('',#1536,5.75E-1);
#1538=CARTESIAN_POINT('',(9.5E-1,7.5E-2,-1.35E0));
#1539=LINE('',#1538,#1537);
#1540=CURVE_STYLE('',#33,POSITIVE_LENGTH_MEASURE(2.E-2),#6);
#1541=PRESENTATION_STYLE_ASSIGNMENT((#1540));
#1542=STYLED_ITEM('',(#1541),#1539);
#1543=DIRECTION('',(0.E0,0.E0,-1.E0));
#1544=VECTOR('',#1543,2.7E0);
#1545=CARTESIAN_POINT('',(9.5E-1,7.5E-2,1.35E0));
#1546=LINE('',#1545,#1544);
#1547=CURVE_STYLE('',#33,POSITIVE_LENGTH_MEASURE(2.E-2),#6);
#1548=PRESENTATION_STYLE_ASSIGNMENT((#1547));
#1549=STYLED_ITEM('',(#1548),#1546);
#1550=DIRECTION('',(0.E0,1.E0,0.E0));
#1551=VECTOR('',#1550,1.E-1);
#1552=CARTESIAN_POINT('',(-3.75E-1,7.5E-2,-1.35E0));
#1553=LINE('',#1552,#1551);
#1554=CURVE_STYLE('',#33,POSITIVE_LENGTH_MEASURE(2.E-2),#6);
#1555=PRESENTATION_STYLE_ASSIGNMENT((#1554));
#1556=STYLED_ITEM('',(#1555),#1553);
#1557=DIRECTION('',(0.E0,1.E0,0.E0));
#1558=VECTOR('',#1557,1.E-1);
#1559=CARTESIAN_POINT('',(3.75E-1,7.5E-2,-1.35E0));
#1560=LINE('',#1559,#1558);
#1561=CURVE_STYLE('',#33,POSITIVE_LENGTH_MEASURE(2.E-2),#6);
#1562=PRESENTATION_STYLE_ASSIGNMENT((#1561));
#1563=STYLED_ITEM('',(#1562),#1560);
#1564=DIRECTION('',(0.E0,1.E0,0.E0));
#1565=VECTOR('',#1564,1.E-1);
#1566=CARTESIAN_POINT('',(9.5E-1,7.5E-2,-1.35E0));
#1567=LINE('',#1566,#1565);
#1568=CURVE_STYLE('',#33,POSITIVE_LENGTH_MEASURE(2.E-2),#6);
#1569=PRESENTATION_STYLE_ASSIGNMENT((#1568));
#1570=STYLED_ITEM('',(#1569),#1567);
#1571=DIRECTION('',(0.E0,1.E0,0.E0));
#1572=VECTOR('',#1571,1.E-1);
#1573=CARTESIAN_POINT('',(-1.25E-1,7.5E-2,-1.35E0));
#1574=LINE('',#1573,#1572);
#1575=CURVE_STYLE('',#33,POSITIVE_LENGTH_MEASURE(2.E-2),#6);
#1576=PRESENTATION_STYLE_ASSIGNMENT((#1575));
#1577=STYLED_ITEM('',(#1576),#1574);
#1578=DIRECTION('',(0.E0,1.E0,0.E0));
#1579=VECTOR('',#1578,1.E-1);
#1580=CARTESIAN_POINT('',(1.25E-1,7.5E-2,-1.35E0));
#1581=LINE('',#1580,#1579);
#1582=CURVE_STYLE('',#33,POSITIVE_LENGTH_MEASURE(2.E-2),#6);
#1583=PRESENTATION_STYLE_ASSIGNMENT((#1582));
#1584=STYLED_ITEM('',(#1583),#1581);
#1585=DIRECTION('',(0.E0,1.E0,0.E0));
#1586=VECTOR('',#1585,1.E-1);
#1587=CARTESIAN_POINT('',(9.5E-1,7.5E-2,1.35E0));
#1588=LINE('',#1587,#1586);
#1589=CURVE_STYLE('',#33,POSITIVE_LENGTH_MEASURE(2.E-2),#6);
#1590=PRESENTATION_STYLE_ASSIGNMENT((#1589));
#1591=STYLED_ITEM('',(#1590),#1588);
#1592=DIRECTION('',(7.071067811865E-1,0.E0,-7.071067811865E-1));
#1593=VECTOR('',#1592,4.242640687119E-1);
#1594=CARTESIAN_POINT('',(-8.25E-1,7.5E-2,-9.E-1));
#1595=LINE('',#1594,#1593);
#1596=CURVE_STYLE('',#33,POSITIVE_LENGTH_MEASURE(2.E-2),#6);
#1597=PRESENTATION_STYLE_ASSIGNMENT((#1596));
#1598=STYLED_ITEM('',(#1597),#1595);
#1599=DIRECTION('',(0.E0,0.E0,1.E0));
#1600=VECTOR('',#1599,2.1E0);
#1601=CARTESIAN_POINT('',(-8.25E-1,7.5E-2,-9.E-1));
#1602=LINE('',#1601,#1600);
#1603=CURVE_STYLE('',#33,POSITIVE_LENGTH_MEASURE(2.E-2),#6);
#1604=PRESENTATION_STYLE_ASSIGNMENT((#1603));
#1605=STYLED_ITEM('',(#1604),#1602);
#1606=DIRECTION('',(0.E0,-1.E0,0.E0));
#1607=VECTOR('',#1606,7.5E-2);
#1608=CARTESIAN_POINT('',(-8.25E-1,7.5E-2,-9.E-1));
#1609=LINE('',#1608,#1607);
#1610=CURVE_STYLE('',#33,POSITIVE_LENGTH_MEASURE(2.E-2),#6);
#1611=PRESENTATION_STYLE_ASSIGNMENT((#1610));
#1612=STYLED_ITEM('',(#1611),#1609);
#1613=DIRECTION('',(0.E0,0.E0,-1.E0));
#1614=VECTOR('',#1613,2.4E0);
#1615=CARTESIAN_POINT('',(8.25E-1,7.5E-2,1.2E0));
#1616=LINE('',#1615,#1614);
#1617=CURVE_STYLE('',#33,POSITIVE_LENGTH_MEASURE(2.E-2),#6);
#1618=PRESENTATION_STYLE_ASSIGNMENT((#1617));
#1619=STYLED_ITEM('',(#1618),#1616);
#1620=DIRECTION('',(0.E0,-1.E0,0.E0));
#1621=VECTOR('',#1620,7.5E-2);
#1622=CARTESIAN_POINT('',(8.25E-1,7.5E-2,1.2E0));
#1623=LINE('',#1622,#1621);
#1624=CURVE_STYLE('',#33,POSITIVE_LENGTH_MEASURE(2.E-2),#6);
#1625=PRESENTATION_STYLE_ASSIGNMENT((#1624));
#1626=STYLED_ITEM('',(#1625),#1623);
#1627=DIRECTION('',(0.E0,0.E0,-1.E0));
#1628=VECTOR('',#1627,3.75E-1);
#1629=CARTESIAN_POINT('',(1.45E0,7.5E-2,1.5E0));
#1630=LINE('',#1629,#1628);
#1631=CURVE_STYLE('',#33,POSITIVE_LENGTH_MEASURE(2.E-2),#6);
#1632=PRESENTATION_STYLE_ASSIGNMENT((#1631));
#1633=STYLED_ITEM('',(#1632),#1630);
#1634=DIRECTION('',(0.E0,0.E0,-1.E0));
#1635=VECTOR('',#1634,2.5E-1);
#1636=CARTESIAN_POINT('',(1.45E0,7.5E-2,8.75E-1));
#1637=LINE('',#1636,#1635);
#1638=CURVE_STYLE('',#33,POSITIVE_LENGTH_MEASURE(2.E-2),#6);
#1639=PRESENTATION_STYLE_ASSIGNMENT((#1638));
#1640=STYLED_ITEM('',(#1639),#1637);
#1641=DIRECTION('',(0.E0,0.E0,-1.E0));
#1642=VECTOR('',#1641,2.5E-1);
#1643=CARTESIAN_POINT('',(1.45E0,7.5E-2,3.75E-1));
#1644=LINE('',#1643,#1642);
#1645=CURVE_STYLE('',#33,POSITIVE_LENGTH_MEASURE(2.E-2),#6);
#1646=PRESENTATION_STYLE_ASSIGNMENT((#1645));
#1647=STYLED_ITEM('',(#1646),#1644);
#1648=DIRECTION('',(0.E0,0.E0,-1.E0));
#1649=VECTOR('',#1648,2.5E-1);
#1650=CARTESIAN_POINT('',(1.45E0,7.5E-2,-1.25E-1));
#1651=LINE('',#1650,#1649);
#1652=CURVE_STYLE('',#33,POSITIVE_LENGTH_MEASURE(2.E-2),#6);
#1653=PRESENTATION_STYLE_ASSIGNMENT((#1652));
#1654=STYLED_ITEM('',(#1653),#1651);
#1655=DIRECTION('',(0.E0,0.E0,-1.E0));
#1656=VECTOR('',#1655,2.5E-1);
#1657=CARTESIAN_POINT('',(1.45E0,7.5E-2,-6.25E-1));
#1658=LINE('',#1657,#1656);
#1659=CURVE_STYLE('',#33,POSITIVE_LENGTH_MEASURE(2.E-2),#6);
#1660=PRESENTATION_STYLE_ASSIGNMENT((#1659));
#1661=STYLED_ITEM('',(#1660),#1658);
#1662=DIRECTION('',(0.E0,0.E0,-1.E0));
#1663=VECTOR('',#1662,3.75E-1);
#1664=CARTESIAN_POINT('',(1.45E0,7.5E-2,-1.125E0));
#1665=LINE('',#1664,#1663);
#1666=CURVE_STYLE('',#33,POSITIVE_LENGTH_MEASURE(2.E-2),#6);
#1667=PRESENTATION_STYLE_ASSIGNMENT((#1666));
#1668=STYLED_ITEM('',(#1667),#1665);
#1669=DIRECTION('',(0.E0,0.E0,-1.E0));
#1670=VECTOR('',#1669,3.75E-1);
#1671=CARTESIAN_POINT('',(1.5E0,7.5E-2,1.5E0));
#1672=LINE('',#1671,#1670);
#1673=CURVE_STYLE('',#33,POSITIVE_LENGTH_MEASURE(2.E-2),#6);
#1674=PRESENTATION_STYLE_ASSIGNMENT((#1673));
#1675=STYLED_ITEM('',(#1674),#1672);
#1676=DIRECTION('',(0.E0,1.E0,0.E0));
#1677=VECTOR('',#1676,7.75E-1);
#1678=CARTESIAN_POINT('',(1.5E0,7.5E-2,1.5E0));
#1679=LINE('',#1678,#1677);
#1680=CURVE_STYLE('',#33,POSITIVE_LENGTH_MEASURE(2.E-2),#6);
#1681=PRESENTATION_STYLE_ASSIGNMENT((#1680));
#1682=STYLED_ITEM('',(#1681),#1679);
#1683=DIRECTION('',(0.E0,0.E0,-1.E0));
#1684=VECTOR('',#1683,3.75E-1);
#1685=CARTESIAN_POINT('',(1.5E0,7.5E-2,-1.125E0));
#1686=LINE('',#1685,#1684);
#1687=CURVE_STYLE('',#33,POSITIVE_LENGTH_MEASURE(2.E-2),#6);
#1688=PRESENTATION_STYLE_ASSIGNMENT((#1687));
#1689=STYLED_ITEM('',(#1688),#1686);
#1690=DIRECTION('',(0.E0,1.E0,0.E0));
#1691=VECTOR('',#1690,1.E-1);
#1692=CARTESIAN_POINT('',(1.5E0,7.5E-2,-1.125E0));
#1693=LINE('',#1692,#1691);
#1694=CURVE_STYLE('',#33,POSITIVE_LENGTH_MEASURE(2.E-2),#6);
#1695=PRESENTATION_STYLE_ASSIGNMENT((#1694));
#1696=STYLED_ITEM('',(#1695),#1693);
#1697=DIRECTION('',(0.E0,0.E0,-1.E0));
#1698=VECTOR('',#1697,2.5E-1);
#1699=CARTESIAN_POINT('',(1.5E0,1.75E-1,-8.75E-1));
#1700=LINE('',#1699,#1698);
#1701=CURVE_STYLE('',#33,POSITIVE_LENGTH_MEASURE(2.E-2),#6);
#1702=PRESENTATION_STYLE_ASSIGNMENT((#1701));
#1703=STYLED_ITEM('',(#1702),#1700);
#1704=DIRECTION('',(0.E0,1.E0,0.E0));
#1705=VECTOR('',#1704,1.E-1);
#1706=CARTESIAN_POINT('',(1.5E0,7.5E-2,-8.75E-1));
#1707=LINE('',#1706,#1705);
#1708=CURVE_STYLE('',#33,POSITIVE_LENGTH_MEASURE(2.E-2),#6);
#1709=PRESENTATION_STYLE_ASSIGNMENT((#1708));
#1710=STYLED_ITEM('',(#1709),#1707);
#1711=DIRECTION('',(0.E0,0.E0,-1.E0));
#1712=VECTOR('',#1711,2.5E-1);
#1713=CARTESIAN_POINT('',(1.5E0,7.5E-2,-6.25E-1));
#1714=LINE('',#1713,#1712);
#1715=CURVE_STYLE('',#33,POSITIVE_LENGTH_MEASURE(2.E-2),#6);
#1716=PRESENTATION_STYLE_ASSIGNMENT((#1715));
#1717=STYLED_ITEM('',(#1716),#1714);
#1718=DIRECTION('',(0.E0,1.E0,0.E0));
#1719=VECTOR('',#1718,1.E-1);
#1720=CARTESIAN_POINT('',(1.5E0,7.5E-2,-6.25E-1));
#1721=LINE('',#1720,#1719);
#1722=CURVE_STYLE('',#33,POSITIVE_LENGTH_MEASURE(2.E-2),#6);
#1723=PRESENTATION_STYLE_ASSIGNMENT((#1722));
#1724=STYLED_ITEM('',(#1723),#1721);
#1725=DIRECTION('',(0.E0,0.E0,-1.E0));
#1726=VECTOR('',#1725,2.5E-1);
#1727=CARTESIAN_POINT('',(1.5E0,1.75E-1,-3.75E-1));
#1728=LINE('',#1727,#1726);
#1729=CURVE_STYLE('',#33,POSITIVE_LENGTH_MEASURE(2.E-2),#6);
#1730=PRESENTATION_STYLE_ASSIGNMENT((#1729));
#1731=STYLED_ITEM('',(#1730),#1728);
#1732=DIRECTION('',(0.E0,1.E0,0.E0));
#1733=VECTOR('',#1732,1.E-1);
#1734=CARTESIAN_POINT('',(1.5E0,7.5E-2,-3.75E-1));
#1735=LINE('',#1734,#1733);
#1736=CURVE_STYLE('',#33,POSITIVE_LENGTH_MEASURE(2.E-2),#6);
#1737=PRESENTATION_STYLE_ASSIGNMENT((#1736));
#1738=STYLED_ITEM('',(#1737),#1735);
#1739=DIRECTION('',(0.E0,0.E0,-1.E0));
#1740=VECTOR('',#1739,2.5E-1);
#1741=CARTESIAN_POINT('',(1.5E0,7.5E-2,-1.25E-1));
#1742=LINE('',#1741,#1740);
#1743=CURVE_STYLE('',#33,POSITIVE_LENGTH_MEASURE(2.E-2),#6);
#1744=PRESENTATION_STYLE_ASSIGNMENT((#1743));
#1745=STYLED_ITEM('',(#1744),#1742);
#1746=DIRECTION('',(0.E0,1.E0,0.E0));
#1747=VECTOR('',#1746,1.E-1);
#1748=CARTESIAN_POINT('',(1.5E0,7.5E-2,-1.25E-1));
#1749=LINE('',#1748,#1747);
#1750=CURVE_STYLE('',#33,POSITIVE_LENGTH_MEASURE(2.E-2),#6);
#1751=PRESENTATION_STYLE_ASSIGNMENT((#1750));
#1752=STYLED_ITEM('',(#1751),#1749);
#1753=DIRECTION('',(0.E0,0.E0,-1.E0));
#1754=VECTOR('',#1753,2.5E-1);
#1755=CARTESIAN_POINT('',(1.5E0,1.75E-1,1.25E-1));
#1756=LINE('',#1755,#1754);
#1757=CURVE_STYLE('',#33,POSITIVE_LENGTH_MEASURE(2.E-2),#6);
#1758=PRESENTATION_STYLE_ASSIGNMENT((#1757));
#1759=STYLED_ITEM('',(#1758),#1756);
#1760=DIRECTION('',(0.E0,1.E0,0.E0));
#1761=VECTOR('',#1760,1.E-1);
#1762=CARTESIAN_POINT('',(1.5E0,7.5E-2,1.25E-1));
#1763=LINE('',#1762,#1761);
#1764=CURVE_STYLE('',#33,POSITIVE_LENGTH_MEASURE(2.E-2),#6);
#1765=PRESENTATION_STYLE_ASSIGNMENT((#1764));
#1766=STYLED_ITEM('',(#1765),#1763);
#1767=DIRECTION('',(0.E0,0.E0,-1.E0));
#1768=VECTOR('',#1767,2.5E-1);
#1769=CARTESIAN_POINT('',(1.5E0,7.5E-2,3.75E-1));
#1770=LINE('',#1769,#1768);
#1771=CURVE_STYLE('',#33,POSITIVE_LENGTH_MEASURE(2.E-2),#6);
#1772=PRESENTATION_STYLE_ASSIGNMENT((#1771));
#1773=STYLED_ITEM('',(#1772),#1770);
#1774=DIRECTION('',(0.E0,1.E0,0.E0));
#1775=VECTOR('',#1774,1.E-1);
#1776=CARTESIAN_POINT('',(1.5E0,7.5E-2,3.75E-1));
#1777=LINE('',#1776,#1775);
#1778=CURVE_STYLE('',#33,POSITIVE_LENGTH_MEASURE(2.E-2),#6);
#1779=PRESENTATION_STYLE_ASSIGNMENT((#1778));
#1780=STYLED_ITEM('',(#1779),#1777);
#1781=DIRECTION('',(0.E0,0.E0,-1.E0));
#1782=VECTOR('',#1781,2.5E-1);
#1783=CARTESIAN_POINT('',(1.5E0,1.75E-1,6.25E-1));
#1784=LINE('',#1783,#1782);
#1785=CURVE_STYLE('',#33,POSITIVE_LENGTH_MEASURE(2.E-2),#6);
#1786=PRESENTATION_STYLE_ASSIGNMENT((#1785));
#1787=STYLED_ITEM('',(#1786),#1784);
#1788=DIRECTION('',(0.E0,1.E0,0.E0));
#1789=VECTOR('',#1788,1.E-1);
#1790=CARTESIAN_POINT('',(1.5E0,7.5E-2,6.25E-1));
#1791=LINE('',#1790,#1789);
#1792=CURVE_STYLE('',#33,POSITIVE_LENGTH_MEASURE(2.E-2),#6);
#1793=PRESENTATION_STYLE_ASSIGNMENT((#1792));
#1794=STYLED_ITEM('',(#1793),#1791);
#1795=DIRECTION('',(0.E0,0.E0,-1.E0));
#1796=VECTOR('',#1795,2.5E-1);
#1797=CARTESIAN_POINT('',(1.5E0,7.5E-2,8.75E-1));
#1798=LINE('',#1797,#1796);
#1799=CURVE_STYLE('',#33,POSITIVE_LENGTH_MEASURE(2.E-2),#6);
#1800=PRESENTATION_STYLE_ASSIGNMENT((#1799));
#1801=STYLED_ITEM('',(#1800),#1798);
#1802=DIRECTION('',(0.E0,1.E0,0.E0));
#1803=VECTOR('',#1802,1.E-1);
#1804=CARTESIAN_POINT('',(1.5E0,7.5E-2,8.75E-1));
#1805=LINE('',#1804,#1803);
#1806=CURVE_STYLE('',#33,POSITIVE_LENGTH_MEASURE(2.E-2),#6);
#1807=PRESENTATION_STYLE_ASSIGNMENT((#1806));
#1808=STYLED_ITEM('',(#1807),#1805);
#1809=DIRECTION('',(0.E0,0.E0,-1.E0));
#1810=VECTOR('',#1809,2.5E-1);
#1811=CARTESIAN_POINT('',(1.5E0,1.75E-1,1.125E0));
#1812=LINE('',#1811,#1810);
#1813=CURVE_STYLE('',#33,POSITIVE_LENGTH_MEASURE(2.E-2),#6);
#1814=PRESENTATION_STYLE_ASSIGNMENT((#1813));
#1815=STYLED_ITEM('',(#1814),#1812);
#1816=DIRECTION('',(0.E0,1.E0,0.E0));
#1817=VECTOR('',#1816,1.E-1);
#1818=CARTESIAN_POINT('',(1.5E0,7.5E-2,1.125E0));
#1819=LINE('',#1818,#1817);
#1820=CURVE_STYLE('',#33,POSITIVE_LENGTH_MEASURE(2.E-2),#6);
#1821=PRESENTATION_STYLE_ASSIGNMENT((#1820));
#1822=STYLED_ITEM('',(#1821),#1819);
#1823=DIRECTION('',(0.E0,0.E0,1.E0));
#1824=VECTOR('',#1823,3.E0);
#1825=CARTESIAN_POINT('',(-1.5E0,8.5E-1,-1.5E0));
#1826=LINE('',#1825,#1824);
#1827=CURVE_STYLE('',#33,POSITIVE_LENGTH_MEASURE(2.E-2),#6);
#1828=PRESENTATION_STYLE_ASSIGNMENT((#1827));
#1829=STYLED_ITEM('',(#1828),#1826);
#1830=DIRECTION('',(-1.E0,0.E0,0.E0));
#1831=VECTOR('',#1830,3.E0);
#1832=CARTESIAN_POINT('',(1.5E0,8.5E-1,-1.5E0));
#1833=LINE('',#1832,#1831);
#1834=CURVE_STYLE('',#33,POSITIVE_LENGTH_MEASURE(2.E-2),#6);
#1835=PRESENTATION_STYLE_ASSIGNMENT((#1834));
#1836=STYLED_ITEM('',(#1835),#1833);
#1837=DIRECTION('',(0.E0,0.E0,-1.E0));
#1838=VECTOR('',#1837,3.E0);
#1839=CARTESIAN_POINT('',(1.5E0,8.5E-1,1.5E0));
#1840=LINE('',#1839,#1838);
#1841=CURVE_STYLE('',#33,POSITIVE_LENGTH_MEASURE(2.E-2),#6);
#1842=PRESENTATION_STYLE_ASSIGNMENT((#1841));
#1843=STYLED_ITEM('',(#1842),#1840);
#1844=DIRECTION('',(1.E0,0.E0,0.E0));
#1845=VECTOR('',#1844,3.E0);
#1846=CARTESIAN_POINT('',(-1.5E0,8.5E-1,1.5E0));
#1847=LINE('',#1846,#1845);
#1848=CURVE_STYLE('',#33,POSITIVE_LENGTH_MEASURE(2.E-2),#6);
#1849=PRESENTATION_STYLE_ASSIGNMENT((#1848));
#1850=STYLED_ITEM('',(#1849),#1847);
#1851=DIRECTION('',(-1.E0,0.E0,0.E0));
#1852=VECTOR('',#1851,5.E-2);
#1853=CARTESIAN_POINT('',(1.5E0,7.5E-2,-1.125E0));
#1854=LINE('',#1853,#1852);
#1855=CURVE_STYLE('',#33,POSITIVE_LENGTH_MEASURE(2.E-2),#6);
#1856=PRESENTATION_STYLE_ASSIGNMENT((#1855));
#1857=STYLED_ITEM('',(#1856),#1854);
#1858=DIRECTION('',(0.E0,1.E0,0.E0));
#1859=VECTOR('',#1858,7.5E-2);
#1860=CARTESIAN_POINT('',(1.45E0,0.E0,-1.125E0));
#1861=LINE('',#1860,#1859);
#1862=CURVE_STYLE('',#33,POSITIVE_LENGTH_MEASURE(2.E-2),#6);
#1863=PRESENTATION_STYLE_ASSIGNMENT((#1862));
#1864=STYLED_ITEM('',(#1863),#1861);
#1865=DIRECTION('',(0.E0,1.E0,0.E0));
#1866=VECTOR('',#1865,1.75E-1);
#1867=CARTESIAN_POINT('',(1.225E0,0.E0,-1.125E0));
#1868=LINE('',#1867,#1866);
#1869=CURVE_STYLE('',#33,POSITIVE_LENGTH_MEASURE(2.E-2),#6);
#1870=PRESENTATION_STYLE_ASSIGNMENT((#1869));
#1871=STYLED_ITEM('',(#1870),#1868);
#1872=DIRECTION('',(-1.E0,0.E0,0.E0));
#1873=VECTOR('',#1872,5.E-2);
#1874=CARTESIAN_POINT('',(1.5E0,7.5E-2,-8.75E-1));
#1875=LINE('',#1874,#1873);
#1876=CURVE_STYLE('',#33,POSITIVE_LENGTH_MEASURE(2.E-2),#6);
#1877=PRESENTATION_STYLE_ASSIGNMENT((#1876));
#1878=STYLED_ITEM('',(#1877),#1875);
#1879=DIRECTION('',(0.E0,1.E0,0.E0));
#1880=VECTOR('',#1879,1.75E-1);
#1881=CARTESIAN_POINT('',(1.225E0,0.E0,-8.75E-1));
#1882=LINE('',#1881,#1880);
#1883=CURVE_STYLE('',#33,POSITIVE_LENGTH_MEASURE(2.E-2),#6);
#1884=PRESENTATION_STYLE_ASSIGNMENT((#1883));
#1885=STYLED_ITEM('',(#1884),#1882);
#1886=DIRECTION('',(0.E0,1.E0,0.E0));
#1887=VECTOR('',#1886,7.5E-2);
#1888=CARTESIAN_POINT('',(1.45E0,0.E0,-8.75E-1));
#1889=LINE('',#1888,#1887);
#1890=CURVE_STYLE('',#33,POSITIVE_LENGTH_MEASURE(2.E-2),#6);
#1891=PRESENTATION_STYLE_ASSIGNMENT((#1890));
#1892=STYLED_ITEM('',(#1891),#1889);
#1893=DIRECTION('',(-1.E0,0.E0,0.E0));
#1894=VECTOR('',#1893,2.75E-1);
#1895=CARTESIAN_POINT('',(1.5E0,1.75E-1,-1.125E0));
#1896=LINE('',#1895,#1894);
#1897=CURVE_STYLE('',#33,POSITIVE_LENGTH_MEASURE(2.E-2),#6);
#1898=PRESENTATION_STYLE_ASSIGNMENT((#1897));
#1899=STYLED_ITEM('',(#1898),#1896);
#1900=CARTESIAN_POINT('',(1.225E0,1.75E-1,-1.E0));
#1901=DIRECTION('',(0.E0,1.E0,0.E0));
#1902=DIRECTION('',(0.E0,0.E0,-1.E0));
#1903=AXIS2_PLACEMENT_3D('',#1900,#1901,#1902);
#1905=CURVE_STYLE('',#33,POSITIVE_LENGTH_MEASURE(2.E-2),#6);
#1906=PRESENTATION_STYLE_ASSIGNMENT((#1905));
#1907=STYLED_ITEM('',(#1906),#1904);
#1908=DIRECTION('',(1.E0,0.E0,0.E0));
#1909=VECTOR('',#1908,2.75E-1);
#1910=CARTESIAN_POINT('',(1.225E0,1.75E-1,-8.75E-1));
#1911=LINE('',#1910,#1909);
#1912=CURVE_STYLE('',#33,POSITIVE_LENGTH_MEASURE(2.E-2),#6);
#1913=PRESENTATION_STYLE_ASSIGNMENT((#1912));
#1914=STYLED_ITEM('',(#1913),#1911);
#1915=DIRECTION('',(-1.E0,0.E0,0.E0));
#1916=VECTOR('',#1915,5.E-2);
#1917=CARTESIAN_POINT('',(1.5E0,7.5E-2,-6.25E-1));
#1918=LINE('',#1917,#1916);
#1919=CURVE_STYLE('',#33,POSITIVE_LENGTH_MEASURE(2.E-2),#6);
#1920=PRESENTATION_STYLE_ASSIGNMENT((#1919));
#1921=STYLED_ITEM('',(#1920),#1918);
#1922=DIRECTION('',(0.E0,1.E0,0.E0));
#1923=VECTOR('',#1922,7.5E-2);
#1924=CARTESIAN_POINT('',(1.45E0,0.E0,-6.25E-1));
#1925=LINE('',#1924,#1923);
#1926=CURVE_STYLE('',#33,POSITIVE_LENGTH_MEASURE(2.E-2),#6);
#1927=PRESENTATION_STYLE_ASSIGNMENT((#1926));
#1928=STYLED_ITEM('',(#1927),#1925);
#1929=DIRECTION('',(0.E0,1.E0,0.E0));
#1930=VECTOR('',#1929,1.75E-1);
#1931=CARTESIAN_POINT('',(1.225E0,0.E0,-6.25E-1));
#1932=LINE('',#1931,#1930);
#1933=CURVE_STYLE('',#33,POSITIVE_LENGTH_MEASURE(2.E-2),#6);
#1934=PRESENTATION_STYLE_ASSIGNMENT((#1933));
#1935=STYLED_ITEM('',(#1934),#1932);
#1936=DIRECTION('',(-1.E0,0.E0,0.E0));
#1937=VECTOR('',#1936,5.E-2);
#1938=CARTESIAN_POINT('',(1.5E0,7.5E-2,-3.75E-1));
#1939=LINE('',#1938,#1937);
#1940=CURVE_STYLE('',#33,POSITIVE_LENGTH_MEASURE(2.E-2),#6);
#1941=PRESENTATION_STYLE_ASSIGNMENT((#1940));
#1942=STYLED_ITEM('',(#1941),#1939);
#1943=DIRECTION('',(0.E0,1.E0,0.E0));
#1944=VECTOR('',#1943,1.75E-1);
#1945=CARTESIAN_POINT('',(1.225E0,0.E0,-3.75E-1));
#1946=LINE('',#1945,#1944);
#1947=CURVE_STYLE('',#33,POSITIVE_LENGTH_MEASURE(2.E-2),#6);
#1948=PRESENTATION_STYLE_ASSIGNMENT((#1947));
#1949=STYLED_ITEM('',(#1948),#1946);
#1950=DIRECTION('',(0.E0,1.E0,0.E0));
#1951=VECTOR('',#1950,7.5E-2);
#1952=CARTESIAN_POINT('',(1.45E0,0.E0,-3.75E-1));
#1953=LINE('',#1952,#1951);
#1954=CURVE_STYLE('',#33,POSITIVE_LENGTH_MEASURE(2.E-2),#6);
#1955=PRESENTATION_STYLE_ASSIGNMENT((#1954));
#1956=STYLED_ITEM('',(#1955),#1953);
#1957=DIRECTION('',(-1.E0,0.E0,0.E0));
#1958=VECTOR('',#1957,2.75E-1);
#1959=CARTESIAN_POINT('',(1.5E0,1.75E-1,-6.25E-1));
#1960=LINE('',#1959,#1958);
#1961=CURVE_STYLE('',#33,POSITIVE_LENGTH_MEASURE(2.E-2),#6);
#1962=PRESENTATION_STYLE_ASSIGNMENT((#1961));
#1963=STYLED_ITEM('',(#1962),#1960);
#1964=CARTESIAN_POINT('',(1.225E0,1.75E-1,-5.E-1));
#1965=DIRECTION('',(0.E0,1.E0,0.E0));
#1966=DIRECTION('',(0.E0,0.E0,-1.E0));
#1967=AXIS2_PLACEMENT_3D('',#1964,#1965,#1966);
#1969=CURVE_STYLE('',#33,POSITIVE_LENGTH_MEASURE(2.E-2),#6);
#1970=PRESENTATION_STYLE_ASSIGNMENT((#1969));
#1971=STYLED_ITEM('',(#1970),#1968);
#1972=DIRECTION('',(1.E0,0.E0,0.E0));
#1973=VECTOR('',#1972,2.75E-1);
#1974=CARTESIAN_POINT('',(1.225E0,1.75E-1,-3.75E-1));
#1975=LINE('',#1974,#1973);
#1976=CURVE_STYLE('',#33,POSITIVE_LENGTH_MEASURE(2.E-2),#6);
#1977=PRESENTATION_STYLE_ASSIGNMENT((#1976));
#1978=STYLED_ITEM('',(#1977),#1975);
#1979=DIRECTION('',(-1.E0,0.E0,0.E0));
#1980=VECTOR('',#1979,5.E-2);
#1981=CARTESIAN_POINT('',(1.5E0,7.5E-2,-1.25E-1));
#1982=LINE('',#1981,#1980);
#1983=CURVE_STYLE('',#33,POSITIVE_LENGTH_MEASURE(2.E-2),#6);
#1984=PRESENTATION_STYLE_ASSIGNMENT((#1983));
#1985=STYLED_ITEM('',(#1984),#1982);
#1986=DIRECTION('',(0.E0,1.E0,0.E0));
#1987=VECTOR('',#1986,7.5E-2);
#1988=CARTESIAN_POINT('',(1.45E0,0.E0,-1.25E-1));
#1989=LINE('',#1988,#1987);
#1990=CURVE_STYLE('',#33,POSITIVE_LENGTH_MEASURE(2.E-2),#6);
#1991=PRESENTATION_STYLE_ASSIGNMENT((#1990));
#1992=STYLED_ITEM('',(#1991),#1989);
#1993=DIRECTION('',(0.E0,1.E0,0.E0));
#1994=VECTOR('',#1993,1.75E-1);
#1995=CARTESIAN_POINT('',(1.225E0,0.E0,-1.25E-1));
#1996=LINE('',#1995,#1994);
#1997=CURVE_STYLE('',#33,POSITIVE_LENGTH_MEASURE(2.E-2),#6);
#1998=PRESENTATION_STYLE_ASSIGNMENT((#1997));
#1999=STYLED_ITEM('',(#1998),#1996);
#2000=DIRECTION('',(-1.E0,0.E0,0.E0));
#2001=VECTOR('',#2000,5.E-2);
#2002=CARTESIAN_POINT('',(1.5E0,7.5E-2,1.25E-1));
#2003=LINE('',#2002,#2001);
#2004=CURVE_STYLE('',#33,POSITIVE_LENGTH_MEASURE(2.E-2),#6);
#2005=PRESENTATION_STYLE_ASSIGNMENT((#2004));
#2006=STYLED_ITEM('',(#2005),#2003);
#2007=DIRECTION('',(0.E0,1.E0,0.E0));
#2008=VECTOR('',#2007,1.75E-1);
#2009=CARTESIAN_POINT('',(1.225E0,0.E0,1.25E-1));
#2010=LINE('',#2009,#2008);
#2011=CURVE_STYLE('',#33,POSITIVE_LENGTH_MEASURE(2.E-2),#6);
#2012=PRESENTATION_STYLE_ASSIGNMENT((#2011));
#2013=STYLED_ITEM('',(#2012),#2010);
#2014=DIRECTION('',(0.E0,1.E0,0.E0));
#2015=VECTOR('',#2014,7.5E-2);
#2016=CARTESIAN_POINT('',(1.45E0,0.E0,1.25E-1));
#2017=LINE('',#2016,#2015);
#2018=CURVE_STYLE('',#33,POSITIVE_LENGTH_MEASURE(2.E-2),#6);
#2019=PRESENTATION_STYLE_ASSIGNMENT((#2018));
#2020=STYLED_ITEM('',(#2019),#2017);
#2021=DIRECTION('',(-1.E0,0.E0,0.E0));
#2022=VECTOR('',#2021,2.75E-1);
#2023=CARTESIAN_POINT('',(1.5E0,1.75E-1,-1.25E-1));
#2024=LINE('',#2023,#2022);
#2025=CURVE_STYLE('',#33,POSITIVE_LENGTH_MEASURE(2.E-2),#6);
#2026=PRESENTATION_STYLE_ASSIGNMENT((#2025));
#2027=STYLED_ITEM('',(#2026),#2024);
#2028=CARTESIAN_POINT('',(1.225E0,1.75E-1,0.E0));
#2029=DIRECTION('',(0.E0,1.E0,0.E0));
#2030=DIRECTION('',(0.E0,0.E0,-1.E0));
#2031=AXIS2_PLACEMENT_3D('',#2028,#2029,#2030);
#2033=CURVE_STYLE('',#33,POSITIVE_LENGTH_MEASURE(2.E-2),#6);
#2034=PRESENTATION_STYLE_ASSIGNMENT((#2033));
#2035=STYLED_ITEM('',(#2034),#2032);
#2036=DIRECTION('',(1.E0,0.E0,0.E0));
#2037=VECTOR('',#2036,2.75E-1);
#2038=CARTESIAN_POINT('',(1.225E0,1.75E-1,1.25E-1));
#2039=LINE('',#2038,#2037);
#2040=CURVE_STYLE('',#33,POSITIVE_LENGTH_MEASURE(2.E-2),#6);
#2041=PRESENTATION_STYLE_ASSIGNMENT((#2040));
#2042=STYLED_ITEM('',(#2041),#2039);
#2043=DIRECTION('',(-1.E0,0.E0,0.E0));
#2044=VECTOR('',#2043,5.E-2);
#2045=CARTESIAN_POINT('',(1.5E0,7.5E-2,3.75E-1));
#2046=LINE('',#2045,#2044);
#2047=CURVE_STYLE('',#33,POSITIVE_LENGTH_MEASURE(2.E-2),#6);
#2048=PRESENTATION_STYLE_ASSIGNMENT((#2047));
#2049=STYLED_ITEM('',(#2048),#2046);
#2050=DIRECTION('',(0.E0,1.E0,0.E0));
#2051=VECTOR('',#2050,7.5E-2);
#2052=CARTESIAN_POINT('',(1.45E0,0.E0,3.75E-1));
#2053=LINE('',#2052,#2051);
#2054=CURVE_STYLE('',#33,POSITIVE_LENGTH_MEASURE(2.E-2),#6);
#2055=PRESENTATION_STYLE_ASSIGNMENT((#2054));
#2056=STYLED_ITEM('',(#2055),#2053);
#2057=DIRECTION('',(0.E0,1.E0,0.E0));
#2058=VECTOR('',#2057,1.75E-1);
#2059=CARTESIAN_POINT('',(1.225E0,0.E0,3.75E-1));
#2060=LINE('',#2059,#2058);
#2061=CURVE_STYLE('',#33,POSITIVE_LENGTH_MEASURE(2.E-2),#6);
#2062=PRESENTATION_STYLE_ASSIGNMENT((#2061));
#2063=STYLED_ITEM('',(#2062),#2060);
#2064=DIRECTION('',(-1.E0,0.E0,0.E0));
#2065=VECTOR('',#2064,5.E-2);
#2066=CARTESIAN_POINT('',(1.5E0,7.5E-2,6.25E-1));
#2067=LINE('',#2066,#2065);
#2068=CURVE_STYLE('',#33,POSITIVE_LENGTH_MEASURE(2.E-2),#6);
#2069=PRESENTATION_STYLE_ASSIGNMENT((#2068));
#2070=STYLED_ITEM('',(#2069),#2067);
#2071=DIRECTION('',(0.E0,1.E0,0.E0));
#2072=VECTOR('',#2071,1.75E-1);
#2073=CARTESIAN_POINT('',(1.225E0,0.E0,6.25E-1));
#2074=LINE('',#2073,#2072);
#2075=CURVE_STYLE('',#33,POSITIVE_LENGTH_MEASURE(2.E-2),#6);
#2076=PRESENTATION_STYLE_ASSIGNMENT((#2075));
#2077=STYLED_ITEM('',(#2076),#2074);
#2078=DIRECTION('',(0.E0,1.E0,0.E0));
#2079=VECTOR('',#2078,7.5E-2);
#2080=CARTESIAN_POINT('',(1.45E0,0.E0,6.25E-1));
#2081=LINE('',#2080,#2079);
#2082=CURVE_STYLE('',#33,POSITIVE_LENGTH_MEASURE(2.E-2),#6);
#2083=PRESENTATION_STYLE_ASSIGNMENT((#2082));
#2084=STYLED_ITEM('',(#2083),#2081);
#2085=DIRECTION('',(-1.E0,0.E0,0.E0));
#2086=VECTOR('',#2085,2.75E-1);
#2087=CARTESIAN_POINT('',(1.5E0,1.75E-1,3.75E-1));
#2088=LINE('',#2087,#2086);
#2089=CURVE_STYLE('',#33,POSITIVE_LENGTH_MEASURE(2.E-2),#6);
#2090=PRESENTATION_STYLE_ASSIGNMENT((#2089));
#2091=STYLED_ITEM('',(#2090),#2088);
#2092=CARTESIAN_POINT('',(1.225E0,1.75E-1,5.E-1));
#2093=DIRECTION('',(0.E0,1.E0,0.E0));
#2094=DIRECTION('',(0.E0,0.E0,-1.E0));
#2095=AXIS2_PLACEMENT_3D('',#2092,#2093,#2094);
#2097=CURVE_STYLE('',#33,POSITIVE_LENGTH_MEASURE(2.E-2),#6);
#2098=PRESENTATION_STYLE_ASSIGNMENT((#2097));
#2099=STYLED_ITEM('',(#2098),#2096);
#2100=DIRECTION('',(1.E0,0.E0,0.E0));
#2101=VECTOR('',#2100,2.75E-1);
#2102=CARTESIAN_POINT('',(1.225E0,1.75E-1,6.25E-1));
#2103=LINE('',#2102,#2101);
#2104=CURVE_STYLE('',#33,POSITIVE_LENGTH_MEASURE(2.E-2),#6);
#2105=PRESENTATION_STYLE_ASSIGNMENT((#2104));
#2106=STYLED_ITEM('',(#2105),#2103);
#2107=DIRECTION('',(-1.E0,0.E0,0.E0));
#2108=VECTOR('',#2107,5.E-2);
#2109=CARTESIAN_POINT('',(1.5E0,7.5E-2,8.75E-1));
#2110=LINE('',#2109,#2108);
#2111=CURVE_STYLE('',#33,POSITIVE_LENGTH_MEASURE(2.E-2),#6);
#2112=PRESENTATION_STYLE_ASSIGNMENT((#2111));
#2113=STYLED_ITEM('',(#2112),#2110);
#2114=DIRECTION('',(0.E0,1.E0,0.E0));
#2115=VECTOR('',#2114,7.5E-2);
#2116=CARTESIAN_POINT('',(1.45E0,0.E0,8.75E-1));
#2117=LINE('',#2116,#2115);
#2118=CURVE_STYLE('',#33,POSITIVE_LENGTH_MEASURE(2.E-2),#6);
#2119=PRESENTATION_STYLE_ASSIGNMENT((#2118));
#2120=STYLED_ITEM('',(#2119),#2117);
#2121=DIRECTION('',(0.E0,1.E0,0.E0));
#2122=VECTOR('',#2121,1.75E-1);
#2123=CARTESIAN_POINT('',(1.225E0,0.E0,8.75E-1));
#2124=LINE('',#2123,#2122);
#2125=CURVE_STYLE('',#33,POSITIVE_LENGTH_MEASURE(2.E-2),#6);
#2126=PRESENTATION_STYLE_ASSIGNMENT((#2125));
#2127=STYLED_ITEM('',(#2126),#2124);
#2128=DIRECTION('',(-1.E0,0.E0,0.E0));
#2129=VECTOR('',#2128,5.E-2);
#2130=CARTESIAN_POINT('',(1.5E0,7.5E-2,1.125E0));
#2131=LINE('',#2130,#2129);
#2132=CURVE_STYLE('',#33,POSITIVE_LENGTH_MEASURE(2.E-2),#6);
#2133=PRESENTATION_STYLE_ASSIGNMENT((#2132));
#2134=STYLED_ITEM('',(#2133),#2131);
#2135=DIRECTION('',(0.E0,1.E0,0.E0));
#2136=VECTOR('',#2135,1.75E-1);
#2137=CARTESIAN_POINT('',(1.225E0,0.E0,1.125E0));
#2138=LINE('',#2137,#2136);
#2139=CURVE_STYLE('',#33,POSITIVE_LENGTH_MEASURE(2.E-2),#6);
#2140=PRESENTATION_STYLE_ASSIGNMENT((#2139));
#2141=STYLED_ITEM('',(#2140),#2138);
#2142=DIRECTION('',(0.E0,1.E0,0.E0));
#2143=VECTOR('',#2142,7.5E-2);
#2144=CARTESIAN_POINT('',(1.45E0,0.E0,1.125E0));
#2145=LINE('',#2144,#2143);
#2146=CURVE_STYLE('',#33,POSITIVE_LENGTH_MEASURE(2.E-2),#6);
#2147=PRESENTATION_STYLE_ASSIGNMENT((#2146));
#2148=STYLED_ITEM('',(#2147),#2145);
#2149=DIRECTION('',(-1.E0,0.E0,0.E0));
#2150=VECTOR('',#2149,2.75E-1);
#2151=CARTESIAN_POINT('',(1.5E0,1.75E-1,8.75E-1));
#2152=LINE('',#2151,#2150);
#2153=CURVE_STYLE('',#33,POSITIVE_LENGTH_MEASURE(2.E-2),#6);
#2154=PRESENTATION_STYLE_ASSIGNMENT((#2153));
#2155=STYLED_ITEM('',(#2154),#2152);
#2156=CARTESIAN_POINT('',(1.225E0,1.75E-1,1.E0));
#2157=DIRECTION('',(0.E0,1.E0,0.E0));
#2158=DIRECTION('',(0.E0,0.E0,-1.E0));
#2159=AXIS2_PLACEMENT_3D('',#2156,#2157,#2158);
#2161=CURVE_STYLE('',#33,POSITIVE_LENGTH_MEASURE(2.E-2),#6);
#2162=PRESENTATION_STYLE_ASSIGNMENT((#2161));
#2163=STYLED_ITEM('',(#2162),#2160);
#2164=DIRECTION('',(1.E0,0.E0,0.E0));
#2165=VECTOR('',#2164,2.75E-1);
#2166=CARTESIAN_POINT('',(1.225E0,1.75E-1,1.125E0));
#2167=LINE('',#2166,#2165);
#2168=CURVE_STYLE('',#33,POSITIVE_LENGTH_MEASURE(2.E-2),#6);
#2169=PRESENTATION_STYLE_ASSIGNMENT((#2168));
#2170=STYLED_ITEM('',(#2169),#2167);
#2171=CARTESIAN_POINT('',(-1.5E0,8.5E-1,-1.5E0));
#2172=CARTESIAN_POINT('',(-1.5E0,8.5E-1,1.5E0));
#2173=VERTEX_POINT('',#2171);
#2174=VERTEX_POINT('',#2172);
#2175=CARTESIAN_POINT('',(1.5E0,8.5E-1,1.5E0));
#2176=VERTEX_POINT('',#2175);
#2177=CARTESIAN_POINT('',(1.5E0,8.5E-1,-1.5E0));
#2178=VERTEX_POINT('',#2177);
#2179=CARTESIAN_POINT('',(-1.25E-1,0.E0,1.5E0));
#2180=CARTESIAN_POINT('',(1.25E-1,0.E0,1.5E0));
#2181=VERTEX_POINT('',#2179);
#2182=VERTEX_POINT('',#2180);
#2183=CARTESIAN_POINT('',(1.25E-1,0.E0,-1.5E0));
#2184=CARTESIAN_POINT('',(-1.25E-1,0.E0,-1.5E0));
#2185=VERTEX_POINT('',#2183);
#2186=VERTEX_POINT('',#2184);
#2187=CARTESIAN_POINT('',(-8.25E-1,0.E0,-9.E-1));
#2188=CARTESIAN_POINT('',(-8.25E-1,0.E0,1.2E0));
#2189=VERTEX_POINT('',#2187);
#2190=VERTEX_POINT('',#2188);
#2191=CARTESIAN_POINT('',(-3.75E-1,0.E0,1.2E0));
#2192=VERTEX_POINT('',#2191);
#2193=CARTESIAN_POINT('',(8.25E-1,0.E0,1.2E0));
#2194=CARTESIAN_POINT('',(8.25E-1,0.E0,-1.2E0));
#2195=VERTEX_POINT('',#2193);
#2196=VERTEX_POINT('',#2194);
#2197=CARTESIAN_POINT('',(3.75E-1,0.E0,-1.2E0));
#2198=VERTEX_POINT('',#2197);
#2199=CARTESIAN_POINT('',(-1.25E-1,0.E0,1.2E0));
#2200=CARTESIAN_POINT('',(1.25E-1,0.E0,1.2E0));
#2201=VERTEX_POINT('',#2199);
#2202=VERTEX_POINT('',#2200);
#2203=CARTESIAN_POINT('',(1.25E-1,0.E0,-1.2E0));
#2204=CARTESIAN_POINT('',(-1.25E-1,0.E0,-1.2E0));
#2205=VERTEX_POINT('',#2203);
#2206=VERTEX_POINT('',#2204);
#2207=CARTESIAN_POINT('',(1.225E0,1.75E-1,-1.125E0));
#2208=CARTESIAN_POINT('',(1.225E0,1.75E-1,-8.75E-1));
#2209=VERTEX_POINT('',#2207);
#2210=VERTEX_POINT('',#2208);
#2211=CARTESIAN_POINT('',(1.225E0,1.75E-1,-6.25E-1));
#2212=CARTESIAN_POINT('',(1.225E0,1.75E-1,-3.75E-1));
#2213=VERTEX_POINT('',#2211);
#2214=VERTEX_POINT('',#2212);
#2215=CARTESIAN_POINT('',(1.225E0,1.75E-1,-1.25E-1));
#2216=CARTESIAN_POINT('',(1.225E0,1.75E-1,1.25E-1));
#2217=VERTEX_POINT('',#2215);
#2218=VERTEX_POINT('',#2216);
#2219=CARTESIAN_POINT('',(1.225E0,1.75E-1,3.75E-1));
#2220=CARTESIAN_POINT('',(1.225E0,1.75E-1,6.25E-1));
#2221=VERTEX_POINT('',#2219);
#2222=VERTEX_POINT('',#2220);
#2223=CARTESIAN_POINT('',(-1.225E0,1.75E-1,-1.125E0));
#2224=CARTESIAN_POINT('',(-1.225E0,1.75E-1,-8.75E-1));
#2225=VERTEX_POINT('',#2223);
#2226=VERTEX_POINT('',#2224);
#2227=CARTESIAN_POINT('',(-1.225E0,1.75E-1,-6.25E-1));
#2228=CARTESIAN_POINT('',(-1.225E0,1.75E-1,-3.75E-1));
#2229=VERTEX_POINT('',#2227);
#2230=VERTEX_POINT('',#2228);
#2231=CARTESIAN_POINT('',(-1.225E0,1.75E-1,-1.25E-1));
#2232=CARTESIAN_POINT('',(-1.225E0,1.75E-1,1.25E-1));
#2233=VERTEX_POINT('',#2231);
#2234=VERTEX_POINT('',#2232);
#2235=CARTESIAN_POINT('',(-1.225E0,1.75E-1,3.75E-1));
#2236=CARTESIAN_POINT('',(-1.225E0,1.75E-1,6.25E-1));
#2237=VERTEX_POINT('',#2235);
#2238=VERTEX_POINT('',#2236);
#2239=CARTESIAN_POINT('',(-5.25E-1,0.E0,-1.2E0));
#2240=VERTEX_POINT('',#2239);
#2241=CARTESIAN_POINT('',(1.225E0,0.E0,-1.125E0));
#2242=CARTESIAN_POINT('',(1.225E0,0.E0,-8.75E-1));
#2243=VERTEX_POINT('',#2241);
#2244=VERTEX_POINT('',#2242);
#2245=CARTESIAN_POINT('',(1.225E0,0.E0,-6.25E-1));
#2246=CARTESIAN_POINT('',(1.225E0,0.E0,-3.75E-1));
#2247=VERTEX_POINT('',#2245);
#2248=VERTEX_POINT('',#2246);
#2249=CARTESIAN_POINT('',(1.225E0,0.E0,-1.25E-1));
#2250=CARTESIAN_POINT('',(1.225E0,0.E0,1.25E-1));
#2251=VERTEX_POINT('',#2249);
#2252=VERTEX_POINT('',#2250);
#2253=CARTESIAN_POINT('',(1.225E0,0.E0,3.75E-1));
#2254=CARTESIAN_POINT('',(1.225E0,0.E0,6.25E-1));
#2255=VERTEX_POINT('',#2253);
#2256=VERTEX_POINT('',#2254);
#2257=CARTESIAN_POINT('',(-1.225E0,0.E0,-1.125E0));
#2258=CARTESIAN_POINT('',(-1.225E0,0.E0,-8.75E-1));
#2259=VERTEX_POINT('',#2257);
#2260=VERTEX_POINT('',#2258);
#2261=CARTESIAN_POINT('',(-1.225E0,0.E0,-6.25E-1));
#2262=CARTESIAN_POINT('',(-1.225E0,0.E0,-3.75E-1));
#2263=VERTEX_POINT('',#2261);
#2264=VERTEX_POINT('',#2262);
#2265=CARTESIAN_POINT('',(-1.225E0,0.E0,-1.25E-1));
#2266=CARTESIAN_POINT('',(-1.225E0,0.E0,1.25E-1));
#2267=VERTEX_POINT('',#2265);
#2268=VERTEX_POINT('',#2266);
#2269=CARTESIAN_POINT('',(-1.225E0,0.E0,3.75E-1));
#2270=CARTESIAN_POINT('',(-1.225E0,0.E0,6.25E-1));
#2271=VERTEX_POINT('',#2269);
#2272=VERTEX_POINT('',#2270);
#2273=CARTESIAN_POINT('',(-1.5E0,1.75E-1,-8.75E-1));
#2274=CARTESIAN_POINT('',(-1.5E0,1.75E-1,-1.125E0));
#2275=VERTEX_POINT('',#2273);
#2276=VERTEX_POINT('',#2274);
#2277=CARTESIAN_POINT('',(-1.5E0,1.75E-1,-3.75E-1));
#2278=CARTESIAN_POINT('',(-1.5E0,1.75E-1,-6.25E-1));
#2279=VERTEX_POINT('',#2277);
#2280=VERTEX_POINT('',#2278);
#2281=CARTESIAN_POINT('',(-1.5E0,1.75E-1,1.25E-1));
#2282=CARTESIAN_POINT('',(-1.5E0,1.75E-1,-1.25E-1));
#2283=VERTEX_POINT('',#2281);
#2284=VERTEX_POINT('',#2282);
#2285=CARTESIAN_POINT('',(-1.5E0,1.75E-1,6.25E-1));
#2286=CARTESIAN_POINT('',(-1.5E0,1.75E-1,3.75E-1));
#2287=VERTEX_POINT('',#2285);
#2288=VERTEX_POINT('',#2286);
#2289=CARTESIAN_POINT('',(1.5E0,1.75E-1,-8.75E-1));
#2290=CARTESIAN_POINT('',(1.5E0,1.75E-1,-1.125E0));
#2291=VERTEX_POINT('',#2289);
#2292=VERTEX_POINT('',#2290);
#2293=CARTESIAN_POINT('',(1.5E0,1.75E-1,-3.75E-1));
#2294=CARTESIAN_POINT('',(1.5E0,1.75E-1,-6.25E-1));
#2295=VERTEX_POINT('',#2293);
#2296=VERTEX_POINT('',#2294);
#2297=CARTESIAN_POINT('',(1.5E0,1.75E-1,1.25E-1));
#2298=CARTESIAN_POINT('',(1.5E0,1.75E-1,-1.25E-1));
#2299=VERTEX_POINT('',#2297);
#2300=VERTEX_POINT('',#2298);
#2301=CARTESIAN_POINT('',(1.5E0,1.75E-1,6.25E-1));
#2302=CARTESIAN_POINT('',(1.5E0,1.75E-1,3.75E-1));
#2303=VERTEX_POINT('',#2301);
#2304=VERTEX_POINT('',#2302);
#2305=CARTESIAN_POINT('',(-8.25E-1,7.5E-2,-9.E-1));
#2306=CARTESIAN_POINT('',(-8.25E-1,7.5E-2,1.2E0));
#2307=VERTEX_POINT('',#2305);
#2308=VERTEX_POINT('',#2306);
#2309=CARTESIAN_POINT('',(8.25E-1,7.5E-2,1.2E0));
#2310=CARTESIAN_POINT('',(8.25E-1,7.5E-2,-1.2E0));
#2311=VERTEX_POINT('',#2309);
#2312=VERTEX_POINT('',#2310);
#2313=CARTESIAN_POINT('',(-5.25E-1,7.5E-2,-1.2E0));
#2314=VERTEX_POINT('',#2313);
#2315=CARTESIAN_POINT('',(-3.75E-1,1.75E-1,1.5E0));
#2316=CARTESIAN_POINT('',(-1.25E-1,1.75E-1,1.5E0));
#2317=VERTEX_POINT('',#2315);
#2318=VERTEX_POINT('',#2316);
#2319=CARTESIAN_POINT('',(1.25E-1,1.75E-1,1.5E0));
#2320=CARTESIAN_POINT('',(3.75E-1,1.75E-1,1.5E0));
#2321=VERTEX_POINT('',#2319);
#2322=VERTEX_POINT('',#2320);
#2323=CARTESIAN_POINT('',(-3.75E-1,1.75E-1,-1.5E0));
#2324=CARTESIAN_POINT('',(-1.25E-1,1.75E-1,-1.5E0));
#2325=VERTEX_POINT('',#2323);
#2326=VERTEX_POINT('',#2324);
#2327=CARTESIAN_POINT('',(1.25E-1,1.75E-1,-1.5E0));
#2328=CARTESIAN_POINT('',(3.75E-1,1.75E-1,-1.5E0));
#2329=VERTEX_POINT('',#2327);
#2330=VERTEX_POINT('',#2328);
#2331=CARTESIAN_POINT('',(-3.75E-1,0.E0,-1.5E0));
#2332=VERTEX_POINT('',#2331);
#2333=CARTESIAN_POINT('',(-3.75E-1,1.75E-1,-1.35E0));
#2334=VERTEX_POINT('',#2333);
#2335=CARTESIAN_POINT('',(1.225E0,1.75E-1,8.75E-1));
#2336=CARTESIAN_POINT('',(1.225E0,1.75E-1,1.125E0));
#2337=VERTEX_POINT('',#2335);
#2338=VERTEX_POINT('',#2336);
#2339=CARTESIAN_POINT('',(-1.225E0,1.75E-1,8.75E-1));
#2340=CARTESIAN_POINT('',(-1.225E0,1.75E-1,1.125E0));
#2341=VERTEX_POINT('',#2339);
#2342=VERTEX_POINT('',#2340);
#2343=CARTESIAN_POINT('',(1.225E0,0.E0,8.75E-1));
#2344=CARTESIAN_POINT('',(1.225E0,0.E0,1.125E0));
#2345=VERTEX_POINT('',#2343);
#2346=VERTEX_POINT('',#2344);
#2347=CARTESIAN_POINT('',(-1.225E0,0.E0,8.75E-1));
#2348=CARTESIAN_POINT('',(-1.225E0,0.E0,1.125E0));
#2349=VERTEX_POINT('',#2347);
#2350=VERTEX_POINT('',#2348);
#2351=CARTESIAN_POINT('',(-1.5E0,1.75E-1,1.125E0));
#2352=CARTESIAN_POINT('',(-1.5E0,1.75E-1,8.75E-1));
#2353=VERTEX_POINT('',#2351);
#2354=VERTEX_POINT('',#2352);
#2355=CARTESIAN_POINT('',(1.5E0,1.75E-1,1.125E0));
#2356=CARTESIAN_POINT('',(1.5E0,1.75E-1,8.75E-1));
#2357=VERTEX_POINT('',#2355);
#2358=VERTEX_POINT('',#2356);
#2359=CARTESIAN_POINT('',(-9.5E-1,7.5E-2,-1.35E0));
#2360=CARTESIAN_POINT('',(-9.5E-1,7.5E-2,1.35E0));
#2361=VERTEX_POINT('',#2359);
#2362=VERTEX_POINT('',#2360);
#2363=CARTESIAN_POINT('',(9.5E-1,7.5E-2,1.35E0));
#2364=CARTESIAN_POINT('',(9.5E-1,7.5E-2,-1.35E0));
#2365=VERTEX_POINT('',#2363);
#2366=VERTEX_POINT('',#2364);
#2367=CARTESIAN_POINT('',(-9.5E-1,1.75E-1,-1.35E0));
#2368=CARTESIAN_POINT('',(-9.5E-1,1.75E-1,1.35E0));
#2369=VERTEX_POINT('',#2367);
#2370=VERTEX_POINT('',#2368);
#2371=CARTESIAN_POINT('',(9.5E-1,1.75E-1,1.35E0));
#2372=CARTESIAN_POINT('',(9.5E-1,1.75E-1,-1.35E0));
#2373=VERTEX_POINT('',#2371);
#2374=VERTEX_POINT('',#2372);
#2375=CARTESIAN_POINT('',(-3.75E-1,7.5E-2,-1.35E0));
#2376=VERTEX_POINT('',#2375);
#2377=CARTESIAN_POINT('',(-1.25E-1,7.5E-2,-1.35E0));
#2378=CARTESIAN_POINT('',(-1.25E-1,7.5E-2,-1.2E0));
#2379=VERTEX_POINT('',#2377);
#2380=VERTEX_POINT('',#2378);
#2381=CARTESIAN_POINT('',(-3.75E-1,7.5E-2,-1.2E0));
#2382=VERTEX_POINT('',#2381);
#2383=CARTESIAN_POINT('',(-1.25E-1,1.75E-1,-1.35E0));
#2384=VERTEX_POINT('',#2383);
#2385=CARTESIAN_POINT('',(3.75E-1,7.5E-2,-1.35E0));
#2386=VERTEX_POINT('',#2385);
#2387=CARTESIAN_POINT('',(1.25E-1,7.5E-2,-1.35E0));
#2388=VERTEX_POINT('',#2387);
#2389=CARTESIAN_POINT('',(3.75E-1,1.75E-1,-1.35E0));
#2390=VERTEX_POINT('',#2389);
#2391=CARTESIAN_POINT('',(1.25E-1,1.75E-1,-1.35E0));
#2392=VERTEX_POINT('',#2391);
#2393=CARTESIAN_POINT('',(1.25E-1,7.5E-2,-1.2E0));
#2394=VERTEX_POINT('',#2393);
#2395=CARTESIAN_POINT('',(3.75E-1,7.5E-2,-1.2E0));
#2396=VERTEX_POINT('',#2395);
#2397=CARTESIAN_POINT('',(-1.25E-1,7.5E-2,1.35E0));
#2398=CARTESIAN_POINT('',(-1.25E-1,1.75E-1,1.35E0));
#2399=VERTEX_POINT('',#2397);
#2400=VERTEX_POINT('',#2398);
#2401=CARTESIAN_POINT('',(-3.75E-1,7.5E-2,1.35E0));
#2402=CARTESIAN_POINT('',(-3.75E-1,1.75E-1,1.35E0));
#2403=VERTEX_POINT('',#2401);
#2404=VERTEX_POINT('',#2402);
#2405=CARTESIAN_POINT('',(-1.25E-1,7.5E-2,1.2E0));
#2406=VERTEX_POINT('',#2405);
#2407=CARTESIAN_POINT('',(-3.75E-1,7.5E-2,1.2E0));
#2408=VERTEX_POINT('',#2407);
#2409=CARTESIAN_POINT('',(1.25E-1,7.5E-2,1.35E0));
#2410=CARTESIAN_POINT('',(1.25E-1,1.75E-1,1.35E0));
#2411=VERTEX_POINT('',#2409);
#2412=VERTEX_POINT('',#2410);
#2413=CARTESIAN_POINT('',(3.75E-1,7.5E-2,1.35E0));
#2414=CARTESIAN_POINT('',(3.75E-1,1.75E-1,1.35E0));
#2415=VERTEX_POINT('',#2413);
#2416=VERTEX_POINT('',#2414);
#2417=CARTESIAN_POINT('',(1.25E-1,7.5E-2,1.2E0));
#2418=VERTEX_POINT('',#2417);
#2419=CARTESIAN_POINT('',(3.75E-1,7.5E-2,1.2E0));
#2420=VERTEX_POINT('',#2419);
#2421=CARTESIAN_POINT('',(3.75E-1,0.E0,1.2E0));
#2422=VERTEX_POINT('',#2421);
#2423=CARTESIAN_POINT('',(-3.75E-1,0.E0,-1.2E0));
#2424=VERTEX_POINT('',#2423);
#2425=CARTESIAN_POINT('',(3.75E-1,0.E0,-1.5E0));
#2426=VERTEX_POINT('',#2425);
#2427=CARTESIAN_POINT('',(-3.75E-1,0.E0,1.5E0));
#2428=VERTEX_POINT('',#2427);
#2429=CARTESIAN_POINT('',(3.75E-1,0.E0,1.5E0));
#2430=VERTEX_POINT('',#2429);
#2431=CARTESIAN_POINT('',(1.45E0,0.E0,1.5E0));
#2432=CARTESIAN_POINT('',(1.45E0,0.E0,1.125E0));
#2433=VERTEX_POINT('',#2431);
#2434=VERTEX_POINT('',#2432);
#2435=CARTESIAN_POINT('',(1.45E0,0.E0,8.75E-1));
#2436=CARTESIAN_POINT('',(1.45E0,0.E0,6.25E-1));
#2437=VERTEX_POINT('',#2435);
#2438=VERTEX_POINT('',#2436);
#2439=CARTESIAN_POINT('',(1.45E0,0.E0,3.75E-1));
#2440=CARTESIAN_POINT('',(1.45E0,0.E0,1.25E-1));
#2441=VERTEX_POINT('',#2439);
#2442=VERTEX_POINT('',#2440);
#2443=CARTESIAN_POINT('',(1.45E0,0.E0,-1.25E-1));
#2444=CARTESIAN_POINT('',(1.45E0,0.E0,-3.75E-1));
#2445=VERTEX_POINT('',#2443);
#2446=VERTEX_POINT('',#2444);
#2447=CARTESIAN_POINT('',(1.45E0,0.E0,-6.25E-1));
#2448=CARTESIAN_POINT('',(1.45E0,0.E0,-8.75E-1));
#2449=VERTEX_POINT('',#2447);
#2450=VERTEX_POINT('',#2448);
#2451=CARTESIAN_POINT('',(1.5E0,7.5E-2,1.5E0));
#2452=CARTESIAN_POINT('',(1.45E0,7.5E-2,1.5E0));
#2453=VERTEX_POINT('',#2451);
#2454=VERTEX_POINT('',#2452);
#2455=CARTESIAN_POINT('',(1.5E0,7.5E-2,1.125E0));
#2456=VERTEX_POINT('',#2455);
#2457=CARTESIAN_POINT('',(1.5E0,7.5E-2,8.75E-1));
#2458=CARTESIAN_POINT('',(1.5E0,7.5E-2,6.25E-1));
#2459=VERTEX_POINT('',#2457);
#2460=VERTEX_POINT('',#2458);
#2461=CARTESIAN_POINT('',(1.5E0,7.5E-2,3.75E-1));
#2462=CARTESIAN_POINT('',(1.5E0,7.5E-2,1.25E-1));
#2463=VERTEX_POINT('',#2461);
#2464=VERTEX_POINT('',#2462);
#2465=CARTESIAN_POINT('',(1.5E0,7.5E-2,-1.25E-1));
#2466=CARTESIAN_POINT('',(1.5E0,7.5E-2,-3.75E-1));
#2467=VERTEX_POINT('',#2465);
#2468=VERTEX_POINT('',#2466);
#2469=CARTESIAN_POINT('',(1.5E0,7.5E-2,-6.25E-1));
#2470=CARTESIAN_POINT('',(1.5E0,7.5E-2,-8.75E-1));
#2471=VERTEX_POINT('',#2469);
#2472=VERTEX_POINT('',#2470);
#2473=CARTESIAN_POINT('',(1.5E0,7.5E-2,-1.5E0));
#2474=CARTESIAN_POINT('',(1.45E0,7.5E-2,-1.5E0));
#2475=VERTEX_POINT('',#2473);
#2476=VERTEX_POINT('',#2474);
#2477=CARTESIAN_POINT('',(1.45E0,0.E0,-1.5E0));
#2478=VERTEX_POINT('',#2477);
#2479=CARTESIAN_POINT('',(1.5E0,7.5E-2,-1.125E0));
#2480=CARTESIAN_POINT('',(1.45E0,7.5E-2,-1.125E0));
#2481=VERTEX_POINT('',#2479);
#2482=VERTEX_POINT('',#2480);
#2483=CARTESIAN_POINT('',(1.45E0,0.E0,-1.125E0));
#2484=VERTEX_POINT('',#2483);
#2485=CARTESIAN_POINT('',(1.45E0,7.5E-2,-8.75E-1));
#2486=VERTEX_POINT('',#2485);
#2487=CARTESIAN_POINT('',(1.45E0,7.5E-2,-6.25E-1));
#2488=VERTEX_POINT('',#2487);
#2489=CARTESIAN_POINT('',(1.45E0,7.5E-2,-3.75E-1));
#2490=VERTEX_POINT('',#2489);
#2491=CARTESIAN_POINT('',(1.45E0,7.5E-2,-1.25E-1));
#2492=VERTEX_POINT('',#2491);
#2493=CARTESIAN_POINT('',(1.45E0,7.5E-2,1.25E-1));
#2494=VERTEX_POINT('',#2493);
#2495=CARTESIAN_POINT('',(1.45E0,7.5E-2,3.75E-1));
#2496=VERTEX_POINT('',#2495);
#2497=CARTESIAN_POINT('',(1.45E0,7.5E-2,6.25E-1));
#2498=VERTEX_POINT('',#2497);
#2499=CARTESIAN_POINT('',(1.45E0,7.5E-2,1.125E0));
#2500=VERTEX_POINT('',#2499);
#2501=CARTESIAN_POINT('',(1.45E0,7.5E-2,8.75E-1));
#2502=VERTEX_POINT('',#2501);
#2503=CARTESIAN_POINT('',(-1.45E0,0.E0,1.5E0));
#2504=CARTESIAN_POINT('',(-1.45E0,0.E0,1.125E0));
#2505=VERTEX_POINT('',#2503);
#2506=VERTEX_POINT('',#2504);
#2507=CARTESIAN_POINT('',(-1.45E0,0.E0,8.75E-1));
#2508=CARTESIAN_POINT('',(-1.45E0,0.E0,6.25E-1));
#2509=VERTEX_POINT('',#2507);
#2510=VERTEX_POINT('',#2508);
#2511=CARTESIAN_POINT('',(-1.45E0,0.E0,3.75E-1));
#2512=CARTESIAN_POINT('',(-1.45E0,0.E0,1.25E-1));
#2513=VERTEX_POINT('',#2511);
#2514=VERTEX_POINT('',#2512);
#2515=CARTESIAN_POINT('',(-1.45E0,0.E0,-1.25E-1));
#2516=CARTESIAN_POINT('',(-1.45E0,0.E0,-3.75E-1));
#2517=VERTEX_POINT('',#2515);
#2518=VERTEX_POINT('',#2516);
#2519=CARTESIAN_POINT('',(-1.45E0,0.E0,-6.25E-1));
#2520=CARTESIAN_POINT('',(-1.45E0,0.E0,-8.75E-1));
#2521=VERTEX_POINT('',#2519);
#2522=VERTEX_POINT('',#2520);
#2523=CARTESIAN_POINT('',(-1.5E0,7.5E-2,-1.5E0));
#2524=CARTESIAN_POINT('',(-1.5E0,7.5E-2,-1.125E0));
#2525=VERTEX_POINT('',#2523);
#2526=VERTEX_POINT('',#2524);
#2527=CARTESIAN_POINT('',(-1.5E0,7.5E-2,-8.75E-1));
#2528=CARTESIAN_POINT('',(-1.5E0,7.5E-2,-6.25E-1));
#2529=VERTEX_POINT('',#2527);
#2530=VERTEX_POINT('',#2528);
#2531=CARTESIAN_POINT('',(-1.5E0,7.5E-2,-3.75E-1));
#2532=CARTESIAN_POINT('',(-1.5E0,7.5E-2,-1.25E-1));
#2533=VERTEX_POINT('',#2531);
#2534=VERTEX_POINT('',#2532);
#2535=CARTESIAN_POINT('',(-1.5E0,7.5E-2,1.25E-1));
#2536=CARTESIAN_POINT('',(-1.5E0,7.5E-2,3.75E-1));
#2537=VERTEX_POINT('',#2535);
#2538=VERTEX_POINT('',#2536);
#2539=CARTESIAN_POINT('',(-1.5E0,7.5E-2,6.25E-1));
#2540=CARTESIAN_POINT('',(-1.5E0,7.5E-2,8.75E-1));
#2541=VERTEX_POINT('',#2539);
#2542=VERTEX_POINT('',#2540);
#2543=CARTESIAN_POINT('',(-1.5E0,7.5E-2,1.5E0));
#2544=CARTESIAN_POINT('',(-1.45E0,7.5E-2,1.5E0));
#2545=VERTEX_POINT('',#2543);
#2546=VERTEX_POINT('',#2544);
#2547=CARTESIAN_POINT('',(-1.45E0,7.5E-2,-1.5E0));
#2548=VERTEX_POINT('',#2547);
#2549=CARTESIAN_POINT('',(-1.45E0,0.E0,-1.5E0));
#2550=VERTEX_POINT('',#2549);
#2551=CARTESIAN_POINT('',(-1.45E0,7.5E-2,-1.125E0));
#2552=VERTEX_POINT('',#2551);
#2553=CARTESIAN_POINT('',(-1.45E0,0.E0,-1.125E0));
#2554=VERTEX_POINT('',#2553);
#2555=CARTESIAN_POINT('',(-1.45E0,7.5E-2,-8.75E-1));
#2556=VERTEX_POINT('',#2555);
#2557=CARTESIAN_POINT('',(-1.45E0,7.5E-2,-6.25E-1));
#2558=VERTEX_POINT('',#2557);
#2559=CARTESIAN_POINT('',(-1.45E0,7.5E-2,-3.75E-1));
#2560=VERTEX_POINT('',#2559);
#2561=CARTESIAN_POINT('',(-1.45E0,7.5E-2,-1.25E-1));
#2562=VERTEX_POINT('',#2561);
#2563=CARTESIAN_POINT('',(-1.45E0,7.5E-2,1.25E-1));
#2564=VERTEX_POINT('',#2563);
#2565=CARTESIAN_POINT('',(-1.45E0,7.5E-2,3.75E-1));
#2566=VERTEX_POINT('',#2565);
#2567=CARTESIAN_POINT('',(-1.45E0,7.5E-2,6.25E-1));
#2568=VERTEX_POINT('',#2567);
#2569=CARTESIAN_POINT('',(-1.45E0,7.5E-2,1.125E0));
#2570=VERTEX_POINT('',#2569);
#2571=CARTESIAN_POINT('',(-1.45E0,7.5E-2,8.75E-1));
#2572=VERTEX_POINT('',#2571);
#2573=CARTESIAN_POINT('',(-1.5E0,7.5E-2,1.125E0));
#2574=VERTEX_POINT('',#2573);
#2575=CARTESIAN_POINT('',(0.E0,0.E0,0.E0));
#2576=DIRECTION('',(0.E0,1.E0,0.E0));
#2577=DIRECTION('',(1.E0,0.E0,0.E0));
#2578=AXIS2_PLACEMENT_3D('',#2575,#2576,#2577);
#2579=PLANE('',#2578);
#2581=ORIENTED_EDGE('',*,*,#2580,.T.);
#2583=ORIENTED_EDGE('',*,*,#2582,.T.);
#2585=ORIENTED_EDGE('',*,*,#2584,.F.);
#2587=ORIENTED_EDGE('',*,*,#2586,.F.);
#2588=EDGE_LOOP('',(#2581,#2583,#2585,#2587));
#2589=FACE_OUTER_BOUND('',#2588,.F.);
#2591=CARTESIAN_POINT('',(0.E0,0.E0,0.E0));
#2592=DIRECTION('',(0.E0,1.E0,0.E0));
#2593=DIRECTION('',(1.E0,0.E0,0.E0));
#2594=AXIS2_PLACEMENT_3D('',#2591,#2592,#2593);
#2595=PLANE('',#2594);
#2597=ORIENTED_EDGE('',*,*,#2596,.T.);
#2599=ORIENTED_EDGE('',*,*,#2598,.T.);
#2601=ORIENTED_EDGE('',*,*,#2600,.F.);
#2603=ORIENTED_EDGE('',*,*,#2602,.F.);
#2604=EDGE_LOOP('',(#2597,#2599,#2601,#2603));
#2605=FACE_OUTER_BOUND('',#2604,.F.);
#2607=CARTESIAN_POINT('',(0.E0,0.E0,0.E0));
#2608=DIRECTION('',(0.E0,1.E0,0.E0));
#2609=DIRECTION('',(1.E0,0.E0,0.E0));
#2610=AXIS2_PLACEMENT_3D('',#2607,#2608,#2609);
#2611=PLANE('',#2610);
#2613=ORIENTED_EDGE('',*,*,#2612,.T.);
#2615=ORIENTED_EDGE('',*,*,#2614,.T.);
#2617=ORIENTED_EDGE('',*,*,#2616,.F.);
#2619=ORIENTED_EDGE('',*,*,#2618,.F.);
#2621=ORIENTED_EDGE('',*,*,#2620,.T.);
#2623=ORIENTED_EDGE('',*,*,#2622,.T.);
#2625=ORIENTED_EDGE('',*,*,#2624,.F.);
#2627=ORIENTED_EDGE('',*,*,#2626,.F.);
#2629=ORIENTED_EDGE('',*,*,#2628,.T.);
#2631=ORIENTED_EDGE('',*,*,#2630,.T.);
#2633=ORIENTED_EDGE('',*,*,#2632,.F.);
#2635=ORIENTED_EDGE('',*,*,#2634,.F.);
#2637=ORIENTED_EDGE('',*,*,#2636,.T.);
#2639=ORIENTED_EDGE('',*,*,#2638,.T.);
#2641=ORIENTED_EDGE('',*,*,#2640,.F.);
#2643=ORIENTED_EDGE('',*,*,#2642,.F.);
#2645=ORIENTED_EDGE('',*,*,#2644,.T.);
#2647=ORIENTED_EDGE('',*,*,#2646,.T.);
#2649=ORIENTED_EDGE('',*,*,#2648,.F.);
#2651=ORIENTED_EDGE('',*,*,#2650,.F.);
#2653=ORIENTED_EDGE('',*,*,#2652,.T.);
#2655=ORIENTED_EDGE('',*,*,#2654,.T.);
#2657=ORIENTED_EDGE('',*,*,#2656,.T.);
#2659=ORIENTED_EDGE('',*,*,#2658,.F.);
#2661=ORIENTED_EDGE('',*,*,#2660,.F.);
#2663=ORIENTED_EDGE('',*,*,#2662,.F.);
#2665=ORIENTED_EDGE('',*,*,#2664,.F.);
#2667=ORIENTED_EDGE('',*,*,#2666,.T.);
#2668=EDGE_LOOP('',(#2613,#2615,#2617,#2619,#2621,#2623,#2625,#2627,#2629,#2631,
#2633,#2635,#2637,#2639,#2641,#2643,#2645,#2647,#2649,#2651,#2653,#2655,#2657,
#2659,#2661,#2663,#2665,#2667));
#2669=FACE_OUTER_BOUND('',#2668,.F.);
#2671=CARTESIAN_POINT('',(0.E0,0.E0,0.E0));
#2672=DIRECTION('',(0.E0,1.E0,0.E0));
#2673=DIRECTION('',(1.E0,0.E0,0.E0));
#2674=AXIS2_PLACEMENT_3D('',#2671,#2672,#2673);
#2675=PLANE('',#2674);
#2677=ORIENTED_EDGE('',*,*,#2676,.F.);
#2679=ORIENTED_EDGE('',*,*,#2678,.T.);
#2681=ORIENTED_EDGE('',*,*,#2680,.T.);
#2683=ORIENTED_EDGE('',*,*,#2682,.F.);
#2685=ORIENTED_EDGE('',*,*,#2684,.F.);
#2687=ORIENTED_EDGE('',*,*,#2686,.T.);
#2689=ORIENTED_EDGE('',*,*,#2688,.F.);
#2691=ORIENTED_EDGE('',*,*,#2690,.F.);
#2693=ORIENTED_EDGE('',*,*,#2692,.T.);
#2695=ORIENTED_EDGE('',*,*,#2694,.F.);
#2697=ORIENTED_EDGE('',*,*,#2696,.T.);
#2699=ORIENTED_EDGE('',*,*,#2698,.T.);
#2701=ORIENTED_EDGE('',*,*,#2700,.F.);
#2703=ORIENTED_EDGE('',*,*,#2702,.F.);
#2705=ORIENTED_EDGE('',*,*,#2704,.T.);
#2707=ORIENTED_EDGE('',*,*,#2706,.T.);
#2709=ORIENTED_EDGE('',*,*,#2708,.F.);
#2711=ORIENTED_EDGE('',*,*,#2710,.F.);
#2713=ORIENTED_EDGE('',*,*,#2712,.T.);
#2715=ORIENTED_EDGE('',*,*,#2714,.T.);
#2717=ORIENTED_EDGE('',*,*,#2716,.F.);
#2719=ORIENTED_EDGE('',*,*,#2718,.F.);
#2721=ORIENTED_EDGE('',*,*,#2720,.T.);
#2723=ORIENTED_EDGE('',*,*,#2722,.T.);
#2725=ORIENTED_EDGE('',*,*,#2724,.F.);
#2727=ORIENTED_EDGE('',*,*,#2726,.F.);
#2729=ORIENTED_EDGE('',*,*,#2728,.T.);
#2731=ORIENTED_EDGE('',*,*,#2730,.T.);
#2733=ORIENTED_EDGE('',*,*,#2732,.F.);
#2734=EDGE_LOOP('',(#2677,#2679,#2681,#2683,#2685,#2687,#2689,#2691,#2693,#2695,
#2697,#2699,#2701,#2703,#2705,#2707,#2709,#2711,#2713,#2715,#2717,#2719,#2721,
#2723,#2725,#2727,#2729,#2731,#2733));
#2735=FACE_OUTER_BOUND('',#2734,.F.);
#2737=CARTESIAN_POINT('',(-1.5E0,0.E0,1.5E0));
#2738=DIRECTION('',(0.E0,0.E0,1.E0));
#2739=DIRECTION('',(1.E0,0.E0,0.E0));
#2740=AXIS2_PLACEMENT_3D('',#2737,#2738,#2739);
#2741=PLANE('',#2740);
#2743=ORIENTED_EDGE('',*,*,#2742,.F.);
#2745=ORIENTED_EDGE('',*,*,#2744,.T.);
#2747=ORIENTED_EDGE('',*,*,#2746,.T.);
#2749=ORIENTED_EDGE('',*,*,#2748,.F.);
#2751=ORIENTED_EDGE('',*,*,#2750,.T.);
#2753=ORIENTED_EDGE('',*,*,#2752,.F.);
#2754=ORIENTED_EDGE('',*,*,#2666,.F.);
#2756=ORIENTED_EDGE('',*,*,#2755,.T.);
#2758=ORIENTED_EDGE('',*,*,#2757,.F.);
#2760=ORIENTED_EDGE('',*,*,#2759,.F.);
#2761=ORIENTED_EDGE('',*,*,#2580,.F.);
#2763=ORIENTED_EDGE('',*,*,#2762,.T.);
#2765=ORIENTED_EDGE('',*,*,#2764,.F.);
#2767=ORIENTED_EDGE('',*,*,#2766,.F.);
#2768=ORIENTED_EDGE('',*,*,#2678,.F.);
#2770=ORIENTED_EDGE('',*,*,#2769,.T.);
#2771=EDGE_LOOP('',(#2743,#2745,#2747,#2749,#2751,#2753,#2754,#2756,#2758,#2760,
#2761,#2763,#2765,#2767,#2768,#2770));
#2772=FACE_OUTER_BOUND('',#2771,.F.);
#2774=CARTESIAN_POINT('',(-1.5E0,7.5E-2,1.8E0));
#2775=DIRECTION('',(0.E0,-1.E0,0.E0));
#2776=DIRECTION('',(1.E0,0.E0,0.E0));
#2777=AXIS2_PLACEMENT_3D('',#2774,#2775,#2776);
#2778=PLANE('',#2777);
#2780=ORIENTED_EDGE('',*,*,#2779,.T.);
#2782=ORIENTED_EDGE('',*,*,#2781,.T.);
#2784=ORIENTED_EDGE('',*,*,#2783,.T.);
#2786=ORIENTED_EDGE('',*,*,#2785,.F.);
#2787=EDGE_LOOP('',(#2780,#2782,#2784,#2786));
#2788=FACE_OUTER_BOUND('',#2787,.F.);
#2790=CARTESIAN_POINT('',(-1.5E0,7.5E-2,1.8E0));
#2791=DIRECTION('',(0.E0,-1.E0,0.E0));
#2792=DIRECTION('',(1.E0,0.E0,0.E0));
#2793=AXIS2_PLACEMENT_3D('',#2790,#2791,#2792);
#2794=PLANE('',#2793);
#2796=ORIENTED_EDGE('',*,*,#2795,.T.);
#2798=ORIENTED_EDGE('',*,*,#2797,.T.);
#2800=ORIENTED_EDGE('',*,*,#2799,.T.);
#2802=ORIENTED_EDGE('',*,*,#2801,.F.);
#2803=EDGE_LOOP('',(#2796,#2798,#2800,#2802));
#2804=FACE_OUTER_BOUND('',#2803,.F.);
#2806=CARTESIAN_POINT('',(-1.5E0,7.5E-2,1.8E0));
#2807=DIRECTION('',(0.E0,-1.E0,0.E0));
#2808=DIRECTION('',(1.E0,0.E0,0.E0));
#2809=AXIS2_PLACEMENT_3D('',#2806,#2807,#2808);
#2810=PLANE('',#2809);
#2812=ORIENTED_EDGE('',*,*,#2811,.T.);
#2814=ORIENTED_EDGE('',*,*,#2813,.T.);
#2816=ORIENTED_EDGE('',*,*,#2815,.T.);
#2818=ORIENTED_EDGE('',*,*,#2817,.F.);
#2819=EDGE_LOOP('',(#2812,#2814,#2816,#2818));
#2820=FACE_OUTER_BOUND('',#2819,.F.);
#2822=CARTESIAN_POINT('',(-1.5E0,7.5E-2,1.8E0));
#2823=DIRECTION('',(0.E0,-1.E0,0.E0));
#2824=DIRECTION('',(1.E0,0.E0,0.E0));
#2825=AXIS2_PLACEMENT_3D('',#2822,#2823,#2824);
#2826=PLANE('',#2825);
#2828=ORIENTED_EDGE('',*,*,#2827,.T.);
#2830=ORIENTED_EDGE('',*,*,#2829,.T.);
#2832=ORIENTED_EDGE('',*,*,#2831,.T.);
#2834=ORIENTED_EDGE('',*,*,#2833,.F.);
#2835=EDGE_LOOP('',(#2828,#2830,#2832,#2834));
#2836=FACE_OUTER_BOUND('',#2835,.F.);
#2838=CARTESIAN_POINT('',(-1.5E0,7.5E-2,1.8E0));
#2839=DIRECTION('',(0.E0,-1.E0,0.E0));
#2840=DIRECTION('',(1.E0,0.E0,0.E0));
#2841=AXIS2_PLACEMENT_3D('',#2838,#2839,#2840);
#2842=PLANE('',#2841);
#2844=ORIENTED_EDGE('',*,*,#2843,.T.);
#2846=ORIENTED_EDGE('',*,*,#2845,.T.);
#2848=ORIENTED_EDGE('',*,*,#2847,.T.);
#2850=ORIENTED_EDGE('',*,*,#2849,.F.);
#2851=EDGE_LOOP('',(#2844,#2846,#2848,#2850));
#2852=FACE_OUTER_BOUND('',#2851,.F.);
#2854=CARTESIAN_POINT('',(-1.5E0,7.5E-2,1.8E0));
#2855=DIRECTION('',(0.E0,-1.E0,0.E0));
#2856=DIRECTION('',(1.E0,0.E0,0.E0));
#2857=AXIS2_PLACEMENT_3D('',#2854,#2855,#2856);
#2858=PLANE('',#2857);
#2859=ORIENTED_EDGE('',*,*,#2742,.T.);
#2861=ORIENTED_EDGE('',*,*,#2860,.T.);
#2863=ORIENTED_EDGE('',*,*,#2862,.F.);
#2865=ORIENTED_EDGE('',*,*,#2864,.T.);
#2866=EDGE_LOOP('',(#2859,#2861,#2863,#2865));
#2867=FACE_OUTER_BOUND('',#2866,.F.);
#2869=CARTESIAN_POINT('',(-1.5E0,0.E0,-1.5E0));
#2870=DIRECTION('',(-1.E0,0.E0,0.E0));
#2871=DIRECTION('',(0.E0,0.E0,1.E0));
#2872=AXIS2_PLACEMENT_3D('',#2869,#2870,#2871);
#2873=PLANE('',#2872);
#2874=ORIENTED_EDGE('',*,*,#2779,.F.);
#2876=ORIENTED_EDGE('',*,*,#2875,.T.);
#2878=ORIENTED_EDGE('',*,*,#2877,.T.);
#2879=ORIENTED_EDGE('',*,*,#2744,.F.);
#2880=ORIENTED_EDGE('',*,*,#2864,.F.);
#2882=ORIENTED_EDGE('',*,*,#2881,.T.);
#2884=ORIENTED_EDGE('',*,*,#2883,.T.);
#2886=ORIENTED_EDGE('',*,*,#2885,.F.);
#2887=ORIENTED_EDGE('',*,*,#2843,.F.);
#2889=ORIENTED_EDGE('',*,*,#2888,.T.);
#2891=ORIENTED_EDGE('',*,*,#2890,.T.);
#2893=ORIENTED_EDGE('',*,*,#2892,.F.);
#2894=ORIENTED_EDGE('',*,*,#2827,.F.);
#2896=ORIENTED_EDGE('',*,*,#2895,.T.);
#2898=ORIENTED_EDGE('',*,*,#2897,.T.);
#2900=ORIENTED_EDGE('',*,*,#2899,.F.);
#2901=ORIENTED_EDGE('',*,*,#2811,.F.);
#2903=ORIENTED_EDGE('',*,*,#2902,.T.);
#2905=ORIENTED_EDGE('',*,*,#2904,.T.);
#2907=ORIENTED_EDGE('',*,*,#2906,.F.);
#2908=ORIENTED_EDGE('',*,*,#2795,.F.);
#2910=ORIENTED_EDGE('',*,*,#2909,.T.);
#2912=ORIENTED_EDGE('',*,*,#2911,.T.);
#2914=ORIENTED_EDGE('',*,*,#2913,.F.);
#2915=EDGE_LOOP('',(#2874,#2876,#2878,#2879,#2880,#2882,#2884,#2886,#2887,#2889,
#2891,#2893,#2894,#2896,#2898,#2900,#2901,#2903,#2905,#2907,#2908,#2910,#2912,
#2914));
#2916=FACE_OUTER_BOUND('',#2915,.F.);
#2918=CARTESIAN_POINT('',(1.5E0,0.E0,-1.5E0));
#2919=DIRECTION('',(0.E0,0.E0,-1.E0));
#2920=DIRECTION('',(-1.E0,0.E0,0.E0));
#2921=AXIS2_PLACEMENT_3D('',#2918,#2919,#2920);
#2922=PLANE('',#2921);
#2923=ORIENTED_EDGE('',*,*,#2785,.T.);
#2925=ORIENTED_EDGE('',*,*,#2924,.F.);
#2926=ORIENTED_EDGE('',*,*,#2692,.F.);
#2928=ORIENTED_EDGE('',*,*,#2927,.T.);
#2930=ORIENTED_EDGE('',*,*,#2929,.T.);
#2932=ORIENTED_EDGE('',*,*,#2931,.F.);
#2933=ORIENTED_EDGE('',*,*,#2596,.F.);
#2935=ORIENTED_EDGE('',*,*,#2934,.T.);
#2937=ORIENTED_EDGE('',*,*,#2936,.T.);
#2939=ORIENTED_EDGE('',*,*,#2938,.F.);
#2940=ORIENTED_EDGE('',*,*,#2654,.F.);
#2942=ORIENTED_EDGE('',*,*,#2941,.T.);
#2944=ORIENTED_EDGE('',*,*,#2943,.F.);
#2946=ORIENTED_EDGE('',*,*,#2945,.T.);
#2948=ORIENTED_EDGE('',*,*,#2947,.T.);
#2949=ORIENTED_EDGE('',*,*,#2875,.F.);
#2950=EDGE_LOOP('',(#2923,#2925,#2926,#2928,#2930,#2932,#2933,#2935,#2937,#2939,
#2940,#2942,#2944,#2946,#2948,#2949));
#2951=FACE_OUTER_BOUND('',#2950,.F.);
#2953=CARTESIAN_POINT('',(-1.45E0,7.5E-2,1.8E0));
#2954=DIRECTION('',(-1.E0,0.E0,0.E0));
#2955=DIRECTION('',(0.E0,-1.E0,0.E0));
#2956=AXIS2_PLACEMENT_3D('',#2953,#2954,#2955);
#2957=PLANE('',#2956);
#2958=ORIENTED_EDGE('',*,*,#2676,.T.);
#2960=ORIENTED_EDGE('',*,*,#2959,.T.);
#2961=ORIENTED_EDGE('',*,*,#2860,.F.);
#2962=ORIENTED_EDGE('',*,*,#2769,.F.);
#2963=EDGE_LOOP('',(#2958,#2960,#2961,#2962));
#2964=FACE_OUTER_BOUND('',#2963,.F.);
#2966=CARTESIAN_POINT('',(-1.45E0,7.5E-2,1.8E0));
#2967=DIRECTION('',(-1.E0,0.E0,0.E0));
#2968=DIRECTION('',(0.E0,-1.E0,0.E0));
#2969=AXIS2_PLACEMENT_3D('',#2966,#2967,#2968);
#2970=PLANE('',#2969);
#2971=ORIENTED_EDGE('',*,*,#2726,.T.);
#2973=ORIENTED_EDGE('',*,*,#2972,.T.);
#2974=ORIENTED_EDGE('',*,*,#2847,.F.);
#2976=ORIENTED_EDGE('',*,*,#2975,.F.);
#2977=EDGE_LOOP('',(#2971,#2973,#2974,#2976));
#2978=FACE_OUTER_BOUND('',#2977,.F.);
#2980=CARTESIAN_POINT('',(-1.45E0,7.5E-2,1.8E0));
#2981=DIRECTION('',(-1.E0,0.E0,0.E0));
#2982=DIRECTION('',(0.E0,-1.E0,0.E0));
#2983=AXIS2_PLACEMENT_3D('',#2980,#2981,#2982);
#2984=PLANE('',#2983);
#2985=ORIENTED_EDGE('',*,*,#2718,.T.);
#2987=ORIENTED_EDGE('',*,*,#2986,.T.);
#2988=ORIENTED_EDGE('',*,*,#2831,.F.);
#2990=ORIENTED_EDGE('',*,*,#2989,.F.);
#2991=EDGE_LOOP('',(#2985,#2987,#2988,#2990));
#2992=FACE_OUTER_BOUND('',#2991,.F.);
#2994=CARTESIAN_POINT('',(-1.45E0,7.5E-2,1.8E0));
#2995=DIRECTION('',(-1.E0,0.E0,0.E0));
#2996=DIRECTION('',(0.E0,-1.E0,0.E0));
#2997=AXIS2_PLACEMENT_3D('',#2994,#2995,#2996);
#2998=PLANE('',#2997);
#2999=ORIENTED_EDGE('',*,*,#2710,.T.);
#3001=ORIENTED_EDGE('',*,*,#3000,.T.);
#3002=ORIENTED_EDGE('',*,*,#2815,.F.);
#3004=ORIENTED_EDGE('',*,*,#3003,.F.);
#3005=EDGE_LOOP('',(#2999,#3001,#3002,#3004));
#3006=FACE_OUTER_BOUND('',#3005,.F.);
#3008=CARTESIAN_POINT('',(-1.45E0,7.5E-2,1.8E0));
#3009=DIRECTION('',(-1.E0,0.E0,0.E0));
#3010=DIRECTION('',(0.E0,-1.E0,0.E0));
#3011=AXIS2_PLACEMENT_3D('',#3008,#3009,#3010);
#3012=PLANE('',#3011);
#3013=ORIENTED_EDGE('',*,*,#2702,.T.);
#3015=ORIENTED_EDGE('',*,*,#3014,.T.);
#3016=ORIENTED_EDGE('',*,*,#2799,.F.);
#3018=ORIENTED_EDGE('',*,*,#3017,.F.);
#3019=EDGE_LOOP('',(#3013,#3015,#3016,#3018));
#3020=FACE_OUTER_BOUND('',#3019,.F.);
#3022=CARTESIAN_POINT('',(-1.45E0,7.5E-2,1.8E0));
#3023=DIRECTION('',(-1.E0,0.E0,0.E0));
#3024=DIRECTION('',(0.E0,-1.E0,0.E0));
#3025=AXIS2_PLACEMENT_3D('',#3022,#3023,#3024);
#3026=PLANE('',#3025);
#3027=ORIENTED_EDGE('',*,*,#2924,.T.);
#3028=ORIENTED_EDGE('',*,*,#2783,.F.);
#3030=ORIENTED_EDGE('',*,*,#3029,.F.);
#3031=ORIENTED_EDGE('',*,*,#2694,.T.);
#3032=EDGE_LOOP('',(#3027,#3028,#3030,#3031));
#3033=FACE_OUTER_BOUND('',#3032,.F.);
#3035=CARTESIAN_POINT('',(-1.225E0,-2.5E-2,1.125E0));
#3036=DIRECTION('',(0.E0,0.E0,-1.E0));
#3037=DIRECTION('',(-1.E0,0.E0,0.E0));
#3038=AXIS2_PLACEMENT_3D('',#3035,#3036,#3037);
#3039=PLANE('',#3038);
#3040=ORIENTED_EDGE('',*,*,#2862,.T.);
#3041=ORIENTED_EDGE('',*,*,#2959,.F.);
#3042=ORIENTED_EDGE('',*,*,#2732,.T.);
#3044=ORIENTED_EDGE('',*,*,#3043,.T.);
#3046=ORIENTED_EDGE('',*,*,#3045,.T.);
#3047=ORIENTED_EDGE('',*,*,#2881,.F.);
#3048=EDGE_LOOP('',(#3040,#3041,#3042,#3044,#3046,#3047));
#3049=FACE_OUTER_BOUND('',#3048,.F.);
#3051=CARTESIAN_POINT('',(-1.225E0,-2.5E-2,1.E0));
#3052=DIRECTION('',(0.E0,-1.E0,0.E0));
#3053=DIRECTION('',(-1.E0,0.E0,0.E0));
#3054=AXIS2_PLACEMENT_3D('',#3051,#3052,#3053);
#3055=CYLINDRICAL_SURFACE('',#3054,1.25E-1);
#3056=ORIENTED_EDGE('',*,*,#2730,.F.);
#3058=ORIENTED_EDGE('',*,*,#3057,.T.);
#3060=ORIENTED_EDGE('',*,*,#3059,.T.);
#3061=ORIENTED_EDGE('',*,*,#3043,.F.);
#3062=EDGE_LOOP('',(#3056,#3058,#3060,#3061));
#3063=FACE_OUTER_BOUND('',#3062,.F.);
#3065=CARTESIAN_POINT('',(-1.5E0,-2.5E-2,8.75E-1));
#3066=DIRECTION('',(0.E0,0.E0,1.E0));
#3067=DIRECTION('',(1.E0,0.E0,0.E0));
#3068=AXIS2_PLACEMENT_3D('',#3065,#3066,#3067);
#3069=PLANE('',#3068);
#3070=ORIENTED_EDGE('',*,*,#2845,.F.);
#3071=ORIENTED_EDGE('',*,*,#2885,.T.);
#3073=ORIENTED_EDGE('',*,*,#3072,.T.);
#3074=ORIENTED_EDGE('',*,*,#3057,.F.);
#3075=ORIENTED_EDGE('',*,*,#2728,.F.);
#3076=ORIENTED_EDGE('',*,*,#2975,.T.);
#3077=EDGE_LOOP('',(#3070,#3071,#3073,#3074,#3075,#3076));
#3078=FACE_OUTER_BOUND('',#3077,.F.);
#3080=CARTESIAN_POINT('',(0.E0,1.75E-1,0.E0));
#3081=DIRECTION('',(0.E0,-1.E0,0.E0));
#3082=DIRECTION('',(-1.E0,0.E0,0.E0));
#3083=AXIS2_PLACEMENT_3D('',#3080,#3081,#3082);
#3084=PLANE('',#3083);
#3085=ORIENTED_EDGE('',*,*,#2883,.F.);
#3086=ORIENTED_EDGE('',*,*,#3045,.F.);
#3087=ORIENTED_EDGE('',*,*,#3059,.F.);
#3088=ORIENTED_EDGE('',*,*,#3072,.F.);
#3089=EDGE_LOOP('',(#3085,#3086,#3087,#3088));
#3090=FACE_OUTER_BOUND('',#3089,.F.);
#3092=CARTESIAN_POINT('',(-1.225E0,-2.5E-2,6.25E-1));
#3093=DIRECTION('',(0.E0,0.E0,-1.E0));
#3094=DIRECTION('',(-1.E0,0.E0,0.E0));
#3095=AXIS2_PLACEMENT_3D('',#3092,#3093,#3094);
#3096=PLANE('',#3095);
#3097=ORIENTED_EDGE('',*,*,#2849,.T.);
#3098=ORIENTED_EDGE('',*,*,#2972,.F.);
#3099=ORIENTED_EDGE('',*,*,#2724,.T.);
#3101=ORIENTED_EDGE('',*,*,#3100,.T.);
#3103=ORIENTED_EDGE('',*,*,#3102,.T.);
#3104=ORIENTED_EDGE('',*,*,#2888,.F.);
#3105=EDGE_LOOP('',(#3097,#3098,#3099,#3101,#3103,#3104));
#3106=FACE_OUTER_BOUND('',#3105,.F.);
#3108=CARTESIAN_POINT('',(-1.225E0,-2.5E-2,5.E-1));
#3109=DIRECTION('',(0.E0,-1.E0,0.E0));
#3110=DIRECTION('',(-1.E0,0.E0,0.E0));
#3111=AXIS2_PLACEMENT_3D('',#3108,#3109,#3110);
#3112=CYLINDRICAL_SURFACE('',#3111,1.25E-1);
#3113=ORIENTED_EDGE('',*,*,#2722,.F.);
#3115=ORIENTED_EDGE('',*,*,#3114,.T.);
#3117=ORIENTED_EDGE('',*,*,#3116,.T.);
#3118=ORIENTED_EDGE('',*,*,#3100,.F.);
#3119=EDGE_LOOP('',(#3113,#3115,#3117,#3118));
#3120=FACE_OUTER_BOUND('',#3119,.F.);
#3122=CARTESIAN_POINT('',(-1.5E0,-2.5E-2,3.75E-1));
#3123=DIRECTION('',(0.E0,0.E0,1.E0));
#3124=DIRECTION('',(1.E0,0.E0,0.E0));
#3125=AXIS2_PLACEMENT_3D('',#3122,#3123,#3124);
#3126=PLANE('',#3125);
#3127=ORIENTED_EDGE('',*,*,#2829,.F.);
#3128=ORIENTED_EDGE('',*,*,#2892,.T.);
#3130=ORIENTED_EDGE('',*,*,#3129,.T.);
#3131=ORIENTED_EDGE('',*,*,#3114,.F.);
#3132=ORIENTED_EDGE('',*,*,#2720,.F.);
#3133=ORIENTED_EDGE('',*,*,#2989,.T.);
#3134=EDGE_LOOP('',(#3127,#3128,#3130,#3131,#3132,#3133));
#3135=FACE_OUTER_BOUND('',#3134,.F.);
#3137=CARTESIAN_POINT('',(0.E0,1.75E-1,0.E0));
#3138=DIRECTION('',(0.E0,-1.E0,0.E0));
#3139=DIRECTION('',(-1.E0,0.E0,0.E0));
#3140=AXIS2_PLACEMENT_3D('',#3137,#3138,#3139);
#3141=PLANE('',#3140);
#3142=ORIENTED_EDGE('',*,*,#2890,.F.);
#3143=ORIENTED_EDGE('',*,*,#3102,.F.);
#3144=ORIENTED_EDGE('',*,*,#3116,.F.);
#3145=ORIENTED_EDGE('',*,*,#3129,.F.);
#3146=EDGE_LOOP('',(#3142,#3143,#3144,#3145));
#3147=FACE_OUTER_BOUND('',#3146,.F.);
#3149=CARTESIAN_POINT('',(-1.225E0,-2.5E-2,1.25E-1));
#3150=DIRECTION('',(0.E0,0.E0,-1.E0));
#3151=DIRECTION('',(-1.E0,0.E0,0.E0));
#3152=AXIS2_PLACEMENT_3D('',#3149,#3150,#3151);
#3153=PLANE('',#3152);
#3154=ORIENTED_EDGE('',*,*,#2833,.T.);
#3155=ORIENTED_EDGE('',*,*,#2986,.F.);
#3156=ORIENTED_EDGE('',*,*,#2716,.T.);
#3158=ORIENTED_EDGE('',*,*,#3157,.T.);
#3160=ORIENTED_EDGE('',*,*,#3159,.T.);
#3161=ORIENTED_EDGE('',*,*,#2895,.F.);
#3162=EDGE_LOOP('',(#3154,#3155,#3156,#3158,#3160,#3161));
#3163=FACE_OUTER_BOUND('',#3162,.F.);
#3165=CARTESIAN_POINT('',(-1.225E0,-2.5E-2,0.E0));
#3166=DIRECTION('',(0.E0,-1.E0,0.E0));
#3167=DIRECTION('',(-1.E0,0.E0,0.E0));
#3168=AXIS2_PLACEMENT_3D('',#3165,#3166,#3167);
#3169=CYLINDRICAL_SURFACE('',#3168,1.25E-1);
#3170=ORIENTED_EDGE('',*,*,#2714,.F.);
#3172=ORIENTED_EDGE('',*,*,#3171,.T.);
#3174=ORIENTED_EDGE('',*,*,#3173,.T.);
#3175=ORIENTED_EDGE('',*,*,#3157,.F.);
#3176=EDGE_LOOP('',(#3170,#3172,#3174,#3175));
#3177=FACE_OUTER_BOUND('',#3176,.F.);
#3179=CARTESIAN_POINT('',(-1.5E0,-2.5E-2,-1.25E-1));
#3180=DIRECTION('',(0.E0,0.E0,1.E0));
#3181=DIRECTION('',(1.E0,0.E0,0.E0));
#3182=AXIS2_PLACEMENT_3D('',#3179,#3180,#3181);
#3183=PLANE('',#3182);
#3184=ORIENTED_EDGE('',*,*,#2813,.F.);
#3185=ORIENTED_EDGE('',*,*,#2899,.T.);
#3187=ORIENTED_EDGE('',*,*,#3186,.T.);
#3188=ORIENTED_EDGE('',*,*,#3171,.F.);
#3189=ORIENTED_EDGE('',*,*,#2712,.F.);
#3190=ORIENTED_EDGE('',*,*,#3003,.T.);
#3191=EDGE_LOOP('',(#3184,#3185,#3187,#3188,#3189,#3190));
#3192=FACE_OUTER_BOUND('',#3191,.F.);
#3194=CARTESIAN_POINT('',(0.E0,1.75E-1,0.E0));
#3195=DIRECTION('',(0.E0,-1.E0,0.E0));
#3196=DIRECTION('',(-1.E0,0.E0,0.E0));
#3197=AXIS2_PLACEMENT_3D('',#3194,#3195,#3196);
#3198=PLANE('',#3197);
#3199=ORIENTED_EDGE('',*,*,#2897,.F.);
#3200=ORIENTED_EDGE('',*,*,#3159,.F.);
#3201=ORIENTED_EDGE('',*,*,#3173,.F.);
#3202=ORIENTED_EDGE('',*,*,#3186,.F.);
#3203=EDGE_LOOP('',(#3199,#3200,#3201,#3202));
#3204=FACE_OUTER_BOUND('',#3203,.F.);
#3206=CARTESIAN_POINT('',(-1.225E0,-2.5E-2,-3.75E-1));
#3207=DIRECTION('',(0.E0,0.E0,-1.E0));
#3208=DIRECTION('',(-1.E0,0.E0,0.E0));
#3209=AXIS2_PLACEMENT_3D('',#3206,#3207,#3208);
#3210=PLANE('',#3209);
#3211=ORIENTED_EDGE('',*,*,#2817,.T.);
#3212=ORIENTED_EDGE('',*,*,#3000,.F.);
#3213=ORIENTED_EDGE('',*,*,#2708,.T.);
#3215=ORIENTED_EDGE('',*,*,#3214,.T.);
#3217=ORIENTED_EDGE('',*,*,#3216,.T.);
#3218=ORIENTED_EDGE('',*,*,#2902,.F.);
#3219=EDGE_LOOP('',(#3211,#3212,#3213,#3215,#3217,#3218));
#3220=FACE_OUTER_BOUND('',#3219,.F.);
#3222=CARTESIAN_POINT('',(-1.225E0,-2.5E-2,-5.E-1));
#3223=DIRECTION('',(0.E0,-1.E0,0.E0));
#3224=DIRECTION('',(-1.E0,0.E0,0.E0));
#3225=AXIS2_PLACEMENT_3D('',#3222,#3223,#3224);
#3226=CYLINDRICAL_SURFACE('',#3225,1.25E-1);
#3227=ORIENTED_EDGE('',*,*,#2706,.F.);
#3229=ORIENTED_EDGE('',*,*,#3228,.T.);
#3231=ORIENTED_EDGE('',*,*,#3230,.T.);
#3232=ORIENTED_EDGE('',*,*,#3214,.F.);
#3233=EDGE_LOOP('',(#3227,#3229,#3231,#3232));
#3234=FACE_OUTER_BOUND('',#3233,.F.);
#3236=CARTESIAN_POINT('',(-1.5E0,-2.5E-2,-6.25E-1));
#3237=DIRECTION('',(0.E0,0.E0,1.E0));
#3238=DIRECTION('',(1.E0,0.E0,0.E0));
#3239=AXIS2_PLACEMENT_3D('',#3236,#3237,#3238);
#3240=PLANE('',#3239);
#3241=ORIENTED_EDGE('',*,*,#2797,.F.);
#3242=ORIENTED_EDGE('',*,*,#2906,.T.);
#3244=ORIENTED_EDGE('',*,*,#3243,.T.);
#3245=ORIENTED_EDGE('',*,*,#3228,.F.);
#3246=ORIENTED_EDGE('',*,*,#2704,.F.);
#3247=ORIENTED_EDGE('',*,*,#3017,.T.);
#3248=EDGE_LOOP('',(#3241,#3242,#3244,#3245,#3246,#3247));
#3249=FACE_OUTER_BOUND('',#3248,.F.);
#3251=CARTESIAN_POINT('',(0.E0,1.75E-1,0.E0));
#3252=DIRECTION('',(0.E0,-1.E0,0.E0));
#3253=DIRECTION('',(-1.E0,0.E0,0.E0));
#3254=AXIS2_PLACEMENT_3D('',#3251,#3252,#3253);
#3255=PLANE('',#3254);
#3256=ORIENTED_EDGE('',*,*,#2904,.F.);
#3257=ORIENTED_EDGE('',*,*,#3216,.F.);
#3258=ORIENTED_EDGE('',*,*,#3230,.F.);
#3259=ORIENTED_EDGE('',*,*,#3243,.F.);
#3260=EDGE_LOOP('',(#3256,#3257,#3258,#3259));
#3261=FACE_OUTER_BOUND('',#3260,.F.);
#3263=CARTESIAN_POINT('',(-1.225E0,-2.5E-2,-8.75E-1));
#3264=DIRECTION('',(0.E0,0.E0,-1.E0));
#3265=DIRECTION('',(-1.E0,0.E0,0.E0));
#3266=AXIS2_PLACEMENT_3D('',#3263,#3264,#3265);
#3267=PLANE('',#3266);
#3268=ORIENTED_EDGE('',*,*,#2801,.T.);
#3269=ORIENTED_EDGE('',*,*,#3014,.F.);
#3270=ORIENTED_EDGE('',*,*,#2700,.T.);
#3272=ORIENTED_EDGE('',*,*,#3271,.T.);
#3274=ORIENTED_EDGE('',*,*,#3273,.T.);
#3275=ORIENTED_EDGE('',*,*,#2909,.F.);
#3276=EDGE_LOOP('',(#3268,#3269,#3270,#3272,#3274,#3275));
#3277=FACE_OUTER_BOUND('',#3276,.F.);
#3279=CARTESIAN_POINT('',(-1.225E0,-2.5E-2,-1.E0));
#3280=DIRECTION('',(0.E0,-1.E0,0.E0));
#3281=DIRECTION('',(-1.E0,0.E0,0.E0));
#3282=AXIS2_PLACEMENT_3D('',#3279,#3280,#3281);
#3283=CYLINDRICAL_SURFACE('',#3282,1.25E-1);
#3284=ORIENTED_EDGE('',*,*,#2698,.F.);
#3286=ORIENTED_EDGE('',*,*,#3285,.T.);
#3288=ORIENTED_EDGE('',*,*,#3287,.T.);
#3289=ORIENTED_EDGE('',*,*,#3271,.F.);
#3290=EDGE_LOOP('',(#3284,#3286,#3288,#3289));
#3291=FACE_OUTER_BOUND('',#3290,.F.);
#3293=CARTESIAN_POINT('',(-1.5E0,-2.5E-2,-1.125E0));
#3294=DIRECTION('',(0.E0,0.E0,1.E0));
#3295=DIRECTION('',(1.E0,0.E0,0.E0));
#3296=AXIS2_PLACEMENT_3D('',#3293,#3294,#3295);
#3297=PLANE('',#3296);
#3298=ORIENTED_EDGE('',*,*,#2781,.F.);
#3299=ORIENTED_EDGE('',*,*,#2913,.T.);
#3301=ORIENTED_EDGE('',*,*,#3300,.T.);
#3302=ORIENTED_EDGE('',*,*,#3285,.F.);
#3303=ORIENTED_EDGE('',*,*,#2696,.F.);
#3304=ORIENTED_EDGE('',*,*,#3029,.T.);
#3305=EDGE_LOOP('',(#3298,#3299,#3301,#3302,#3303,#3304));
#3306=FACE_OUTER_BOUND('',#3305,.F.);
#3308=CARTESIAN_POINT('',(0.E0,1.75E-1,0.E0));
#3309=DIRECTION('',(0.E0,-1.E0,0.E0));
#3310=DIRECTION('',(-1.E0,0.E0,0.E0));
#3311=AXIS2_PLACEMENT_3D('',#3308,#3309,#3310);
#3312=PLANE('',#3311);
#3313=ORIENTED_EDGE('',*,*,#2911,.F.);
#3314=ORIENTED_EDGE('',*,*,#3273,.F.);
#3315=ORIENTED_EDGE('',*,*,#3287,.F.);
#3316=ORIENTED_EDGE('',*,*,#3300,.F.);
#3317=EDGE_LOOP('',(#3313,#3314,#3315,#3316));
#3318=FACE_OUTER_BOUND('',#3317,.F.);
#3320=CARTESIAN_POINT('',(-3.75E-1,-2.5E-2,-1.5E0));
#3321=DIRECTION('',(-1.E0,0.E0,0.E0));
#3322=DIRECTION('',(0.E0,0.E0,1.E0));
#3323=AXIS2_PLACEMENT_3D('',#3320,#3321,#3322);
#3324=PLANE('',#3323);
#3325=ORIENTED_EDGE('',*,*,#2927,.F.);
#3326=ORIENTED_EDGE('',*,*,#2690,.T.);
#3328=ORIENTED_EDGE('',*,*,#3327,.T.);
#3330=ORIENTED_EDGE('',*,*,#3329,.F.);
#3332=ORIENTED_EDGE('',*,*,#3331,.T.);
#3334=ORIENTED_EDGE('',*,*,#3333,.F.);
#3335=EDGE_LOOP('',(#3325,#3326,#3328,#3330,#3332,#3334));
#3336=FACE_OUTER_BOUND('',#3335,.F.);
#3338=CARTESIAN_POINT('',(8.25E-1,-2.5E-2,-1.2E0));
#3339=DIRECTION('',(0.E0,0.E0,-1.E0));
#3340=DIRECTION('',(-1.E0,0.E0,0.E0));
#3341=AXIS2_PLACEMENT_3D('',#3338,#3339,#3340);
#3342=PLANE('',#3341);
#3343=ORIENTED_EDGE('',*,*,#2658,.T.);
#3345=ORIENTED_EDGE('',*,*,#3344,.T.);
#3347=ORIENTED_EDGE('',*,*,#3346,.F.);
#3349=ORIENTED_EDGE('',*,*,#3348,.T.);
#3350=EDGE_LOOP('',(#3343,#3345,#3347,#3349));
#3351=FACE_OUTER_BOUND('',#3350,.F.);
#3353=CARTESIAN_POINT('',(8.25E-1,-2.5E-2,-1.2E0));
#3354=DIRECTION('',(0.E0,0.E0,-1.E0));
#3355=DIRECTION('',(-1.E0,0.E0,0.E0));
#3356=AXIS2_PLACEMENT_3D('',#3353,#3354,#3355);
#3357=PLANE('',#3356);
#3358=ORIENTED_EDGE('',*,*,#2600,.T.);
#3360=ORIENTED_EDGE('',*,*,#3359,.T.);
#3362=ORIENTED_EDGE('',*,*,#3361,.F.);
#3364=ORIENTED_EDGE('',*,*,#3363,.F.);
#3365=EDGE_LOOP('',(#3358,#3360,#3362,#3364));
#3366=FACE_OUTER_BOUND('',#3365,.F.);
#3368=CARTESIAN_POINT('',(8.25E-1,-2.5E-2,-1.2E0));
#3369=DIRECTION('',(0.E0,0.E0,-1.E0));
#3370=DIRECTION('',(-1.E0,0.E0,0.E0));
#3371=AXIS2_PLACEMENT_3D('',#3368,#3369,#3370);
#3372=PLANE('',#3371);
#3374=ORIENTED_EDGE('',*,*,#3373,.F.);
#3376=ORIENTED_EDGE('',*,*,#3375,.F.);
#3377=ORIENTED_EDGE('',*,*,#3327,.F.);
#3378=ORIENTED_EDGE('',*,*,#2688,.T.);
#3379=EDGE_LOOP('',(#3374,#3376,#3377,#3378));
#3380=FACE_OUTER_BOUND('',#3379,.F.);
#3382=CARTESIAN_POINT('',(3.75E-1,-2.5E-2,-1.5E0));
#3383=DIRECTION('',(-1.E0,0.E0,0.E0));
#3384=DIRECTION('',(0.E0,0.E0,1.E0));
#3385=AXIS2_PLACEMENT_3D('',#3382,#3383,#3384);
#3386=PLANE('',#3385);
#3387=ORIENTED_EDGE('',*,*,#2656,.F.);
#3388=ORIENTED_EDGE('',*,*,#2938,.T.);
#3390=ORIENTED_EDGE('',*,*,#3389,.T.);
#3392=ORIENTED_EDGE('',*,*,#3391,.F.);
#3394=ORIENTED_EDGE('',*,*,#3393,.T.);
#3395=ORIENTED_EDGE('',*,*,#3344,.F.);
#3396=EDGE_LOOP('',(#3387,#3388,#3390,#3392,#3394,#3395));
#3397=FACE_OUTER_BOUND('',#3396,.F.);
#3399=CARTESIAN_POINT('',(0.E0,1.75E-1,0.E0));
#3400=DIRECTION('',(0.E0,1.E0,0.E0));
#3401=DIRECTION('',(1.E0,0.E0,0.E0));
#3402=AXIS2_PLACEMENT_3D('',#3399,#3400,#3401);
#3403=PLANE('',#3402);
#3404=ORIENTED_EDGE('',*,*,#2764,.T.);
#3406=ORIENTED_EDGE('',*,*,#3405,.F.);
#3408=ORIENTED_EDGE('',*,*,#3407,.T.);
#3410=ORIENTED_EDGE('',*,*,#3409,.T.);
#3411=ORIENTED_EDGE('',*,*,#2757,.T.);
#3413=ORIENTED_EDGE('',*,*,#3412,.T.);
#3415=ORIENTED_EDGE('',*,*,#3414,.T.);
#3417=ORIENTED_EDGE('',*,*,#3416,.T.);
#3419=ORIENTED_EDGE('',*,*,#3418,.T.);
#3420=ORIENTED_EDGE('',*,*,#3389,.F.);
#3421=ORIENTED_EDGE('',*,*,#2936,.F.);
#3423=ORIENTED_EDGE('',*,*,#3422,.F.);
#3425=ORIENTED_EDGE('',*,*,#3424,.T.);
#3427=ORIENTED_EDGE('',*,*,#3426,.T.);
#3428=ORIENTED_EDGE('',*,*,#2929,.F.);
#3429=ORIENTED_EDGE('',*,*,#3333,.T.);
#3431=ORIENTED_EDGE('',*,*,#3430,.T.);
#3433=ORIENTED_EDGE('',*,*,#3432,.T.);
#3435=ORIENTED_EDGE('',*,*,#3434,.T.);
#3437=ORIENTED_EDGE('',*,*,#3436,.F.);
#3438=EDGE_LOOP('',(#3404,#3406,#3408,#3410,#3411,#3413,#3415,#3417,#3419,#3420,
#3421,#3423,#3425,#3427,#3428,#3429,#3431,#3433,#3435,#3437));
#3439=FACE_OUTER_BOUND('',#3438,.F.);
#3441=CARTESIAN_POINT('',(-1.25E-1,-2.5E-2,1.2E0));
#3442=DIRECTION('',(-1.E0,0.E0,0.E0));
#3443=DIRECTION('',(0.E0,0.E0,1.E0));
#3444=AXIS2_PLACEMENT_3D('',#3441,#3442,#3443);
#3445=PLANE('',#3444);
#3446=ORIENTED_EDGE('',*,*,#2586,.T.);
#3448=ORIENTED_EDGE('',*,*,#3447,.T.);
#3450=ORIENTED_EDGE('',*,*,#3449,.F.);
#3452=ORIENTED_EDGE('',*,*,#3451,.T.);
#3453=ORIENTED_EDGE('',*,*,#3405,.T.);
#3454=ORIENTED_EDGE('',*,*,#2762,.F.);
#3455=EDGE_LOOP('',(#3446,#3448,#3450,#3452,#3453,#3454));
#3456=FACE_OUTER_BOUND('',#3455,.F.);
#3458=CARTESIAN_POINT('',(-8.25E-1,-2.5E-2,1.2E0));
#3459=DIRECTION('',(0.E0,0.E0,1.E0));
#3460=DIRECTION('',(1.E0,0.E0,0.E0));
#3461=AXIS2_PLACEMENT_3D('',#3458,#3459,#3460);
#3462=PLANE('',#3461);
#3463=ORIENTED_EDGE('',*,*,#2682,.T.);
#3465=ORIENTED_EDGE('',*,*,#3464,.T.);
#3467=ORIENTED_EDGE('',*,*,#3466,.F.);
#3469=ORIENTED_EDGE('',*,*,#3468,.T.);
#3470=EDGE_LOOP('',(#3463,#3465,#3467,#3469));
#3471=FACE_OUTER_BOUND('',#3470,.F.);
#3473=CARTESIAN_POINT('',(-8.25E-1,-2.5E-2,1.2E0));
#3474=DIRECTION('',(0.E0,0.E0,1.E0));
#3475=DIRECTION('',(1.E0,0.E0,0.E0));
#3476=AXIS2_PLACEMENT_3D('',#3473,#3474,#3475);
#3477=PLANE('',#3476);
#3478=ORIENTED_EDGE('',*,*,#2584,.T.);
#3480=ORIENTED_EDGE('',*,*,#3479,.T.);
#3482=ORIENTED_EDGE('',*,*,#3481,.F.);
#3483=ORIENTED_EDGE('',*,*,#3447,.F.);
#3484=EDGE_LOOP('',(#3478,#3480,#3482,#3483));
#3485=FACE_OUTER_BOUND('',#3484,.F.);
#3487=CARTESIAN_POINT('',(-8.25E-1,-2.5E-2,1.2E0));
#3488=DIRECTION('',(0.E0,0.E0,1.E0));
#3489=DIRECTION('',(1.E0,0.E0,0.E0));
#3490=AXIS2_PLACEMENT_3D('',#3487,#3488,#3489);
#3491=PLANE('',#3490);
#3493=ORIENTED_EDGE('',*,*,#3492,.F.);
#3495=ORIENTED_EDGE('',*,*,#3494,.F.);
#3497=ORIENTED_EDGE('',*,*,#3496,.F.);
#3498=ORIENTED_EDGE('',*,*,#2662,.T.);
#3499=EDGE_LOOP('',(#3493,#3495,#3497,#3498));
#3500=FACE_OUTER_BOUND('',#3499,.F.);
#3502=CARTESIAN_POINT('',(-3.75E-1,-2.5E-2,1.5E0));
#3503=DIRECTION('',(1.E0,0.E0,0.E0));
#3504=DIRECTION('',(0.E0,0.E0,-1.E0));
#3505=AXIS2_PLACEMENT_3D('',#3502,#3503,#3504);
#3506=PLANE('',#3505);
#3507=ORIENTED_EDGE('',*,*,#2680,.F.);
#3508=ORIENTED_EDGE('',*,*,#2766,.T.);
#3509=ORIENTED_EDGE('',*,*,#3436,.T.);
#3511=ORIENTED_EDGE('',*,*,#3510,.F.);
#3513=ORIENTED_EDGE('',*,*,#3512,.T.);
#3514=ORIENTED_EDGE('',*,*,#3464,.F.);
#3515=EDGE_LOOP('',(#3507,#3508,#3509,#3511,#3513,#3514));
#3516=FACE_OUTER_BOUND('',#3515,.F.);
#3518=CARTESIAN_POINT('',(-9.5E-1,7.5E-2,1.35E0));
#3519=DIRECTION('',(0.E0,0.E0,1.E0));
#3520=DIRECTION('',(1.E0,0.E0,0.E0));
#3521=AXIS2_PLACEMENT_3D('',#3518,#3519,#3520);
#3522=PLANE('',#3521);
#3523=ORIENTED_EDGE('',*,*,#3510,.T.);
#3524=ORIENTED_EDGE('',*,*,#3434,.F.);
#3526=ORIENTED_EDGE('',*,*,#3525,.F.);
#3528=ORIENTED_EDGE('',*,*,#3527,.T.);
#3529=EDGE_LOOP('',(#3523,#3524,#3526,#3528));
#3530=FACE_OUTER_BOUND('',#3529,.F.);
#3532=CARTESIAN_POINT('',(-9.5E-1,7.5E-2,1.35E0));
#3533=DIRECTION('',(0.E0,0.E0,1.E0));
#3534=DIRECTION('',(1.E0,0.E0,0.E0));
#3535=AXIS2_PLACEMENT_3D('',#3532,#3533,#3534);
#3536=PLANE('',#3535);
#3538=ORIENTED_EDGE('',*,*,#3537,.T.);
#3539=ORIENTED_EDGE('',*,*,#3407,.F.);
#3540=ORIENTED_EDGE('',*,*,#3451,.F.);
#3542=ORIENTED_EDGE('',*,*,#3541,.T.);
#3543=EDGE_LOOP('',(#3538,#3539,#3540,#3542));
#3544=FACE_OUTER_BOUND('',#3543,.F.);
#3546=CARTESIAN_POINT('',(-9.5E-1,7.5E-2,1.35E0));
#3547=DIRECTION('',(0.E0,0.E0,1.E0));
#3548=DIRECTION('',(1.E0,0.E0,0.E0));
#3549=AXIS2_PLACEMENT_3D('',#3546,#3547,#3548);
#3550=PLANE('',#3549);
#3552=ORIENTED_EDGE('',*,*,#3551,.F.);
#3554=ORIENTED_EDGE('',*,*,#3553,.T.);
#3556=ORIENTED_EDGE('',*,*,#3555,.T.);
#3557=ORIENTED_EDGE('',*,*,#3414,.F.);
#3558=EDGE_LOOP('',(#3552,#3554,#3556,#3557));
#3559=FACE_OUTER_BOUND('',#3558,.F.);
#3561=CARTESIAN_POINT('',(-9.5E-1,7.5E-2,-1.35E0));
#3562=DIRECTION('',(-1.E0,0.E0,0.E0));
#3563=DIRECTION('',(0.E0,0.E0,1.E0));
#3564=AXIS2_PLACEMENT_3D('',#3561,#3562,#3563);
#3565=PLANE('',#3564);
#3567=ORIENTED_EDGE('',*,*,#3566,.T.);
#3568=ORIENTED_EDGE('',*,*,#3525,.T.);
#3569=ORIENTED_EDGE('',*,*,#3432,.F.);
#3571=ORIENTED_EDGE('',*,*,#3570,.F.);
#3572=EDGE_LOOP('',(#3567,#3568,#3569,#3571));
#3573=FACE_OUTER_BOUND('',#3572,.F.);
#3575=CARTESIAN_POINT('',(0.E0,7.5E-2,0.E0));
#3576=DIRECTION('',(0.E0,1.E0,0.E0));
#3577=DIRECTION('',(1.E0,0.E0,0.E0));
#3578=AXIS2_PLACEMENT_3D('',#3575,#3576,#3577);
#3579=PLANE('',#3578);
#3581=ORIENTED_EDGE('',*,*,#3580,.F.);
#3583=ORIENTED_EDGE('',*,*,#3582,.T.);
#3584=ORIENTED_EDGE('',*,*,#3361,.T.);
#3586=ORIENTED_EDGE('',*,*,#3585,.F.);
#3587=EDGE_LOOP('',(#3581,#3583,#3584,#3586));
#3588=FACE_OUTER_BOUND('',#3587,.F.);
#3590=CARTESIAN_POINT('',(0.E0,7.5E-2,0.E0));
#3591=DIRECTION('',(0.E0,1.E0,0.E0));
#3592=DIRECTION('',(1.E0,0.E0,0.E0));
#3593=AXIS2_PLACEMENT_3D('',#3590,#3591,#3592);
#3594=PLANE('',#3593);
#3595=ORIENTED_EDGE('',*,*,#3527,.F.);
#3596=ORIENTED_EDGE('',*,*,#3566,.F.);
#3598=ORIENTED_EDGE('',*,*,#3597,.F.);
#3599=ORIENTED_EDGE('',*,*,#3329,.T.);
#3600=ORIENTED_EDGE('',*,*,#3375,.T.);
#3602=ORIENTED_EDGE('',*,*,#3601,.F.);
#3604=ORIENTED_EDGE('',*,*,#3603,.T.);
#3605=ORIENTED_EDGE('',*,*,#3466,.T.);
#3606=ORIENTED_EDGE('',*,*,#3512,.F.);
#3607=EDGE_LOOP('',(#3595,#3596,#3598,#3599,#3600,#3602,#3604,#3605,#3606));
#3608=FACE_OUTER_BOUND('',#3607,.F.);
#3610=CARTESIAN_POINT('',(0.E0,7.5E-2,0.E0));
#3611=DIRECTION('',(0.E0,1.E0,0.E0));
#3612=DIRECTION('',(1.E0,0.E0,0.E0));
#3613=AXIS2_PLACEMENT_3D('',#3610,#3611,#3612);
#3614=PLANE('',#3613);
#3615=ORIENTED_EDGE('',*,*,#3541,.F.);
#3616=ORIENTED_EDGE('',*,*,#3449,.T.);
#3617=ORIENTED_EDGE('',*,*,#3481,.T.);
#3619=ORIENTED_EDGE('',*,*,#3618,.F.);
#3620=EDGE_LOOP('',(#3615,#3616,#3617,#3619));
#3621=FACE_OUTER_BOUND('',#3620,.F.);
#3623=CARTESIAN_POINT('',(0.E0,7.5E-2,0.E0));
#3624=DIRECTION('',(0.E0,1.E0,0.E0));
#3625=DIRECTION('',(1.E0,0.E0,0.E0));
#3626=AXIS2_PLACEMENT_3D('',#3623,#3624,#3625);
#3627=PLANE('',#3626);
#3628=ORIENTED_EDGE('',*,*,#3553,.F.);
#3630=ORIENTED_EDGE('',*,*,#3629,.T.);
#3631=ORIENTED_EDGE('',*,*,#3494,.T.);
#3633=ORIENTED_EDGE('',*,*,#3632,.T.);
#3634=ORIENTED_EDGE('',*,*,#3346,.T.);
#3635=ORIENTED_EDGE('',*,*,#3393,.F.);
#3637=ORIENTED_EDGE('',*,*,#3636,.F.);
#3639=ORIENTED_EDGE('',*,*,#3638,.F.);
#3640=EDGE_LOOP('',(#3628,#3630,#3631,#3633,#3634,#3635,#3637,#3639));
#3641=FACE_OUTER_BOUND('',#3640,.F.);
#3643=CARTESIAN_POINT('',(9.5E-1,7.5E-2,-1.35E0));
#3644=DIRECTION('',(0.E0,0.E0,-1.E0));
#3645=DIRECTION('',(-1.E0,0.E0,0.E0));
#3646=AXIS2_PLACEMENT_3D('',#3643,#3644,#3645);
#3647=PLANE('',#3646);
#3648=ORIENTED_EDGE('',*,*,#3597,.T.);
#3649=ORIENTED_EDGE('',*,*,#3570,.T.);
#3650=ORIENTED_EDGE('',*,*,#3430,.F.);
#3651=ORIENTED_EDGE('',*,*,#3331,.F.);
#3652=EDGE_LOOP('',(#3648,#3649,#3650,#3651));
#3653=FACE_OUTER_BOUND('',#3652,.F.);
#3655=CARTESIAN_POINT('',(9.5E-1,7.5E-2,-1.35E0));
#3656=DIRECTION('',(0.E0,0.E0,-1.E0));
#3657=DIRECTION('',(-1.E0,0.E0,0.E0));
#3658=AXIS2_PLACEMENT_3D('',#3655,#3656,#3657);
#3659=PLANE('',#3658);
#3660=ORIENTED_EDGE('',*,*,#3636,.T.);
#3661=ORIENTED_EDGE('',*,*,#3391,.T.);
#3662=ORIENTED_EDGE('',*,*,#3418,.F.);
#3664=ORIENTED_EDGE('',*,*,#3663,.F.);
#3665=EDGE_LOOP('',(#3660,#3661,#3662,#3664));
#3666=FACE_OUTER_BOUND('',#3665,.F.);
#3668=CARTESIAN_POINT('',(9.5E-1,7.5E-2,-1.35E0));
#3669=DIRECTION('',(0.E0,0.E0,-1.E0));
#3670=DIRECTION('',(-1.E0,0.E0,0.E0));
#3671=AXIS2_PLACEMENT_3D('',#3668,#3669,#3670);
#3672=PLANE('',#3671);
#3673=ORIENTED_EDGE('',*,*,#3580,.T.);
#3675=ORIENTED_EDGE('',*,*,#3674,.T.);
#3676=ORIENTED_EDGE('',*,*,#3424,.F.);
#3678=ORIENTED_EDGE('',*,*,#3677,.F.);
#3679=EDGE_LOOP('',(#3673,#3675,#3676,#3678));
#3680=FACE_OUTER_BOUND('',#3679,.F.);
#3682=CARTESIAN_POINT('',(9.5E-1,7.5E-2,1.35E0));
#3683=DIRECTION('',(1.E0,0.E0,0.E0));
#3684=DIRECTION('',(0.E0,0.E0,-1.E0));
#3685=AXIS2_PLACEMENT_3D('',#3682,#3683,#3684);
#3686=PLANE('',#3685);
#3687=ORIENTED_EDGE('',*,*,#3638,.T.);
#3688=ORIENTED_EDGE('',*,*,#3663,.T.);
#3689=ORIENTED_EDGE('',*,*,#3416,.F.);
#3690=ORIENTED_EDGE('',*,*,#3555,.F.);
#3691=EDGE_LOOP('',(#3687,#3688,#3689,#3690));
#3692=FACE_OUTER_BOUND('',#3691,.F.);
#3694=CARTESIAN_POINT('',(-1.25E-1,-2.5E-2,-1.2E0));
#3695=DIRECTION('',(1.E0,0.E0,0.E0));
#3696=DIRECTION('',(0.E0,0.E0,-1.E0));
#3697=AXIS2_PLACEMENT_3D('',#3694,#3695,#3696);
#3698=PLANE('',#3697);
#3699=ORIENTED_EDGE('',*,*,#2598,.F.);
#3700=ORIENTED_EDGE('',*,*,#2931,.T.);
#3701=ORIENTED_EDGE('',*,*,#3426,.F.);
#3702=ORIENTED_EDGE('',*,*,#3674,.F.);
#3703=ORIENTED_EDGE('',*,*,#3585,.T.);
#3704=ORIENTED_EDGE('',*,*,#3359,.F.);
#3705=EDGE_LOOP('',(#3699,#3700,#3701,#3702,#3703,#3704));
#3706=FACE_OUTER_BOUND('',#3705,.F.);
#3708=CARTESIAN_POINT('',(1.25E-1,-2.5E-2,-1.2E0));
#3709=DIRECTION('',(1.E0,0.E0,0.E0));
#3710=DIRECTION('',(0.E0,0.E0,-1.E0));
#3711=AXIS2_PLACEMENT_3D('',#3708,#3709,#3710);
#3712=PLANE('',#3711);
#3713=ORIENTED_EDGE('',*,*,#2602,.T.);
#3714=ORIENTED_EDGE('',*,*,#3363,.T.);
#3715=ORIENTED_EDGE('',*,*,#3582,.F.);
#3716=ORIENTED_EDGE('',*,*,#3677,.T.);
#3717=ORIENTED_EDGE('',*,*,#3422,.T.);
#3718=ORIENTED_EDGE('',*,*,#2934,.F.);
#3719=EDGE_LOOP('',(#3713,#3714,#3715,#3716,#3717,#3718));
#3720=FACE_OUTER_BOUND('',#3719,.F.);
#3722=CARTESIAN_POINT('',(-6.75E-1,7.5E-2,-1.05E0));
#3723=DIRECTION('',(-7.071067811865E-1,0.E0,-7.071067811865E-1));
#3724=DIRECTION('',(7.071067811865E-1,0.E0,-7.071067811865E-1));
#3725=AXIS2_PLACEMENT_3D('',#3722,#3723,#3724);
#3726=PLANE('',#3725);
#3727=ORIENTED_EDGE('',*,*,#2686,.F.);
#3729=ORIENTED_EDGE('',*,*,#3728,.F.);
#3730=ORIENTED_EDGE('',*,*,#3601,.T.);
#3731=ORIENTED_EDGE('',*,*,#3373,.T.);
#3732=EDGE_LOOP('',(#3727,#3729,#3730,#3731));
#3733=FACE_OUTER_BOUND('',#3732,.F.);
#3735=CARTESIAN_POINT('',(-8.25E-1,-2.5E-2,-1.2E0));
#3736=DIRECTION('',(-1.E0,0.E0,0.E0));
#3737=DIRECTION('',(0.E0,0.E0,1.E0));
#3738=AXIS2_PLACEMENT_3D('',#3735,#3736,#3737);
#3739=PLANE('',#3738);
#3740=ORIENTED_EDGE('',*,*,#2684,.T.);
#3741=ORIENTED_EDGE('',*,*,#3468,.F.);
#3742=ORIENTED_EDGE('',*,*,#3603,.F.);
#3743=ORIENTED_EDGE('',*,*,#3728,.T.);
#3744=EDGE_LOOP('',(#3740,#3741,#3742,#3743));
#3745=FACE_OUTER_BOUND('',#3744,.F.);
#3747=CARTESIAN_POINT('',(1.25E-1,-2.5E-2,1.2E0));
#3748=DIRECTION('',(-1.E0,0.E0,0.E0));
#3749=DIRECTION('',(0.E0,0.E0,1.E0));
#3750=AXIS2_PLACEMENT_3D('',#3747,#3748,#3749);
#3751=PLANE('',#3750);
#3752=ORIENTED_EDGE('',*,*,#2582,.F.);
#3753=ORIENTED_EDGE('',*,*,#2759,.T.);
#3754=ORIENTED_EDGE('',*,*,#3409,.F.);
#3755=ORIENTED_EDGE('',*,*,#3537,.F.);
#3756=ORIENTED_EDGE('',*,*,#3618,.T.);
#3757=ORIENTED_EDGE('',*,*,#3479,.F.);
#3758=EDGE_LOOP('',(#3752,#3753,#3754,#3755,#3756,#3757));
#3759=FACE_OUTER_BOUND('',#3758,.F.);
#3761=CARTESIAN_POINT('',(3.75E-1,-2.5E-2,1.5E0));
#3762=DIRECTION('',(1.E0,0.E0,0.E0));
#3763=DIRECTION('',(0.E0,0.E0,-1.E0));
#3764=AXIS2_PLACEMENT_3D('',#3761,#3762,#3763);
#3765=PLANE('',#3764);
#3766=ORIENTED_EDGE('',*,*,#2664,.T.);
#3767=ORIENTED_EDGE('',*,*,#3496,.T.);
#3768=ORIENTED_EDGE('',*,*,#3629,.F.);
#3769=ORIENTED_EDGE('',*,*,#3551,.T.);
#3770=ORIENTED_EDGE('',*,*,#3412,.F.);
#3771=ORIENTED_EDGE('',*,*,#2755,.F.);
#3772=EDGE_LOOP('',(#3766,#3767,#3768,#3769,#3770,#3771));
#3773=FACE_OUTER_BOUND('',#3772,.F.);
#3775=CARTESIAN_POINT('',(8.25E-1,-2.5E-2,1.2E0));
#3776=DIRECTION('',(1.E0,0.E0,0.E0));
#3777=DIRECTION('',(0.E0,0.E0,-1.E0));
#3778=AXIS2_PLACEMENT_3D('',#3775,#3776,#3777);
#3779=PLANE('',#3778);
#3780=ORIENTED_EDGE('',*,*,#2660,.T.);
#3781=ORIENTED_EDGE('',*,*,#3348,.F.);
#3782=ORIENTED_EDGE('',*,*,#3632,.F.);
#3783=ORIENTED_EDGE('',*,*,#3492,.T.);
#3784=EDGE_LOOP('',(#3780,#3781,#3782,#3783));
#3785=FACE_OUTER_BOUND('',#3784,.F.);
#3787=CARTESIAN_POINT('',(1.45E0,7.5E-2,1.8E0));
#3788=DIRECTION('',(-1.E0,0.E0,0.E0));
#3789=DIRECTION('',(0.E0,-1.E0,0.E0));
#3790=AXIS2_PLACEMENT_3D('',#3787,#3788,#3789);
#3791=PLANE('',#3790);
#3792=ORIENTED_EDGE('',*,*,#2612,.F.);
#3793=ORIENTED_EDGE('',*,*,#2752,.T.);
#3795=ORIENTED_EDGE('',*,*,#3794,.T.);
#3797=ORIENTED_EDGE('',*,*,#3796,.F.);
#3798=EDGE_LOOP('',(#3792,#3793,#3795,#3797));
#3799=FACE_OUTER_BOUND('',#3798,.F.);
#3801=CARTESIAN_POINT('',(1.45E0,7.5E-2,1.8E0));
#3802=DIRECTION('',(-1.E0,0.E0,0.E0));
#3803=DIRECTION('',(0.E0,-1.E0,0.E0));
#3804=AXIS2_PLACEMENT_3D('',#3801,#3802,#3803);
#3805=PLANE('',#3804);
#3806=ORIENTED_EDGE('',*,*,#2620,.F.);
#3808=ORIENTED_EDGE('',*,*,#3807,.T.);
#3810=ORIENTED_EDGE('',*,*,#3809,.T.);
#3812=ORIENTED_EDGE('',*,*,#3811,.F.);
#3813=EDGE_LOOP('',(#3806,#3808,#3810,#3812));
#3814=FACE_OUTER_BOUND('',#3813,.F.);
#3816=CARTESIAN_POINT('',(1.45E0,7.5E-2,1.8E0));
#3817=DIRECTION('',(-1.E0,0.E0,0.E0));
#3818=DIRECTION('',(0.E0,-1.E0,0.E0));
#3819=AXIS2_PLACEMENT_3D('',#3816,#3817,#3818);
#3820=PLANE('',#3819);
#3821=ORIENTED_EDGE('',*,*,#2628,.F.);
#3823=ORIENTED_EDGE('',*,*,#3822,.T.);
#3825=ORIENTED_EDGE('',*,*,#3824,.T.);
#3827=ORIENTED_EDGE('',*,*,#3826,.F.);
#3828=EDGE_LOOP('',(#3821,#3823,#3825,#3827));
#3829=FACE_OUTER_BOUND('',#3828,.F.);
#3831=CARTESIAN_POINT('',(1.45E0,7.5E-2,1.8E0));
#3832=DIRECTION('',(-1.E0,0.E0,0.E0));
#3833=DIRECTION('',(0.E0,-1.E0,0.E0));
#3834=AXIS2_PLACEMENT_3D('',#3831,#3832,#3833);
#3835=PLANE('',#3834);
#3836=ORIENTED_EDGE('',*,*,#2636,.F.);
#3838=ORIENTED_EDGE('',*,*,#3837,.T.);
#3840=ORIENTED_EDGE('',*,*,#3839,.T.);
#3842=ORIENTED_EDGE('',*,*,#3841,.F.);
#3843=EDGE_LOOP('',(#3836,#3838,#3840,#3842));
#3844=FACE_OUTER_BOUND('',#3843,.F.);
#3846=CARTESIAN_POINT('',(1.45E0,7.5E-2,1.8E0));
#3847=DIRECTION('',(-1.E0,0.E0,0.E0));
#3848=DIRECTION('',(0.E0,-1.E0,0.E0));
#3849=AXIS2_PLACEMENT_3D('',#3846,#3847,#3848);
#3850=PLANE('',#3849);
#3851=ORIENTED_EDGE('',*,*,#2644,.F.);
#3853=ORIENTED_EDGE('',*,*,#3852,.T.);
#3855=ORIENTED_EDGE('',*,*,#3854,.T.);
#3857=ORIENTED_EDGE('',*,*,#3856,.F.);
#3858=EDGE_LOOP('',(#3851,#3853,#3855,#3857));
#3859=FACE_OUTER_BOUND('',#3858,.F.);
#3861=CARTESIAN_POINT('',(1.45E0,7.5E-2,1.8E0));
#3862=DIRECTION('',(-1.E0,0.E0,0.E0));
#3863=DIRECTION('',(0.E0,-1.E0,0.E0));
#3864=AXIS2_PLACEMENT_3D('',#3861,#3862,#3863);
#3865=PLANE('',#3864);
#3866=ORIENTED_EDGE('',*,*,#2941,.F.);
#3867=ORIENTED_EDGE('',*,*,#2652,.F.);
#3869=ORIENTED_EDGE('',*,*,#3868,.T.);
#3871=ORIENTED_EDGE('',*,*,#3870,.T.);
#3872=EDGE_LOOP('',(#3866,#3867,#3869,#3871));
#3873=FACE_OUTER_BOUND('',#3872,.F.);
#3875=CARTESIAN_POINT('',(1.5E0,7.5E-2,1.8E0));
#3876=DIRECTION('',(0.E0,1.E0,0.E0));
#3877=DIRECTION('',(-1.E0,0.E0,0.E0));
#3878=AXIS2_PLACEMENT_3D('',#3875,#3876,#3877);
#3879=PLANE('',#3878);
#3880=ORIENTED_EDGE('',*,*,#2750,.F.);
#3882=ORIENTED_EDGE('',*,*,#3881,.T.);
#3884=ORIENTED_EDGE('',*,*,#3883,.T.);
#3885=ORIENTED_EDGE('',*,*,#3794,.F.);
#3886=EDGE_LOOP('',(#3880,#3882,#3884,#3885));
#3887=FACE_OUTER_BOUND('',#3886,.F.);
#3889=CARTESIAN_POINT('',(1.5E0,7.5E-2,1.8E0));
#3890=DIRECTION('',(0.E0,1.E0,0.E0));
#3891=DIRECTION('',(-1.E0,0.E0,0.E0));
#3892=AXIS2_PLACEMENT_3D('',#3889,#3890,#3891);
#3893=PLANE('',#3892);
#3895=ORIENTED_EDGE('',*,*,#3894,.T.);
#3897=ORIENTED_EDGE('',*,*,#3896,.T.);
#3898=ORIENTED_EDGE('',*,*,#3809,.F.);
#3900=ORIENTED_EDGE('',*,*,#3899,.F.);
#3901=EDGE_LOOP('',(#3895,#3897,#3898,#3900));
#3902=FACE_OUTER_BOUND('',#3901,.F.);
#3904=CARTESIAN_POINT('',(1.5E0,7.5E-2,1.8E0));
#3905=DIRECTION('',(0.E0,1.E0,0.E0));
#3906=DIRECTION('',(-1.E0,0.E0,0.E0));
#3907=AXIS2_PLACEMENT_3D('',#3904,#3905,#3906);
#3908=PLANE('',#3907);
#3910=ORIENTED_EDGE('',*,*,#3909,.T.);
#3912=ORIENTED_EDGE('',*,*,#3911,.T.);
#3913=ORIENTED_EDGE('',*,*,#3824,.F.);
#3915=ORIENTED_EDGE('',*,*,#3914,.F.);
#3916=EDGE_LOOP('',(#3910,#3912,#3913,#3915));
#3917=FACE_OUTER_BOUND('',#3916,.F.);
#3919=CARTESIAN_POINT('',(1.5E0,7.5E-2,1.8E0));
#3920=DIRECTION('',(0.E0,1.E0,0.E0));
#3921=DIRECTION('',(-1.E0,0.E0,0.E0));
#3922=AXIS2_PLACEMENT_3D('',#3919,#3920,#3921);
#3923=PLANE('',#3922);
#3925=ORIENTED_EDGE('',*,*,#3924,.T.);
#3927=ORIENTED_EDGE('',*,*,#3926,.T.);
#3928=ORIENTED_EDGE('',*,*,#3839,.F.);
#3930=ORIENTED_EDGE('',*,*,#3929,.F.);
#3931=EDGE_LOOP('',(#3925,#3927,#3928,#3930));
#3932=FACE_OUTER_BOUND('',#3931,.F.);
#3934=CARTESIAN_POINT('',(1.5E0,7.5E-2,1.8E0));
#3935=DIRECTION('',(0.E0,1.E0,0.E0));
#3936=DIRECTION('',(-1.E0,0.E0,0.E0));
#3937=AXIS2_PLACEMENT_3D('',#3934,#3935,#3936);
#3938=PLANE('',#3937);
#3940=ORIENTED_EDGE('',*,*,#3939,.T.);
#3942=ORIENTED_EDGE('',*,*,#3941,.T.);
#3943=ORIENTED_EDGE('',*,*,#3854,.F.);
#3945=ORIENTED_EDGE('',*,*,#3944,.F.);
#3946=EDGE_LOOP('',(#3940,#3942,#3943,#3945));
#3947=FACE_OUTER_BOUND('',#3946,.F.);
#3949=CARTESIAN_POINT('',(1.5E0,7.5E-2,1.8E0));
#3950=DIRECTION('',(0.E0,1.E0,0.E0));
#3951=DIRECTION('',(-1.E0,0.E0,0.E0));
#3952=AXIS2_PLACEMENT_3D('',#3949,#3950,#3951);
#3953=PLANE('',#3952);
#3954=ORIENTED_EDGE('',*,*,#2943,.T.);
#3955=ORIENTED_EDGE('',*,*,#3870,.F.);
#3957=ORIENTED_EDGE('',*,*,#3956,.F.);
#3959=ORIENTED_EDGE('',*,*,#3958,.T.);
#3960=EDGE_LOOP('',(#3954,#3955,#3957,#3959));
#3961=FACE_OUTER_BOUND('',#3960,.F.);
#3963=CARTESIAN_POINT('',(1.5E0,0.E0,1.5E0));
#3964=DIRECTION('',(1.E0,0.E0,0.E0));
#3965=DIRECTION('',(0.E0,0.E0,-1.E0));
#3966=AXIS2_PLACEMENT_3D('',#3963,#3964,#3965);
#3967=PLANE('',#3966);
#3968=ORIENTED_EDGE('',*,*,#3881,.F.);
#3969=ORIENTED_EDGE('',*,*,#2748,.T.);
#3971=ORIENTED_EDGE('',*,*,#3970,.T.);
#3972=ORIENTED_EDGE('',*,*,#2945,.F.);
#3973=ORIENTED_EDGE('',*,*,#3958,.F.);
#3975=ORIENTED_EDGE('',*,*,#3974,.T.);
#3977=ORIENTED_EDGE('',*,*,#3976,.F.);
#3979=ORIENTED_EDGE('',*,*,#3978,.F.);
#3980=ORIENTED_EDGE('',*,*,#3939,.F.);
#3982=ORIENTED_EDGE('',*,*,#3981,.T.);
#3984=ORIENTED_EDGE('',*,*,#3983,.F.);
#3986=ORIENTED_EDGE('',*,*,#3985,.F.);
#3987=ORIENTED_EDGE('',*,*,#3924,.F.);
#3989=ORIENTED_EDGE('',*,*,#3988,.T.);
#3991=ORIENTED_EDGE('',*,*,#3990,.F.);
#3993=ORIENTED_EDGE('',*,*,#3992,.F.);
#3994=ORIENTED_EDGE('',*,*,#3909,.F.);
#3996=ORIENTED_EDGE('',*,*,#3995,.T.);
#3998=ORIENTED_EDGE('',*,*,#3997,.F.);
#4000=ORIENTED_EDGE('',*,*,#3999,.F.);
#4001=ORIENTED_EDGE('',*,*,#3894,.F.);
#4003=ORIENTED_EDGE('',*,*,#4002,.T.);
#4005=ORIENTED_EDGE('',*,*,#4004,.F.);
#4007=ORIENTED_EDGE('',*,*,#4006,.F.);
#4008=EDGE_LOOP('',(#3968,#3969,#3971,#3972,#3973,#3975,#3977,#3979,#3980,#3982,
#3984,#3986,#3987,#3989,#3991,#3993,#3994,#3996,#3998,#4000,#4001,#4003,#4005,
#4007));
#4009=FACE_OUTER_BOUND('',#4008,.F.);
#4011=CARTESIAN_POINT('',(0.E0,8.5E-1,0.E0));
#4012=DIRECTION('',(0.E0,1.E0,0.E0));
#4013=DIRECTION('',(1.E0,0.E0,0.E0));
#4014=AXIS2_PLACEMENT_3D('',#4011,#4012,#4013);
#4015=PLANE('',#4014);
#4016=ORIENTED_EDGE('',*,*,#2877,.F.);
#4017=ORIENTED_EDGE('',*,*,#2947,.F.);
#4018=ORIENTED_EDGE('',*,*,#3970,.F.);
#4019=ORIENTED_EDGE('',*,*,#2746,.F.);
#4020=EDGE_LOOP('',(#4016,#4017,#4018,#4019));
#4021=FACE_OUTER_BOUND('',#4020,.F.);
#4023=CARTESIAN_POINT('',(1.5E0,-2.5E-2,-1.125E0));
#4024=DIRECTION('',(0.E0,0.E0,-1.E0));
#4025=DIRECTION('',(-1.E0,0.E0,0.E0));
#4026=AXIS2_PLACEMENT_3D('',#4023,#4024,#4025);
#4027=PLANE('',#4026);
#4028=ORIENTED_EDGE('',*,*,#3956,.T.);
#4029=ORIENTED_EDGE('',*,*,#3868,.F.);
#4030=ORIENTED_EDGE('',*,*,#2650,.T.);
#4032=ORIENTED_EDGE('',*,*,#4031,.T.);
#4034=ORIENTED_EDGE('',*,*,#4033,.F.);
#4035=ORIENTED_EDGE('',*,*,#3974,.F.);
#4036=EDGE_LOOP('',(#4028,#4029,#4030,#4032,#4034,#4035));
#4037=FACE_OUTER_BOUND('',#4036,.F.);
#4039=CARTESIAN_POINT('',(1.225E0,-2.5E-2,-1.E0));
#4040=DIRECTION('',(0.E0,1.E0,0.E0));
#4041=DIRECTION('',(1.E0,0.E0,0.E0));
#4042=AXIS2_PLACEMENT_3D('',#4039,#4040,#4041);
#4043=CYLINDRICAL_SURFACE('',#4042,1.25E-1);
#4044=ORIENTED_EDGE('',*,*,#2648,.T.);
#4046=ORIENTED_EDGE('',*,*,#4045,.T.);
#4048=ORIENTED_EDGE('',*,*,#4047,.F.);
#4049=ORIENTED_EDGE('',*,*,#4031,.F.);
#4050=EDGE_LOOP('',(#4044,#4046,#4048,#4049));
#4051=FACE_OUTER_BOUND('',#4050,.F.);
#4053=CARTESIAN_POINT('',(1.225E0,-2.5E-2,-8.75E-1));
#4054=DIRECTION('',(0.E0,0.E0,1.E0));
#4055=DIRECTION('',(1.E0,0.E0,0.E0));
#4056=AXIS2_PLACEMENT_3D('',#4053,#4054,#4055);
#4057=PLANE('',#4056);
#4058=ORIENTED_EDGE('',*,*,#3941,.F.);
#4059=ORIENTED_EDGE('',*,*,#3978,.T.);
#4061=ORIENTED_EDGE('',*,*,#4060,.F.);
#4062=ORIENTED_EDGE('',*,*,#4045,.F.);
#4063=ORIENTED_EDGE('',*,*,#2646,.F.);
#4064=ORIENTED_EDGE('',*,*,#3856,.T.);
#4065=EDGE_LOOP('',(#4058,#4059,#4061,#4062,#4063,#4064));
#4066=FACE_OUTER_BOUND('',#4065,.F.);
#4068=CARTESIAN_POINT('',(0.E0,1.75E-1,0.E0));
#4069=DIRECTION('',(0.E0,1.E0,0.E0));
#4070=DIRECTION('',(1.E0,0.E0,0.E0));
#4071=AXIS2_PLACEMENT_3D('',#4068,#4069,#4070);
#4072=PLANE('',#4071);
#4073=ORIENTED_EDGE('',*,*,#3976,.T.);
#4074=ORIENTED_EDGE('',*,*,#4033,.T.);
#4075=ORIENTED_EDGE('',*,*,#4047,.T.);
#4076=ORIENTED_EDGE('',*,*,#4060,.T.);
#4077=EDGE_LOOP('',(#4073,#4074,#4075,#4076));
#4078=FACE_OUTER_BOUND('',#4077,.F.);
#4080=CARTESIAN_POINT('',(1.5E0,-2.5E-2,-6.25E-1));
#4081=DIRECTION('',(0.E0,0.E0,-1.E0));
#4082=DIRECTION('',(-1.E0,0.E0,0.E0));
#4083=AXIS2_PLACEMENT_3D('',#4080,#4081,#4082);
#4084=PLANE('',#4083);
#4085=ORIENTED_EDGE('',*,*,#3944,.T.);
#4086=ORIENTED_EDGE('',*,*,#3852,.F.);
#4087=ORIENTED_EDGE('',*,*,#2642,.T.);
#4089=ORIENTED_EDGE('',*,*,#4088,.T.);
#4091=ORIENTED_EDGE('',*,*,#4090,.F.);
#4092=ORIENTED_EDGE('',*,*,#3981,.F.);
#4093=EDGE_LOOP('',(#4085,#4086,#4087,#4089,#4091,#4092));
#4094=FACE_OUTER_BOUND('',#4093,.F.);
#4096=CARTESIAN_POINT('',(1.225E0,-2.5E-2,-5.E-1));
#4097=DIRECTION('',(0.E0,1.E0,0.E0));
#4098=DIRECTION('',(1.E0,0.E0,0.E0));
#4099=AXIS2_PLACEMENT_3D('',#4096,#4097,#4098);
#4100=CYLINDRICAL_SURFACE('',#4099,1.25E-1);
#4101=ORIENTED_EDGE('',*,*,#2640,.T.);
#4103=ORIENTED_EDGE('',*,*,#4102,.T.);
#4105=ORIENTED_EDGE('',*,*,#4104,.F.);
#4106=ORIENTED_EDGE('',*,*,#4088,.F.);
#4107=EDGE_LOOP('',(#4101,#4103,#4105,#4106));
#4108=FACE_OUTER_BOUND('',#4107,.F.);
#4110=CARTESIAN_POINT('',(1.225E0,-2.5E-2,-3.75E-1));
#4111=DIRECTION('',(0.E0,0.E0,1.E0));
#4112=DIRECTION('',(1.E0,0.E0,0.E0));
#4113=AXIS2_PLACEMENT_3D('',#4110,#4111,#4112);
#4114=PLANE('',#4113);
#4115=ORIENTED_EDGE('',*,*,#3926,.F.);
#4116=ORIENTED_EDGE('',*,*,#3985,.T.);
#4118=ORIENTED_EDGE('',*,*,#4117,.F.);
#4119=ORIENTED_EDGE('',*,*,#4102,.F.);
#4120=ORIENTED_EDGE('',*,*,#2638,.F.);
#4121=ORIENTED_EDGE('',*,*,#3841,.T.);
#4122=EDGE_LOOP('',(#4115,#4116,#4118,#4119,#4120,#4121));
#4123=FACE_OUTER_BOUND('',#4122,.F.);
#4125=CARTESIAN_POINT('',(0.E0,1.75E-1,0.E0));
#4126=DIRECTION('',(0.E0,1.E0,0.E0));
#4127=DIRECTION('',(1.E0,0.E0,0.E0));
#4128=AXIS2_PLACEMENT_3D('',#4125,#4126,#4127);
#4129=PLANE('',#4128);
#4130=ORIENTED_EDGE('',*,*,#3983,.T.);
#4131=ORIENTED_EDGE('',*,*,#4090,.T.);
#4132=ORIENTED_EDGE('',*,*,#4104,.T.);
#4133=ORIENTED_EDGE('',*,*,#4117,.T.);
#4134=EDGE_LOOP('',(#4130,#4131,#4132,#4133));
#4135=FACE_OUTER_BOUND('',#4134,.F.);
#4137=CARTESIAN_POINT('',(1.5E0,-2.5E-2,-1.25E-1));
#4138=DIRECTION('',(0.E0,0.E0,-1.E0));
#4139=DIRECTION('',(-1.E0,0.E0,0.E0));
#4140=AXIS2_PLACEMENT_3D('',#4137,#4138,#4139);
#4141=PLANE('',#4140);
#4142=ORIENTED_EDGE('',*,*,#3929,.T.);
#4143=ORIENTED_EDGE('',*,*,#3837,.F.);
#4144=ORIENTED_EDGE('',*,*,#2634,.T.);
#4146=ORIENTED_EDGE('',*,*,#4145,.T.);
#4148=ORIENTED_EDGE('',*,*,#4147,.F.);
#4149=ORIENTED_EDGE('',*,*,#3988,.F.);
#4150=EDGE_LOOP('',(#4142,#4143,#4144,#4146,#4148,#4149));
#4151=FACE_OUTER_BOUND('',#4150,.F.);
#4153=CARTESIAN_POINT('',(1.225E0,-2.5E-2,0.E0));
#4154=DIRECTION('',(0.E0,1.E0,0.E0));
#4155=DIRECTION('',(1.E0,0.E0,0.E0));
#4156=AXIS2_PLACEMENT_3D('',#4153,#4154,#4155);
#4157=CYLINDRICAL_SURFACE('',#4156,1.25E-1);
#4158=ORIENTED_EDGE('',*,*,#2632,.T.);
#4160=ORIENTED_EDGE('',*,*,#4159,.T.);
#4162=ORIENTED_EDGE('',*,*,#4161,.F.);
#4163=ORIENTED_EDGE('',*,*,#4145,.F.);
#4164=EDGE_LOOP('',(#4158,#4160,#4162,#4163));
#4165=FACE_OUTER_BOUND('',#4164,.F.);
#4167=CARTESIAN_POINT('',(1.225E0,-2.5E-2,1.25E-1));
#4168=DIRECTION('',(0.E0,0.E0,1.E0));
#4169=DIRECTION('',(1.E0,0.E0,0.E0));
#4170=AXIS2_PLACEMENT_3D('',#4167,#4168,#4169);
#4171=PLANE('',#4170);
#4172=ORIENTED_EDGE('',*,*,#3911,.F.);
#4173=ORIENTED_EDGE('',*,*,#3992,.T.);
#4175=ORIENTED_EDGE('',*,*,#4174,.F.);
#4176=ORIENTED_EDGE('',*,*,#4159,.F.);
#4177=ORIENTED_EDGE('',*,*,#2630,.F.);
#4178=ORIENTED_EDGE('',*,*,#3826,.T.);
#4179=EDGE_LOOP('',(#4172,#4173,#4175,#4176,#4177,#4178));
#4180=FACE_OUTER_BOUND('',#4179,.F.);
#4182=CARTESIAN_POINT('',(0.E0,1.75E-1,0.E0));
#4183=DIRECTION('',(0.E0,1.E0,0.E0));
#4184=DIRECTION('',(1.E0,0.E0,0.E0));
#4185=AXIS2_PLACEMENT_3D('',#4182,#4183,#4184);
#4186=PLANE('',#4185);
#4187=ORIENTED_EDGE('',*,*,#3990,.T.);
#4188=ORIENTED_EDGE('',*,*,#4147,.T.);
#4189=ORIENTED_EDGE('',*,*,#4161,.T.);
#4190=ORIENTED_EDGE('',*,*,#4174,.T.);
#4191=EDGE_LOOP('',(#4187,#4188,#4189,#4190));
#4192=FACE_OUTER_BOUND('',#4191,.F.);
#4194=CARTESIAN_POINT('',(1.5E0,-2.5E-2,3.75E-1));
#4195=DIRECTION('',(0.E0,0.E0,-1.E0));
#4196=DIRECTION('',(-1.E0,0.E0,0.E0));
#4197=AXIS2_PLACEMENT_3D('',#4194,#4195,#4196);
#4198=PLANE('',#4197);
#4199=ORIENTED_EDGE('',*,*,#3914,.T.);
#4200=ORIENTED_EDGE('',*,*,#3822,.F.);
#4201=ORIENTED_EDGE('',*,*,#2626,.T.);
#4203=ORIENTED_EDGE('',*,*,#4202,.T.);
#4205=ORIENTED_EDGE('',*,*,#4204,.F.);
#4206=ORIENTED_EDGE('',*,*,#3995,.F.);
#4207=EDGE_LOOP('',(#4199,#4200,#4201,#4203,#4205,#4206));
#4208=FACE_OUTER_BOUND('',#4207,.F.);
#4210=CARTESIAN_POINT('',(1.225E0,-2.5E-2,5.E-1));
#4211=DIRECTION('',(0.E0,1.E0,0.E0));
#4212=DIRECTION('',(1.E0,0.E0,0.E0));
#4213=AXIS2_PLACEMENT_3D('',#4210,#4211,#4212);
#4214=CYLINDRICAL_SURFACE('',#4213,1.25E-1);
#4215=ORIENTED_EDGE('',*,*,#2624,.T.);
#4217=ORIENTED_EDGE('',*,*,#4216,.T.);
#4219=ORIENTED_EDGE('',*,*,#4218,.F.);
#4220=ORIENTED_EDGE('',*,*,#4202,.F.);
#4221=EDGE_LOOP('',(#4215,#4217,#4219,#4220));
#4222=FACE_OUTER_BOUND('',#4221,.F.);
#4224=CARTESIAN_POINT('',(1.225E0,-2.5E-2,6.25E-1));
#4225=DIRECTION('',(0.E0,0.E0,1.E0));
#4226=DIRECTION('',(1.E0,0.E0,0.E0));
#4227=AXIS2_PLACEMENT_3D('',#4224,#4225,#4226);
#4228=PLANE('',#4227);
#4229=ORIENTED_EDGE('',*,*,#3896,.F.);
#4230=ORIENTED_EDGE('',*,*,#3999,.T.);
#4232=ORIENTED_EDGE('',*,*,#4231,.F.);
#4233=ORIENTED_EDGE('',*,*,#4216,.F.);
#4234=ORIENTED_EDGE('',*,*,#2622,.F.);
#4235=ORIENTED_EDGE('',*,*,#3811,.T.);
#4236=EDGE_LOOP('',(#4229,#4230,#4232,#4233,#4234,#4235));
#4237=FACE_OUTER_BOUND('',#4236,.F.);
#4239=CARTESIAN_POINT('',(0.E0,1.75E-1,0.E0));
#4240=DIRECTION('',(0.E0,1.E0,0.E0));
#4241=DIRECTION('',(1.E0,0.E0,0.E0));
#4242=AXIS2_PLACEMENT_3D('',#4239,#4240,#4241);
#4243=PLANE('',#4242);
#4244=ORIENTED_EDGE('',*,*,#3997,.T.);
#4245=ORIENTED_EDGE('',*,*,#4204,.T.);
#4246=ORIENTED_EDGE('',*,*,#4218,.T.);
#4247=ORIENTED_EDGE('',*,*,#4231,.T.);
#4248=EDGE_LOOP('',(#4244,#4245,#4246,#4247));
#4249=FACE_OUTER_BOUND('',#4248,.F.);
#4251=CARTESIAN_POINT('',(1.5E0,-2.5E-2,8.75E-1));
#4252=DIRECTION('',(0.E0,0.E0,-1.E0));
#4253=DIRECTION('',(-1.E0,0.E0,0.E0));
#4254=AXIS2_PLACEMENT_3D('',#4251,#4252,#4253);
#4255=PLANE('',#4254);
#4256=ORIENTED_EDGE('',*,*,#3899,.T.);
#4257=ORIENTED_EDGE('',*,*,#3807,.F.);
#4258=ORIENTED_EDGE('',*,*,#2618,.T.);
#4260=ORIENTED_EDGE('',*,*,#4259,.T.);
#4262=ORIENTED_EDGE('',*,*,#4261,.F.);
#4263=ORIENTED_EDGE('',*,*,#4002,.F.);
#4264=EDGE_LOOP('',(#4256,#4257,#4258,#4260,#4262,#4263));
#4265=FACE_OUTER_BOUND('',#4264,.F.);
#4267=CARTESIAN_POINT('',(1.225E0,-2.5E-2,1.E0));
#4268=DIRECTION('',(0.E0,1.E0,0.E0));
#4269=DIRECTION('',(1.E0,0.E0,0.E0));
#4270=AXIS2_PLACEMENT_3D('',#4267,#4268,#4269);
#4271=CYLINDRICAL_SURFACE('',#4270,1.25E-1);
#4272=ORIENTED_EDGE('',*,*,#2616,.T.);
#4274=ORIENTED_EDGE('',*,*,#4273,.T.);
#4276=ORIENTED_EDGE('',*,*,#4275,.F.);
#4277=ORIENTED_EDGE('',*,*,#4259,.F.);
#4278=EDGE_LOOP('',(#4272,#4274,#4276,#4277));
#4279=FACE_OUTER_BOUND('',#4278,.F.);
#4281=CARTESIAN_POINT('',(1.225E0,-2.5E-2,1.125E0));
#4282=DIRECTION('',(0.E0,0.E0,1.E0));
#4283=DIRECTION('',(1.E0,0.E0,0.E0));
#4284=AXIS2_PLACEMENT_3D('',#4281,#4282,#4283);
#4285=PLANE('',#4284);
#4286=ORIENTED_EDGE('',*,*,#3883,.F.);
#4287=ORIENTED_EDGE('',*,*,#4006,.T.);
#4289=ORIENTED_EDGE('',*,*,#4288,.F.);
#4290=ORIENTED_EDGE('',*,*,#4273,.F.);
#4291=ORIENTED_EDGE('',*,*,#2614,.F.);
#4292=ORIENTED_EDGE('',*,*,#3796,.T.);
#4293=EDGE_LOOP('',(#4286,#4287,#4289,#4290,#4291,#4292));
#4294=FACE_OUTER_BOUND('',#4293,.F.);
#4296=CARTESIAN_POINT('',(0.E0,1.75E-1,0.E0));
#4297=DIRECTION('',(0.E0,1.E0,0.E0));
#4298=DIRECTION('',(1.E0,0.E0,0.E0));
#4299=AXIS2_PLACEMENT_3D('',#4296,#4297,#4298);
#4300=PLANE('',#4299);
#4301=ORIENTED_EDGE('',*,*,#4004,.T.);
#4302=ORIENTED_EDGE('',*,*,#4261,.T.);
#4303=ORIENTED_EDGE('',*,*,#4275,.T.);
#4304=ORIENTED_EDGE('',*,*,#4288,.T.);
#4305=EDGE_LOOP('',(#4301,#4302,#4303,#4304));
#4306=FACE_OUTER_BOUND('',#4305,.F.);
#4308=CLOSED_SHELL('',(#2590,#2606,#2670,#2736,#2773,#2789,#2805,#2821,#2837,
#2853,#2868,#2917,#2952,#2965,#2979,#2993,#3007,#3021,#3034,#3050,#3064,#3079,
#3091,#3107,#3121,#3136,#3148,#3164,#3178,#3193,#3205,#3221,#3235,#3250,#3262,
#3278,#3292,#3307,#3319,#3337,#3352,#3367,#3381,#3398,#3440,#3457,#3472,#3486,
#3501,#3517,#3531,#3545,#3560,#3574,#3589,#3609,#3622,#3642,#3654,#3667,#3681,
#3693,#3707,#3721,#3734,#3746,#3760,#3774,#3786,#3800,#3815,#3830,#3845,#3860,
#3874,#3888,#3903,#3918,#3933,#3948,#3962,#4010,#4022,#4038,#4052,#4067,#4079,
#4095,#4109,#4124,#4136,#4152,#4166,#4181,#4193,#4209,#4223,#4238,#4250,#4266,
#4280,#4295,#4307));
#4309=MANIFOLD_SOLID_BREP('',#4308);
#4310=FILL_AREA_STYLE_COLOUR('',#6);
#4311=FILL_AREA_STYLE('',(#4310));
#4312=SURFACE_STYLE_FILL_AREA(#4311);
#4313=SURFACE_SIDE_STYLE('',(#4312));
#4314=SURFACE_STYLE_USAGE(.BOTH.,#4313);
#4315=PRESENTATION_STYLE_ASSIGNMENT((#4314));
#28=STYLED_ITEM('',(#4315),#4309);
#4318=PLANE_ANGLE_MEASURE_WITH_UNIT(PLANE_ANGLE_MEASURE(1.745329251994E-2),
#4317);
#4319=(CONVERSION_BASED_UNIT('DEGREE',#4318)NAMED_UNIT(*)PLANE_ANGLE_UNIT());
#4321=UNCERTAINTY_MEASURE_WITH_UNIT(LENGTH_MEASURE(4.666718079641E-4),#4316,
'distance_accuracy_value',
'Maximum model space distance between geometric entities at asserted connectivities');
#4323=CARTESIAN_POINT('',(0.E0,0.E0,0.E0));
#4324=DIRECTION('',(0.E0,0.E0,1.E0));
#4325=DIRECTION('',(1.E0,0.E0,0.E0));
#4328=APPLICATION_CONTEXT('automotive_design');
#4329=APPLICATION_PROTOCOL_DEFINITION('international standard',
'automotive_design',2001,#4328);
#4330=PRODUCT_DEFINITION_CONTEXT('part definition',#4328,'design');
#4331=PRODUCT_CONTEXT('',#4328,'mechanical');
#4332=PRODUCT('BODY-SON_AF0','BODY-SON_AF0','NOT SPECIFIED',(#4331));
#4333=PRODUCT_DEFINITION_FORMATION('117','LAST_VERSION',#4332);
#4341=DERIVED_UNIT_ELEMENT(#4340,2.E0);
#4342=DERIVED_UNIT((#4341));
#4343=MEASURE_REPRESENTATION_ITEM('surface area measure',AREA_MEASURE(
3.291654319800E1),#4342);
#4348=DERIVED_UNIT_ELEMENT(#4347,3.E0);
#4349=DERIVED_UNIT((#4348));
#4350=MEASURE_REPRESENTATION_ITEM('volume measure',VOLUME_MEASURE(
6.629486042262E0),#4349);
#4354=CARTESIAN_POINT('centre point',(-3.690896974086E-4,4.764498347123E-1,
-5.600060876717E-4));
#4359=DERIVED_UNIT_ELEMENT(#4358,2.E0);
#4360=DERIVED_UNIT((#4359));
#4361=MEASURE_REPRESENTATION_ITEM('surface area measure',AREA_MEASURE(
3.291654319800E1),#4360);
#4366=DERIVED_UNIT_ELEMENT(#4365,3.E0);
#4367=DERIVED_UNIT((#4366));
#4368=MEASURE_REPRESENTATION_ITEM('volume measure',VOLUME_MEASURE(
6.629486042262E0),#4367);
#4372=CARTESIAN_POINT('centre point',(-3.690896974086E-4,4.764498347123E-1,
-5.600060876717E-4));
#4382=CARTESIAN_POINT('centre point',(-3.690896974086E-4,5.600060876717E-4,
5.014498347123E-1));
#4386=CARTESIAN_POINT('',(0.E0,0.E0,2.5E-2));
#4387=DIRECTION('',(0.E0,-1.E0,0.E0));
#4388=DIRECTION('',(1.E0,0.E0,0.E0));
#4389=AXIS2_PLACEMENT_3D('',#4386,#4387,#4388);
#4390=ITEM_DEFINED_TRANSFORMATION('','',#4326,#4389);
#4391=(REPRESENTATION_RELATIONSHIP('','',#4327,#4379)REPRESENTATION_RELATIONSHIP_WITH_TRANSFORMATION(#4390)SHAPE_REPRESENTATION_RELATIONSHIP());
#4392=CONTEXT_DEPENDENT_SHAPE_REPRESENTATION(#4391,#4381);
#4395=DIRECTION('',(-1.E0,0.E0,0.E0));
#4396=VECTOR('',#4395,2.5E-1);
#4397=CARTESIAN_POINT('',(1.25E-1,0.E0,1.2E0));
#4398=LINE('',#4397,#4396);
#4399=CURVE_STYLE('',#33,POSITIVE_LENGTH_MEASURE(2.E-2),#18);
#4400=PRESENTATION_STYLE_ASSIGNMENT((#4399));
#4401=STYLED_ITEM('',(#4400),#4398);
#4402=DIRECTION('',(0.E0,0.E0,1.E0));
#4403=VECTOR('',#4402,3.E-1);
#4404=CARTESIAN_POINT('',(1.25E-1,0.E0,1.2E0));
#4405=LINE('',#4404,#4403);
#4406=CURVE_STYLE('',#33,POSITIVE_LENGTH_MEASURE(2.E-2),#18);
#4407=PRESENTATION_STYLE_ASSIGNMENT((#4406));
#4408=STYLED_ITEM('',(#4407),#4405);
#4409=DIRECTION('',(1.E0,0.E0,0.E0));
#4410=VECTOR('',#4409,2.5E-1);
#4411=CARTESIAN_POINT('',(1.25E-1,0.E0,1.5E0));
#4412=LINE('',#4411,#4410);
#4413=CURVE_STYLE('',#33,POSITIVE_LENGTH_MEASURE(2.E-2),#18);
#4414=PRESENTATION_STYLE_ASSIGNMENT((#4413));
#4415=STYLED_ITEM('',(#4414),#4412);
#4416=DIRECTION('',(0.E0,0.E0,-1.E0));
#4417=VECTOR('',#4416,3.E-1);
#4418=CARTESIAN_POINT('',(3.75E-1,0.E0,1.5E0));
#4419=LINE('',#4418,#4417);
#4420=CURVE_STYLE('',#33,POSITIVE_LENGTH_MEASURE(2.E-2),#18);
#4421=PRESENTATION_STYLE_ASSIGNMENT((#4420));
#4422=STYLED_ITEM('',(#4421),#4419);
#4423=DIRECTION('',(-1.E0,0.E0,0.E0));
#4424=VECTOR('',#4423,4.5E-1);
#4425=CARTESIAN_POINT('',(8.25E-1,0.E0,1.2E0));
#4426=LINE('',#4425,#4424);
#4427=CURVE_STYLE('',#33,POSITIVE_LENGTH_MEASURE(2.E-2),#18);
#4428=PRESENTATION_STYLE_ASSIGNMENT((#4427));
#4429=STYLED_ITEM('',(#4428),#4426);
#4430=DIRECTION('',(0.E0,0.E0,1.E0));
#4431=VECTOR('',#4430,2.4E0);
#4432=CARTESIAN_POINT('',(8.25E-1,0.E0,-1.2E0));
#4433=LINE('',#4432,#4431);
#4434=CURVE_STYLE('',#33,POSITIVE_LENGTH_MEASURE(2.E-2),#18);
#4435=PRESENTATION_STYLE_ASSIGNMENT((#4434));
#4436=STYLED_ITEM('',(#4435),#4433);
#4437=DIRECTION('',(1.E0,0.E0,0.E0));
#4438=VECTOR('',#4437,4.5E-1);
#4439=CARTESIAN_POINT('',(3.75E-1,0.E0,-1.2E0));
#4440=LINE('',#4439,#4438);
#4441=CURVE_STYLE('',#33,POSITIVE_LENGTH_MEASURE(2.E-2),#18);
#4442=PRESENTATION_STYLE_ASSIGNMENT((#4441));
#4443=STYLED_ITEM('',(#4442),#4440);
#4444=DIRECTION('',(0.E0,0.E0,1.E0));
#4445=VECTOR('',#4444,3.E-1);
#4446=CARTESIAN_POINT('',(3.75E-1,0.E0,-1.5E0));
#4447=LINE('',#4446,#4445);
#4448=CURVE_STYLE('',#33,POSITIVE_LENGTH_MEASURE(2.E-2),#18);
#4449=PRESENTATION_STYLE_ASSIGNMENT((#4448));
#4450=STYLED_ITEM('',(#4449),#4447);
#4451=DIRECTION('',(1.E0,0.E0,0.E0));
#4452=VECTOR('',#4451,2.5E-1);
#4453=CARTESIAN_POINT('',(1.25E-1,0.E0,-1.5E0));
#4454=LINE('',#4453,#4452);
#4455=CURVE_STYLE('',#33,POSITIVE_LENGTH_MEASURE(2.E-2),#18);
#4456=PRESENTATION_STYLE_ASSIGNMENT((#4455));
#4457=STYLED_ITEM('',(#4456),#4454);
#4458=DIRECTION('',(0.E0,0.E0,-1.E0));
#4459=VECTOR('',#4458,3.E-1);
#4460=CARTESIAN_POINT('',(1.25E-1,0.E0,-1.2E0));
#4461=LINE('',#4460,#4459);
#4462=CURVE_STYLE('',#33,POSITIVE_LENGTH_MEASURE(2.E-2),#18);
#4463=PRESENTATION_STYLE_ASSIGNMENT((#4462));
#4464=STYLED_ITEM('',(#4463),#4461);
#4465=DIRECTION('',(1.E0,0.E0,0.E0));
#4466=VECTOR('',#4465,2.5E-1);
#4467=CARTESIAN_POINT('',(-1.25E-1,0.E0,-1.2E0));
#4468=LINE('',#4467,#4466);
#4469=CURVE_STYLE('',#33,POSITIVE_LENGTH_MEASURE(2.E-2),#18);
#4470=PRESENTATION_STYLE_ASSIGNMENT((#4469));
#4471=STYLED_ITEM('',(#4470),#4468);
#4472=DIRECTION('',(0.E0,0.E0,-1.E0));
#4473=VECTOR('',#4472,3.E-1);
#4474=CARTESIAN_POINT('',(-1.25E-1,0.E0,-1.2E0));
#4475=LINE('',#4474,#4473);
#4476=CURVE_STYLE('',#33,POSITIVE_LENGTH_MEASURE(2.E-2),#18);
#4477=PRESENTATION_STYLE_ASSIGNMENT((#4476));
#4478=STYLED_ITEM('',(#4477),#4475);
#4479=DIRECTION('',(-1.E0,0.E0,0.E0));
#4480=VECTOR('',#4479,2.5E-1);
#4481=CARTESIAN_POINT('',(-1.25E-1,0.E0,-1.5E0));
#4482=LINE('',#4481,#4480);
#4483=CURVE_STYLE('',#33,POSITIVE_LENGTH_MEASURE(2.E-2),#18);
#4484=PRESENTATION_STYLE_ASSIGNMENT((#4483));
#4485=STYLED_ITEM('',(#4484),#4482);
#4486=DIRECTION('',(0.E0,0.E0,1.E0));
#4487=VECTOR('',#4486,3.E-1);
#4488=CARTESIAN_POINT('',(-3.75E-1,0.E0,-1.5E0));
#4489=LINE('',#4488,#4487);
#4490=CURVE_STYLE('',#33,POSITIVE_LENGTH_MEASURE(2.E-2),#18);
#4491=PRESENTATION_STYLE_ASSIGNMENT((#4490));
#4492=STYLED_ITEM('',(#4491),#4489);
#4493=DIRECTION('',(1.E0,0.E0,0.E0));
#4494=VECTOR('',#4493,1.5E-1);
#4495=CARTESIAN_POINT('',(-5.25E-1,0.E0,-1.2E0));
#4496=LINE('',#4495,#4494);
#4497=CURVE_STYLE('',#33,POSITIVE_LENGTH_MEASURE(2.E-2),#18);
#4498=PRESENTATION_STYLE_ASSIGNMENT((#4497));
#4499=STYLED_ITEM('',(#4498),#4496);
#4500=DIRECTION('',(7.071067811865E-1,0.E0,-7.071067811865E-1));
#4501=VECTOR('',#4500,4.242640687119E-1);
#4502=CARTESIAN_POINT('',(-8.25E-1,0.E0,-9.E-1));
#4503=LINE('',#4502,#4501);
#4504=CURVE_STYLE('',#33,POSITIVE_LENGTH_MEASURE(2.E-2),#18);
#4505=PRESENTATION_STYLE_ASSIGNMENT((#4504));
#4506=STYLED_ITEM('',(#4505),#4503);
#4507=DIRECTION('',(0.E0,0.E0,-1.E0));
#4508=VECTOR('',#4507,2.1E0);
#4509=CARTESIAN_POINT('',(-8.25E-1,0.E0,1.2E0));
#4510=LINE('',#4509,#4508);
#4511=CURVE_STYLE('',#33,POSITIVE_LENGTH_MEASURE(2.E-2),#18);
#4512=PRESENTATION_STYLE_ASSIGNMENT((#4511));
#4513=STYLED_ITEM('',(#4512),#4510);
#4514=DIRECTION('',(-1.E0,0.E0,0.E0));
#4515=VECTOR('',#4514,4.5E-1);
#4516=CARTESIAN_POINT('',(-3.75E-1,0.E0,1.2E0));
#4517=LINE('',#4516,#4515);
#4518=CURVE_STYLE('',#33,POSITIVE_LENGTH_MEASURE(2.E-2),#18);
#4519=PRESENTATION_STYLE_ASSIGNMENT((#4518));
#4520=STYLED_ITEM('',(#4519),#4517);
#4521=DIRECTION('',(0.E0,0.E0,-1.E0));
#4522=VECTOR('',#4521,3.E-1);
#4523=CARTESIAN_POINT('',(-3.75E-1,0.E0,1.5E0));
#4524=LINE('',#4523,#4522);
#4525=CURVE_STYLE('',#33,POSITIVE_LENGTH_MEASURE(2.E-2),#18);
#4526=PRESENTATION_STYLE_ASSIGNMENT((#4525));
#4527=STYLED_ITEM('',(#4526),#4524);
#4528=DIRECTION('',(-1.E0,0.E0,0.E0));
#4529=VECTOR('',#4528,2.5E-1);
#4530=CARTESIAN_POINT('',(-1.25E-1,0.E0,1.5E0));
#4531=LINE('',#4530,#4529);
#4532=CURVE_STYLE('',#33,POSITIVE_LENGTH_MEASURE(2.E-2),#18);
#4533=PRESENTATION_STYLE_ASSIGNMENT((#4532));
#4534=STYLED_ITEM('',(#4533),#4531);
#4535=DIRECTION('',(0.E0,0.E0,1.E0));
#4536=VECTOR('',#4535,3.E-1);
#4537=CARTESIAN_POINT('',(-1.25E-1,0.E0,1.2E0));
#4538=LINE('',#4537,#4536);
#4539=CURVE_STYLE('',#33,POSITIVE_LENGTH_MEASURE(2.E-2),#18);
#4540=PRESENTATION_STYLE_ASSIGNMENT((#4539));
#4541=STYLED_ITEM('',(#4540),#4538);
#4542=DIRECTION('',(0.E0,1.E0,0.E0));
#4543=VECTOR('',#4542,1.E-1);
#4544=CARTESIAN_POINT('',(-3.75E-1,0.E0,1.2E0));
#4545=LINE('',#4544,#4543);
#4546=CURVE_STYLE('',#33,POSITIVE_LENGTH_MEASURE(2.E-2),#18);
#4547=PRESENTATION_STYLE_ASSIGNMENT((#4546));
#4548=STYLED_ITEM('',(#4547),#4545);
#4549=DIRECTION('',(0.E0,-1.E0,0.E0));
#4550=VECTOR('',#4549,1.E-1);
#4551=CARTESIAN_POINT('',(-8.25E-1,1.E-1,1.2E0));
#4552=LINE('',#4551,#4550);
#4553=CURVE_STYLE('',#33,POSITIVE_LENGTH_MEASURE(2.E-2),#18);
#4554=PRESENTATION_STYLE_ASSIGNMENT((#4553));
#4555=STYLED_ITEM('',(#4554),#4552);
#4556=DIRECTION('',(1.E0,0.E0,0.E0));
#4557=VECTOR('',#4556,4.5E-1);
#4558=CARTESIAN_POINT('',(-8.25E-1,1.E-1,1.2E0));
#4559=LINE('',#4558,#4557);
#4560=CURVE_STYLE('',#33,POSITIVE_LENGTH_MEASURE(2.E-2),#18);
#4561=PRESENTATION_STYLE_ASSIGNMENT((#4560));
#4562=STYLED_ITEM('',(#4561),#4559);
#4563=DIRECTION('',(0.E0,1.E0,0.E0));
#4564=VECTOR('',#4563,1.E-1);
#4565=CARTESIAN_POINT('',(1.25E-1,0.E0,1.2E0));
#4566=LINE('',#4565,#4564);
#4567=CURVE_STYLE('',#33,POSITIVE_LENGTH_MEASURE(2.E-2),#18);
#4568=PRESENTATION_STYLE_ASSIGNMENT((#4567));
#4569=STYLED_ITEM('',(#4568),#4566);
#4570=DIRECTION('',(0.E0,1.E0,0.E0));
#4571=VECTOR('',#4570,1.E-1);
#4572=CARTESIAN_POINT('',(-1.25E-1,0.E0,1.2E0));
#4573=LINE('',#4572,#4571);
#4574=CURVE_STYLE('',#33,POSITIVE_LENGTH_MEASURE(2.E-2),#18);
#4575=PRESENTATION_STYLE_ASSIGNMENT((#4574));
#4576=STYLED_ITEM('',(#4575),#4573);
#4577=DIRECTION('',(1.E0,0.E0,0.E0));
#4578=VECTOR('',#4577,2.5E-1);
#4579=CARTESIAN_POINT('',(-1.25E-1,1.E-1,1.2E0));
#4580=LINE('',#4579,#4578);
#4581=CURVE_STYLE('',#33,POSITIVE_LENGTH_MEASURE(2.E-2),#18);
#4582=PRESENTATION_STYLE_ASSIGNMENT((#4581));
#4583=STYLED_ITEM('',(#4582),#4580);
#4584=DIRECTION('',(0.E0,1.E0,0.E0));
#4585=VECTOR('',#4584,1.E-1);
#4586=CARTESIAN_POINT('',(3.75E-1,0.E0,1.2E0));
#4587=LINE('',#4586,#4585);
#4588=CURVE_STYLE('',#33,POSITIVE_LENGTH_MEASURE(2.E-2),#18);
#4589=PRESENTATION_STYLE_ASSIGNMENT((#4588));
#4590=STYLED_ITEM('',(#4589),#4587);
#4591=DIRECTION('',(1.E0,0.E0,0.E0));
#4592=VECTOR('',#4591,4.5E-1);
#4593=CARTESIAN_POINT('',(3.75E-1,1.E-1,1.2E0));
#4594=LINE('',#4593,#4592);
#4595=CURVE_STYLE('',#33,POSITIVE_LENGTH_MEASURE(2.E-2),#18);
#4596=PRESENTATION_STYLE_ASSIGNMENT((#4595));
#4597=STYLED_ITEM('',(#4596),#4594);
#4598=DIRECTION('',(0.E0,1.E0,0.E0));
#4599=VECTOR('',#4598,2.E-1);
#4600=CARTESIAN_POINT('',(-3.75E-1,0.E0,1.5E0));
#4601=LINE('',#4600,#4599);
#4602=CURVE_STYLE('',#33,POSITIVE_LENGTH_MEASURE(2.E-2),#18);
#4603=PRESENTATION_STYLE_ASSIGNMENT((#4602));
#4604=STYLED_ITEM('',(#4603),#4601);
#4605=DIRECTION('',(-1.E0,0.E0,0.E0));
#4606=VECTOR('',#4605,2.5E-1);
#4607=CARTESIAN_POINT('',(1.25E-1,1.E-1,-1.35E0));
#4608=LINE('',#4607,#4606);
#4609=CURVE_STYLE('',#33,POSITIVE_LENGTH_MEASURE(2.E-2),#18);
#4610=PRESENTATION_STYLE_ASSIGNMENT((#4609));
#4611=STYLED_ITEM('',(#4610),#4608);
#4612=DIRECTION('',(0.E0,0.E0,1.E0));
#4613=VECTOR('',#4612,1.5E-1);
#4614=CARTESIAN_POINT('',(-1.25E-1,1.E-1,-1.35E0));
#4615=LINE('',#4614,#4613);
#4616=CURVE_STYLE('',#33,POSITIVE_LENGTH_MEASURE(2.E-2),#18);
#4617=PRESENTATION_STYLE_ASSIGNMENT((#4616));
#4618=STYLED_ITEM('',(#4617),#4615);
#4619=DIRECTION('',(0.E0,0.E0,1.E0));
#4620=VECTOR('',#4619,1.5E-1);
#4621=CARTESIAN_POINT('',(1.25E-1,1.E-1,-1.35E0));
#4622=LINE('',#4621,#4620);
#4623=CURVE_STYLE('',#33,POSITIVE_LENGTH_MEASURE(2.E-2),#18);
#4624=PRESENTATION_STYLE_ASSIGNMENT((#4623));
#4625=STYLED_ITEM('',(#4624),#4622);
#4626=DIRECTION('',(1.E0,0.E0,0.E0));
#4627=VECTOR('',#4626,5.75E-1);
#4628=CARTESIAN_POINT('',(-9.5E-1,1.E-1,1.35E0));
#4629=LINE('',#4628,#4627);
#4630=CURVE_STYLE('',#33,POSITIVE_LENGTH_MEASURE(2.E-2),#18);
#4631=PRESENTATION_STYLE_ASSIGNMENT((#4630));
#4632=STYLED_ITEM('',(#4631),#4629);
#4633=DIRECTION('',(0.E0,0.E0,-1.E0));
#4634=VECTOR('',#4633,1.5E-1);
#4635=CARTESIAN_POINT('',(-3.75E-1,1.E-1,1.35E0));
#4636=LINE('',#4635,#4634);
#4637=CURVE_STYLE('',#33,POSITIVE_LENGTH_MEASURE(2.E-2),#18);
#4638=PRESENTATION_STYLE_ASSIGNMENT((#4637));
#4639=STYLED_ITEM('',(#4638),#4636);
#4640=DIRECTION('',(0.E0,0.E0,1.E0));
#4641=VECTOR('',#4640,1.5E-1);
#4642=CARTESIAN_POINT('',(-3.75E-1,1.E-1,-1.35E0));
#4643=LINE('',#4642,#4641);
#4644=CURVE_STYLE('',#33,POSITIVE_LENGTH_MEASURE(2.E-2),#18);
#4645=PRESENTATION_STYLE_ASSIGNMENT((#4644));
#4646=STYLED_ITEM('',(#4645),#4643);
#4647=DIRECTION('',(-1.E0,0.E0,0.E0));
#4648=VECTOR('',#4647,5.75E-1);
#4649=CARTESIAN_POINT('',(-3.75E-1,1.E-1,-1.35E0));
#4650=LINE('',#4649,#4648);
#4651=CURVE_STYLE('',#33,POSITIVE_LENGTH_MEASURE(2.E-2),#18);
#4652=PRESENTATION_STYLE_ASSIGNMENT((#4651));
#4653=STYLED_ITEM('',(#4652),#4650);
#4654=DIRECTION('',(0.E0,0.E0,1.E0));
#4655=VECTOR('',#4654,2.7E0);
#4656=CARTESIAN_POINT('',(-9.5E-1,1.E-1,-1.35E0));
#4657=LINE('',#4656,#4655);
#4658=CURVE_STYLE('',#33,POSITIVE_LENGTH_MEASURE(2.E-2),#18);
#4659=PRESENTATION_STYLE_ASSIGNMENT((#4658));
#4660=STYLED_ITEM('',(#4659),#4657);
#4661=DIRECTION('',(1.E0,0.E0,0.E0));
#4662=VECTOR('',#4661,2.5E-1);
#4663=CARTESIAN_POINT('',(-1.25E-1,1.E-1,1.35E0));
#4664=LINE('',#4663,#4662);
#4665=CURVE_STYLE('',#33,POSITIVE_LENGTH_MEASURE(2.E-2),#18);
#4666=PRESENTATION_STYLE_ASSIGNMENT((#4665));
#4667=STYLED_ITEM('',(#4666),#4664);
#4668=DIRECTION('',(0.E0,0.E0,-1.E0));
#4669=VECTOR('',#4668,1.5E-1);
#4670=CARTESIAN_POINT('',(1.25E-1,1.E-1,1.35E0));
#4671=LINE('',#4670,#4669);
#4672=CURVE_STYLE('',#33,POSITIVE_LENGTH_MEASURE(2.E-2),#18);
#4673=PRESENTATION_STYLE_ASSIGNMENT((#4672));
#4674=STYLED_ITEM('',(#4673),#4671);
#4675=DIRECTION('',(0.E0,0.E0,-1.E0));
#4676=VECTOR('',#4675,1.5E-1);
#4677=CARTESIAN_POINT('',(-1.25E-1,1.E-1,1.35E0));
#4678=LINE('',#4677,#4676);
#4679=CURVE_STYLE('',#33,POSITIVE_LENGTH_MEASURE(2.E-2),#18);
#4680=PRESENTATION_STYLE_ASSIGNMENT((#4679));
#4681=STYLED_ITEM('',(#4680),#4678);
#4682=DIRECTION('',(1.E0,0.E0,0.E0));
#4683=VECTOR('',#4682,5.75E-1);
#4684=CARTESIAN_POINT('',(3.75E-1,1.E-1,1.35E0));
#4685=LINE('',#4684,#4683);
#4686=CURVE_STYLE('',#33,POSITIVE_LENGTH_MEASURE(2.E-2),#18);
#4687=PRESENTATION_STYLE_ASSIGNMENT((#4686));
#4688=STYLED_ITEM('',(#4687),#4685);
#4689=DIRECTION('',(0.E0,0.E0,-1.E0));
#4690=VECTOR('',#4689,2.7E0);
#4691=CARTESIAN_POINT('',(9.5E-1,1.E-1,1.35E0));
#4692=LINE('',#4691,#4690);
#4693=CURVE_STYLE('',#33,POSITIVE_LENGTH_MEASURE(2.E-2),#18);
#4694=PRESENTATION_STYLE_ASSIGNMENT((#4693));
#4695=STYLED_ITEM('',(#4694),#4692);
#4696=DIRECTION('',(-1.E0,0.E0,0.E0));
#4697=VECTOR('',#4696,5.75E-1);
#4698=CARTESIAN_POINT('',(9.5E-1,1.E-1,-1.35E0));
#4699=LINE('',#4698,#4697);
#4700=CURVE_STYLE('',#33,POSITIVE_LENGTH_MEASURE(2.E-2),#18);
#4701=PRESENTATION_STYLE_ASSIGNMENT((#4700));
#4702=STYLED_ITEM('',(#4701),#4699);
#4703=DIRECTION('',(0.E0,0.E0,1.E0));
#4704=VECTOR('',#4703,1.5E-1);
#4705=CARTESIAN_POINT('',(3.75E-1,1.E-1,-1.35E0));
#4706=LINE('',#4705,#4704);
#4707=CURVE_STYLE('',#33,POSITIVE_LENGTH_MEASURE(2.E-2),#18);
#4708=PRESENTATION_STYLE_ASSIGNMENT((#4707));
#4709=STYLED_ITEM('',(#4708),#4706);
#4710=DIRECTION('',(0.E0,0.E0,-1.E0));
#4711=VECTOR('',#4710,1.5E-1);
#4712=CARTESIAN_POINT('',(3.75E-1,1.E-1,1.35E0));
#4713=LINE('',#4712,#4711);
#4714=CURVE_STYLE('',#33,POSITIVE_LENGTH_MEASURE(2.E-2),#18);
#4715=PRESENTATION_STYLE_ASSIGNMENT((#4714));
#4716=STYLED_ITEM('',(#4715),#4713);
#4717=DIRECTION('',(0.E0,1.E0,0.E0));
#4718=VECTOR('',#4717,1.E-1);
#4719=CARTESIAN_POINT('',(-3.75E-1,1.E-1,-1.35E0));
#4720=LINE('',#4719,#4718);
#4721=CURVE_STYLE('',#33,POSITIVE_LENGTH_MEASURE(2.E-2),#18);
#4722=PRESENTATION_STYLE_ASSIGNMENT((#4721));
#4723=STYLED_ITEM('',(#4722),#4720);
#4724=DIRECTION('',(0.E0,1.E0,0.E0));
#4725=VECTOR('',#4724,1.E-1);
#4726=CARTESIAN_POINT('',(9.5E-1,1.E-1,-1.35E0));
#4727=LINE('',#4726,#4725);
#4728=CURVE_STYLE('',#33,POSITIVE_LENGTH_MEASURE(2.E-2),#18);
#4729=PRESENTATION_STYLE_ASSIGNMENT((#4728));
#4730=STYLED_ITEM('',(#4729),#4727);
#4731=DIRECTION('',(0.E0,1.E0,0.E0));
#4732=VECTOR('',#4731,1.E-1);
#4733=CARTESIAN_POINT('',(3.75E-1,1.E-1,-1.35E0));
#4734=LINE('',#4733,#4732);
#4735=CURVE_STYLE('',#33,POSITIVE_LENGTH_MEASURE(2.E-2),#18);
#4736=PRESENTATION_STYLE_ASSIGNMENT((#4735));
#4737=STYLED_ITEM('',(#4736),#4734);
#4738=DIRECTION('',(0.E0,1.E0,0.E0));
#4739=VECTOR('',#4738,1.E-1);
#4740=CARTESIAN_POINT('',(1.25E-1,1.E-1,-1.35E0));
#4741=LINE('',#4740,#4739);
#4742=CURVE_STYLE('',#33,POSITIVE_LENGTH_MEASURE(2.E-2),#18);
#4743=PRESENTATION_STYLE_ASSIGNMENT((#4742));
#4744=STYLED_ITEM('',(#4743),#4741);
#4745=DIRECTION('',(0.E0,1.E0,0.E0));
#4746=VECTOR('',#4745,1.E-1);
#4747=CARTESIAN_POINT('',(-1.25E-1,1.E-1,-1.35E0));
#4748=LINE('',#4747,#4746);
#4749=CURVE_STYLE('',#33,POSITIVE_LENGTH_MEASURE(2.E-2),#18);
#4750=PRESENTATION_STYLE_ASSIGNMENT((#4749));
#4751=STYLED_ITEM('',(#4750),#4748);
#4752=DIRECTION('',(0.E0,1.E0,0.E0));
#4753=VECTOR('',#4752,2.E-1);
#4754=CARTESIAN_POINT('',(-3.75E-1,0.E0,-1.5E0));
#4755=LINE('',#4754,#4753);
#4756=CURVE_STYLE('',#33,POSITIVE_LENGTH_MEASURE(2.E-2),#18);
#4757=PRESENTATION_STYLE_ASSIGNMENT((#4756));
#4758=STYLED_ITEM('',(#4757),#4755);
#4759=DIRECTION('',(0.E0,1.E0,0.E0));
#4760=VECTOR('',#4759,1.E-1);
#4761=CARTESIAN_POINT('',(-3.75E-1,0.E0,-1.2E0));
#4762=LINE('',#4761,#4760);
#4763=CURVE_STYLE('',#33,POSITIVE_LENGTH_MEASURE(2.E-2),#18);
#4764=PRESENTATION_STYLE_ASSIGNMENT((#4763));
#4765=STYLED_ITEM('',(#4764),#4762);
#4766=DIRECTION('',(-1.E0,0.E0,0.E0));
#4767=VECTOR('',#4766,1.5E-1);
#4768=CARTESIAN_POINT('',(-3.75E-1,1.E-1,-1.2E0));
#4769=LINE('',#4768,#4767);
#4770=CURVE_STYLE('',#33,POSITIVE_LENGTH_MEASURE(2.E-2),#18);
#4771=PRESENTATION_STYLE_ASSIGNMENT((#4770));
#4772=STYLED_ITEM('',(#4771),#4769);
#4773=DIRECTION('',(0.E0,-1.E0,0.E0));
#4774=VECTOR('',#4773,1.E-1);
#4775=CARTESIAN_POINT('',(-5.25E-1,1.E-1,-1.2E0));
#4776=LINE('',#4775,#4774);
#4777=CURVE_STYLE('',#33,POSITIVE_LENGTH_MEASURE(2.E-2),#18);
#4778=PRESENTATION_STYLE_ASSIGNMENT((#4777));
#4779=STYLED_ITEM('',(#4778),#4776);
#4780=DIRECTION('',(0.E0,1.E0,0.E0));
#4781=VECTOR('',#4780,1.E-1);
#4782=CARTESIAN_POINT('',(1.25E-1,0.E0,-1.2E0));
#4783=LINE('',#4782,#4781);
#4784=CURVE_STYLE('',#33,POSITIVE_LENGTH_MEASURE(2.E-2),#18);
#4785=PRESENTATION_STYLE_ASSIGNMENT((#4784));
#4786=STYLED_ITEM('',(#4785),#4783);
#4787=DIRECTION('',(-1.E0,0.E0,0.E0));
#4788=VECTOR('',#4787,2.5E-1);
#4789=CARTESIAN_POINT('',(1.25E-1,1.E-1,-1.2E0));
#4790=LINE('',#4789,#4788);
#4791=CURVE_STYLE('',#33,POSITIVE_LENGTH_MEASURE(2.E-2),#18);
#4792=PRESENTATION_STYLE_ASSIGNMENT((#4791));
#4793=STYLED_ITEM('',(#4792),#4790);
#4794=DIRECTION('',(0.E0,1.E0,0.E0));
#4795=VECTOR('',#4794,1.E-1);
#4796=CARTESIAN_POINT('',(-1.25E-1,0.E0,-1.2E0));
#4797=LINE('',#4796,#4795);
#4798=CURVE_STYLE('',#33,POSITIVE_LENGTH_MEASURE(2.E-2),#18);
#4799=PRESENTATION_STYLE_ASSIGNMENT((#4798));
#4800=STYLED_ITEM('',(#4799),#4797);
#4801=DIRECTION('',(0.E0,1.E0,0.E0));
#4802=VECTOR('',#4801,1.E-1);
#4803=CARTESIAN_POINT('',(3.75E-1,0.E0,-1.2E0));
#4804=LINE('',#4803,#4802);
#4805=CURVE_STYLE('',#33,POSITIVE_LENGTH_MEASURE(2.E-2),#18);
#4806=PRESENTATION_STYLE_ASSIGNMENT((#4805));
#4807=STYLED_ITEM('',(#4806),#4804);
#4808=DIRECTION('',(0.E0,-1.E0,0.E0));
#4809=VECTOR('',#4808,1.E-1);
#4810=CARTESIAN_POINT('',(8.25E-1,1.E-1,-1.2E0));
#4811=LINE('',#4810,#4809);
#4812=CURVE_STYLE('',#33,POSITIVE_LENGTH_MEASURE(2.E-2),#18);
#4813=PRESENTATION_STYLE_ASSIGNMENT((#4812));
#4814=STYLED_ITEM('',(#4813),#4811);
#4815=DIRECTION('',(-1.E0,0.E0,0.E0));
#4816=VECTOR('',#4815,4.5E-1);
#4817=CARTESIAN_POINT('',(8.25E-1,1.E-1,-1.2E0));
#4818=LINE('',#4817,#4816);
#4819=CURVE_STYLE('',#33,POSITIVE_LENGTH_MEASURE(2.E-2),#18);
#4820=PRESENTATION_STYLE_ASSIGNMENT((#4819));
#4821=STYLED_ITEM('',(#4820),#4818);
#4822=DIRECTION('',(7.071067811865E-1,0.E0,-7.071067811865E-1));
#4823=VECTOR('',#4822,4.242640687119E-1);
#4824=CARTESIAN_POINT('',(-8.25E-1,1.E-1,-9.E-1));
#4825=LINE('',#4824,#4823);
#4826=CURVE_STYLE('',#33,POSITIVE_LENGTH_MEASURE(2.E-2),#18);
#4827=PRESENTATION_STYLE_ASSIGNMENT((#4826));
#4828=STYLED_ITEM('',(#4827),#4825);
#4829=DIRECTION('',(0.E0,0.E0,1.E0));
#4830=VECTOR('',#4829,2.1E0);
#4831=CARTESIAN_POINT('',(-8.25E-1,1.E-1,-9.E-1));
#4832=LINE('',#4831,#4830);
#4833=CURVE_STYLE('',#33,POSITIVE_LENGTH_MEASURE(2.E-2),#18);
#4834=PRESENTATION_STYLE_ASSIGNMENT((#4833));
#4835=STYLED_ITEM('',(#4834),#4832);
#4836=DIRECTION('',(0.E0,-1.E0,0.E0));
#4837=VECTOR('',#4836,1.E-1);
#4838=CARTESIAN_POINT('',(-8.25E-1,1.E-1,-9.E-1));
#4839=LINE('',#4838,#4837);
#4840=CURVE_STYLE('',#33,POSITIVE_LENGTH_MEASURE(2.E-2),#18);
#4841=PRESENTATION_STYLE_ASSIGNMENT((#4840));
#4842=STYLED_ITEM('',(#4841),#4839);
#4843=DIRECTION('',(0.E0,1.E0,0.E0));
#4844=VECTOR('',#4843,2.E-1);
#4845=CARTESIAN_POINT('',(1.25E-1,0.E0,-1.5E0));
#4846=LINE('',#4845,#4844);
#4847=CURVE_STYLE('',#33,POSITIVE_LENGTH_MEASURE(2.E-2),#18);
#4848=PRESENTATION_STYLE_ASSIGNMENT((#4847));
#4849=STYLED_ITEM('',(#4848),#4846);
#4850=DIRECTION('',(0.E0,1.E0,0.E0));
#4851=VECTOR('',#4850,2.E-1);
#4852=CARTESIAN_POINT('',(3.75E-1,0.E0,-1.5E0));
#4853=LINE('',#4852,#4851);
#4854=CURVE_STYLE('',#33,POSITIVE_LENGTH_MEASURE(2.E-2),#18);
#4855=PRESENTATION_STYLE_ASSIGNMENT((#4854));
#4856=STYLED_ITEM('',(#4855),#4853);
#4857=DIRECTION('',(1.E0,0.E0,0.E0));
#4858=VECTOR('',#4857,5.75E-1);
#4859=CARTESIAN_POINT('',(3.75E-1,2.E-1,1.35E0));
#4860=LINE('',#4859,#4858);
#4861=CURVE_STYLE('',#33,POSITIVE_LENGTH_MEASURE(2.E-2),#18);
#4862=PRESENTATION_STYLE_ASSIGNMENT((#4861));
#4863=STYLED_ITEM('',(#4862),#4860);
#4864=DIRECTION('',(0.E0,0.E0,-1.E0));
#4865=VECTOR('',#4864,1.5E-1);
#4866=CARTESIAN_POINT('',(3.75E-1,2.E-1,1.5E0));
#4867=LINE('',#4866,#4865);
#4868=CURVE_STYLE('',#33,POSITIVE_LENGTH_MEASURE(2.E-2),#18);
#4869=PRESENTATION_STYLE_ASSIGNMENT((#4868));
#4870=STYLED_ITEM('',(#4869),#4867);
#4871=DIRECTION('',(1.E0,0.E0,0.E0));
#4872=VECTOR('',#4871,2.5E-1);
#4873=CARTESIAN_POINT('',(1.25E-1,2.E-1,1.5E0));
#4874=LINE('',#4873,#4872);
#4875=CURVE_STYLE('',#33,POSITIVE_LENGTH_MEASURE(2.E-2),#18);
#4876=PRESENTATION_STYLE_ASSIGNMENT((#4875));
#4877=STYLED_ITEM('',(#4876),#4874);
#4878=DIRECTION('',(0.E0,0.E0,1.E0));
#4879=VECTOR('',#4878,1.5E-1);
#4880=CARTESIAN_POINT('',(1.25E-1,2.E-1,1.35E0));
#4881=LINE('',#4880,#4879);
#4882=CURVE_STYLE('',#33,POSITIVE_LENGTH_MEASURE(2.E-2),#18);
#4883=PRESENTATION_STYLE_ASSIGNMENT((#4882));
#4884=STYLED_ITEM('',(#4883),#4881);
#4885=DIRECTION('',(1.E0,0.E0,0.E0));
#4886=VECTOR('',#4885,2.5E-1);
#4887=CARTESIAN_POINT('',(-1.25E-1,2.E-1,1.35E0));
#4888=LINE('',#4887,#4886);
#4889=CURVE_STYLE('',#33,POSITIVE_LENGTH_MEASURE(2.E-2),#18);
#4890=PRESENTATION_STYLE_ASSIGNMENT((#4889));
#4891=STYLED_ITEM('',(#4890),#4888);
#4892=DIRECTION('',(0.E0,0.E0,1.E0));
#4893=VECTOR('',#4892,1.5E-1);
#4894=CARTESIAN_POINT('',(-1.25E-1,2.E-1,1.35E0));
#4895=LINE('',#4894,#4893);
#4896=CURVE_STYLE('',#33,POSITIVE_LENGTH_MEASURE(2.E-2),#18);
#4897=PRESENTATION_STYLE_ASSIGNMENT((#4896));
#4898=STYLED_ITEM('',(#4897),#4895);
#4899=DIRECTION('',(-1.E0,0.E0,0.E0));
#4900=VECTOR('',#4899,2.5E-1);
#4901=CARTESIAN_POINT('',(-1.25E-1,2.E-1,1.5E0));
#4902=LINE('',#4901,#4900);
#4903=CURVE_STYLE('',#33,POSITIVE_LENGTH_MEASURE(2.E-2),#18);
#4904=PRESENTATION_STYLE_ASSIGNMENT((#4903));
#4905=STYLED_ITEM('',(#4904),#4902);
#4906=DIRECTION('',(0.E0,0.E0,-1.E0));
#4907=VECTOR('',#4906,1.5E-1);
#4908=CARTESIAN_POINT('',(-3.75E-1,2.E-1,1.5E0));
#4909=LINE('',#4908,#4907);
#4910=CURVE_STYLE('',#33,POSITIVE_LENGTH_MEASURE(2.E-2),#18);
#4911=PRESENTATION_STYLE_ASSIGNMENT((#4910));
#4912=STYLED_ITEM('',(#4911),#4909);
#4913=DIRECTION('',(1.E0,0.E0,0.E0));
#4914=VECTOR('',#4913,5.75E-1);
#4915=CARTESIAN_POINT('',(-9.5E-1,2.E-1,1.35E0));
#4916=LINE('',#4915,#4914);
#4917=CURVE_STYLE('',#33,POSITIVE_LENGTH_MEASURE(2.E-2),#18);
#4918=PRESENTATION_STYLE_ASSIGNMENT((#4917));
#4919=STYLED_ITEM('',(#4918),#4916);
#4920=DIRECTION('',(0.E0,0.E0,1.E0));
#4921=VECTOR('',#4920,2.7E0);
#4922=CARTESIAN_POINT('',(-9.5E-1,2.E-1,-1.35E0));
#4923=LINE('',#4922,#4921);
#4924=CURVE_STYLE('',#33,POSITIVE_LENGTH_MEASURE(2.E-2),#18);
#4925=PRESENTATION_STYLE_ASSIGNMENT((#4924));
#4926=STYLED_ITEM('',(#4925),#4923);
#4927=DIRECTION('',(-1.E0,0.E0,0.E0));
#4928=VECTOR('',#4927,5.75E-1);
#4929=CARTESIAN_POINT('',(-3.75E-1,2.E-1,-1.35E0));
#4930=LINE('',#4929,#4928);
#4931=CURVE_STYLE('',#33,POSITIVE_LENGTH_MEASURE(2.E-2),#18);
#4932=PRESENTATION_STYLE_ASSIGNMENT((#4931));
#4933=STYLED_ITEM('',(#4932),#4930);
#4934=DIRECTION('',(0.E0,0.E0,1.E0));
#4935=VECTOR('',#4934,1.5E-1);
#4936=CARTESIAN_POINT('',(-3.75E-1,2.E-1,-1.5E0));
#4937=LINE('',#4936,#4935);
#4938=CURVE_STYLE('',#33,POSITIVE_LENGTH_MEASURE(2.E-2),#18);
#4939=PRESENTATION_STYLE_ASSIGNMENT((#4938));
#4940=STYLED_ITEM('',(#4939),#4937);
#4941=DIRECTION('',(-1.E0,0.E0,0.E0));
#4942=VECTOR('',#4941,2.5E-1);
#4943=CARTESIAN_POINT('',(-1.25E-1,2.E-1,-1.5E0));
#4944=LINE('',#4943,#4942);
#4945=CURVE_STYLE('',#33,POSITIVE_LENGTH_MEASURE(2.E-2),#18);
#4946=PRESENTATION_STYLE_ASSIGNMENT((#4945));
#4947=STYLED_ITEM('',(#4946),#4944);
#4948=DIRECTION('',(0.E0,0.E0,-1.E0));
#4949=VECTOR('',#4948,1.5E-1);
#4950=CARTESIAN_POINT('',(-1.25E-1,2.E-1,-1.35E0));
#4951=LINE('',#4950,#4949);
#4952=CURVE_STYLE('',#33,POSITIVE_LENGTH_MEASURE(2.E-2),#18);
#4953=PRESENTATION_STYLE_ASSIGNMENT((#4952));
#4954=STYLED_ITEM('',(#4953),#4951);
#4955=DIRECTION('',(-1.E0,0.E0,0.E0));
#4956=VECTOR('',#4955,2.5E-1);
#4957=CARTESIAN_POINT('',(1.25E-1,2.E-1,-1.35E0));
#4958=LINE('',#4957,#4956);
#4959=CURVE_STYLE('',#33,POSITIVE_LENGTH_MEASURE(2.E-2),#18);
#4960=PRESENTATION_STYLE_ASSIGNMENT((#4959));
#4961=STYLED_ITEM('',(#4960),#4958);
#4962=DIRECTION('',(0.E0,0.E0,-1.E0));
#4963=VECTOR('',#4962,1.5E-1);
#4964=CARTESIAN_POINT('',(1.25E-1,2.E-1,-1.35E0));
#4965=LINE('',#4964,#4963);
#4966=CURVE_STYLE('',#33,POSITIVE_LENGTH_MEASURE(2.E-2),#18);
#4967=PRESENTATION_STYLE_ASSIGNMENT((#4966));
#4968=STYLED_ITEM('',(#4967),#4965);
#4969=DIRECTION('',(1.E0,0.E0,0.E0));
#4970=VECTOR('',#4969,2.5E-1);
#4971=CARTESIAN_POINT('',(1.25E-1,2.E-1,-1.5E0));
#4972=LINE('',#4971,#4970);
#4973=CURVE_STYLE('',#33,POSITIVE_LENGTH_MEASURE(2.E-2),#18);
#4974=PRESENTATION_STYLE_ASSIGNMENT((#4973));
#4975=STYLED_ITEM('',(#4974),#4972);
#4976=DIRECTION('',(0.E0,0.E0,1.E0));
#4977=VECTOR('',#4976,1.5E-1);
#4978=CARTESIAN_POINT('',(3.75E-1,2.E-1,-1.5E0));
#4979=LINE('',#4978,#4977);
#4980=CURVE_STYLE('',#33,POSITIVE_LENGTH_MEASURE(2.E-2),#18);
#4981=PRESENTATION_STYLE_ASSIGNMENT((#4980));
#4982=STYLED_ITEM('',(#4981),#4979);
#4983=DIRECTION('',(-1.E0,0.E0,0.E0));
#4984=VECTOR('',#4983,5.75E-1);
#4985=CARTESIAN_POINT('',(9.5E-1,2.E-1,-1.35E0));
#4986=LINE('',#4985,#4984);
#4987=CURVE_STYLE('',#33,POSITIVE_LENGTH_MEASURE(2.E-2),#18);
#4988=PRESENTATION_STYLE_ASSIGNMENT((#4987));
#4989=STYLED_ITEM('',(#4988),#4986);
#4990=DIRECTION('',(0.E0,0.E0,-1.E0));
#4991=VECTOR('',#4990,2.7E0);
#4992=CARTESIAN_POINT('',(9.5E-1,2.E-1,1.35E0));
#4993=LINE('',#4992,#4991);
#4994=CURVE_STYLE('',#33,POSITIVE_LENGTH_MEASURE(2.E-2),#18);
#4995=PRESENTATION_STYLE_ASSIGNMENT((#4994));
#4996=STYLED_ITEM('',(#4995),#4993);
#4997=DIRECTION('',(0.E0,1.E0,0.E0));
#4998=VECTOR('',#4997,1.E-1);
#4999=CARTESIAN_POINT('',(-3.75E-1,1.E-1,1.35E0));
#5000=LINE('',#4999,#4998);
#5001=CURVE_STYLE('',#33,POSITIVE_LENGTH_MEASURE(2.E-2),#18);
#5002=PRESENTATION_STYLE_ASSIGNMENT((#5001));
#5003=STYLED_ITEM('',(#5002),#5000);
#5004=DIRECTION('',(0.E0,1.E0,0.E0));
#5005=VECTOR('',#5004,1.E-1);
#5006=CARTESIAN_POINT('',(-9.5E-1,1.E-1,1.35E0));
#5007=LINE('',#5006,#5005);
#5008=CURVE_STYLE('',#33,POSITIVE_LENGTH_MEASURE(2.E-2),#18);
#5009=PRESENTATION_STYLE_ASSIGNMENT((#5008));
#5010=STYLED_ITEM('',(#5009),#5007);
#5011=DIRECTION('',(0.E0,1.E0,0.E0));
#5012=VECTOR('',#5011,1.E-1);
#5013=CARTESIAN_POINT('',(1.25E-1,1.E-1,1.35E0));
#5014=LINE('',#5013,#5012);
#5015=CURVE_STYLE('',#33,POSITIVE_LENGTH_MEASURE(2.E-2),#18);
#5016=PRESENTATION_STYLE_ASSIGNMENT((#5015));
#5017=STYLED_ITEM('',(#5016),#5014);
#5018=DIRECTION('',(0.E0,1.E0,0.E0));
#5019=VECTOR('',#5018,1.E-1);
#5020=CARTESIAN_POINT('',(-1.25E-1,1.E-1,1.35E0));
#5021=LINE('',#5020,#5019);
#5022=CURVE_STYLE('',#33,POSITIVE_LENGTH_MEASURE(2.E-2),#18);
#5023=PRESENTATION_STYLE_ASSIGNMENT((#5022));
#5024=STYLED_ITEM('',(#5023),#5021);
#5025=DIRECTION('',(0.E0,1.E0,0.E0));
#5026=VECTOR('',#5025,1.E-1);
#5027=CARTESIAN_POINT('',(3.75E-1,1.E-1,1.35E0));
#5028=LINE('',#5027,#5026);
#5029=CURVE_STYLE('',#33,POSITIVE_LENGTH_MEASURE(2.E-2),#18);
#5030=PRESENTATION_STYLE_ASSIGNMENT((#5029));
#5031=STYLED_ITEM('',(#5030),#5028);
#5032=DIRECTION('',(0.E0,1.E0,0.E0));
#5033=VECTOR('',#5032,1.E-1);
#5034=CARTESIAN_POINT('',(-9.5E-1,1.E-1,-1.35E0));
#5035=LINE('',#5034,#5033);
#5036=CURVE_STYLE('',#33,POSITIVE_LENGTH_MEASURE(2.E-2),#18);
#5037=PRESENTATION_STYLE_ASSIGNMENT((#5036));
#5038=STYLED_ITEM('',(#5037),#5035);
#5039=DIRECTION('',(0.E0,1.E0,0.E0));
#5040=VECTOR('',#5039,2.E-1);
#5041=CARTESIAN_POINT('',(1.25E-1,0.E0,1.5E0));
#5042=LINE('',#5041,#5040);
#5043=CURVE_STYLE('',#33,POSITIVE_LENGTH_MEASURE(2.E-2),#18);
#5044=PRESENTATION_STYLE_ASSIGNMENT((#5043));
#5045=STYLED_ITEM('',(#5044),#5042);
#5046=DIRECTION('',(0.E0,1.E0,0.E0));
#5047=VECTOR('',#5046,2.E-1);
#5048=CARTESIAN_POINT('',(3.75E-1,0.E0,1.5E0));
#5049=LINE('',#5048,#5047);
#5050=CURVE_STYLE('',#33,POSITIVE_LENGTH_MEASURE(2.E-2),#18);
#5051=PRESENTATION_STYLE_ASSIGNMENT((#5050));
#5052=STYLED_ITEM('',(#5051),#5049);
#5053=DIRECTION('',(0.E0,1.E0,0.E0));
#5054=VECTOR('',#5053,2.E-1);
#5055=CARTESIAN_POINT('',(-1.25E-1,0.E0,1.5E0));
#5056=LINE('',#5055,#5054);
#5057=CURVE_STYLE('',#33,POSITIVE_LENGTH_MEASURE(2.E-2),#18);
#5058=PRESENTATION_STYLE_ASSIGNMENT((#5057));
#5059=STYLED_ITEM('',(#5058),#5056);
#5060=DIRECTION('',(0.E0,1.E0,0.E0));
#5061=VECTOR('',#5060,1.E-1);
#5062=CARTESIAN_POINT('',(9.5E-1,1.E-1,1.35E0));
#5063=LINE('',#5062,#5061);
#5064=CURVE_STYLE('',#33,POSITIVE_LENGTH_MEASURE(2.E-2),#18);
#5065=PRESENTATION_STYLE_ASSIGNMENT((#5064));
#5066=STYLED_ITEM('',(#5065),#5063);
#5067=DIRECTION('',(0.E0,1.E0,0.E0));
#5068=VECTOR('',#5067,2.E-1);
#5069=CARTESIAN_POINT('',(-1.25E-1,0.E0,-1.5E0));
#5070=LINE('',#5069,#5068);
#5071=CURVE_STYLE('',#33,POSITIVE_LENGTH_MEASURE(2.E-2),#18);
#5072=PRESENTATION_STYLE_ASSIGNMENT((#5071));
#5073=STYLED_ITEM('',(#5072),#5070);
#5074=DIRECTION('',(0.E0,0.E0,-1.E0));
#5075=VECTOR('',#5074,2.4E0);
#5076=CARTESIAN_POINT('',(8.25E-1,1.E-1,1.2E0));
#5077=LINE('',#5076,#5075);
#5078=CURVE_STYLE('',#33,POSITIVE_LENGTH_MEASURE(2.E-2),#18);
#5079=PRESENTATION_STYLE_ASSIGNMENT((#5078));
#5080=STYLED_ITEM('',(#5079),#5077);
#5081=DIRECTION('',(0.E0,-1.E0,0.E0));
#5082=VECTOR('',#5081,1.E-1);
#5083=CARTESIAN_POINT('',(8.25E-1,1.E-1,1.2E0));
#5084=LINE('',#5083,#5082);
#5085=CURVE_STYLE('',#33,POSITIVE_LENGTH_MEASURE(2.E-2),#18);
#5086=PRESENTATION_STYLE_ASSIGNMENT((#5085));
#5087=STYLED_ITEM('',(#5086),#5084);
#5088=CARTESIAN_POINT('',(8.25E-1,0.E0,-1.2E0));
#5089=CARTESIAN_POINT('',(8.25E-1,0.E0,1.2E0));
#5090=VERTEX_POINT('',#5088);
#5091=VERTEX_POINT('',#5089);
#5092=CARTESIAN_POINT('',(-8.25E-1,0.E0,-9.E-1));
#5093=CARTESIAN_POINT('',(-5.25E-1,0.E0,-1.2E0));
#5094=VERTEX_POINT('',#5092);
#5095=VERTEX_POINT('',#5093);
#5096=CARTESIAN_POINT('',(-8.25E-1,0.E0,1.2E0));
#5097=VERTEX_POINT('',#5096);
#5098=CARTESIAN_POINT('',(-9.5E-1,1.E-1,-1.35E0));
#5099=CARTESIAN_POINT('',(-9.5E-1,1.E-1,1.35E0));
#5100=VERTEX_POINT('',#5098);
#5101=VERTEX_POINT('',#5099);
#5102=CARTESIAN_POINT('',(9.5E-1,1.E-1,1.35E0));
#5103=CARTESIAN_POINT('',(9.5E-1,1.E-1,-1.35E0));
#5104=VERTEX_POINT('',#5102);
#5105=VERTEX_POINT('',#5103);
#5106=CARTESIAN_POINT('',(-9.5E-1,2.E-1,-1.35E0));
#5107=CARTESIAN_POINT('',(-9.5E-1,2.E-1,1.35E0));
#5108=VERTEX_POINT('',#5106);
#5109=VERTEX_POINT('',#5107);
#5110=CARTESIAN_POINT('',(9.5E-1,2.E-1,1.35E0));
#5111=CARTESIAN_POINT('',(9.5E-1,2.E-1,-1.35E0));
#5112=VERTEX_POINT('',#5110);
#5113=VERTEX_POINT('',#5111);
#5114=CARTESIAN_POINT('',(-8.25E-1,1.E-1,-9.E-1));
#5115=CARTESIAN_POINT('',(-8.25E-1,1.E-1,1.2E0));
#5116=VERTEX_POINT('',#5114);
#5117=VERTEX_POINT('',#5115);
#5118=CARTESIAN_POINT('',(8.25E-1,1.E-1,1.2E0));
#5119=CARTESIAN_POINT('',(8.25E-1,1.E-1,-1.2E0));
#5120=VERTEX_POINT('',#5118);
#5121=VERTEX_POINT('',#5119);
#5122=CARTESIAN_POINT('',(-5.25E-1,1.E-1,-1.2E0));
#5123=VERTEX_POINT('',#5122);
#5124=CARTESIAN_POINT('',(-1.25E-1,0.E0,-1.5E0));
#5125=CARTESIAN_POINT('',(-3.75E-1,0.E0,-1.5E0));
#5126=VERTEX_POINT('',#5124);
#5127=VERTEX_POINT('',#5125);
#5128=CARTESIAN_POINT('',(-1.25E-1,2.E-1,-1.5E0));
#5129=CARTESIAN_POINT('',(-3.75E-1,2.E-1,-1.5E0));
#5130=VERTEX_POINT('',#5128);
#5131=VERTEX_POINT('',#5129);
#5132=CARTESIAN_POINT('',(-1.25E-1,0.E0,-1.2E0));
#5133=VERTEX_POINT('',#5132);
#5134=CARTESIAN_POINT('',(-1.25E-1,2.E-1,-1.35E0));
#5135=VERTEX_POINT('',#5134);
#5136=CARTESIAN_POINT('',(-3.75E-1,0.E0,-1.2E0));
#5137=CARTESIAN_POINT('',(-3.75E-1,1.E-1,-1.2E0));
#5138=VERTEX_POINT('',#5136);
#5139=VERTEX_POINT('',#5137);
#5140=CARTESIAN_POINT('',(-3.75E-1,2.E-1,-1.35E0));
#5141=VERTEX_POINT('',#5140);
#5142=CARTESIAN_POINT('',(-1.25E-1,1.E-1,-1.2E0));
#5143=VERTEX_POINT('',#5142);
#5144=CARTESIAN_POINT('',(-3.75E-1,1.E-1,-1.35E0));
#5145=VERTEX_POINT('',#5144);
#5146=CARTESIAN_POINT('',(1.25E-1,0.E0,-1.5E0));
#5147=CARTESIAN_POINT('',(3.75E-1,0.E0,-1.5E0));
#5148=VERTEX_POINT('',#5146);
#5149=VERTEX_POINT('',#5147);
#5150=CARTESIAN_POINT('',(1.25E-1,2.E-1,-1.5E0));
#5151=CARTESIAN_POINT('',(3.75E-1,2.E-1,-1.5E0));
#5152=VERTEX_POINT('',#5150);
#5153=VERTEX_POINT('',#5151);
#5154=CARTESIAN_POINT('',(1.25E-1,0.E0,-1.2E0));
#5155=VERTEX_POINT('',#5154);
#5156=CARTESIAN_POINT('',(1.25E-1,2.E-1,-1.35E0));
#5157=VERTEX_POINT('',#5156);
#5158=CARTESIAN_POINT('',(3.75E-1,0.E0,-1.2E0));
#5159=VERTEX_POINT('',#5158);
#5160=CARTESIAN_POINT('',(3.75E-1,2.E-1,-1.35E0));
#5161=VERTEX_POINT('',#5160);
#5162=CARTESIAN_POINT('',(1.25E-1,1.E-1,-1.2E0));
#5163=VERTEX_POINT('',#5162);
#5164=CARTESIAN_POINT('',(3.75E-1,1.E-1,-1.2E0));
#5165=VERTEX_POINT('',#5164);
#5166=CARTESIAN_POINT('',(3.75E-1,1.E-1,-1.35E0));
#5167=VERTEX_POINT('',#5166);
#5168=CARTESIAN_POINT('',(1.25E-1,1.E-1,-1.35E0));
#5169=CARTESIAN_POINT('',(-1.25E-1,1.E-1,-1.35E0));
#5170=VERTEX_POINT('',#5168);
#5171=VERTEX_POINT('',#5169);
#5172=CARTESIAN_POINT('',(-1.25E-1,0.E0,1.5E0));
#5173=CARTESIAN_POINT('',(-3.75E-1,0.E0,1.5E0));
#5174=VERTEX_POINT('',#5172);
#5175=VERTEX_POINT('',#5173);
#5176=CARTESIAN_POINT('',(-1.25E-1,2.E-1,1.5E0));
#5177=CARTESIAN_POINT('',(-3.75E-1,2.E-1,1.5E0));
#5178=VERTEX_POINT('',#5176);
#5179=VERTEX_POINT('',#5177);
#5180=CARTESIAN_POINT('',(-1.25E-1,0.E0,1.2E0));
#5181=VERTEX_POINT('',#5180);
#5182=CARTESIAN_POINT('',(-1.25E-1,2.E-1,1.35E0));
#5183=VERTEX_POINT('',#5182);
#5184=CARTESIAN_POINT('',(-3.75E-1,0.E0,1.2E0));
#5185=VERTEX_POINT('',#5184);
#5186=CARTESIAN_POINT('',(-3.75E-1,2.E-1,1.35E0));
#5187=VERTEX_POINT('',#5186);
#5188=CARTESIAN_POINT('',(1.25E-1,0.E0,1.5E0));
#5189=CARTESIAN_POINT('',(3.75E-1,0.E0,1.5E0));
#5190=VERTEX_POINT('',#5188);
#5191=VERTEX_POINT('',#5189);
#5192=CARTESIAN_POINT('',(1.25E-1,2.E-1,1.5E0));
#5193=CARTESIAN_POINT('',(3.75E-1,2.E-1,1.5E0));
#5194=VERTEX_POINT('',#5192);
#5195=VERTEX_POINT('',#5193);
#5196=CARTESIAN_POINT('',(1.25E-1,0.E0,1.2E0));
#5197=VERTEX_POINT('',#5196);
#5198=CARTESIAN_POINT('',(1.25E-1,2.E-1,1.35E0));
#5199=VERTEX_POINT('',#5198);
#5200=CARTESIAN_POINT('',(3.75E-1,0.E0,1.2E0));
#5201=VERTEX_POINT('',#5200);
#5202=CARTESIAN_POINT('',(3.75E-1,2.E-1,1.35E0));
#5203=VERTEX_POINT('',#5202);
#5204=CARTESIAN_POINT('',(-1.25E-1,1.E-1,1.35E0));
#5205=VERTEX_POINT('',#5204);
#5206=CARTESIAN_POINT('',(-3.75E-1,1.E-1,1.35E0));
#5207=VERTEX_POINT('',#5206);
#5208=CARTESIAN_POINT('',(1.25E-1,1.E-1,1.35E0));
#5209=VERTEX_POINT('',#5208);
#5210=CARTESIAN_POINT('',(3.75E-1,1.E-1,1.35E0));
#5211=VERTEX_POINT('',#5210);
#5212=CARTESIAN_POINT('',(-1.25E-1,1.E-1,1.2E0));
#5213=VERTEX_POINT('',#5212);
#5214=CARTESIAN_POINT('',(-3.75E-1,1.E-1,1.2E0));
#5215=VERTEX_POINT('',#5214);
#5216=CARTESIAN_POINT('',(1.25E-1,1.E-1,1.2E0));
#5217=VERTEX_POINT('',#5216);
#5218=CARTESIAN_POINT('',(3.75E-1,1.E-1,1.2E0));
#5219=VERTEX_POINT('',#5218);
#5220=CARTESIAN_POINT('',(-1.25E-1,0.E0,-1.2E0));
#5221=DIRECTION('',(1.E0,0.E0,0.E0));
#5222=DIRECTION('',(0.E0,0.E0,-1.E0));
#5223=AXIS2_PLACEMENT_3D('',#5220,#5221,#5222);
#5224=PLANE('',#5223);
#5226=ORIENTED_EDGE('',*,*,#5225,.F.);
#5228=ORIENTED_EDGE('',*,*,#5227,.T.);
#5230=ORIENTED_EDGE('',*,*,#5229,.F.);
#5232=ORIENTED_EDGE('',*,*,#5231,.T.);
#5234=ORIENTED_EDGE('',*,*,#5233,.T.);
#5236=ORIENTED_EDGE('',*,*,#5235,.F.);
#5237=EDGE_LOOP('',(#5226,#5228,#5230,#5232,#5234,#5236));
#5238=FACE_OUTER_BOUND('',#5237,.F.);
#5240=CARTESIAN_POINT('',(0.E0,0.E0,0.E0));
#5241=DIRECTION('',(0.E0,1.E0,0.E0));
#5242=DIRECTION('',(1.E0,0.E0,0.E0));
#5243=AXIS2_PLACEMENT_3D('',#5240,#5241,#5242);
#5244=PLANE('',#5243);
#5246=ORIENTED_EDGE('',*,*,#5245,.F.);
#5248=ORIENTED_EDGE('',*,*,#5247,.T.);
#5250=ORIENTED_EDGE('',*,*,#5249,.T.);
#5252=ORIENTED_EDGE('',*,*,#5251,.T.);
#5254=ORIENTED_EDGE('',*,*,#5253,.F.);
#5256=ORIENTED_EDGE('',*,*,#5255,.F.);
#5258=ORIENTED_EDGE('',*,*,#5257,.F.);
#5260=ORIENTED_EDGE('',*,*,#5259,.F.);
#5262=ORIENTED_EDGE('',*,*,#5261,.F.);
#5264=ORIENTED_EDGE('',*,*,#5263,.F.);
#5266=ORIENTED_EDGE('',*,*,#5265,.F.);
#5267=ORIENTED_EDGE('',*,*,#5225,.T.);
#5269=ORIENTED_EDGE('',*,*,#5268,.T.);
#5271=ORIENTED_EDGE('',*,*,#5270,.T.);
#5273=ORIENTED_EDGE('',*,*,#5272,.F.);
#5275=ORIENTED_EDGE('',*,*,#5274,.F.);
#5277=ORIENTED_EDGE('',*,*,#5276,.F.);
#5279=ORIENTED_EDGE('',*,*,#5278,.F.);
#5281=ORIENTED_EDGE('',*,*,#5280,.F.);
#5283=ORIENTED_EDGE('',*,*,#5282,.F.);
#5285=ORIENTED_EDGE('',*,*,#5284,.F.);
#5286=EDGE_LOOP('',(#5246,#5248,#5250,#5252,#5254,#5256,#5258,#5260,#5262,#5264,
#5266,#5267,#5269,#5271,#5273,#5275,#5277,#5279,#5281,#5283,#5285));
#5287=FACE_OUTER_BOUND('',#5286,.F.);
#5289=FILL_AREA_STYLE_COLOUR('',#4393);
#5290=FILL_AREA_STYLE('',(#5289));
#5291=SURFACE_STYLE_FILL_AREA(#5290);
#5292=SURFACE_SIDE_STYLE('',(#5291));
#5293=SURFACE_STYLE_USAGE(.POSITIVE.,#5292);
#5294=FILL_AREA_STYLE_COLOUR('',#18);
#5295=FILL_AREA_STYLE('',(#5294));
#5296=SURFACE_STYLE_FILL_AREA(#5295);
#5297=SURFACE_SIDE_STYLE('',(#5296));
#5298=SURFACE_STYLE_USAGE(.NEGATIVE.,#5297);
#5299=PRESENTATION_STYLE_ASSIGNMENT((#5293,#5298));
#5300=OVER_RIDING_STYLED_ITEM('',(#5299),#5288,#4394);
#5301=CARTESIAN_POINT('',(-8.25E-1,0.E0,1.2E0));
#5302=DIRECTION('',(0.E0,0.E0,1.E0));
#5303=DIRECTION('',(1.E0,0.E0,0.E0));
#5304=AXIS2_PLACEMENT_3D('',#5301,#5302,#5303);
#5305=PLANE('',#5304);
#5307=ORIENTED_EDGE('',*,*,#5306,.F.);
#5308=ORIENTED_EDGE('',*,*,#5278,.T.);
#5310=ORIENTED_EDGE('',*,*,#5309,.F.);
#5312=ORIENTED_EDGE('',*,*,#5311,.T.);
#5313=EDGE_LOOP('',(#5307,#5308,#5310,#5312));
#5314=FACE_OUTER_BOUND('',#5313,.F.);
#5316=CARTESIAN_POINT('',(-8.25E-1,0.E0,1.2E0));
#5317=DIRECTION('',(0.E0,0.E0,1.E0));
#5318=DIRECTION('',(1.E0,0.E0,0.E0));
#5319=AXIS2_PLACEMENT_3D('',#5316,#5317,#5318);
#5320=PLANE('',#5319);
#5322=ORIENTED_EDGE('',*,*,#5321,.F.);
#5323=ORIENTED_EDGE('',*,*,#5245,.T.);
#5325=ORIENTED_EDGE('',*,*,#5324,.T.);
#5327=ORIENTED_EDGE('',*,*,#5326,.T.);
#5328=EDGE_LOOP('',(#5322,#5323,#5325,#5327));
#5329=FACE_OUTER_BOUND('',#5328,.F.);
#5331=CARTESIAN_POINT('',(-8.25E-1,0.E0,1.2E0));
#5332=DIRECTION('',(0.E0,0.E0,1.E0));
#5333=DIRECTION('',(1.E0,0.E0,0.E0));
#5334=AXIS2_PLACEMENT_3D('',#5331,#5332,#5333);
#5335=PLANE('',#5334);
#5337=ORIENTED_EDGE('',*,*,#5336,.T.);
#5339=ORIENTED_EDGE('',*,*,#5338,.T.);
#5341=ORIENTED_EDGE('',*,*,#5340,.T.);
#5342=ORIENTED_EDGE('',*,*,#5253,.T.);
#5343=EDGE_LOOP('',(#5337,#5339,#5341,#5342));
#5344=FACE_OUTER_BOUND('',#5343,.F.);
#5346=CARTESIAN_POINT('',(-3.75E-1,0.E0,1.5E0));
#5347=DIRECTION('',(1.E0,0.E0,0.E0));
#5348=DIRECTION('',(0.E0,0.E0,-1.E0));
#5349=AXIS2_PLACEMENT_3D('',#5346,#5347,#5348);
#5350=PLANE('',#5349);
#5351=ORIENTED_EDGE('',*,*,#5280,.T.);
#5352=ORIENTED_EDGE('',*,*,#5306,.T.);
#5354=ORIENTED_EDGE('',*,*,#5353,.F.);
#5356=ORIENTED_EDGE('',*,*,#5355,.T.);
#5358=ORIENTED_EDGE('',*,*,#5357,.F.);
#5360=ORIENTED_EDGE('',*,*,#5359,.F.);
#5361=EDGE_LOOP('',(#5351,#5352,#5354,#5356,#5358,#5360));
#5362=FACE_OUTER_BOUND('',#5361,.F.);
#5364=CARTESIAN_POINT('',(0.E0,1.E-1,0.E0));
#5365=DIRECTION('',(0.E0,1.E0,0.E0));
#5366=DIRECTION('',(1.E0,0.E0,0.E0));
#5367=AXIS2_PLACEMENT_3D('',#5364,#5365,#5366);
#5368=PLANE('',#5367);
#5370=ORIENTED_EDGE('',*,*,#5369,.T.);
#5371=ORIENTED_EDGE('',*,*,#5229,.T.);
#5373=ORIENTED_EDGE('',*,*,#5372,.F.);
#5375=ORIENTED_EDGE('',*,*,#5374,.F.);
#5376=EDGE_LOOP('',(#5370,#5371,#5373,#5375));
#5377=FACE_OUTER_BOUND('',#5376,.F.);
#5379=CARTESIAN_POINT('',(0.E0,1.E-1,0.E0));
#5380=DIRECTION('',(0.E0,1.E0,0.E0));
#5381=DIRECTION('',(1.E0,0.E0,0.E0));
#5382=AXIS2_PLACEMENT_3D('',#5379,#5380,#5381);
#5383=PLANE('',#5382);
#5385=ORIENTED_EDGE('',*,*,#5384,.T.);
#5386=ORIENTED_EDGE('',*,*,#5353,.T.);
#5387=ORIENTED_EDGE('',*,*,#5311,.F.);
#5389=ORIENTED_EDGE('',*,*,#5388,.F.);
#5391=ORIENTED_EDGE('',*,*,#5390,.T.);
#5393=ORIENTED_EDGE('',*,*,#5392,.F.);
#5395=ORIENTED_EDGE('',*,*,#5394,.F.);
#5397=ORIENTED_EDGE('',*,*,#5396,.T.);
#5399=ORIENTED_EDGE('',*,*,#5398,.T.);
#5400=EDGE_LOOP('',(#5385,#5386,#5387,#5389,#5391,#5393,#5395,#5397,#5399));
#5401=FACE_OUTER_BOUND('',#5400,.F.);
#5403=CARTESIAN_POINT('',(0.E0,1.E-1,0.E0));
#5404=DIRECTION('',(0.E0,1.E0,0.E0));
#5405=DIRECTION('',(1.E0,0.E0,0.E0));
#5406=AXIS2_PLACEMENT_3D('',#5403,#5404,#5405);
#5407=PLANE('',#5406);
#5409=ORIENTED_EDGE('',*,*,#5408,.T.);
#5411=ORIENTED_EDGE('',*,*,#5410,.T.);
#5412=ORIENTED_EDGE('',*,*,#5326,.F.);
#5414=ORIENTED_EDGE('',*,*,#5413,.F.);
#5415=EDGE_LOOP('',(#5409,#5411,#5412,#5414));
#5416=FACE_OUTER_BOUND('',#5415,.F.);
#5418=CARTESIAN_POINT('',(0.E0,1.E-1,0.E0));
#5419=DIRECTION('',(0.E0,1.E0,0.E0));
#5420=DIRECTION('',(1.E0,0.E0,0.E0));
#5421=AXIS2_PLACEMENT_3D('',#5418,#5419,#5420);
#5422=PLANE('',#5421);
#5424=ORIENTED_EDGE('',*,*,#5423,.T.);
#5426=ORIENTED_EDGE('',*,*,#5425,.T.);
#5428=ORIENTED_EDGE('',*,*,#5427,.T.);
#5430=ORIENTED_EDGE('',*,*,#5429,.T.);
#5432=ORIENTED_EDGE('',*,*,#5431,.F.);
#5434=ORIENTED_EDGE('',*,*,#5433,.F.);
#5435=ORIENTED_EDGE('',*,*,#5338,.F.);
#5437=ORIENTED_EDGE('',*,*,#5436,.F.);
#5438=EDGE_LOOP('',(#5424,#5426,#5428,#5430,#5432,#5434,#5435,#5437));
#5439=FACE_OUTER_BOUND('',#5438,.F.);
#5441=CARTESIAN_POINT('',(9.5E-1,1.E-1,-1.35E0));
#5442=DIRECTION('',(0.E0,0.E0,-1.E0));
#5443=DIRECTION('',(-1.E0,0.E0,0.E0));
#5444=AXIS2_PLACEMENT_3D('',#5441,#5442,#5443);
#5445=PLANE('',#5444);
#5446=ORIENTED_EDGE('',*,*,#5396,.F.);
#5448=ORIENTED_EDGE('',*,*,#5447,.T.);
#5450=ORIENTED_EDGE('',*,*,#5449,.T.);
#5452=ORIENTED_EDGE('',*,*,#5451,.F.);
#5453=EDGE_LOOP('',(#5446,#5448,#5450,#5452));
#5454=FACE_OUTER_BOUND('',#5453,.F.);
#5456=CARTESIAN_POINT('',(9.5E-1,1.E-1,-1.35E0));
#5457=DIRECTION('',(0.E0,0.E0,-1.E0));
#5458=DIRECTION('',(-1.E0,0.E0,0.E0));
#5459=AXIS2_PLACEMENT_3D('',#5456,#5457,#5458);
#5460=PLANE('',#5459);
#5461=ORIENTED_EDGE('',*,*,#5427,.F.);
#5463=ORIENTED_EDGE('',*,*,#5462,.T.);
#5465=ORIENTED_EDGE('',*,*,#5464,.T.);
#5467=ORIENTED_EDGE('',*,*,#5466,.F.);
#5468=EDGE_LOOP('',(#5461,#5463,#5465,#5467));
#5469=FACE_OUTER_BOUND('',#5468,.F.);
#5471=CARTESIAN_POINT('',(9.5E-1,1.E-1,-1.35E0));
#5472=DIRECTION('',(0.E0,0.E0,-1.E0));
#5473=DIRECTION('',(-1.E0,0.E0,0.E0));
#5474=AXIS2_PLACEMENT_3D('',#5471,#5472,#5473);
#5475=PLANE('',#5474);
#5476=ORIENTED_EDGE('',*,*,#5369,.F.);
#5478=ORIENTED_EDGE('',*,*,#5477,.T.);
#5480=ORIENTED_EDGE('',*,*,#5479,.T.);
#5481=ORIENTED_EDGE('',*,*,#5231,.F.);
#5482=EDGE_LOOP('',(#5476,#5478,#5480,#5481));
#5483=FACE_OUTER_BOUND('',#5482,.F.);
#5485=CARTESIAN_POINT('',(-3.75E-1,0.E0,-1.5E0));
#5486=DIRECTION('',(-1.E0,0.E0,0.E0));
#5487=DIRECTION('',(0.E0,0.E0,1.E0));
#5488=AXIS2_PLACEMENT_3D('',#5485,#5486,#5487);
#5489=PLANE('',#5488);
#5491=ORIENTED_EDGE('',*,*,#5490,.F.);
#5492=ORIENTED_EDGE('',*,*,#5270,.F.);
#5494=ORIENTED_EDGE('',*,*,#5493,.T.);
#5496=ORIENTED_EDGE('',*,*,#5495,.T.);
#5497=ORIENTED_EDGE('',*,*,#5447,.F.);
#5498=ORIENTED_EDGE('',*,*,#5394,.T.);
#5499=EDGE_LOOP('',(#5491,#5492,#5494,#5496,#5497,#5498));
#5500=FACE_OUTER_BOUND('',#5499,.F.);
#5502=CARTESIAN_POINT('',(8.25E-1,0.E0,-1.2E0));
#5503=DIRECTION('',(0.E0,0.E0,-1.E0));
#5504=DIRECTION('',(-1.E0,0.E0,0.E0));
#5505=AXIS2_PLACEMENT_3D('',#5502,#5503,#5504);
#5506=PLANE('',#5505);
#5507=ORIENTED_EDGE('',*,*,#5490,.T.);
#5508=ORIENTED_EDGE('',*,*,#5392,.T.);
#5510=ORIENTED_EDGE('',*,*,#5509,.T.);
#5511=ORIENTED_EDGE('',*,*,#5272,.T.);
#5512=EDGE_LOOP('',(#5507,#5508,#5510,#5511));
#5513=FACE_OUTER_BOUND('',#5512,.F.);
#5515=CARTESIAN_POINT('',(8.25E-1,0.E0,-1.2E0));
#5516=DIRECTION('',(0.E0,0.E0,-1.E0));
#5517=DIRECTION('',(-1.E0,0.E0,0.E0));
#5518=AXIS2_PLACEMENT_3D('',#5515,#5516,#5517);
#5519=PLANE('',#5518);
#5521=ORIENTED_EDGE('',*,*,#5520,.T.);
#5522=ORIENTED_EDGE('',*,*,#5372,.T.);
#5523=ORIENTED_EDGE('',*,*,#5227,.F.);
#5524=ORIENTED_EDGE('',*,*,#5265,.T.);
#5525=EDGE_LOOP('',(#5521,#5522,#5523,#5524));
#5526=FACE_OUTER_BOUND('',#5525,.F.);
#5528=CARTESIAN_POINT('',(8.25E-1,0.E0,-1.2E0));
#5529=DIRECTION('',(0.E0,0.E0,-1.E0));
#5530=DIRECTION('',(-1.E0,0.E0,0.E0));
#5531=AXIS2_PLACEMENT_3D('',#5528,#5529,#5530);
#5532=PLANE('',#5531);
#5534=ORIENTED_EDGE('',*,*,#5533,.F.);
#5535=ORIENTED_EDGE('',*,*,#5257,.T.);
#5537=ORIENTED_EDGE('',*,*,#5536,.F.);
#5538=ORIENTED_EDGE('',*,*,#5431,.T.);
#5539=EDGE_LOOP('',(#5534,#5535,#5537,#5538));
#5540=FACE_OUTER_BOUND('',#5539,.F.);
#5542=CARTESIAN_POINT('',(-6.75E-1,1.E-1,-1.05E0));
#5543=DIRECTION('',(-7.071067811865E-1,0.E0,-7.071067811865E-1));
#5544=DIRECTION('',(7.071067811865E-1,0.E0,-7.071067811865E-1));
#5545=AXIS2_PLACEMENT_3D('',#5542,#5543,#5544);
#5546=PLANE('',#5545);
#5547=ORIENTED_EDGE('',*,*,#5390,.F.);
#5549=ORIENTED_EDGE('',*,*,#5548,.T.);
#5550=ORIENTED_EDGE('',*,*,#5274,.T.);
#5551=ORIENTED_EDGE('',*,*,#5509,.F.);
#5552=EDGE_LOOP('',(#5547,#5549,#5550,#5551));
#5553=FACE_OUTER_BOUND('',#5552,.F.);
#5555=CARTESIAN_POINT('',(-8.25E-1,0.E0,-1.2E0));
#5556=DIRECTION('',(-1.E0,0.E0,0.E0));
#5557=DIRECTION('',(0.E0,0.E0,1.E0));
#5558=AXIS2_PLACEMENT_3D('',#5555,#5556,#5557);
#5559=PLANE('',#5558);
#5560=ORIENTED_EDGE('',*,*,#5388,.T.);
#5561=ORIENTED_EDGE('',*,*,#5309,.T.);
#5562=ORIENTED_EDGE('',*,*,#5276,.T.);
#5563=ORIENTED_EDGE('',*,*,#5548,.F.);
#5564=EDGE_LOOP('',(#5560,#5561,#5562,#5563));
#5565=FACE_OUTER_BOUND('',#5564,.F.);
#5567=CARTESIAN_POINT('',(1.25E-1,0.E0,-1.2E0));
#5568=DIRECTION('',(1.E0,0.E0,0.E0));
#5569=DIRECTION('',(0.E0,0.E0,-1.E0));
#5570=AXIS2_PLACEMENT_3D('',#5567,#5568,#5569);
#5571=PLANE('',#5570);
#5572=ORIENTED_EDGE('',*,*,#5263,.T.);
#5574=ORIENTED_EDGE('',*,*,#5573,.T.);
#5576=ORIENTED_EDGE('',*,*,#5575,.F.);
#5577=ORIENTED_EDGE('',*,*,#5477,.F.);
#5578=ORIENTED_EDGE('',*,*,#5374,.T.);
#5579=ORIENTED_EDGE('',*,*,#5520,.F.);
#5580=EDGE_LOOP('',(#5572,#5574,#5576,#5577,#5578,#5579));
#5581=FACE_OUTER_BOUND('',#5580,.F.);
#5583=CARTESIAN_POINT('',(1.25E-1,0.E0,-1.5E0));
#5584=DIRECTION('',(0.E0,0.E0,1.E0));
#5585=DIRECTION('',(1.E0,0.E0,0.E0));
#5586=AXIS2_PLACEMENT_3D('',#5583,#5584,#5585);
#5587=PLANE('',#5586);
#5588=ORIENTED_EDGE('',*,*,#5261,.T.);
#5590=ORIENTED_EDGE('',*,*,#5589,.T.);
#5592=ORIENTED_EDGE('',*,*,#5591,.F.);
#5593=ORIENTED_EDGE('',*,*,#5573,.F.);
#5594=EDGE_LOOP('',(#5588,#5590,#5592,#5593));
#5595=FACE_OUTER_BOUND('',#5594,.F.);
#5597=CARTESIAN_POINT('',(3.75E-1,0.E0,-1.5E0));
#5598=DIRECTION('',(-1.E0,0.E0,0.E0));
#5599=DIRECTION('',(0.E0,0.E0,1.E0));
#5600=AXIS2_PLACEMENT_3D('',#5597,#5598,#5599);
#5601=PLANE('',#5600);
#5602=ORIENTED_EDGE('',*,*,#5259,.T.);
#5603=ORIENTED_EDGE('',*,*,#5533,.T.);
#5604=ORIENTED_EDGE('',*,*,#5429,.F.);
#5605=ORIENTED_EDGE('',*,*,#5466,.T.);
#5607=ORIENTED_EDGE('',*,*,#5606,.F.);
#5608=ORIENTED_EDGE('',*,*,#5589,.F.);
#5609=EDGE_LOOP('',(#5602,#5603,#5604,#5605,#5607,#5608));
#5610=FACE_OUTER_BOUND('',#5609,.F.);
#5612=CARTESIAN_POINT('',(0.E0,2.E-1,0.E0));
#5613=DIRECTION('',(0.E0,1.E0,0.E0));
#5614=DIRECTION('',(1.E0,0.E0,0.E0));
#5615=AXIS2_PLACEMENT_3D('',#5612,#5613,#5614);
#5616=PLANE('',#5615);
#5618=ORIENTED_EDGE('',*,*,#5617,.F.);
#5620=ORIENTED_EDGE('',*,*,#5619,.F.);
#5622=ORIENTED_EDGE('',*,*,#5621,.F.);
#5624=ORIENTED_EDGE('',*,*,#5623,.F.);
#5626=ORIENTED_EDGE('',*,*,#5625,.F.);
#5628=ORIENTED_EDGE('',*,*,#5627,.T.);
#5630=ORIENTED_EDGE('',*,*,#5629,.T.);
#5631=ORIENTED_EDGE('',*,*,#5357,.T.);
#5633=ORIENTED_EDGE('',*,*,#5632,.F.);
#5635=ORIENTED_EDGE('',*,*,#5634,.F.);
#5636=ORIENTED_EDGE('',*,*,#5449,.F.);
#5637=ORIENTED_EDGE('',*,*,#5495,.F.);
#5639=ORIENTED_EDGE('',*,*,#5638,.F.);
#5640=ORIENTED_EDGE('',*,*,#5233,.F.);
#5641=ORIENTED_EDGE('',*,*,#5479,.F.);
#5642=ORIENTED_EDGE('',*,*,#5575,.T.);
#5643=ORIENTED_EDGE('',*,*,#5591,.T.);
#5644=ORIENTED_EDGE('',*,*,#5606,.T.);
#5645=ORIENTED_EDGE('',*,*,#5464,.F.);
#5647=ORIENTED_EDGE('',*,*,#5646,.F.);
#5648=EDGE_LOOP('',(#5618,#5620,#5622,#5624,#5626,#5628,#5630,#5631,#5633,#5635,
#5636,#5637,#5639,#5640,#5641,#5642,#5643,#5644,#5645,#5647));
#5649=FACE_OUTER_BOUND('',#5648,.F.);
#5651=CARTESIAN_POINT('',(-9.5E-1,1.E-1,1.35E0));
#5652=DIRECTION('',(0.E0,0.E0,1.E0));
#5653=DIRECTION('',(1.E0,0.E0,0.E0));
#5654=AXIS2_PLACEMENT_3D('',#5651,#5652,#5653);
#5655=PLANE('',#5654);
#5656=ORIENTED_EDGE('',*,*,#5355,.F.);
#5657=ORIENTED_EDGE('',*,*,#5384,.F.);
#5659=ORIENTED_EDGE('',*,*,#5658,.T.);
#5660=ORIENTED_EDGE('',*,*,#5632,.T.);
#5661=EDGE_LOOP('',(#5656,#5657,#5659,#5660));
#5662=FACE_OUTER_BOUND('',#5661,.F.);
#5664=CARTESIAN_POINT('',(-9.5E-1,1.E-1,1.35E0));
#5665=DIRECTION('',(0.E0,0.E0,1.E0));
#5666=DIRECTION('',(1.E0,0.E0,0.E0));
#5667=AXIS2_PLACEMENT_3D('',#5664,#5665,#5666);
#5668=PLANE('',#5667);
#5670=ORIENTED_EDGE('',*,*,#5669,.F.);
#5671=ORIENTED_EDGE('',*,*,#5408,.F.);
#5673=ORIENTED_EDGE('',*,*,#5672,.T.);
#5674=ORIENTED_EDGE('',*,*,#5625,.T.);
#5675=EDGE_LOOP('',(#5670,#5671,#5673,#5674));
#5676=FACE_OUTER_BOUND('',#5675,.F.);
#5678=CARTESIAN_POINT('',(-9.5E-1,1.E-1,1.35E0));
#5679=DIRECTION('',(0.E0,0.E0,1.E0));
#5680=DIRECTION('',(1.E0,0.E0,0.E0));
#5681=AXIS2_PLACEMENT_3D('',#5678,#5679,#5680);
#5682=PLANE('',#5681);
#5684=ORIENTED_EDGE('',*,*,#5683,.T.);
#5685=ORIENTED_EDGE('',*,*,#5617,.T.);
#5687=ORIENTED_EDGE('',*,*,#5686,.F.);
#5688=ORIENTED_EDGE('',*,*,#5423,.F.);
#5689=EDGE_LOOP('',(#5684,#5685,#5687,#5688));
#5690=FACE_OUTER_BOUND('',#5689,.F.);
#5692=CARTESIAN_POINT('',(-9.5E-1,1.E-1,-1.35E0));
#5693=DIRECTION('',(-1.E0,0.E0,0.E0));
#5694=DIRECTION('',(0.E0,0.E0,1.E0));
#5695=AXIS2_PLACEMENT_3D('',#5692,#5693,#5694);
#5696=PLANE('',#5695);
#5697=ORIENTED_EDGE('',*,*,#5398,.F.);
#5698=ORIENTED_EDGE('',*,*,#5451,.T.);
#5699=ORIENTED_EDGE('',*,*,#5634,.T.);
#5700=ORIENTED_EDGE('',*,*,#5658,.F.);
#5701=EDGE_LOOP('',(#5697,#5698,#5699,#5700));
#5702=FACE_OUTER_BOUND('',#5701,.F.);
#5704=CARTESIAN_POINT('',(1.25E-1,0.E0,1.2E0));
#5705=DIRECTION('',(-1.E0,0.E0,0.E0));
#5706=DIRECTION('',(0.E0,0.E0,1.E0));
#5707=AXIS2_PLACEMENT_3D('',#5704,#5705,#5706);
#5708=PLANE('',#5707);
#5709=ORIENTED_EDGE('',*,*,#5247,.F.);
#5710=ORIENTED_EDGE('',*,*,#5321,.T.);
#5711=ORIENTED_EDGE('',*,*,#5410,.F.);
#5712=ORIENTED_EDGE('',*,*,#5669,.T.);
#5713=ORIENTED_EDGE('',*,*,#5623,.T.);
#5715=ORIENTED_EDGE('',*,*,#5714,.F.);
#5716=EDGE_LOOP('',(#5709,#5710,#5711,#5712,#5713,#5715));
#5717=FACE_OUTER_BOUND('',#5716,.F.);
#5719=CARTESIAN_POINT('',(1.25E-1,0.E0,1.5E0));
#5720=DIRECTION('',(0.E0,0.E0,1.E0));
#5721=DIRECTION('',(1.E0,0.E0,0.E0));
#5722=AXIS2_PLACEMENT_3D('',#5719,#5720,#5721);
#5723=PLANE('',#5722);
#5724=ORIENTED_EDGE('',*,*,#5249,.F.);
#5725=ORIENTED_EDGE('',*,*,#5714,.T.);
#5726=ORIENTED_EDGE('',*,*,#5621,.T.);
#5728=ORIENTED_EDGE('',*,*,#5727,.F.);
#5729=EDGE_LOOP('',(#5724,#5725,#5726,#5728));
#5730=FACE_OUTER_BOUND('',#5729,.F.);
#5732=CARTESIAN_POINT('',(3.75E-1,0.E0,1.5E0));
#5733=DIRECTION('',(1.E0,0.E0,0.E0));
#5734=DIRECTION('',(0.E0,0.E0,-1.E0));
#5735=AXIS2_PLACEMENT_3D('',#5732,#5733,#5734);
#5736=PLANE('',#5735);
#5737=ORIENTED_EDGE('',*,*,#5251,.F.);
#5738=ORIENTED_EDGE('',*,*,#5727,.T.);
#5739=ORIENTED_EDGE('',*,*,#5619,.T.);
#5740=ORIENTED_EDGE('',*,*,#5683,.F.);
#5741=ORIENTED_EDGE('',*,*,#5436,.T.);
#5742=ORIENTED_EDGE('',*,*,#5336,.F.);
#5743=EDGE_LOOP('',(#5737,#5738,#5739,#5740,#5741,#5742));
#5744=FACE_OUTER_BOUND('',#5743,.F.);
#5746=CARTESIAN_POINT('',(-1.25E-1,0.E0,1.2E0));
#5747=DIRECTION('',(-1.E0,0.E0,0.E0));
#5748=DIRECTION('',(0.E0,0.E0,1.E0));
#5749=AXIS2_PLACEMENT_3D('',#5746,#5747,#5748);
#5750=PLANE('',#5749);
#5751=ORIENTED_EDGE('',*,*,#5284,.T.);
#5753=ORIENTED_EDGE('',*,*,#5752,.T.);
#5754=ORIENTED_EDGE('',*,*,#5627,.F.);
#5755=ORIENTED_EDGE('',*,*,#5672,.F.);
#5756=ORIENTED_EDGE('',*,*,#5413,.T.);
#5757=ORIENTED_EDGE('',*,*,#5324,.F.);
#5758=EDGE_LOOP('',(#5751,#5753,#5754,#5755,#5756,#5757));
#5759=FACE_OUTER_BOUND('',#5758,.F.);
#5761=CARTESIAN_POINT('',(-1.25E-1,0.E0,1.5E0));
#5762=DIRECTION('',(0.E0,0.E0,-1.E0));
#5763=DIRECTION('',(-1.E0,0.E0,0.E0));
#5764=AXIS2_PLACEMENT_3D('',#5761,#5762,#5763);
#5765=PLANE('',#5764);
#5766=ORIENTED_EDGE('',*,*,#5282,.T.);
#5767=ORIENTED_EDGE('',*,*,#5359,.T.);
#5768=ORIENTED_EDGE('',*,*,#5629,.F.);
#5769=ORIENTED_EDGE('',*,*,#5752,.F.);
#5770=EDGE_LOOP('',(#5766,#5767,#5768,#5769));
#5771=FACE_OUTER_BOUND('',#5770,.F.);
#5773=CARTESIAN_POINT('',(9.5E-1,1.E-1,1.35E0));
#5774=DIRECTION('',(1.E0,0.E0,0.E0));
#5775=DIRECTION('',(0.E0,0.E0,-1.E0));
#5776=AXIS2_PLACEMENT_3D('',#5773,#5774,#5775);
#5777=PLANE('',#5776);
#5778=ORIENTED_EDGE('',*,*,#5425,.F.);
#5779=ORIENTED_EDGE('',*,*,#5686,.T.);
#5780=ORIENTED_EDGE('',*,*,#5646,.T.);
#5781=ORIENTED_EDGE('',*,*,#5462,.F.);
#5782=EDGE_LOOP('',(#5778,#5779,#5780,#5781));
#5783=FACE_OUTER_BOUND('',#5782,.F.);
#5785=CARTESIAN_POINT('',(-1.25E-1,0.E0,-1.5E0));
#5786=DIRECTION('',(0.E0,0.E0,-1.E0));
#5787=DIRECTION('',(-1.E0,0.E0,0.E0));
#5788=AXIS2_PLACEMENT_3D('',#5785,#5786,#5787);
#5789=PLANE('',#5788);
#5790=ORIENTED_EDGE('',*,*,#5268,.F.);
#5791=ORIENTED_EDGE('',*,*,#5235,.T.);
#5792=ORIENTED_EDGE('',*,*,#5638,.T.);
#5793=ORIENTED_EDGE('',*,*,#5493,.F.);
#5794=EDGE_LOOP('',(#5790,#5791,#5792,#5793));
#5795=FACE_OUTER_BOUND('',#5794,.F.);
#5797=CARTESIAN_POINT('',(8.25E-1,0.E0,1.2E0));
#5798=DIRECTION('',(1.E0,0.E0,0.E0));
#5799=DIRECTION('',(0.E0,0.E0,-1.E0));
#5800=AXIS2_PLACEMENT_3D('',#5797,#5798,#5799);
#5801=PLANE('',#5800);
#5802=ORIENTED_EDGE('',*,*,#5433,.T.);
#5803=ORIENTED_EDGE('',*,*,#5536,.T.);
#5804=ORIENTED_EDGE('',*,*,#5255,.T.);
#5805=ORIENTED_EDGE('',*,*,#5340,.F.);
#5806=EDGE_LOOP('',(#5802,#5803,#5804,#5805));
#5807=FACE_OUTER_BOUND('',#5806,.F.);
#5809=CLOSED_SHELL('',(#5239,#5288,#5315,#5330,#5345,#5363,#5378,#5402,#5417,
#5440,#5455,#5470,#5484,#5501,#5514,#5527,#5541,#5554,#5566,#5582,#5596,#5611,
#5650,#5663,#5677,#5691,#5703,#5718,#5731,#5745,#5760,#5772,#5784,#5796,#5808));
#5810=MANIFOLD_SOLID_BREP('',#5809);
#5811=FILL_AREA_STYLE_COLOUR('',#18);
#5812=FILL_AREA_STYLE('',(#5811));
#5813=SURFACE_STYLE_FILL_AREA(#5812);
#5814=SURFACE_SIDE_STYLE('',(#5813));
#5815=SURFACE_STYLE_USAGE(.BOTH.,#5814);
#5816=PRESENTATION_STYLE_ASSIGNMENT((#5815));
#4394=STYLED_ITEM('',(#5816),#5810);
#5818=DIRECTION('',(0.E0,0.E0,-1.E0));
#5819=VECTOR('',#5818,2.5E-1);
#5820=CARTESIAN_POINT('',(1.45E0,0.E0,-8.75E-1));
#5821=LINE('',#5820,#5819);
#5822=CURVE_STYLE('',#33,POSITIVE_LENGTH_MEASURE(2.E-2),#18);
#5823=PRESENTATION_STYLE_ASSIGNMENT((#5822));
#5824=STYLED_ITEM('',(#5823),#5821);
#5825=DIRECTION('',(-1.E0,0.E0,0.E0));
#5826=VECTOR('',#5825,2.25E-1);
#5827=CARTESIAN_POINT('',(1.45E0,0.E0,-1.125E0));
#5828=LINE('',#5827,#5826);
#5829=CURVE_STYLE('',#33,POSITIVE_LENGTH_MEASURE(2.E-2),#18);
#5830=PRESENTATION_STYLE_ASSIGNMENT((#5829));
#5831=STYLED_ITEM('',(#5830),#5828);
#5832=CARTESIAN_POINT('',(1.225E0,0.E0,-1.E0));
#5833=DIRECTION('',(0.E0,1.E0,0.E0));
#5834=DIRECTION('',(0.E0,0.E0,-1.E0));
#5835=AXIS2_PLACEMENT_3D('',#5832,#5833,#5834);
#5837=CURVE_STYLE('',#33,POSITIVE_LENGTH_MEASURE(2.E-2),#18);
#5838=PRESENTATION_STYLE_ASSIGNMENT((#5837));
#5839=STYLED_ITEM('',(#5838),#5836);
#5840=DIRECTION('',(1.E0,0.E0,0.E0));
#5841=VECTOR('',#5840,2.25E-1);
#5842=CARTESIAN_POINT('',(1.225E0,0.E0,-8.75E-1));
#5843=LINE('',#5842,#5841);
#5844=CURVE_STYLE('',#33,POSITIVE_LENGTH_MEASURE(2.E-2),#18);
#5845=PRESENTATION_STYLE_ASSIGNMENT((#5844));
#5846=STYLED_ITEM('',(#5845),#5843);
#5847=DIRECTION('',(0.E0,0.E0,1.E0));
#5848=VECTOR('',#5847,2.5E-1);
#5849=CARTESIAN_POINT('',(1.45E0,1.E-1,-1.125E0));
#5850=LINE('',#5849,#5848);
#5851=CURVE_STYLE('',#33,POSITIVE_LENGTH_MEASURE(2.E-2),#18);
#5852=PRESENTATION_STYLE_ASSIGNMENT((#5851));
#5853=STYLED_ITEM('',(#5852),#5850);
#5854=DIRECTION('',(-1.E0,0.E0,0.E0));
#5855=VECTOR('',#5854,5.E-2);
#5856=CARTESIAN_POINT('',(1.5E0,1.E-1,-8.75E-1));
#5857=LINE('',#5856,#5855);
#5858=CURVE_STYLE('',#33,POSITIVE_LENGTH_MEASURE(2.E-2),#18);
#5859=PRESENTATION_STYLE_ASSIGNMENT((#5858));
#5860=STYLED_ITEM('',(#5859),#5857);
#5861=DIRECTION('',(0.E0,1.E0,0.E0));
#5862=VECTOR('',#5861,1.E-1);
#5863=CARTESIAN_POINT('',(1.45E0,0.E0,-8.75E-1));
#5864=LINE('',#5863,#5862);
#5865=CURVE_STYLE('',#33,POSITIVE_LENGTH_MEASURE(2.E-2),#18);
#5866=PRESENTATION_STYLE_ASSIGNMENT((#5865));
#5867=STYLED_ITEM('',(#5866),#5864);
#5868=DIRECTION('',(0.E0,1.E0,0.E0));
#5869=VECTOR('',#5868,2.E-1);
#5870=CARTESIAN_POINT('',(1.225E0,0.E0,-8.75E-1));
#5871=LINE('',#5870,#5869);
#5872=CURVE_STYLE('',#33,POSITIVE_LENGTH_MEASURE(2.E-2),#18);
#5873=PRESENTATION_STYLE_ASSIGNMENT((#5872));
#5874=STYLED_ITEM('',(#5873),#5871);
#5875=DIRECTION('',(-1.E0,0.E0,0.E0));
#5876=VECTOR('',#5875,5.E-2);
#5877=CARTESIAN_POINT('',(1.5E0,1.E-1,-1.125E0));
#5878=LINE('',#5877,#5876);
#5879=CURVE_STYLE('',#33,POSITIVE_LENGTH_MEASURE(2.E-2),#18);
#5880=PRESENTATION_STYLE_ASSIGNMENT((#5879));
#5881=STYLED_ITEM('',(#5880),#5878);
#5882=DIRECTION('',(0.E0,1.E0,0.E0));
#5883=VECTOR('',#5882,1.E-1);
#5884=CARTESIAN_POINT('',(1.5E0,1.E-1,-1.125E0));
#5885=LINE('',#5884,#5883);
#5886=CURVE_STYLE('',#33,POSITIVE_LENGTH_MEASURE(2.E-2),#18);
#5887=PRESENTATION_STYLE_ASSIGNMENT((#5886));
#5888=STYLED_ITEM('',(#5887),#5885);
#5889=DIRECTION('',(0.E0,1.E0,0.E0));
#5890=VECTOR('',#5889,1.E-1);
#5891=CARTESIAN_POINT('',(1.45E0,0.E0,-1.125E0));
#5892=LINE('',#5891,#5890);
#5893=CURVE_STYLE('',#33,POSITIVE_LENGTH_MEASURE(2.E-2),#18);
#5894=PRESENTATION_STYLE_ASSIGNMENT((#5893));
#5895=STYLED_ITEM('',(#5894),#5892);
#5896=DIRECTION('',(0.E0,0.E0,-1.E0));
#5897=VECTOR('',#5896,2.5E-1);
#5898=CARTESIAN_POINT('',(1.5E0,1.E-1,-8.75E-1));
#5899=LINE('',#5898,#5897);
#5900=CURVE_STYLE('',#33,POSITIVE_LENGTH_MEASURE(2.E-2),#18);
#5901=PRESENTATION_STYLE_ASSIGNMENT((#5900));
#5902=STYLED_ITEM('',(#5901),#5899);
#5903=DIRECTION('',(0.E0,1.E0,0.E0));
#5904=VECTOR('',#5903,1.E-1);
#5905=CARTESIAN_POINT('',(1.5E0,1.E-1,-8.75E-1));
#5906=LINE('',#5905,#5904);
#5907=CURVE_STYLE('',#33,POSITIVE_LENGTH_MEASURE(2.E-2),#18);
#5908=PRESENTATION_STYLE_ASSIGNMENT((#5907));
#5909=STYLED_ITEM('',(#5908),#5906);
#5910=DIRECTION('',(-1.E0,0.E0,0.E0));
#5911=VECTOR('',#5910,2.75E-1);
#5912=CARTESIAN_POINT('',(1.5E0,2.E-1,-1.125E0));
#5913=LINE('',#5912,#5911);
#5914=CURVE_STYLE('',#33,POSITIVE_LENGTH_MEASURE(2.E-2),#18);
#5915=PRESENTATION_STYLE_ASSIGNMENT((#5914));
#5916=STYLED_ITEM('',(#5915),#5913);
#5917=DIRECTION('',(0.E0,0.E0,-1.E0));
#5918=VECTOR('',#5917,2.5E-1);
#5919=CARTESIAN_POINT('',(1.5E0,2.E-1,-8.75E-1));
#5920=LINE('',#5919,#5918);
#5921=CURVE_STYLE('',#33,POSITIVE_LENGTH_MEASURE(2.E-2),#18);
#5922=PRESENTATION_STYLE_ASSIGNMENT((#5921));
#5923=STYLED_ITEM('',(#5922),#5920);
#5924=DIRECTION('',(1.E0,0.E0,0.E0));
#5925=VECTOR('',#5924,2.75E-1);
#5926=CARTESIAN_POINT('',(1.225E0,2.E-1,-8.75E-1));
#5927=LINE('',#5926,#5925);
#5928=CURVE_STYLE('',#33,POSITIVE_LENGTH_MEASURE(2.E-2),#18);
#5929=PRESENTATION_STYLE_ASSIGNMENT((#5928));
#5930=STYLED_ITEM('',(#5929),#5927);
#5931=CARTESIAN_POINT('',(1.225E0,2.E-1,-1.E0));
#5932=DIRECTION('',(0.E0,1.E0,0.E0));
#5933=DIRECTION('',(0.E0,0.E0,-1.E0));
#5934=AXIS2_PLACEMENT_3D('',#5931,#5932,#5933);
#5936=CURVE_STYLE('',#33,POSITIVE_LENGTH_MEASURE(2.E-2),#18);
#5937=PRESENTATION_STYLE_ASSIGNMENT((#5936));
#5938=STYLED_ITEM('',(#5937),#5935);
#5939=DIRECTION('',(0.E0,1.E0,0.E0));
#5940=VECTOR('',#5939,2.E-1);
#5941=CARTESIAN_POINT('',(1.225E0,0.E0,-1.125E0));
#5942=LINE('',#5941,#5940);
#5943=CURVE_STYLE('',#33,POSITIVE_LENGTH_MEASURE(2.E-2),#18);
#5944=PRESENTATION_STYLE_ASSIGNMENT((#5943));
#5945=STYLED_ITEM('',(#5944),#5942);
#5946=CARTESIAN_POINT('',(1.225E0,0.E0,-1.125E0));
#5947=CARTESIAN_POINT('',(1.225E0,0.E0,-8.75E-1));
#5948=VERTEX_POINT('',#5946);
#5949=VERTEX_POINT('',#5947);
#5950=CARTESIAN_POINT('',(1.5E0,2.E-1,-1.125E0));
#5951=CARTESIAN_POINT('',(1.225E0,2.E-1,-1.125E0));
#5952=VERTEX_POINT('',#5950);
#5953=VERTEX_POINT('',#5951);
#5954=CARTESIAN_POINT('',(1.225E0,2.E-1,-8.75E-1));
#5955=VERTEX_POINT('',#5954);
#5956=CARTESIAN_POINT('',(1.5E0,2.E-1,-8.75E-1));
#5957=VERTEX_POINT('',#5956);
#5958=CARTESIAN_POINT('',(1.45E0,0.E0,-8.75E-1));
#5959=CARTESIAN_POINT('',(1.45E0,0.E0,-1.125E0));
#5960=VERTEX_POINT('',#5958);
#5961=VERTEX_POINT('',#5959);
#5962=CARTESIAN_POINT('',(1.5E0,1.E-1,-1.125E0));
#5963=CARTESIAN_POINT('',(1.45E0,1.E-1,-1.125E0));
#5964=VERTEX_POINT('',#5962);
#5965=VERTEX_POINT('',#5963);
#5966=CARTESIAN_POINT('',(1.5E0,1.E-1,-8.75E-1));
#5967=CARTESIAN_POINT('',(1.45E0,1.E-1,-8.75E-1));
#5968=VERTEX_POINT('',#5966);
#5969=VERTEX_POINT('',#5967);
#5970=CARTESIAN_POINT('',(0.E0,0.E0,0.E0));
#5971=DIRECTION('',(0.E0,1.E0,0.E0));
#5972=DIRECTION('',(1.E0,0.E0,0.E0));
#5973=AXIS2_PLACEMENT_3D('',#5970,#5971,#5972);
#5974=PLANE('',#5973);
#5976=ORIENTED_EDGE('',*,*,#5975,.T.);
#5978=ORIENTED_EDGE('',*,*,#5977,.T.);
#5980=ORIENTED_EDGE('',*,*,#5979,.T.);
#5982=ORIENTED_EDGE('',*,*,#5981,.T.);
#5983=EDGE_LOOP('',(#5976,#5978,#5980,#5982));
#5984=FACE_OUTER_BOUND('',#5983,.F.);
#5986=FILL_AREA_STYLE_COLOUR('',#4393);
#5987=FILL_AREA_STYLE('',(#5986));
#5988=SURFACE_STYLE_FILL_AREA(#5987);
#5989=SURFACE_SIDE_STYLE('',(#5988));
#5990=SURFACE_STYLE_USAGE(.POSITIVE.,#5989);
#5991=PRESENTATION_STYLE_ASSIGNMENT((#5990));
#5992=OVER_RIDING_STYLED_ITEM('',(#5991),#5985,#5817);
#5993=CARTESIAN_POINT('',(1.45E0,1.E-1,-1.8E0));
#5994=DIRECTION('',(-1.E0,0.E0,0.E0));
#5995=DIRECTION('',(0.E0,-1.E0,0.E0));
#5996=AXIS2_PLACEMENT_3D('',#5993,#5994,#5995);
#5997=PLANE('',#5996);
#5998=ORIENTED_EDGE('',*,*,#5975,.F.);
#6000=ORIENTED_EDGE('',*,*,#5999,.T.);
#6002=ORIENTED_EDGE('',*,*,#6001,.F.);
#6004=ORIENTED_EDGE('',*,*,#6003,.F.);
#6005=EDGE_LOOP('',(#5998,#6000,#6002,#6004));
#6006=FACE_OUTER_BOUND('',#6005,.F.);
#6008=FILL_AREA_STYLE_COLOUR('',#26);
#6009=FILL_AREA_STYLE('',(#6008));
#6010=SURFACE_STYLE_FILL_AREA(#6009);
#6011=SURFACE_SIDE_STYLE('',(#6010));
#6012=SURFACE_STYLE_USAGE(.POSITIVE.,#6011);
#6013=PRESENTATION_STYLE_ASSIGNMENT((#6012));
#6014=OVER_RIDING_STYLED_ITEM('',(#6013),#6007,#5817);
#6015=CARTESIAN_POINT('',(1.225E0,0.E0,-8.75E-1));
#6016=DIRECTION('',(0.E0,0.E0,1.E0));
#6017=DIRECTION('',(1.E0,0.E0,0.E0));
#6018=AXIS2_PLACEMENT_3D('',#6015,#6016,#6017);
#6019=PLANE('',#6018);
#6021=ORIENTED_EDGE('',*,*,#6020,.T.);
#6022=ORIENTED_EDGE('',*,*,#5999,.F.);
#6023=ORIENTED_EDGE('',*,*,#5981,.F.);
#6025=ORIENTED_EDGE('',*,*,#6024,.T.);
#6027=ORIENTED_EDGE('',*,*,#6026,.T.);
#6029=ORIENTED_EDGE('',*,*,#6028,.F.);
#6030=EDGE_LOOP('',(#6021,#6022,#6023,#6025,#6027,#6029));
#6031=FACE_OUTER_BOUND('',#6030,.F.);
#6033=CARTESIAN_POINT('',(1.5E0,1.E-1,-1.8E0));
#6034=DIRECTION('',(0.E0,1.E0,0.E0));
#6035=DIRECTION('',(-1.E0,0.E0,0.E0));
#6036=AXIS2_PLACEMENT_3D('',#6033,#6034,#6035);
#6037=PLANE('',#6036);
#6039=ORIENTED_EDGE('',*,*,#6038,.T.);
#6040=ORIENTED_EDGE('',*,*,#6001,.T.);
#6041=ORIENTED_EDGE('',*,*,#6020,.F.);
#6043=ORIENTED_EDGE('',*,*,#6042,.T.);
#6044=EDGE_LOOP('',(#6039,#6040,#6041,#6043));
#6045=FACE_OUTER_BOUND('',#6044,.F.);
#6047=FILL_AREA_STYLE_COLOUR('',#4393);
#6048=FILL_AREA_STYLE('',(#6047));
#6049=SURFACE_STYLE_FILL_AREA(#6048);
#6050=SURFACE_SIDE_STYLE('',(#6049));
#6051=SURFACE_STYLE_USAGE(.POSITIVE.,#6050);
#6052=PRESENTATION_STYLE_ASSIGNMENT((#6051));
#6053=OVER_RIDING_STYLED_ITEM('',(#6052),#6046,#5817);
#6054=CARTESIAN_POINT('',(1.5E0,0.E0,-1.125E0));
#6055=DIRECTION('',(0.E0,0.E0,-1.E0));
#6056=DIRECTION('',(-1.E0,0.E0,0.E0));
#6057=AXIS2_PLACEMENT_3D('',#6054,#6055,#6056);
#6058=PLANE('',#6057);
#6059=ORIENTED_EDGE('',*,*,#6038,.F.);
#6061=ORIENTED_EDGE('',*,*,#6060,.T.);
#6063=ORIENTED_EDGE('',*,*,#6062,.T.);
#6065=ORIENTED_EDGE('',*,*,#6064,.F.);
#6066=ORIENTED_EDGE('',*,*,#5977,.F.);
#6067=ORIENTED_EDGE('',*,*,#6003,.T.);
#6068=EDGE_LOOP('',(#6059,#6061,#6063,#6065,#6066,#6067));
#6069=FACE_OUTER_BOUND('',#6068,.F.);
#6071=CARTESIAN_POINT('',(1.5E0,0.E0,-8.75E-1));
#6072=DIRECTION('',(1.E0,0.E0,0.E0));
#6073=DIRECTION('',(0.E0,0.E0,-1.E0));
#6074=AXIS2_PLACEMENT_3D('',#6071,#6072,#6073);
#6075=PLANE('',#6074);
#6076=ORIENTED_EDGE('',*,*,#6042,.F.);
#6077=ORIENTED_EDGE('',*,*,#6028,.T.);
#6079=ORIENTED_EDGE('',*,*,#6078,.T.);
#6080=ORIENTED_EDGE('',*,*,#6060,.F.);
#6081=EDGE_LOOP('',(#6076,#6077,#6079,#6080));
#6082=FACE_OUTER_BOUND('',#6081,.F.);
#6084=CARTESIAN_POINT('',(0.E0,2.E-1,0.E0));
#6085=DIRECTION('',(0.E0,1.E0,0.E0));
#6086=DIRECTION('',(1.E0,0.E0,0.E0));
#6087=AXIS2_PLACEMENT_3D('',#6084,#6085,#6086);
#6088=PLANE('',#6087);
#6089=ORIENTED_EDGE('',*,*,#6062,.F.);
#6090=ORIENTED_EDGE('',*,*,#6078,.F.);
#6091=ORIENTED_EDGE('',*,*,#6026,.F.);
#6093=ORIENTED_EDGE('',*,*,#6092,.F.);
#6094=EDGE_LOOP('',(#6089,#6090,#6091,#6093));
#6095=FACE_OUTER_BOUND('',#6094,.F.);
#6097=CARTESIAN_POINT('',(1.225E0,0.E0,-1.E0));
#6098=DIRECTION('',(0.E0,1.E0,0.E0));
#6099=DIRECTION('',(1.E0,0.E0,0.E0));
#6100=AXIS2_PLACEMENT_3D('',#6097,#6098,#6099);
#6101=CYLINDRICAL_SURFACE('',#6100,1.25E-1);
#6102=ORIENTED_EDGE('',*,*,#5979,.F.);
#6103=ORIENTED_EDGE('',*,*,#6064,.T.);
#6104=ORIENTED_EDGE('',*,*,#6092,.T.);
#6105=ORIENTED_EDGE('',*,*,#6024,.F.);
#6106=EDGE_LOOP('',(#6102,#6103,#6104,#6105));
#6107=FACE_OUTER_BOUND('',#6106,.F.);
#6109=CLOSED_SHELL('',(#5985,#6007,#6032,#6046,#6070,#6083,#6096,#6108));
#6110=MANIFOLD_SOLID_BREP('',#6109);
#6111=FILL_AREA_STYLE_COLOUR('',#18);
#6112=FILL_AREA_STYLE('',(#6111));
#6113=SURFACE_STYLE_FILL_AREA(#6112);
#6114=SURFACE_SIDE_STYLE('',(#6113));
#6115=SURFACE_STYLE_USAGE(.POSITIVE.,#6114);
#6116=PRESENTATION_STYLE_ASSIGNMENT((#6115));
#5817=STYLED_ITEM('',(#6116),#6110);
#6118=DIRECTION('',(0.E0,0.E0,-1.E0));
#6119=VECTOR('',#6118,2.5E-1);
#6120=CARTESIAN_POINT('',(1.45E0,0.E0,-3.75E-1));
#6121=LINE('',#6120,#6119);
#6122=CURVE_STYLE('',#33,POSITIVE_LENGTH_MEASURE(2.E-2),#18);
#6123=PRESENTATION_STYLE_ASSIGNMENT((#6122));
#6124=STYLED_ITEM('',(#6123),#6121);
#6125=DIRECTION('',(-1.E0,0.E0,0.E0));
#6126=VECTOR('',#6125,2.25E-1);
#6127=CARTESIAN_POINT('',(1.45E0,0.E0,-6.25E-1));
#6128=LINE('',#6127,#6126);
#6129=CURVE_STYLE('',#33,POSITIVE_LENGTH_MEASURE(2.E-2),#18);
#6130=PRESENTATION_STYLE_ASSIGNMENT((#6129));
#6131=STYLED_ITEM('',(#6130),#6128);
#6132=CARTESIAN_POINT('',(1.225E0,0.E0,-5.E-1));
#6133=DIRECTION('',(0.E0,1.E0,0.E0));
#6134=DIRECTION('',(0.E0,0.E0,-1.E0));
#6135=AXIS2_PLACEMENT_3D('',#6132,#6133,#6134);
#6137=CURVE_STYLE('',#33,POSITIVE_LENGTH_MEASURE(2.E-2),#18);
#6138=PRESENTATION_STYLE_ASSIGNMENT((#6137));
#6139=STYLED_ITEM('',(#6138),#6136);
#6140=DIRECTION('',(1.E0,0.E0,0.E0));
#6141=VECTOR('',#6140,2.25E-1);
#6142=CARTESIAN_POINT('',(1.225E0,0.E0,-3.75E-1));
#6143=LINE('',#6142,#6141);
#6144=CURVE_STYLE('',#33,POSITIVE_LENGTH_MEASURE(2.E-2),#18);
#6145=PRESENTATION_STYLE_ASSIGNMENT((#6144));
#6146=STYLED_ITEM('',(#6145),#6143);
#6147=DIRECTION('',(0.E0,0.E0,1.E0));
#6148=VECTOR('',#6147,2.5E-1);
#6149=CARTESIAN_POINT('',(1.45E0,1.E-1,-6.25E-1));
#6150=LINE('',#6149,#6148);
#6151=CURVE_STYLE('',#33,POSITIVE_LENGTH_MEASURE(2.E-2),#18);
#6152=PRESENTATION_STYLE_ASSIGNMENT((#6151));
#6153=STYLED_ITEM('',(#6152),#6150);
#6154=DIRECTION('',(-1.E0,0.E0,0.E0));
#6155=VECTOR('',#6154,5.E-2);
#6156=CARTESIAN_POINT('',(1.5E0,1.E-1,-6.25E-1));
#6157=LINE('',#6156,#6155);
#6158=CURVE_STYLE('',#33,POSITIVE_LENGTH_MEASURE(2.E-2),#18);
#6159=PRESENTATION_STYLE_ASSIGNMENT((#6158));
#6160=STYLED_ITEM('',(#6159),#6157);
#6161=DIRECTION('',(0.E0,1.E0,0.E0));
#6162=VECTOR('',#6161,1.E-1);
#6163=CARTESIAN_POINT('',(1.5E0,1.E-1,-6.25E-1));
#6164=LINE('',#6163,#6162);
#6165=CURVE_STYLE('',#33,POSITIVE_LENGTH_MEASURE(2.E-2),#18);
#6166=PRESENTATION_STYLE_ASSIGNMENT((#6165));
#6167=STYLED_ITEM('',(#6166),#6164);
#6168=DIRECTION('',(0.E0,1.E0,0.E0));
#6169=VECTOR('',#6168,1.E-1);
#6170=CARTESIAN_POINT('',(1.45E0,0.E0,-6.25E-1));
#6171=LINE('',#6170,#6169);
#6172=CURVE_STYLE('',#33,POSITIVE_LENGTH_MEASURE(2.E-2),#18);
#6173=PRESENTATION_STYLE_ASSIGNMENT((#6172));
#6174=STYLED_ITEM('',(#6173),#6171);
#6175=DIRECTION('',(-1.E0,0.E0,0.E0));
#6176=VECTOR('',#6175,5.E-2);
#6177=CARTESIAN_POINT('',(1.5E0,1.E-1,-3.75E-1));
#6178=LINE('',#6177,#6176);
#6179=CURVE_STYLE('',#33,POSITIVE_LENGTH_MEASURE(2.E-2),#18);
#6180=PRESENTATION_STYLE_ASSIGNMENT((#6179));
#6181=STYLED_ITEM('',(#6180),#6178);
#6182=DIRECTION('',(0.E0,1.E0,0.E0));
#6183=VECTOR('',#6182,1.E-1);
#6184=CARTESIAN_POINT('',(1.45E0,0.E0,-3.75E-1));
#6185=LINE('',#6184,#6183);
#6186=CURVE_STYLE('',#33,POSITIVE_LENGTH_MEASURE(2.E-2),#18);
#6187=PRESENTATION_STYLE_ASSIGNMENT((#6186));
#6188=STYLED_ITEM('',(#6187),#6185);
#6189=DIRECTION('',(0.E0,1.E0,0.E0));
#6190=VECTOR('',#6189,2.E-1);
#6191=CARTESIAN_POINT('',(1.225E0,0.E0,-3.75E-1));
#6192=LINE('',#6191,#6190);
#6193=CURVE_STYLE('',#33,POSITIVE_LENGTH_MEASURE(2.E-2),#18);
#6194=PRESENTATION_STYLE_ASSIGNMENT((#6193));
#6195=STYLED_ITEM('',(#6194),#6192);
#6196=DIRECTION('',(0.E0,1.E0,0.E0));
#6197=VECTOR('',#6196,2.E-1);
#6198=CARTESIAN_POINT('',(1.225E0,0.E0,-6.25E-1));
#6199=LINE('',#6198,#6197);
#6200=CURVE_STYLE('',#33,POSITIVE_LENGTH_MEASURE(2.E-2),#18);
#6201=PRESENTATION_STYLE_ASSIGNMENT((#6200));
#6202=STYLED_ITEM('',(#6201),#6199);
#6203=DIRECTION('',(-1.E0,0.E0,0.E0));
#6204=VECTOR('',#6203,2.75E-1);
#6205=CARTESIAN_POINT('',(1.5E0,2.E-1,-6.25E-1));
#6206=LINE('',#6205,#6204);
#6207=CURVE_STYLE('',#33,POSITIVE_LENGTH_MEASURE(2.E-2),#18);
#6208=PRESENTATION_STYLE_ASSIGNMENT((#6207));
#6209=STYLED_ITEM('',(#6208),#6206);
#6210=DIRECTION('',(0.E0,0.E0,-1.E0));
#6211=VECTOR('',#6210,2.5E-1);
#6212=CARTESIAN_POINT('',(1.5E0,2.E-1,-3.75E-1));
#6213=LINE('',#6212,#6211);
#6214=CURVE_STYLE('',#33,POSITIVE_LENGTH_MEASURE(2.E-2),#18);
#6215=PRESENTATION_STYLE_ASSIGNMENT((#6214));
#6216=STYLED_ITEM('',(#6215),#6213);
#6217=DIRECTION('',(1.E0,0.E0,0.E0));
#6218=VECTOR('',#6217,2.75E-1);
#6219=CARTESIAN_POINT('',(1.225E0,2.E-1,-3.75E-1));
#6220=LINE('',#6219,#6218);
#6221=CURVE_STYLE('',#33,POSITIVE_LENGTH_MEASURE(2.E-2),#18);
#6222=PRESENTATION_STYLE_ASSIGNMENT((#6221));
#6223=STYLED_ITEM('',(#6222),#6220);
#6224=CARTESIAN_POINT('',(1.225E0,2.E-1,-5.E-1));
#6225=DIRECTION('',(0.E0,1.E0,0.E0));
#6226=DIRECTION('',(0.E0,0.E0,-1.E0));
#6227=AXIS2_PLACEMENT_3D('',#6224,#6225,#6226);
#6229=CURVE_STYLE('',#33,POSITIVE_LENGTH_MEASURE(2.E-2),#18);
#6230=PRESENTATION_STYLE_ASSIGNMENT((#6229));
#6231=STYLED_ITEM('',(#6230),#6228);
#6232=DIRECTION('',(0.E0,0.E0,-1.E0));
#6233=VECTOR('',#6232,2.5E-1);
#6234=CARTESIAN_POINT('',(1.5E0,1.E-1,-3.75E-1));
#6235=LINE('',#6234,#6233);
#6236=CURVE_STYLE('',#33,POSITIVE_LENGTH_MEASURE(2.E-2),#18);
#6237=PRESENTATION_STYLE_ASSIGNMENT((#6236));
#6238=STYLED_ITEM('',(#6237),#6235);
#6239=DIRECTION('',(0.E0,1.E0,0.E0));
#6240=VECTOR('',#6239,1.E-1);
#6241=CARTESIAN_POINT('',(1.5E0,1.E-1,-3.75E-1));
#6242=LINE('',#6241,#6240);
#6243=CURVE_STYLE('',#33,POSITIVE_LENGTH_MEASURE(2.E-2),#18);
#6244=PRESENTATION_STYLE_ASSIGNMENT((#6243));
#6245=STYLED_ITEM('',(#6244),#6242);
#6246=CARTESIAN_POINT('',(1.225E0,0.E0,-6.25E-1));
#6247=CARTESIAN_POINT('',(1.225E0,0.E0,-3.75E-1));
#6248=VERTEX_POINT('',#6246);
#6249=VERTEX_POINT('',#6247);
#6250=CARTESIAN_POINT('',(1.5E0,2.E-1,-6.25E-1));
#6251=CARTESIAN_POINT('',(1.225E0,2.E-1,-6.25E-1));
#6252=VERTEX_POINT('',#6250);
#6253=VERTEX_POINT('',#6251);
#6254=CARTESIAN_POINT('',(1.225E0,2.E-1,-3.75E-1));
#6255=VERTEX_POINT('',#6254);
#6256=CARTESIAN_POINT('',(1.5E0,2.E-1,-3.75E-1));
#6257=VERTEX_POINT('',#6256);
#6258=CARTESIAN_POINT('',(1.5E0,1.E-1,-6.25E-1));
#6259=CARTESIAN_POINT('',(1.45E0,1.E-1,-6.25E-1));
#6260=VERTEX_POINT('',#6258);
#6261=VERTEX_POINT('',#6259);
#6262=CARTESIAN_POINT('',(1.45E0,0.E0,-6.25E-1));
#6263=VERTEX_POINT('',#6262);
#6264=CARTESIAN_POINT('',(1.5E0,1.E-1,-3.75E-1));
#6265=CARTESIAN_POINT('',(1.45E0,1.E-1,-3.75E-1));
#6266=VERTEX_POINT('',#6264);
#6267=VERTEX_POINT('',#6265);
#6268=CARTESIAN_POINT('',(1.45E0,0.E0,-3.75E-1));
#6269=VERTEX_POINT('',#6268);
#6270=CARTESIAN_POINT('',(0.E0,0.E0,0.E0));
#6271=DIRECTION('',(0.E0,1.E0,0.E0));
#6272=DIRECTION('',(1.E0,0.E0,0.E0));
#6273=AXIS2_PLACEMENT_3D('',#6270,#6271,#6272);
#6274=PLANE('',#6273);
#6276=ORIENTED_EDGE('',*,*,#6275,.T.);
#6278=ORIENTED_EDGE('',*,*,#6277,.T.);
#6280=ORIENTED_EDGE('',*,*,#6279,.T.);
#6282=ORIENTED_EDGE('',*,*,#6281,.T.);
#6283=EDGE_LOOP('',(#6276,#6278,#6280,#6282));
#6284=FACE_OUTER_BOUND('',#6283,.F.);
#6286=FILL_AREA_STYLE_COLOUR('',#4393);
#6287=FILL_AREA_STYLE('',(#6286));
#6288=SURFACE_STYLE_FILL_AREA(#6287);
#6289=SURFACE_SIDE_STYLE('',(#6288));
#6290=SURFACE_STYLE_USAGE(.POSITIVE.,#6289);
#6291=PRESENTATION_STYLE_ASSIGNMENT((#6290));
#6292=OVER_RIDING_STYLED_ITEM('',(#6291),#6285,#6117);
#6293=CARTESIAN_POINT('',(1.45E0,1.E-1,-1.8E0));
#6294=DIRECTION('',(-1.E0,0.E0,0.E0));
#6295=DIRECTION('',(0.E0,-1.E0,0.E0));
#6296=AXIS2_PLACEMENT_3D('',#6293,#6294,#6295);
#6297=PLANE('',#6296);
#6299=ORIENTED_EDGE('',*,*,#6298,.F.);
#6300=ORIENTED_EDGE('',*,*,#6275,.F.);
#6302=ORIENTED_EDGE('',*,*,#6301,.T.);
#6304=ORIENTED_EDGE('',*,*,#6303,.F.);
#6305=EDGE_LOOP('',(#6299,#6300,#6302,#6304));
#6306=FACE_OUTER_BOUND('',#6305,.F.);
#6308=FILL_AREA_STYLE_COLOUR('',#26);
#6309=FILL_AREA_STYLE('',(#6308));
#6310=SURFACE_STYLE_FILL_AREA(#6309);
#6311=SURFACE_SIDE_STYLE('',(#6310));
#6312=SURFACE_STYLE_USAGE(.POSITIVE.,#6311);
#6313=PRESENTATION_STYLE_ASSIGNMENT((#6312));
#6314=OVER_RIDING_STYLED_ITEM('',(#6313),#6307,#6117);
#6315=CARTESIAN_POINT('',(1.5E0,0.E0,-6.25E-1));
#6316=DIRECTION('',(0.E0,0.E0,-1.E0));
#6317=DIRECTION('',(-1.E0,0.E0,0.E0));
#6318=AXIS2_PLACEMENT_3D('',#6315,#6316,#6317);
#6319=PLANE('',#6318);
#6321=ORIENTED_EDGE('',*,*,#6320,.F.);
#6323=ORIENTED_EDGE('',*,*,#6322,.T.);
#6325=ORIENTED_EDGE('',*,*,#6324,.T.);
#6327=ORIENTED_EDGE('',*,*,#6326,.F.);
#6328=ORIENTED_EDGE('',*,*,#6277,.F.);
#6329=ORIENTED_EDGE('',*,*,#6298,.T.);
#6330=EDGE_LOOP('',(#6321,#6323,#6325,#6327,#6328,#6329));
#6331=FACE_OUTER_BOUND('',#6330,.F.);
#6333=CARTESIAN_POINT('',(1.5E0,1.E-1,-1.8E0));
#6334=DIRECTION('',(0.E0,1.E0,0.E0));
#6335=DIRECTION('',(-1.E0,0.E0,0.E0));
#6336=AXIS2_PLACEMENT_3D('',#6333,#6334,#6335);
#6337=PLANE('',#6336);
#6338=ORIENTED_EDGE('',*,*,#6320,.T.);
#6339=ORIENTED_EDGE('',*,*,#6303,.T.);
#6341=ORIENTED_EDGE('',*,*,#6340,.F.);
#6343=ORIENTED_EDGE('',*,*,#6342,.T.);
#6344=EDGE_LOOP('',(#6338,#6339,#6341,#6343));
#6345=FACE_OUTER_BOUND('',#6344,.F.);
#6347=FILL_AREA_STYLE_COLOUR('',#4393);
#6348=FILL_AREA_STYLE('',(#6347));
#6349=SURFACE_STYLE_FILL_AREA(#6348);
#6350=SURFACE_SIDE_STYLE('',(#6349));
#6351=SURFACE_STYLE_USAGE(.POSITIVE.,#6350);
#6352=PRESENTATION_STYLE_ASSIGNMENT((#6351));
#6353=OVER_RIDING_STYLED_ITEM('',(#6352),#6346,#6117);
#6354=CARTESIAN_POINT('',(1.225E0,0.E0,-3.75E-1));
#6355=DIRECTION('',(0.E0,0.E0,1.E0));
#6356=DIRECTION('',(1.E0,0.E0,0.E0));
#6357=AXIS2_PLACEMENT_3D('',#6354,#6355,#6356);
#6358=PLANE('',#6357);
#6359=ORIENTED_EDGE('',*,*,#6340,.T.);
#6360=ORIENTED_EDGE('',*,*,#6301,.F.);
#6361=ORIENTED_EDGE('',*,*,#6281,.F.);
#6363=ORIENTED_EDGE('',*,*,#6362,.T.);
#6365=ORIENTED_EDGE('',*,*,#6364,.T.);
#6367=ORIENTED_EDGE('',*,*,#6366,.F.);
#6368=EDGE_LOOP('',(#6359,#6360,#6361,#6363,#6365,#6367));
#6369=FACE_OUTER_BOUND('',#6368,.F.);
#6371=CARTESIAN_POINT('',(1.225E0,0.E0,-5.E-1));
#6372=DIRECTION('',(0.E0,1.E0,0.E0));
#6373=DIRECTION('',(1.E0,0.E0,0.E0));
#6374=AXIS2_PLACEMENT_3D('',#6371,#6372,#6373);
#6375=CYLINDRICAL_SURFACE('',#6374,1.25E-1);
#6376=ORIENTED_EDGE('',*,*,#6279,.F.);
#6377=ORIENTED_EDGE('',*,*,#6326,.T.);
#6379=ORIENTED_EDGE('',*,*,#6378,.T.);
#6380=ORIENTED_EDGE('',*,*,#6362,.F.);
#6381=EDGE_LOOP('',(#6376,#6377,#6379,#6380));
#6382=FACE_OUTER_BOUND('',#6381,.F.);
#6384=CARTESIAN_POINT('',(0.E0,2.E-1,0.E0));
#6385=DIRECTION('',(0.E0,1.E0,0.E0));
#6386=DIRECTION('',(1.E0,0.E0,0.E0));
#6387=AXIS2_PLACEMENT_3D('',#6384,#6385,#6386);
#6388=PLANE('',#6387);
#6389=ORIENTED_EDGE('',*,*,#6324,.F.);
#6391=ORIENTED_EDGE('',*,*,#6390,.F.);
#6392=ORIENTED_EDGE('',*,*,#6364,.F.);
#6393=ORIENTED_EDGE('',*,*,#6378,.F.);
#6394=EDGE_LOOP('',(#6389,#6391,#6392,#6393));
#6395=FACE_OUTER_BOUND('',#6394,.F.);
#6397=CARTESIAN_POINT('',(1.5E0,0.E0,-3.75E-1));
#6398=DIRECTION('',(1.E0,0.E0,0.E0));
#6399=DIRECTION('',(0.E0,0.E0,-1.E0));
#6400=AXIS2_PLACEMENT_3D('',#6397,#6398,#6399);
#6401=PLANE('',#6400);
#6402=ORIENTED_EDGE('',*,*,#6342,.F.);
#6403=ORIENTED_EDGE('',*,*,#6366,.T.);
#6404=ORIENTED_EDGE('',*,*,#6390,.T.);
#6405=ORIENTED_EDGE('',*,*,#6322,.F.);
#6406=EDGE_LOOP('',(#6402,#6403,#6404,#6405));
#6407=FACE_OUTER_BOUND('',#6406,.F.);
#6409=CLOSED_SHELL('',(#6285,#6307,#6332,#6346,#6370,#6383,#6396,#6408));
#6410=MANIFOLD_SOLID_BREP('',#6409);
#6411=FILL_AREA_STYLE_COLOUR('',#18);
#6412=FILL_AREA_STYLE('',(#6411));
#6413=SURFACE_STYLE_FILL_AREA(#6412);
#6414=SURFACE_SIDE_STYLE('',(#6413));
#6415=SURFACE_STYLE_USAGE(.POSITIVE.,#6414);
#6416=PRESENTATION_STYLE_ASSIGNMENT((#6415));
#6117=STYLED_ITEM('',(#6416),#6410);
#6418=DIRECTION('',(1.E0,0.E0,0.E0));
#6419=VECTOR('',#6418,2.25E-1);
#6420=CARTESIAN_POINT('',(1.225E0,0.E0,1.25E-1));
#6421=LINE('',#6420,#6419);
#6422=CURVE_STYLE('',#33,POSITIVE_LENGTH_MEASURE(2.E-2),#18);
#6423=PRESENTATION_STYLE_ASSIGNMENT((#6422));
#6424=STYLED_ITEM('',(#6423),#6421);
#6425=DIRECTION('',(0.E0,0.E0,-1.E0));
#6426=VECTOR('',#6425,2.5E-1);
#6427=CARTESIAN_POINT('',(1.45E0,0.E0,1.25E-1));
#6428=LINE('',#6427,#6426);
#6429=CURVE_STYLE('',#33,POSITIVE_LENGTH_MEASURE(2.E-2),#18);
#6430=PRESENTATION_STYLE_ASSIGNMENT((#6429));
#6431=STYLED_ITEM('',(#6430),#6428);
#6432=DIRECTION('',(-1.E0,0.E0,0.E0));
#6433=VECTOR('',#6432,2.25E-1);
#6434=CARTESIAN_POINT('',(1.45E0,0.E0,-1.25E-1));
#6435=LINE('',#6434,#6433);
#6436=CURVE_STYLE('',#33,POSITIVE_LENGTH_MEASURE(2.E-2),#18);
#6437=PRESENTATION_STYLE_ASSIGNMENT((#6436));
#6438=STYLED_ITEM('',(#6437),#6435);
#6439=CARTESIAN_POINT('',(1.225E0,0.E0,0.E0));
#6440=DIRECTION('',(0.E0,1.E0,0.E0));
#6441=DIRECTION('',(0.E0,0.E0,-1.E0));
#6442=AXIS2_PLACEMENT_3D('',#6439,#6440,#6441);
#6444=CURVE_STYLE('',#33,POSITIVE_LENGTH_MEASURE(2.E-2),#18);
#6445=PRESENTATION_STYLE_ASSIGNMENT((#6444));
#6446=STYLED_ITEM('',(#6445),#6443);
#6447=DIRECTION('',(-1.E0,0.E0,0.E0));
#6448=VECTOR('',#6447,5.E-2);
#6449=CARTESIAN_POINT('',(1.5E0,1.E-1,1.25E-1));
#6450=LINE('',#6449,#6448);
#6451=CURVE_STYLE('',#33,POSITIVE_LENGTH_MEASURE(2.E-2),#18);
#6452=PRESENTATION_STYLE_ASSIGNMENT((#6451));
#6453=STYLED_ITEM('',(#6452),#6450);
#6454=DIRECTION('',(0.E0,1.E0,0.E0));
#6455=VECTOR('',#6454,1.E-1);
#6456=CARTESIAN_POINT('',(1.45E0,0.E0,1.25E-1));
#6457=LINE('',#6456,#6455);
#6458=CURVE_STYLE('',#33,POSITIVE_LENGTH_MEASURE(2.E-2),#18);
#6459=PRESENTATION_STYLE_ASSIGNMENT((#6458));
#6460=STYLED_ITEM('',(#6459),#6457);
#6461=DIRECTION('',(0.E0,1.E0,0.E0));
#6462=VECTOR('',#6461,2.E-1);
#6463=CARTESIAN_POINT('',(1.225E0,0.E0,1.25E-1));
#6464=LINE('',#6463,#6462);
#6465=CURVE_STYLE('',#33,POSITIVE_LENGTH_MEASURE(2.E-2),#18);
#6466=PRESENTATION_STYLE_ASSIGNMENT((#6465));
#6467=STYLED_ITEM('',(#6466),#6464);
#6468=DIRECTION('',(-1.E0,0.E0,0.E0));
#6469=VECTOR('',#6468,5.E-2);
#6470=CARTESIAN_POINT('',(1.5E0,1.E-1,-1.25E-1));
#6471=LINE('',#6470,#6469);
#6472=CURVE_STYLE('',#33,POSITIVE_LENGTH_MEASURE(2.E-2),#18);
#6473=PRESENTATION_STYLE_ASSIGNMENT((#6472));
#6474=STYLED_ITEM('',(#6473),#6471);
#6475=DIRECTION('',(0.E0,1.E0,0.E0));
#6476=VECTOR('',#6475,1.E-1);
#6477=CARTESIAN_POINT('',(1.5E0,1.E-1,-1.25E-1));
#6478=LINE('',#6477,#6476);
#6479=CURVE_STYLE('',#33,POSITIVE_LENGTH_MEASURE(2.E-2),#18);
#6480=PRESENTATION_STYLE_ASSIGNMENT((#6479));
#6481=STYLED_ITEM('',(#6480),#6478);
#6482=DIRECTION('',(0.E0,1.E0,0.E0));
#6483=VECTOR('',#6482,1.E-1);
#6484=CARTESIAN_POINT('',(1.45E0,0.E0,-1.25E-1));
#6485=LINE('',#6484,#6483);
#6486=CURVE_STYLE('',#33,POSITIVE_LENGTH_MEASURE(2.E-2),#18);
#6487=PRESENTATION_STYLE_ASSIGNMENT((#6486));
#6488=STYLED_ITEM('',(#6487),#6485);
#6489=DIRECTION('',(0.E0,0.E0,-1.E0));
#6490=VECTOR('',#6489,2.5E-1);
#6491=CARTESIAN_POINT('',(1.5E0,1.E-1,1.25E-1));
#6492=LINE('',#6491,#6490);
#6493=CURVE_STYLE('',#33,POSITIVE_LENGTH_MEASURE(2.E-2),#18);
#6494=PRESENTATION_STYLE_ASSIGNMENT((#6493));
#6495=STYLED_ITEM('',(#6494),#6492);
#6496=DIRECTION('',(0.E0,1.E0,0.E0));
#6497=VECTOR('',#6496,1.E-1);
#6498=CARTESIAN_POINT('',(1.5E0,1.E-1,1.25E-1));
#6499=LINE('',#6498,#6497);
#6500=CURVE_STYLE('',#33,POSITIVE_LENGTH_MEASURE(2.E-2),#18);
#6501=PRESENTATION_STYLE_ASSIGNMENT((#6500));
#6502=STYLED_ITEM('',(#6501),#6499);
#6503=DIRECTION('',(-1.E0,0.E0,0.E0));
#6504=VECTOR('',#6503,2.75E-1);
#6505=CARTESIAN_POINT('',(1.5E0,2.E-1,-1.25E-1));
#6506=LINE('',#6505,#6504);
#6507=CURVE_STYLE('',#33,POSITIVE_LENGTH_MEASURE(2.E-2),#18);
#6508=PRESENTATION_STYLE_ASSIGNMENT((#6507));
#6509=STYLED_ITEM('',(#6508),#6506);
#6510=DIRECTION('',(0.E0,0.E0,-1.E0));
#6511=VECTOR('',#6510,2.5E-1);
#6512=CARTESIAN_POINT('',(1.5E0,2.E-1,1.25E-1));
#6513=LINE('',#6512,#6511);
#6514=CURVE_STYLE('',#33,POSITIVE_LENGTH_MEASURE(2.E-2),#18);
#6515=PRESENTATION_STYLE_ASSIGNMENT((#6514));
#6516=STYLED_ITEM('',(#6515),#6513);
#6517=DIRECTION('',(1.E0,0.E0,0.E0));
#6518=VECTOR('',#6517,2.75E-1);
#6519=CARTESIAN_POINT('',(1.225E0,2.E-1,1.25E-1));
#6520=LINE('',#6519,#6518);
#6521=CURVE_STYLE('',#33,POSITIVE_LENGTH_MEASURE(2.E-2),#18);
#6522=PRESENTATION_STYLE_ASSIGNMENT((#6521));
#6523=STYLED_ITEM('',(#6522),#6520);
#6524=CARTESIAN_POINT('',(1.225E0,2.E-1,0.E0));
#6525=DIRECTION('',(0.E0,1.E0,0.E0));
#6526=DIRECTION('',(0.E0,0.E0,-1.E0));
#6527=AXIS2_PLACEMENT_3D('',#6524,#6525,#6526);
#6529=CURVE_STYLE('',#33,POSITIVE_LENGTH_MEASURE(2.E-2),#18);
#6530=PRESENTATION_STYLE_ASSIGNMENT((#6529));
#6531=STYLED_ITEM('',(#6530),#6528);
#6532=DIRECTION('',(0.E0,1.E0,0.E0));
#6533=VECTOR('',#6532,2.E-1);
#6534=CARTESIAN_POINT('',(1.225E0,0.E0,-1.25E-1));
#6535=LINE('',#6534,#6533);
#6536=CURVE_STYLE('',#33,POSITIVE_LENGTH_MEASURE(2.E-2),#18);
#6537=PRESENTATION_STYLE_ASSIGNMENT((#6536));
#6538=STYLED_ITEM('',(#6537),#6535);
#6539=DIRECTION('',(0.E0,0.E0,1.E0));
#6540=VECTOR('',#6539,2.5E-1);
#6541=CARTESIAN_POINT('',(1.45E0,1.E-1,-1.25E-1));
#6542=LINE('',#6541,#6540);
#6543=CURVE_STYLE('',#33,POSITIVE_LENGTH_MEASURE(2.E-2),#18);
#6544=PRESENTATION_STYLE_ASSIGNMENT((#6543));
#6545=STYLED_ITEM('',(#6544),#6542);
#6546=CARTESIAN_POINT('',(1.225E0,0.E0,-1.25E-1));
#6547=CARTESIAN_POINT('',(1.225E0,0.E0,1.25E-1));
#6548=VERTEX_POINT('',#6546);
#6549=VERTEX_POINT('',#6547);
#6550=CARTESIAN_POINT('',(1.5E0,2.E-1,-1.25E-1));
#6551=CARTESIAN_POINT('',(1.225E0,2.E-1,-1.25E-1));
#6552=VERTEX_POINT('',#6550);
#6553=VERTEX_POINT('',#6551);
#6554=CARTESIAN_POINT('',(1.225E0,2.E-1,1.25E-1));
#6555=VERTEX_POINT('',#6554);
#6556=CARTESIAN_POINT('',(1.5E0,2.E-1,1.25E-1));
#6557=VERTEX_POINT('',#6556);
#6558=CARTESIAN_POINT('',(1.5E0,1.E-1,-1.25E-1));
#6559=CARTESIAN_POINT('',(1.45E0,1.E-1,-1.25E-1));
#6560=VERTEX_POINT('',#6558);
#6561=VERTEX_POINT('',#6559);
#6562=CARTESIAN_POINT('',(1.45E0,0.E0,-1.25E-1));
#6563=VERTEX_POINT('',#6562);
#6564=CARTESIAN_POINT('',(1.5E0,1.E-1,1.25E-1));
#6565=CARTESIAN_POINT('',(1.45E0,1.E-1,1.25E-1));
#6566=VERTEX_POINT('',#6564);
#6567=VERTEX_POINT('',#6565);
#6568=CARTESIAN_POINT('',(1.45E0,0.E0,1.25E-1));
#6569=VERTEX_POINT('',#6568);
#6570=CARTESIAN_POINT('',(0.E0,0.E0,0.E0));
#6571=DIRECTION('',(0.E0,1.E0,0.E0));
#6572=DIRECTION('',(1.E0,0.E0,0.E0));
#6573=AXIS2_PLACEMENT_3D('',#6570,#6571,#6572);
#6574=PLANE('',#6573);
#6576=ORIENTED_EDGE('',*,*,#6575,.T.);
#6578=ORIENTED_EDGE('',*,*,#6577,.T.);
#6580=ORIENTED_EDGE('',*,*,#6579,.T.);
#6582=ORIENTED_EDGE('',*,*,#6581,.T.);
#6583=EDGE_LOOP('',(#6576,#6578,#6580,#6582));
#6584=FACE_OUTER_BOUND('',#6583,.F.);
#6586=FILL_AREA_STYLE_COLOUR('',#4393);
#6587=FILL_AREA_STYLE('',(#6586));
#6588=SURFACE_STYLE_FILL_AREA(#6587);
#6589=SURFACE_SIDE_STYLE('',(#6588));
#6590=SURFACE_STYLE_USAGE(.POSITIVE.,#6589);
#6591=PRESENTATION_STYLE_ASSIGNMENT((#6590));
#6592=OVER_RIDING_STYLED_ITEM('',(#6591),#6585,#6417);
#6593=CARTESIAN_POINT('',(1.225E0,0.E0,1.25E-1));
#6594=DIRECTION('',(0.E0,0.E0,1.E0));
#6595=DIRECTION('',(1.E0,0.E0,0.E0));
#6596=AXIS2_PLACEMENT_3D('',#6593,#6594,#6595);
#6597=PLANE('',#6596);
#6599=ORIENTED_EDGE('',*,*,#6598,.T.);
#6601=ORIENTED_EDGE('',*,*,#6600,.F.);
#6602=ORIENTED_EDGE('',*,*,#6575,.F.);
#6604=ORIENTED_EDGE('',*,*,#6603,.T.);
#6606=ORIENTED_EDGE('',*,*,#6605,.T.);
#6608=ORIENTED_EDGE('',*,*,#6607,.F.);
#6609=EDGE_LOOP('',(#6599,#6601,#6602,#6604,#6606,#6608));
#6610=FACE_OUTER_BOUND('',#6609,.F.);
#6612=CARTESIAN_POINT('',(1.5E0,1.E-1,-1.8E0));
#6613=DIRECTION('',(0.E0,1.E0,0.E0));
#6614=DIRECTION('',(-1.E0,0.E0,0.E0));
#6615=AXIS2_PLACEMENT_3D('',#6612,#6613,#6614);
#6616=PLANE('',#6615);
#6618=ORIENTED_EDGE('',*,*,#6617,.T.);
#6620=ORIENTED_EDGE('',*,*,#6619,.T.);
#6621=ORIENTED_EDGE('',*,*,#6598,.F.);
#6623=ORIENTED_EDGE('',*,*,#6622,.T.);
#6624=EDGE_LOOP('',(#6618,#6620,#6621,#6623));
#6625=FACE_OUTER_BOUND('',#6624,.F.);
#6627=FILL_AREA_STYLE_COLOUR('',#4393);
#6628=FILL_AREA_STYLE('',(#6627));
#6629=SURFACE_STYLE_FILL_AREA(#6628);
#6630=SURFACE_SIDE_STYLE('',(#6629));
#6631=SURFACE_STYLE_USAGE(.POSITIVE.,#6630);
#6632=PRESENTATION_STYLE_ASSIGNMENT((#6631));
#6633=OVER_RIDING_STYLED_ITEM('',(#6632),#6626,#6417);
#6634=CARTESIAN_POINT('',(1.5E0,0.E0,-1.25E-1));
#6635=DIRECTION('',(0.E0,0.E0,-1.E0));
#6636=DIRECTION('',(-1.E0,0.E0,0.E0));
#6637=AXIS2_PLACEMENT_3D('',#6634,#6635,#6636);
#6638=PLANE('',#6637);
#6639=ORIENTED_EDGE('',*,*,#6617,.F.);
#6641=ORIENTED_EDGE('',*,*,#6640,.T.);
#6643=ORIENTED_EDGE('',*,*,#6642,.T.);
#6645=ORIENTED_EDGE('',*,*,#6644,.F.);
#6646=ORIENTED_EDGE('',*,*,#6579,.F.);
#6648=ORIENTED_EDGE('',*,*,#6647,.T.);
#6649=EDGE_LOOP('',(#6639,#6641,#6643,#6645,#6646,#6648));
#6650=FACE_OUTER_BOUND('',#6649,.F.);
#6652=CARTESIAN_POINT('',(1.5E0,0.E0,1.25E-1));
#6653=DIRECTION('',(1.E0,0.E0,0.E0));
#6654=DIRECTION('',(0.E0,0.E0,-1.E0));
#6655=AXIS2_PLACEMENT_3D('',#6652,#6653,#6654);
#6656=PLANE('',#6655);
#6657=ORIENTED_EDGE('',*,*,#6622,.F.);
#6658=ORIENTED_EDGE('',*,*,#6607,.T.);
#6660=ORIENTED_EDGE('',*,*,#6659,.T.);
#6661=ORIENTED_EDGE('',*,*,#6640,.F.);
#6662=EDGE_LOOP('',(#6657,#6658,#6660,#6661));
#6663=FACE_OUTER_BOUND('',#6662,.F.);
#6665=CARTESIAN_POINT('',(0.E0,2.E-1,0.E0));
#6666=DIRECTION('',(0.E0,1.E0,0.E0));
#6667=DIRECTION('',(1.E0,0.E0,0.E0));
#6668=AXIS2_PLACEMENT_3D('',#6665,#6666,#6667);
#6669=PLANE('',#6668);
#6670=ORIENTED_EDGE('',*,*,#6642,.F.);
#6671=ORIENTED_EDGE('',*,*,#6659,.F.);
#6672=ORIENTED_EDGE('',*,*,#6605,.F.);
#6674=ORIENTED_EDGE('',*,*,#6673,.F.);
#6675=EDGE_LOOP('',(#6670,#6671,#6672,#6674));
#6676=FACE_OUTER_BOUND('',#6675,.F.);
#6678=CARTESIAN_POINT('',(1.225E0,0.E0,0.E0));
#6679=DIRECTION('',(0.E0,1.E0,0.E0));
#6680=DIRECTION('',(1.E0,0.E0,0.E0));
#6681=AXIS2_PLACEMENT_3D('',#6678,#6679,#6680);
#6682=CYLINDRICAL_SURFACE('',#6681,1.25E-1);
#6683=ORIENTED_EDGE('',*,*,#6581,.F.);
#6684=ORIENTED_EDGE('',*,*,#6644,.T.);
#6685=ORIENTED_EDGE('',*,*,#6673,.T.);
#6686=ORIENTED_EDGE('',*,*,#6603,.F.);
#6687=EDGE_LOOP('',(#6683,#6684,#6685,#6686));
#6688=FACE_OUTER_BOUND('',#6687,.F.);
#6690=CARTESIAN_POINT('',(1.45E0,1.E-1,-1.8E0));
#6691=DIRECTION('',(-1.E0,0.E0,0.E0));
#6692=DIRECTION('',(0.E0,-1.E0,0.E0));
#6693=AXIS2_PLACEMENT_3D('',#6690,#6691,#6692);
#6694=PLANE('',#6693);
#6695=ORIENTED_EDGE('',*,*,#6647,.F.);
#6696=ORIENTED_EDGE('',*,*,#6577,.F.);
#6697=ORIENTED_EDGE('',*,*,#6600,.T.);
#6698=ORIENTED_EDGE('',*,*,#6619,.F.);
#6699=EDGE_LOOP('',(#6695,#6696,#6697,#6698));
#6700=FACE_OUTER_BOUND('',#6699,.F.);
#6702=FILL_AREA_STYLE_COLOUR('',#26);
#6703=FILL_AREA_STYLE('',(#6702));
#6704=SURFACE_STYLE_FILL_AREA(#6703);
#6705=SURFACE_SIDE_STYLE('',(#6704));
#6706=SURFACE_STYLE_USAGE(.POSITIVE.,#6705);
#6707=PRESENTATION_STYLE_ASSIGNMENT((#6706));
#6708=OVER_RIDING_STYLED_ITEM('',(#6707),#6701,#6417);
#6709=CLOSED_SHELL('',(#6585,#6611,#6626,#6651,#6664,#6677,#6689,#6701));
#6710=MANIFOLD_SOLID_BREP('',#6709);
#6711=FILL_AREA_STYLE_COLOUR('',#18);
#6712=FILL_AREA_STYLE('',(#6711));
#6713=SURFACE_STYLE_FILL_AREA(#6712);
#6714=SURFACE_SIDE_STYLE('',(#6713));
#6715=SURFACE_STYLE_USAGE(.POSITIVE.,#6714);
#6716=PRESENTATION_STYLE_ASSIGNMENT((#6715));
#6417=STYLED_ITEM('',(#6716),#6710);
#6718=DIRECTION('',(0.E0,0.E0,-1.E0));
#6719=VECTOR('',#6718,2.5E-1);
#6720=CARTESIAN_POINT('',(1.45E0,0.E0,6.25E-1));
#6721=LINE('',#6720,#6719);
#6722=CURVE_STYLE('',#33,POSITIVE_LENGTH_MEASURE(2.E-2),#18);
#6723=PRESENTATION_STYLE_ASSIGNMENT((#6722));
#6724=STYLED_ITEM('',(#6723),#6721);
#6725=DIRECTION('',(-1.E0,0.E0,0.E0));
#6726=VECTOR('',#6725,2.25E-1);
#6727=CARTESIAN_POINT('',(1.45E0,0.E0,3.75E-1));
#6728=LINE('',#6727,#6726);
#6729=CURVE_STYLE('',#33,POSITIVE_LENGTH_MEASURE(2.E-2),#18);
#6730=PRESENTATION_STYLE_ASSIGNMENT((#6729));
#6731=STYLED_ITEM('',(#6730),#6728);
#6732=CARTESIAN_POINT('',(1.225E0,0.E0,5.E-1));
#6733=DIRECTION('',(0.E0,1.E0,0.E0));
#6734=DIRECTION('',(0.E0,0.E0,-1.E0));
#6735=AXIS2_PLACEMENT_3D('',#6732,#6733,#6734);
#6737=CURVE_STYLE('',#33,POSITIVE_LENGTH_MEASURE(2.E-2),#18);
#6738=PRESENTATION_STYLE_ASSIGNMENT((#6737));
#6739=STYLED_ITEM('',(#6738),#6736);
#6740=DIRECTION('',(1.E0,0.E0,0.E0));
#6741=VECTOR('',#6740,2.25E-1);
#6742=CARTESIAN_POINT('',(1.225E0,0.E0,6.25E-1));
#6743=LINE('',#6742,#6741);
#6744=CURVE_STYLE('',#33,POSITIVE_LENGTH_MEASURE(2.E-2),#18);
#6745=PRESENTATION_STYLE_ASSIGNMENT((#6744));
#6746=STYLED_ITEM('',(#6745),#6743);
#6747=DIRECTION('',(0.E0,0.E0,1.E0));
#6748=VECTOR('',#6747,2.5E-1);
#6749=CARTESIAN_POINT('',(1.45E0,1.E-1,3.75E-1));
#6750=LINE('',#6749,#6748);
#6751=CURVE_STYLE('',#33,POSITIVE_LENGTH_MEASURE(2.E-2),#18);
#6752=PRESENTATION_STYLE_ASSIGNMENT((#6751));
#6753=STYLED_ITEM('',(#6752),#6750);
#6754=DIRECTION('',(-1.E0,0.E0,0.E0));
#6755=VECTOR('',#6754,5.E-2);
#6756=CARTESIAN_POINT('',(1.5E0,1.E-1,6.25E-1));
#6757=LINE('',#6756,#6755);
#6758=CURVE_STYLE('',#33,POSITIVE_LENGTH_MEASURE(2.E-2),#18);
#6759=PRESENTATION_STYLE_ASSIGNMENT((#6758));
#6760=STYLED_ITEM('',(#6759),#6757);
#6761=DIRECTION('',(0.E0,1.E0,0.E0));
#6762=VECTOR('',#6761,1.E-1);
#6763=CARTESIAN_POINT('',(1.45E0,0.E0,6.25E-1));
#6764=LINE('',#6763,#6762);
#6765=CURVE_STYLE('',#33,POSITIVE_LENGTH_MEASURE(2.E-2),#18);
#6766=PRESENTATION_STYLE_ASSIGNMENT((#6765));
#6767=STYLED_ITEM('',(#6766),#6764);
#6768=DIRECTION('',(0.E0,1.E0,0.E0));
#6769=VECTOR('',#6768,2.E-1);
#6770=CARTESIAN_POINT('',(1.225E0,0.E0,6.25E-1));
#6771=LINE('',#6770,#6769);
#6772=CURVE_STYLE('',#33,POSITIVE_LENGTH_MEASURE(2.E-2),#18);
#6773=PRESENTATION_STYLE_ASSIGNMENT((#6772));
#6774=STYLED_ITEM('',(#6773),#6771);
#6775=DIRECTION('',(-1.E0,0.E0,0.E0));
#6776=VECTOR('',#6775,5.E-2);
#6777=CARTESIAN_POINT('',(1.5E0,1.E-1,3.75E-1));
#6778=LINE('',#6777,#6776);
#6779=CURVE_STYLE('',#33,POSITIVE_LENGTH_MEASURE(2.E-2),#18);
#6780=PRESENTATION_STYLE_ASSIGNMENT((#6779));
#6781=STYLED_ITEM('',(#6780),#6778);
#6782=DIRECTION('',(0.E0,1.E0,0.E0));
#6783=VECTOR('',#6782,1.E-1);
#6784=CARTESIAN_POINT('',(1.5E0,1.E-1,3.75E-1));
#6785=LINE('',#6784,#6783);
#6786=CURVE_STYLE('',#33,POSITIVE_LENGTH_MEASURE(2.E-2),#18);
#6787=PRESENTATION_STYLE_ASSIGNMENT((#6786));
#6788=STYLED_ITEM('',(#6787),#6785);
#6789=DIRECTION('',(0.E0,1.E0,0.E0));
#6790=VECTOR('',#6789,1.E-1);
#6791=CARTESIAN_POINT('',(1.45E0,0.E0,3.75E-1));
#6792=LINE('',#6791,#6790);
#6793=CURVE_STYLE('',#33,POSITIVE_LENGTH_MEASURE(2.E-2),#18);
#6794=PRESENTATION_STYLE_ASSIGNMENT((#6793));
#6795=STYLED_ITEM('',(#6794),#6792);
#6796=DIRECTION('',(0.E0,0.E0,-1.E0));
#6797=VECTOR('',#6796,2.5E-1);
#6798=CARTESIAN_POINT('',(1.5E0,1.E-1,6.25E-1));
#6799=LINE('',#6798,#6797);
#6800=CURVE_STYLE('',#33,POSITIVE_LENGTH_MEASURE(2.E-2),#18);
#6801=PRESENTATION_STYLE_ASSIGNMENT((#6800));
#6802=STYLED_ITEM('',(#6801),#6799);
#6803=DIRECTION('',(0.E0,1.E0,0.E0));
#6804=VECTOR('',#6803,1.E-1);
#6805=CARTESIAN_POINT('',(1.5E0,1.E-1,6.25E-1));
#6806=LINE('',#6805,#6804);
#6807=CURVE_STYLE('',#33,POSITIVE_LENGTH_MEASURE(2.E-2),#18);
#6808=PRESENTATION_STYLE_ASSIGNMENT((#6807));
#6809=STYLED_ITEM('',(#6808),#6806);
#6810=DIRECTION('',(-1.E0,0.E0,0.E0));
#6811=VECTOR('',#6810,2.75E-1);
#6812=CARTESIAN_POINT('',(1.5E0,2.E-1,3.75E-1));
#6813=LINE('',#6812,#6811);
#6814=CURVE_STYLE('',#33,POSITIVE_LENGTH_MEASURE(2.E-2),#18);
#6815=PRESENTATION_STYLE_ASSIGNMENT((#6814));
#6816=STYLED_ITEM('',(#6815),#6813);
#6817=DIRECTION('',(0.E0,0.E0,-1.E0));
#6818=VECTOR('',#6817,2.5E-1);
#6819=CARTESIAN_POINT('',(1.5E0,2.E-1,6.25E-1));
#6820=LINE('',#6819,#6818);
#6821=CURVE_STYLE('',#33,POSITIVE_LENGTH_MEASURE(2.E-2),#18);
#6822=PRESENTATION_STYLE_ASSIGNMENT((#6821));
#6823=STYLED_ITEM('',(#6822),#6820);
#6824=DIRECTION('',(1.E0,0.E0,0.E0));
#6825=VECTOR('',#6824,2.75E-1);
#6826=CARTESIAN_POINT('',(1.225E0,2.E-1,6.25E-1));
#6827=LINE('',#6826,#6825);
#6828=CURVE_STYLE('',#33,POSITIVE_LENGTH_MEASURE(2.E-2),#18);
#6829=PRESENTATION_STYLE_ASSIGNMENT((#6828));
#6830=STYLED_ITEM('',(#6829),#6827);
#6831=CARTESIAN_POINT('',(1.225E0,2.E-1,5.E-1));
#6832=DIRECTION('',(0.E0,1.E0,0.E0));
#6833=DIRECTION('',(0.E0,0.E0,-1.E0));
#6834=AXIS2_PLACEMENT_3D('',#6831,#6832,#6833);
#6836=CURVE_STYLE('',#33,POSITIVE_LENGTH_MEASURE(2.E-2),#18);
#6837=PRESENTATION_STYLE_ASSIGNMENT((#6836));
#6838=STYLED_ITEM('',(#6837),#6835);
#6839=DIRECTION('',(0.E0,1.E0,0.E0));
#6840=VECTOR('',#6839,2.E-1);
#6841=CARTESIAN_POINT('',(1.225E0,0.E0,3.75E-1));
#6842=LINE('',#6841,#6840);
#6843=CURVE_STYLE('',#33,POSITIVE_LENGTH_MEASURE(2.E-2),#18);
#6844=PRESENTATION_STYLE_ASSIGNMENT((#6843));
#6845=STYLED_ITEM('',(#6844),#6842);
#6846=CARTESIAN_POINT('',(1.225E0,0.E0,3.75E-1));
#6847=CARTESIAN_POINT('',(1.225E0,0.E0,6.25E-1));
#6848=VERTEX_POINT('',#6846);
#6849=VERTEX_POINT('',#6847);
#6850=CARTESIAN_POINT('',(1.5E0,2.E-1,3.75E-1));
#6851=CARTESIAN_POINT('',(1.225E0,2.E-1,3.75E-1));
#6852=VERTEX_POINT('',#6850);
#6853=VERTEX_POINT('',#6851);
#6854=CARTESIAN_POINT('',(1.225E0,2.E-1,6.25E-1));
#6855=VERTEX_POINT('',#6854);
#6856=CARTESIAN_POINT('',(1.5E0,2.E-1,6.25E-1));
#6857=VERTEX_POINT('',#6856);
#6858=CARTESIAN_POINT('',(1.45E0,0.E0,6.25E-1));
#6859=CARTESIAN_POINT('',(1.45E0,0.E0,3.75E-1));
#6860=VERTEX_POINT('',#6858);
#6861=VERTEX_POINT('',#6859);
#6862=CARTESIAN_POINT('',(1.5E0,1.E-1,3.75E-1));
#6863=CARTESIAN_POINT('',(1.45E0,1.E-1,3.75E-1));
#6864=VERTEX_POINT('',#6862);
#6865=VERTEX_POINT('',#6863);
#6866=CARTESIAN_POINT('',(1.5E0,1.E-1,6.25E-1));
#6867=CARTESIAN_POINT('',(1.45E0,1.E-1,6.25E-1));
#6868=VERTEX_POINT('',#6866);
#6869=VERTEX_POINT('',#6867);
#6870=CARTESIAN_POINT('',(0.E0,0.E0,0.E0));
#6871=DIRECTION('',(0.E0,1.E0,0.E0));
#6872=DIRECTION('',(1.E0,0.E0,0.E0));
#6873=AXIS2_PLACEMENT_3D('',#6870,#6871,#6872);
#6874=PLANE('',#6873);
#6876=ORIENTED_EDGE('',*,*,#6875,.T.);
#6878=ORIENTED_EDGE('',*,*,#6877,.T.);
#6880=ORIENTED_EDGE('',*,*,#6879,.T.);
#6882=ORIENTED_EDGE('',*,*,#6881,.T.);
#6883=EDGE_LOOP('',(#6876,#6878,#6880,#6882));
#6884=FACE_OUTER_BOUND('',#6883,.F.);
#6886=FILL_AREA_STYLE_COLOUR('',#4393);
#6887=FILL_AREA_STYLE('',(#6886));
#6888=SURFACE_STYLE_FILL_AREA(#6887);
#6889=SURFACE_SIDE_STYLE('',(#6888));
#6890=SURFACE_STYLE_USAGE(.POSITIVE.,#6889);
#6891=PRESENTATION_STYLE_ASSIGNMENT((#6890));
#6892=OVER_RIDING_STYLED_ITEM('',(#6891),#6885,#6717);
#6893=CARTESIAN_POINT('',(1.45E0,1.E-1,-1.8E0));
#6894=DIRECTION('',(-1.E0,0.E0,0.E0));
#6895=DIRECTION('',(0.E0,-1.E0,0.E0));
#6896=AXIS2_PLACEMENT_3D('',#6893,#6894,#6895);
#6897=PLANE('',#6896);
#6898=ORIENTED_EDGE('',*,*,#6875,.F.);
#6900=ORIENTED_EDGE('',*,*,#6899,.T.);
#6902=ORIENTED_EDGE('',*,*,#6901,.F.);
#6904=ORIENTED_EDGE('',*,*,#6903,.F.);
#6905=EDGE_LOOP('',(#6898,#6900,#6902,#6904));
#6906=FACE_OUTER_BOUND('',#6905,.F.);
#6908=FILL_AREA_STYLE_COLOUR('',#26);
#6909=FILL_AREA_STYLE('',(#6908));
#6910=SURFACE_STYLE_FILL_AREA(#6909);
#6911=SURFACE_SIDE_STYLE('',(#6910));
#6912=SURFACE_STYLE_USAGE(.POSITIVE.,#6911);
#6913=PRESENTATION_STYLE_ASSIGNMENT((#6912));
#6914=OVER_RIDING_STYLED_ITEM('',(#6913),#6907,#6717);
#6915=CARTESIAN_POINT('',(1.225E0,0.E0,6.25E-1));
#6916=DIRECTION('',(0.E0,0.E0,1.E0));
#6917=DIRECTION('',(1.E0,0.E0,0.E0));
#6918=AXIS2_PLACEMENT_3D('',#6915,#6916,#6917);
#6919=PLANE('',#6918);
#6921=ORIENTED_EDGE('',*,*,#6920,.T.);
#6922=ORIENTED_EDGE('',*,*,#6899,.F.);
#6923=ORIENTED_EDGE('',*,*,#6881,.F.);
#6925=ORIENTED_EDGE('',*,*,#6924,.T.);
#6927=ORIENTED_EDGE('',*,*,#6926,.T.);
#6929=ORIENTED_EDGE('',*,*,#6928,.F.);
#6930=EDGE_LOOP('',(#6921,#6922,#6923,#6925,#6927,#6929));
#6931=FACE_OUTER_BOUND('',#6930,.F.);
#6933=CARTESIAN_POINT('',(1.5E0,1.E-1,-1.8E0));
#6934=DIRECTION('',(0.E0,1.E0,0.E0));
#6935=DIRECTION('',(-1.E0,0.E0,0.E0));
#6936=AXIS2_PLACEMENT_3D('',#6933,#6934,#6935);
#6937=PLANE('',#6936);
#6939=ORIENTED_EDGE('',*,*,#6938,.T.);
#6940=ORIENTED_EDGE('',*,*,#6901,.T.);
#6941=ORIENTED_EDGE('',*,*,#6920,.F.);
#6943=ORIENTED_EDGE('',*,*,#6942,.T.);
#6944=EDGE_LOOP('',(#6939,#6940,#6941,#6943));
#6945=FACE_OUTER_BOUND('',#6944,.F.);
#6947=FILL_AREA_STYLE_COLOUR('',#4393);
#6948=FILL_AREA_STYLE('',(#6947));
#6949=SURFACE_STYLE_FILL_AREA(#6948);
#6950=SURFACE_SIDE_STYLE('',(#6949));
#6951=SURFACE_STYLE_USAGE(.POSITIVE.,#6950);
#6952=PRESENTATION_STYLE_ASSIGNMENT((#6951));
#6953=OVER_RIDING_STYLED_ITEM('',(#6952),#6946,#6717);
#6954=CARTESIAN_POINT('',(1.5E0,0.E0,3.75E-1));
#6955=DIRECTION('',(0.E0,0.E0,-1.E0));
#6956=DIRECTION('',(-1.E0,0.E0,0.E0));
#6957=AXIS2_PLACEMENT_3D('',#6954,#6955,#6956);
#6958=PLANE('',#6957);
#6959=ORIENTED_EDGE('',*,*,#6938,.F.);
#6961=ORIENTED_EDGE('',*,*,#6960,.T.);
#6963=ORIENTED_EDGE('',*,*,#6962,.T.);
#6965=ORIENTED_EDGE('',*,*,#6964,.F.);
#6966=ORIENTED_EDGE('',*,*,#6877,.F.);
#6967=ORIENTED_EDGE('',*,*,#6903,.T.);
#6968=EDGE_LOOP('',(#6959,#6961,#6963,#6965,#6966,#6967));
#6969=FACE_OUTER_BOUND('',#6968,.F.);
#6971=CARTESIAN_POINT('',(1.5E0,0.E0,6.25E-1));
#6972=DIRECTION('',(1.E0,0.E0,0.E0));
#6973=DIRECTION('',(0.E0,0.E0,-1.E0));
#6974=AXIS2_PLACEMENT_3D('',#6971,#6972,#6973);
#6975=PLANE('',#6974);
#6976=ORIENTED_EDGE('',*,*,#6942,.F.);
#6977=ORIENTED_EDGE('',*,*,#6928,.T.);
#6979=ORIENTED_EDGE('',*,*,#6978,.T.);
#6980=ORIENTED_EDGE('',*,*,#6960,.F.);
#6981=EDGE_LOOP('',(#6976,#6977,#6979,#6980));
#6982=FACE_OUTER_BOUND('',#6981,.F.);
#6984=CARTESIAN_POINT('',(0.E0,2.E-1,0.E0));
#6985=DIRECTION('',(0.E0,1.E0,0.E0));
#6986=DIRECTION('',(1.E0,0.E0,0.E0));
#6987=AXIS2_PLACEMENT_3D('',#6984,#6985,#6986);
#6988=PLANE('',#6987);
#6989=ORIENTED_EDGE('',*,*,#6962,.F.);
#6990=ORIENTED_EDGE('',*,*,#6978,.F.);
#6991=ORIENTED_EDGE('',*,*,#6926,.F.);
#6993=ORIENTED_EDGE('',*,*,#6992,.F.);
#6994=EDGE_LOOP('',(#6989,#6990,#6991,#6993));
#6995=FACE_OUTER_BOUND('',#6994,.F.);
#6997=CARTESIAN_POINT('',(1.225E0,0.E0,5.E-1));
#6998=DIRECTION('',(0.E0,1.E0,0.E0));
#6999=DIRECTION('',(1.E0,0.E0,0.E0));
#7000=AXIS2_PLACEMENT_3D('',#6997,#6998,#6999);
#7001=CYLINDRICAL_SURFACE('',#7000,1.25E-1);
#7002=ORIENTED_EDGE('',*,*,#6879,.F.);
#7003=ORIENTED_EDGE('',*,*,#6964,.T.);
#7004=ORIENTED_EDGE('',*,*,#6992,.T.);
#7005=ORIENTED_EDGE('',*,*,#6924,.F.);
#7006=EDGE_LOOP('',(#7002,#7003,#7004,#7005));
#7007=FACE_OUTER_BOUND('',#7006,.F.);
#7009=CLOSED_SHELL('',(#6885,#6907,#6932,#6946,#6970,#6983,#6996,#7008));
#7010=MANIFOLD_SOLID_BREP('',#7009);
#7011=FILL_AREA_STYLE_COLOUR('',#18);
#7012=FILL_AREA_STYLE('',(#7011));
#7013=SURFACE_STYLE_FILL_AREA(#7012);
#7014=SURFACE_SIDE_STYLE('',(#7013));
#7015=SURFACE_STYLE_USAGE(.POSITIVE.,#7014);
#7016=PRESENTATION_STYLE_ASSIGNMENT((#7015));
#6717=STYLED_ITEM('',(#7016),#7010);
#7018=DIRECTION('',(0.E0,0.E0,-1.E0));
#7019=VECTOR('',#7018,2.5E-1);
#7020=CARTESIAN_POINT('',(-1.45E0,0.E0,-8.75E-1));
#7021=LINE('',#7020,#7019);
#7022=CURVE_STYLE('',#33,POSITIVE_LENGTH_MEASURE(2.E-2),#18);
#7023=PRESENTATION_STYLE_ASSIGNMENT((#7022));
#7024=STYLED_ITEM('',(#7023),#7021);
#7025=DIRECTION('',(-1.E0,0.E0,0.E0));
#7026=VECTOR('',#7025,2.25E-1);
#7027=CARTESIAN_POINT('',(-1.225E0,0.E0,-8.75E-1));
#7028=LINE('',#7027,#7026);
#7029=CURVE_STYLE('',#33,POSITIVE_LENGTH_MEASURE(2.E-2),#18);
#7030=PRESENTATION_STYLE_ASSIGNMENT((#7029));
#7031=STYLED_ITEM('',(#7030),#7028);
#7032=CARTESIAN_POINT('',(-1.225E0,0.E0,-1.E0));
#7033=DIRECTION('',(0.E0,-1.E0,0.E0));
#7034=DIRECTION('',(0.E0,0.E0,-1.E0));
#7035=AXIS2_PLACEMENT_3D('',#7032,#7033,#7034);
#7037=CURVE_STYLE('',#33,POSITIVE_LENGTH_MEASURE(2.E-2),#18);
#7038=PRESENTATION_STYLE_ASSIGNMENT((#7037));
#7039=STYLED_ITEM('',(#7038),#7036);
#7040=DIRECTION('',(1.E0,0.E0,0.E0));
#7041=VECTOR('',#7040,2.25E-1);
#7042=CARTESIAN_POINT('',(-1.45E0,0.E0,-1.125E0));
#7043=LINE('',#7042,#7041);
#7044=CURVE_STYLE('',#33,POSITIVE_LENGTH_MEASURE(2.E-2),#18);
#7045=PRESENTATION_STYLE_ASSIGNMENT((#7044));
#7046=STYLED_ITEM('',(#7045),#7043);
#7047=DIRECTION('',(0.E0,0.E0,1.E0));
#7048=VECTOR('',#7047,2.5E-1);
#7049=CARTESIAN_POINT('',(-1.45E0,1.E-1,-1.125E0));
#7050=LINE('',#7049,#7048);
#7051=CURVE_STYLE('',#33,POSITIVE_LENGTH_MEASURE(2.E-2),#18);
#7052=PRESENTATION_STYLE_ASSIGNMENT((#7051));
#7053=STYLED_ITEM('',(#7052),#7050);
#7054=DIRECTION('',(1.E0,0.E0,0.E0));
#7055=VECTOR('',#7054,5.E-2);
#7056=CARTESIAN_POINT('',(-1.5E0,1.E-1,-1.125E0));
#7057=LINE('',#7056,#7055);
#7058=CURVE_STYLE('',#33,POSITIVE_LENGTH_MEASURE(2.E-2),#18);
#7059=PRESENTATION_STYLE_ASSIGNMENT((#7058));
#7060=STYLED_ITEM('',(#7059),#7057);
#7061=DIRECTION('',(0.E0,1.E0,0.E0));
#7062=VECTOR('',#7061,1.E-1);
#7063=CARTESIAN_POINT('',(-1.45E0,0.E0,-1.125E0));
#7064=LINE('',#7063,#7062);
#7065=CURVE_STYLE('',#33,POSITIVE_LENGTH_MEASURE(2.E-2),#18);
#7066=PRESENTATION_STYLE_ASSIGNMENT((#7065));
#7067=STYLED_ITEM('',(#7066),#7064);
#7068=DIRECTION('',(0.E0,1.E0,0.E0));
#7069=VECTOR('',#7068,1.E-1);
#7070=CARTESIAN_POINT('',(-1.5E0,1.E-1,-1.125E0));
#7071=LINE('',#7070,#7069);
#7072=CURVE_STYLE('',#33,POSITIVE_LENGTH_MEASURE(2.E-2),#18);
#7073=PRESENTATION_STYLE_ASSIGNMENT((#7072));
#7074=STYLED_ITEM('',(#7073),#7071);
#7075=DIRECTION('',(0.E0,1.E0,0.E0));
#7076=VECTOR('',#7075,2.E-1);
#7077=CARTESIAN_POINT('',(-1.225E0,0.E0,-1.125E0));
#7078=LINE('',#7077,#7076);
#7079=CURVE_STYLE('',#33,POSITIVE_LENGTH_MEASURE(2.E-2),#18);
#7080=PRESENTATION_STYLE_ASSIGNMENT((#7079));
#7081=STYLED_ITEM('',(#7080),#7078);
#7082=DIRECTION('',(1.E0,0.E0,0.E0));
#7083=VECTOR('',#7082,5.E-2);
#7084=CARTESIAN_POINT('',(-1.5E0,1.E-1,-8.75E-1));
#7085=LINE('',#7084,#7083);
#7086=CURVE_STYLE('',#33,POSITIVE_LENGTH_MEASURE(2.E-2),#18);
#7087=PRESENTATION_STYLE_ASSIGNMENT((#7086));
#7088=STYLED_ITEM('',(#7087),#7085);
#7089=DIRECTION('',(0.E0,1.E0,0.E0));
#7090=VECTOR('',#7089,2.E-1);
#7091=CARTESIAN_POINT('',(-1.225E0,0.E0,-8.75E-1));
#7092=LINE('',#7091,#7090);
#7093=CURVE_STYLE('',#33,POSITIVE_LENGTH_MEASURE(2.E-2),#18);
#7094=PRESENTATION_STYLE_ASSIGNMENT((#7093));
#7095=STYLED_ITEM('',(#7094),#7092);
#7096=DIRECTION('',(0.E0,1.E0,0.E0));
#7097=VECTOR('',#7096,1.E-1);
#7098=CARTESIAN_POINT('',(-1.45E0,0.E0,-8.75E-1));
#7099=LINE('',#7098,#7097);
#7100=CURVE_STYLE('',#33,POSITIVE_LENGTH_MEASURE(2.E-2),#18);
#7101=PRESENTATION_STYLE_ASSIGNMENT((#7100));
#7102=STYLED_ITEM('',(#7101),#7099);
#7103=DIRECTION('',(0.E0,0.E0,-1.E0));
#7104=VECTOR('',#7103,2.5E-1);
#7105=CARTESIAN_POINT('',(-1.5E0,1.E-1,-8.75E-1));
#7106=LINE('',#7105,#7104);
#7107=CURVE_STYLE('',#33,POSITIVE_LENGTH_MEASURE(2.E-2),#18);
#7108=PRESENTATION_STYLE_ASSIGNMENT((#7107));
#7109=STYLED_ITEM('',(#7108),#7106);
#7110=DIRECTION('',(0.E0,1.E0,0.E0));
#7111=VECTOR('',#7110,1.E-1);
#7112=CARTESIAN_POINT('',(-1.5E0,1.E-1,-8.75E-1));
#7113=LINE('',#7112,#7111);
#7114=CURVE_STYLE('',#33,POSITIVE_LENGTH_MEASURE(2.E-2),#18);
#7115=PRESENTATION_STYLE_ASSIGNMENT((#7114));
#7116=STYLED_ITEM('',(#7115),#7113);
#7117=DIRECTION('',(1.E0,0.E0,0.E0));
#7118=VECTOR('',#7117,2.75E-1);
#7119=CARTESIAN_POINT('',(-1.5E0,2.E-1,-1.125E0));
#7120=LINE('',#7119,#7118);
#7121=CURVE_STYLE('',#33,POSITIVE_LENGTH_MEASURE(2.E-2),#18);
#7122=PRESENTATION_STYLE_ASSIGNMENT((#7121));
#7123=STYLED_ITEM('',(#7122),#7120);
#7124=CARTESIAN_POINT('',(-1.225E0,2.E-1,-1.E0));
#7125=DIRECTION('',(0.E0,-1.E0,0.E0));
#7126=DIRECTION('',(0.E0,0.E0,-1.E0));
#7127=AXIS2_PLACEMENT_3D('',#7124,#7125,#7126);
#7129=CURVE_STYLE('',#33,POSITIVE_LENGTH_MEASURE(2.E-2),#18);
#7130=PRESENTATION_STYLE_ASSIGNMENT((#7129));
#7131=STYLED_ITEM('',(#7130),#7128);
#7132=DIRECTION('',(-1.E0,0.E0,0.E0));
#7133=VECTOR('',#7132,2.75E-1);
#7134=CARTESIAN_POINT('',(-1.225E0,2.E-1,-8.75E-1));
#7135=LINE('',#7134,#7133);
#7136=CURVE_STYLE('',#33,POSITIVE_LENGTH_MEASURE(2.E-2),#18);
#7137=PRESENTATION_STYLE_ASSIGNMENT((#7136));
#7138=STYLED_ITEM('',(#7137),#7135);
#7139=DIRECTION('',(0.E0,0.E0,-1.E0));
#7140=VECTOR('',#7139,2.5E-1);
#7141=CARTESIAN_POINT('',(-1.5E0,2.E-1,-8.75E-1));
#7142=LINE('',#7141,#7140);
#7143=CURVE_STYLE('',#33,POSITIVE_LENGTH_MEASURE(2.E-2),#18);
#7144=PRESENTATION_STYLE_ASSIGNMENT((#7143));
#7145=STYLED_ITEM('',(#7144),#7142);
#7146=CARTESIAN_POINT('',(-1.225E0,0.E0,-1.125E0));
#7147=CARTESIAN_POINT('',(-1.225E0,0.E0,-8.75E-1));
#7148=VERTEX_POINT('',#7146);
#7149=VERTEX_POINT('',#7147);
#7150=CARTESIAN_POINT('',(-1.5E0,2.E-1,-1.125E0));
#7151=CARTESIAN_POINT('',(-1.225E0,2.E-1,-1.125E0));
#7152=VERTEX_POINT('',#7150);
#7153=VERTEX_POINT('',#7151);
#7154=CARTESIAN_POINT('',(-1.225E0,2.E-1,-8.75E-1));
#7155=VERTEX_POINT('',#7154);
#7156=CARTESIAN_POINT('',(-1.5E0,2.E-1,-8.75E-1));
#7157=VERTEX_POINT('',#7156);
#7158=CARTESIAN_POINT('',(-1.45E0,1.E-1,-1.125E0));
#7159=CARTESIAN_POINT('',(-1.45E0,1.E-1,-8.75E-1));
#7160=VERTEX_POINT('',#7158);
#7161=VERTEX_POINT('',#7159);
#7162=CARTESIAN_POINT('',(-1.45E0,0.E0,-8.75E-1));
#7163=CARTESIAN_POINT('',(-1.45E0,0.E0,-1.125E0));
#7164=VERTEX_POINT('',#7162);
#7165=VERTEX_POINT('',#7163);
#7166=CARTESIAN_POINT('',(-1.5E0,1.E-1,-1.125E0));
#7167=VERTEX_POINT('',#7166);
#7168=CARTESIAN_POINT('',(-1.5E0,1.E-1,-8.75E-1));
#7169=VERTEX_POINT('',#7168);
#7170=CARTESIAN_POINT('',(0.E0,0.E0,0.E0));
#7171=DIRECTION('',(0.E0,-1.E0,0.E0));
#7172=DIRECTION('',(-1.E0,0.E0,0.E0));
#7173=AXIS2_PLACEMENT_3D('',#7170,#7171,#7172);
#7174=PLANE('',#7173);
#7176=ORIENTED_EDGE('',*,*,#7175,.F.);
#7178=ORIENTED_EDGE('',*,*,#7177,.F.);
#7180=ORIENTED_EDGE('',*,*,#7179,.F.);
#7182=ORIENTED_EDGE('',*,*,#7181,.F.);
#7183=EDGE_LOOP('',(#7176,#7178,#7180,#7182));
#7184=FACE_OUTER_BOUND('',#7183,.F.);
#7186=FILL_AREA_STYLE_COLOUR('',#4393);
#7187=FILL_AREA_STYLE('',(#7186));
#7188=SURFACE_STYLE_FILL_AREA(#7187);
#7189=SURFACE_SIDE_STYLE('',(#7188));
#7190=SURFACE_STYLE_USAGE(.POSITIVE.,#7189);
#7191=PRESENTATION_STYLE_ASSIGNMENT((#7190));
#7192=OVER_RIDING_STYLED_ITEM('',(#7191),#7185,#7017);
#7193=CARTESIAN_POINT('',(-1.45E0,1.E-1,-1.8E0));
#7194=DIRECTION('',(-1.E0,0.E0,0.E0));
#7195=DIRECTION('',(0.E0,-1.E0,0.E0));
#7196=AXIS2_PLACEMENT_3D('',#7193,#7194,#7195);
#7197=PLANE('',#7196);
#7199=ORIENTED_EDGE('',*,*,#7198,.T.);
#7201=ORIENTED_EDGE('',*,*,#7200,.F.);
#7202=ORIENTED_EDGE('',*,*,#7175,.T.);
#7204=ORIENTED_EDGE('',*,*,#7203,.T.);
#7205=EDGE_LOOP('',(#7199,#7201,#7202,#7204));
#7206=FACE_OUTER_BOUND('',#7205,.F.);
#7208=FILL_AREA_STYLE_COLOUR('',#26);
#7209=FILL_AREA_STYLE('',(#7208));
#7210=SURFACE_STYLE_FILL_AREA(#7209);
#7211=SURFACE_SIDE_STYLE('',(#7210));
#7212=SURFACE_STYLE_USAGE(.POSITIVE.,#7211);
#7213=PRESENTATION_STYLE_ASSIGNMENT((#7212));
#7214=OVER_RIDING_STYLED_ITEM('',(#7213),#7207,#7017);
#7215=CARTESIAN_POINT('',(-1.5E0,1.E-1,-1.8E0));
#7216=DIRECTION('',(0.E0,-1.E0,0.E0));
#7217=DIRECTION('',(1.E0,0.E0,0.E0));
#7218=AXIS2_PLACEMENT_3D('',#7215,#7216,#7217);
#7219=PLANE('',#7218);
#7220=ORIENTED_EDGE('',*,*,#7198,.F.);
#7222=ORIENTED_EDGE('',*,*,#7221,.F.);
#7224=ORIENTED_EDGE('',*,*,#7223,.F.);
#7226=ORIENTED_EDGE('',*,*,#7225,.T.);
#7227=EDGE_LOOP('',(#7220,#7222,#7224,#7226));
#7228=FACE_OUTER_BOUND('',#7227,.F.);
#7230=FILL_AREA_STYLE_COLOUR('',#4393);
#7231=FILL_AREA_STYLE('',(#7230));
#7232=SURFACE_STYLE_FILL_AREA(#7231);
#7233=SURFACE_SIDE_STYLE('',(#7232));
#7234=SURFACE_STYLE_USAGE(.POSITIVE.,#7233);
#7235=PRESENTATION_STYLE_ASSIGNMENT((#7234));
#7236=OVER_RIDING_STYLED_ITEM('',(#7235),#7229,#7017);
#7237=CARTESIAN_POINT('',(-1.5E0,0.E0,-1.125E0));
#7238=DIRECTION('',(0.E0,0.E0,1.E0));
#7239=DIRECTION('',(1.E0,0.E0,0.E0));
#7240=AXIS2_PLACEMENT_3D('',#7237,#7238,#7239);
#7241=PLANE('',#7240);
#7242=ORIENTED_EDGE('',*,*,#7221,.T.);
#7243=ORIENTED_EDGE('',*,*,#7203,.F.);
#7244=ORIENTED_EDGE('',*,*,#7181,.T.);
#7246=ORIENTED_EDGE('',*,*,#7245,.T.);
#7248=ORIENTED_EDGE('',*,*,#7247,.F.);
#7250=ORIENTED_EDGE('',*,*,#7249,.F.);
#7251=EDGE_LOOP('',(#7242,#7243,#7244,#7246,#7248,#7250));
#7252=FACE_OUTER_BOUND('',#7251,.F.);
#7254=CARTESIAN_POINT('',(-1.225E0,0.E0,-1.E0));
#7255=DIRECTION('',(0.E0,-1.E0,0.E0));
#7256=DIRECTION('',(-1.E0,0.E0,0.E0));
#7257=AXIS2_PLACEMENT_3D('',#7254,#7255,#7256);
#7258=CYLINDRICAL_SURFACE('',#7257,1.25E-1);
#7259=ORIENTED_EDGE('',*,*,#7179,.T.);
#7261=ORIENTED_EDGE('',*,*,#7260,.T.);
#7263=ORIENTED_EDGE('',*,*,#7262,.F.);
#7264=ORIENTED_EDGE('',*,*,#7245,.F.);
#7265=EDGE_LOOP('',(#7259,#7261,#7263,#7264));
#7266=FACE_OUTER_BOUND('',#7265,.F.);
#7268=CARTESIAN_POINT('',(-1.225E0,0.E0,-8.75E-1));
#7269=DIRECTION('',(0.E0,0.E0,-1.E0));
#7270=DIRECTION('',(-1.E0,0.E0,0.E0));
#7271=AXIS2_PLACEMENT_3D('',#7268,#7269,#7270);
#7272=PLANE('',#7271);
#7273=ORIENTED_EDGE('',*,*,#7225,.F.);
#7275=ORIENTED_EDGE('',*,*,#7274,.T.);
#7277=ORIENTED_EDGE('',*,*,#7276,.F.);
#7278=ORIENTED_EDGE('',*,*,#7260,.F.);
#7279=ORIENTED_EDGE('',*,*,#7177,.T.);
#7280=ORIENTED_EDGE('',*,*,#7200,.T.);
#7281=EDGE_LOOP('',(#7273,#7275,#7277,#7278,#7279,#7280));
#7282=FACE_OUTER_BOUND('',#7281,.F.);
#7284=CARTESIAN_POINT('',(-1.5E0,0.E0,-8.75E-1));
#7285=DIRECTION('',(1.E0,0.E0,0.E0));
#7286=DIRECTION('',(0.E0,0.E0,-1.E0));
#7287=AXIS2_PLACEMENT_3D('',#7284,#7285,#7286);
#7288=PLANE('',#7287);
#7289=ORIENTED_EDGE('',*,*,#7223,.T.);
#7290=ORIENTED_EDGE('',*,*,#7249,.T.);
#7292=ORIENTED_EDGE('',*,*,#7291,.F.);
#7293=ORIENTED_EDGE('',*,*,#7274,.F.);
#7294=EDGE_LOOP('',(#7289,#7290,#7292,#7293));
#7295=FACE_OUTER_BOUND('',#7294,.F.);
#7297=CARTESIAN_POINT('',(0.E0,2.E-1,0.E0));
#7298=DIRECTION('',(0.E0,-1.E0,0.E0));
#7299=DIRECTION('',(-1.E0,0.E0,0.E0));
#7300=AXIS2_PLACEMENT_3D('',#7297,#7298,#7299);
#7301=PLANE('',#7300);
#7302=ORIENTED_EDGE('',*,*,#7247,.T.);
#7303=ORIENTED_EDGE('',*,*,#7262,.T.);
#7304=ORIENTED_EDGE('',*,*,#7276,.T.);
#7305=ORIENTED_EDGE('',*,*,#7291,.T.);
#7306=EDGE_LOOP('',(#7302,#7303,#7304,#7305));
#7307=FACE_OUTER_BOUND('',#7306,.F.);
#7309=CLOSED_SHELL('',(#7185,#7207,#7229,#7253,#7267,#7283,#7296,#7308));
#7310=MANIFOLD_SOLID_BREP('',#7309);
#7311=FILL_AREA_STYLE_COLOUR('',#18);
#7312=FILL_AREA_STYLE('',(#7311));
#7313=SURFACE_STYLE_FILL_AREA(#7312);
#7314=SURFACE_SIDE_STYLE('',(#7313));
#7315=SURFACE_STYLE_USAGE(.POSITIVE.,#7314);
#7316=PRESENTATION_STYLE_ASSIGNMENT((#7315));
#7017=STYLED_ITEM('',(#7316),#7310);
#7318=DIRECTION('',(0.E0,0.E0,-1.E0));
#7319=VECTOR('',#7318,2.5E-1);
#7320=CARTESIAN_POINT('',(-1.45E0,0.E0,-3.75E-1));
#7321=LINE('',#7320,#7319);
#7322=CURVE_STYLE('',#33,POSITIVE_LENGTH_MEASURE(2.E-2),#18);
#7323=PRESENTATION_STYLE_ASSIGNMENT((#7322));
#7324=STYLED_ITEM('',(#7323),#7321);
#7325=DIRECTION('',(-1.E0,0.E0,0.E0));
#7326=VECTOR('',#7325,2.25E-1);
#7327=CARTESIAN_POINT('',(-1.225E0,0.E0,-3.75E-1));
#7328=LINE('',#7327,#7326);
#7329=CURVE_STYLE('',#33,POSITIVE_LENGTH_MEASURE(2.E-2),#18);
#7330=PRESENTATION_STYLE_ASSIGNMENT((#7329));
#7331=STYLED_ITEM('',(#7330),#7328);
#7332=CARTESIAN_POINT('',(-1.225E0,0.E0,-5.E-1));
#7333=DIRECTION('',(0.E0,-1.E0,0.E0));
#7334=DIRECTION('',(0.E0,0.E0,-1.E0));
#7335=AXIS2_PLACEMENT_3D('',#7332,#7333,#7334);
#7337=CURVE_STYLE('',#33,POSITIVE_LENGTH_MEASURE(2.E-2),#18);
#7338=PRESENTATION_STYLE_ASSIGNMENT((#7337));
#7339=STYLED_ITEM('',(#7338),#7336);
#7340=DIRECTION('',(1.E0,0.E0,0.E0));
#7341=VECTOR('',#7340,2.25E-1);
#7342=CARTESIAN_POINT('',(-1.45E0,0.E0,-6.25E-1));
#7343=LINE('',#7342,#7341);
#7344=CURVE_STYLE('',#33,POSITIVE_LENGTH_MEASURE(2.E-2),#18);
#7345=PRESENTATION_STYLE_ASSIGNMENT((#7344));
#7346=STYLED_ITEM('',(#7345),#7343);
#7347=DIRECTION('',(0.E0,0.E0,1.E0));
#7348=VECTOR('',#7347,2.5E-1);
#7349=CARTESIAN_POINT('',(-1.45E0,1.E-1,-6.25E-1));
#7350=LINE('',#7349,#7348);
#7351=CURVE_STYLE('',#33,POSITIVE_LENGTH_MEASURE(2.E-2),#18);
#7352=PRESENTATION_STYLE_ASSIGNMENT((#7351));
#7353=STYLED_ITEM('',(#7352),#7350);
#7354=DIRECTION('',(1.E0,0.E0,0.E0));
#7355=VECTOR('',#7354,5.E-2);
#7356=CARTESIAN_POINT('',(-1.5E0,1.E-1,-6.25E-1));
#7357=LINE('',#7356,#7355);
#7358=CURVE_STYLE('',#33,POSITIVE_LENGTH_MEASURE(2.E-2),#18);
#7359=PRESENTATION_STYLE_ASSIGNMENT((#7358));
#7360=STYLED_ITEM('',(#7359),#7357);
#7361=DIRECTION('',(0.E0,1.E0,0.E0));
#7362=VECTOR('',#7361,1.E-1);
#7363=CARTESIAN_POINT('',(-1.45E0,0.E0,-6.25E-1));
#7364=LINE('',#7363,#7362);
#7365=CURVE_STYLE('',#33,POSITIVE_LENGTH_MEASURE(2.E-2),#18);
#7366=PRESENTATION_STYLE_ASSIGNMENT((#7365));
#7367=STYLED_ITEM('',(#7366),#7364);
#7368=DIRECTION('',(0.E0,1.E0,0.E0));
#7369=VECTOR('',#7368,1.E-1);
#7370=CARTESIAN_POINT('',(-1.5E0,1.E-1,-6.25E-1));
#7371=LINE('',#7370,#7369);
#7372=CURVE_STYLE('',#33,POSITIVE_LENGTH_MEASURE(2.E-2),#18);
#7373=PRESENTATION_STYLE_ASSIGNMENT((#7372));
#7374=STYLED_ITEM('',(#7373),#7371);
#7375=DIRECTION('',(0.E0,1.E0,0.E0));
#7376=VECTOR('',#7375,2.E-1);
#7377=CARTESIAN_POINT('',(-1.225E0,0.E0,-6.25E-1));
#7378=LINE('',#7377,#7376);
#7379=CURVE_STYLE('',#33,POSITIVE_LENGTH_MEASURE(2.E-2),#18);
#7380=PRESENTATION_STYLE_ASSIGNMENT((#7379));
#7381=STYLED_ITEM('',(#7380),#7378);
#7382=DIRECTION('',(1.E0,0.E0,0.E0));
#7383=VECTOR('',#7382,5.E-2);
#7384=CARTESIAN_POINT('',(-1.5E0,1.E-1,-3.75E-1));
#7385=LINE('',#7384,#7383);
#7386=CURVE_STYLE('',#33,POSITIVE_LENGTH_MEASURE(2.E-2),#18);
#7387=PRESENTATION_STYLE_ASSIGNMENT((#7386));
#7388=STYLED_ITEM('',(#7387),#7385);
#7389=DIRECTION('',(0.E0,1.E0,0.E0));
#7390=VECTOR('',#7389,2.E-1);
#7391=CARTESIAN_POINT('',(-1.225E0,0.E0,-3.75E-1));
#7392=LINE('',#7391,#7390);
#7393=CURVE_STYLE('',#33,POSITIVE_LENGTH_MEASURE(2.E-2),#18);
#7394=PRESENTATION_STYLE_ASSIGNMENT((#7393));
#7395=STYLED_ITEM('',(#7394),#7392);
#7396=DIRECTION('',(0.E0,1.E0,0.E0));
#7397=VECTOR('',#7396,1.E-1);
#7398=CARTESIAN_POINT('',(-1.45E0,0.E0,-3.75E-1));
#7399=LINE('',#7398,#7397);
#7400=CURVE_STYLE('',#33,POSITIVE_LENGTH_MEASURE(2.E-2),#18);
#7401=PRESENTATION_STYLE_ASSIGNMENT((#7400));
#7402=STYLED_ITEM('',(#7401),#7399);
#7403=DIRECTION('',(0.E0,0.E0,-1.E0));
#7404=VECTOR('',#7403,2.5E-1);
#7405=CARTESIAN_POINT('',(-1.5E0,1.E-1,-3.75E-1));
#7406=LINE('',#7405,#7404);
#7407=CURVE_STYLE('',#33,POSITIVE_LENGTH_MEASURE(2.E-2),#18);
#7408=PRESENTATION_STYLE_ASSIGNMENT((#7407));
#7409=STYLED_ITEM('',(#7408),#7406);
#7410=DIRECTION('',(0.E0,1.E0,0.E0));
#7411=VECTOR('',#7410,1.E-1);
#7412=CARTESIAN_POINT('',(-1.5E0,1.E-1,-3.75E-1));
#7413=LINE('',#7412,#7411);
#7414=CURVE_STYLE('',#33,POSITIVE_LENGTH_MEASURE(2.E-2),#18);
#7415=PRESENTATION_STYLE_ASSIGNMENT((#7414));
#7416=STYLED_ITEM('',(#7415),#7413);
#7417=DIRECTION('',(1.E0,0.E0,0.E0));
#7418=VECTOR('',#7417,2.75E-1);
#7419=CARTESIAN_POINT('',(-1.5E0,2.E-1,-6.25E-1));
#7420=LINE('',#7419,#7418);
#7421=CURVE_STYLE('',#33,POSITIVE_LENGTH_MEASURE(2.E-2),#18);
#7422=PRESENTATION_STYLE_ASSIGNMENT((#7421));
#7423=STYLED_ITEM('',(#7422),#7420);
#7424=CARTESIAN_POINT('',(-1.225E0,2.E-1,-5.E-1));
#7425=DIRECTION('',(0.E0,-1.E0,0.E0));
#7426=DIRECTION('',(0.E0,0.E0,-1.E0));
#7427=AXIS2_PLACEMENT_3D('',#7424,#7425,#7426);
#7429=CURVE_STYLE('',#33,POSITIVE_LENGTH_MEASURE(2.E-2),#18);
#7430=PRESENTATION_STYLE_ASSIGNMENT((#7429));
#7431=STYLED_ITEM('',(#7430),#7428);
#7432=DIRECTION('',(-1.E0,0.E0,0.E0));
#7433=VECTOR('',#7432,2.75E-1);
#7434=CARTESIAN_POINT('',(-1.225E0,2.E-1,-3.75E-1));
#7435=LINE('',#7434,#7433);
#7436=CURVE_STYLE('',#33,POSITIVE_LENGTH_MEASURE(2.E-2),#18);
#7437=PRESENTATION_STYLE_ASSIGNMENT((#7436));
#7438=STYLED_ITEM('',(#7437),#7435);
#7439=DIRECTION('',(0.E0,0.E0,-1.E0));
#7440=VECTOR('',#7439,2.5E-1);
#7441=CARTESIAN_POINT('',(-1.5E0,2.E-1,-3.75E-1));
#7442=LINE('',#7441,#7440);
#7443=CURVE_STYLE('',#33,POSITIVE_LENGTH_MEASURE(2.E-2),#18);
#7444=PRESENTATION_STYLE_ASSIGNMENT((#7443));
#7445=STYLED_ITEM('',(#7444),#7442);
#7446=CARTESIAN_POINT('',(-1.225E0,0.E0,-6.25E-1));
#7447=CARTESIAN_POINT('',(-1.225E0,0.E0,-3.75E-1));
#7448=VERTEX_POINT('',#7446);
#7449=VERTEX_POINT('',#7447);
#7450=CARTESIAN_POINT('',(-1.5E0,2.E-1,-6.25E-1));
#7451=CARTESIAN_POINT('',(-1.225E0,2.E-1,-6.25E-1));
#7452=VERTEX_POINT('',#7450);
#7453=VERTEX_POINT('',#7451);
#7454=CARTESIAN_POINT('',(-1.225E0,2.E-1,-3.75E-1));
#7455=VERTEX_POINT('',#7454);
#7456=CARTESIAN_POINT('',(-1.5E0,2.E-1,-3.75E-1));
#7457=VERTEX_POINT('',#7456);
#7458=CARTESIAN_POINT('',(-1.45E0,1.E-1,-6.25E-1));
#7459=CARTESIAN_POINT('',(-1.45E0,1.E-1,-3.75E-1));
#7460=VERTEX_POINT('',#7458);
#7461=VERTEX_POINT('',#7459);
#7462=CARTESIAN_POINT('',(-1.45E0,0.E0,-3.75E-1));
#7463=CARTESIAN_POINT('',(-1.45E0,0.E0,-6.25E-1));
#7464=VERTEX_POINT('',#7462);
#7465=VERTEX_POINT('',#7463);
#7466=CARTESIAN_POINT('',(-1.5E0,1.E-1,-6.25E-1));
#7467=VERTEX_POINT('',#7466);
#7468=CARTESIAN_POINT('',(-1.5E0,1.E-1,-3.75E-1));
#7469=VERTEX_POINT('',#7468);
#7470=CARTESIAN_POINT('',(0.E0,0.E0,0.E0));
#7471=DIRECTION('',(0.E0,-1.E0,0.E0));
#7472=DIRECTION('',(-1.E0,0.E0,0.E0));
#7473=AXIS2_PLACEMENT_3D('',#7470,#7471,#7472);
#7474=PLANE('',#7473);
#7476=ORIENTED_EDGE('',*,*,#7475,.F.);
#7478=ORIENTED_EDGE('',*,*,#7477,.F.);
#7480=ORIENTED_EDGE('',*,*,#7479,.F.);
#7482=ORIENTED_EDGE('',*,*,#7481,.F.);
#7483=EDGE_LOOP('',(#7476,#7478,#7480,#7482));
#7484=FACE_OUTER_BOUND('',#7483,.F.);
#7486=FILL_AREA_STYLE_COLOUR('',#4393);
#7487=FILL_AREA_STYLE('',(#7486));
#7488=SURFACE_STYLE_FILL_AREA(#7487);
#7489=SURFACE_SIDE_STYLE('',(#7488));
#7490=SURFACE_STYLE_USAGE(.POSITIVE.,#7489);
#7491=PRESENTATION_STYLE_ASSIGNMENT((#7490));
#7492=OVER_RIDING_STYLED_ITEM('',(#7491),#7485,#7317);
#7493=CARTESIAN_POINT('',(-1.45E0,1.E-1,-1.8E0));
#7494=DIRECTION('',(-1.E0,0.E0,0.E0));
#7495=DIRECTION('',(0.E0,-1.E0,0.E0));
#7496=AXIS2_PLACEMENT_3D('',#7493,#7494,#7495);
#7497=PLANE('',#7496);
#7499=ORIENTED_EDGE('',*,*,#7498,.T.);
#7501=ORIENTED_EDGE('',*,*,#7500,.F.);
#7502=ORIENTED_EDGE('',*,*,#7475,.T.);
#7504=ORIENTED_EDGE('',*,*,#7503,.T.);
#7505=EDGE_LOOP('',(#7499,#7501,#7502,#7504));
#7506=FACE_OUTER_BOUND('',#7505,.F.);
#7508=FILL_AREA_STYLE_COLOUR('',#26);
#7509=FILL_AREA_STYLE('',(#7508));
#7510=SURFACE_STYLE_FILL_AREA(#7509);
#7511=SURFACE_SIDE_STYLE('',(#7510));
#7512=SURFACE_STYLE_USAGE(.POSITIVE.,#7511);
#7513=PRESENTATION_STYLE_ASSIGNMENT((#7512));
#7514=OVER_RIDING_STYLED_ITEM('',(#7513),#7507,#7317);
#7515=CARTESIAN_POINT('',(-1.5E0,1.E-1,-1.8E0));
#7516=DIRECTION('',(0.E0,-1.E0,0.E0));
#7517=DIRECTION('',(1.E0,0.E0,0.E0));
#7518=AXIS2_PLACEMENT_3D('',#7515,#7516,#7517);
#7519=PLANE('',#7518);
#7520=ORIENTED_EDGE('',*,*,#7498,.F.);
#7522=ORIENTED_EDGE('',*,*,#7521,.F.);
#7524=ORIENTED_EDGE('',*,*,#7523,.F.);
#7526=ORIENTED_EDGE('',*,*,#7525,.T.);
#7527=EDGE_LOOP('',(#7520,#7522,#7524,#7526));
#7528=FACE_OUTER_BOUND('',#7527,.F.);
#7530=FILL_AREA_STYLE_COLOUR('',#4393);
#7531=FILL_AREA_STYLE('',(#7530));
#7532=SURFACE_STYLE_FILL_AREA(#7531);
#7533=SURFACE_SIDE_STYLE('',(#7532));
#7534=SURFACE_STYLE_USAGE(.POSITIVE.,#7533);
#7535=PRESENTATION_STYLE_ASSIGNMENT((#7534));
#7536=OVER_RIDING_STYLED_ITEM('',(#7535),#7529,#7317);
#7537=CARTESIAN_POINT('',(-1.5E0,0.E0,-6.25E-1));
#7538=DIRECTION('',(0.E0,0.E0,1.E0));
#7539=DIRECTION('',(1.E0,0.E0,0.E0));
#7540=AXIS2_PLACEMENT_3D('',#7537,#7538,#7539);
#7541=PLANE('',#7540);
#7542=ORIENTED_EDGE('',*,*,#7521,.T.);
#7543=ORIENTED_EDGE('',*,*,#7503,.F.);
#7544=ORIENTED_EDGE('',*,*,#7481,.T.);
#7546=ORIENTED_EDGE('',*,*,#7545,.T.);
#7548=ORIENTED_EDGE('',*,*,#7547,.F.);
#7550=ORIENTED_EDGE('',*,*,#7549,.F.);
#7551=EDGE_LOOP('',(#7542,#7543,#7544,#7546,#7548,#7550));
#7552=FACE_OUTER_BOUND('',#7551,.F.);
#7554=CARTESIAN_POINT('',(-1.225E0,0.E0,-5.E-1));
#7555=DIRECTION('',(0.E0,-1.E0,0.E0));
#7556=DIRECTION('',(-1.E0,0.E0,0.E0));
#7557=AXIS2_PLACEMENT_3D('',#7554,#7555,#7556);
#7558=CYLINDRICAL_SURFACE('',#7557,1.25E-1);
#7559=ORIENTED_EDGE('',*,*,#7479,.T.);
#7561=ORIENTED_EDGE('',*,*,#7560,.T.);
#7563=ORIENTED_EDGE('',*,*,#7562,.F.);
#7564=ORIENTED_EDGE('',*,*,#7545,.F.);
#7565=EDGE_LOOP('',(#7559,#7561,#7563,#7564));
#7566=FACE_OUTER_BOUND('',#7565,.F.);
#7568=CARTESIAN_POINT('',(-1.225E0,0.E0,-3.75E-1));
#7569=DIRECTION('',(0.E0,0.E0,-1.E0));
#7570=DIRECTION('',(-1.E0,0.E0,0.E0));
#7571=AXIS2_PLACEMENT_3D('',#7568,#7569,#7570);
#7572=PLANE('',#7571);
#7573=ORIENTED_EDGE('',*,*,#7525,.F.);
#7575=ORIENTED_EDGE('',*,*,#7574,.T.);
#7577=ORIENTED_EDGE('',*,*,#7576,.F.);
#7578=ORIENTED_EDGE('',*,*,#7560,.F.);
#7579=ORIENTED_EDGE('',*,*,#7477,.T.);
#7580=ORIENTED_EDGE('',*,*,#7500,.T.);
#7581=EDGE_LOOP('',(#7573,#7575,#7577,#7578,#7579,#7580));
#7582=FACE_OUTER_BOUND('',#7581,.F.);
#7584=CARTESIAN_POINT('',(-1.5E0,0.E0,-3.75E-1));
#7585=DIRECTION('',(1.E0,0.E0,0.E0));
#7586=DIRECTION('',(0.E0,0.E0,-1.E0));
#7587=AXIS2_PLACEMENT_3D('',#7584,#7585,#7586);
#7588=PLANE('',#7587);
#7589=ORIENTED_EDGE('',*,*,#7523,.T.);
#7590=ORIENTED_EDGE('',*,*,#7549,.T.);
#7592=ORIENTED_EDGE('',*,*,#7591,.F.);
#7593=ORIENTED_EDGE('',*,*,#7574,.F.);
#7594=EDGE_LOOP('',(#7589,#7590,#7592,#7593));
#7595=FACE_OUTER_BOUND('',#7594,.F.);
#7597=CARTESIAN_POINT('',(0.E0,2.E-1,0.E0));
#7598=DIRECTION('',(0.E0,-1.E0,0.E0));
#7599=DIRECTION('',(-1.E0,0.E0,0.E0));
#7600=AXIS2_PLACEMENT_3D('',#7597,#7598,#7599);
#7601=PLANE('',#7600);
#7602=ORIENTED_EDGE('',*,*,#7547,.T.);
#7603=ORIENTED_EDGE('',*,*,#7562,.T.);
#7604=ORIENTED_EDGE('',*,*,#7576,.T.);
#7605=ORIENTED_EDGE('',*,*,#7591,.T.);
#7606=EDGE_LOOP('',(#7602,#7603,#7604,#7605));
#7607=FACE_OUTER_BOUND('',#7606,.F.);
#7609=CLOSED_SHELL('',(#7485,#7507,#7529,#7553,#7567,#7583,#7596,#7608));
#7610=MANIFOLD_SOLID_BREP('',#7609);
#7611=FILL_AREA_STYLE_COLOUR('',#18);
#7612=FILL_AREA_STYLE('',(#7611));
#7613=SURFACE_STYLE_FILL_AREA(#7612);
#7614=SURFACE_SIDE_STYLE('',(#7613));
#7615=SURFACE_STYLE_USAGE(.POSITIVE.,#7614);
#7616=PRESENTATION_STYLE_ASSIGNMENT((#7615));
#7317=STYLED_ITEM('',(#7616),#7610);
#7618=DIRECTION('',(0.E0,0.E0,-1.E0));
#7619=VECTOR('',#7618,2.5E-1);
#7620=CARTESIAN_POINT('',(-1.45E0,0.E0,1.25E-1));
#7621=LINE('',#7620,#7619);
#7622=CURVE_STYLE('',#33,POSITIVE_LENGTH_MEASURE(2.E-2),#18);
#7623=PRESENTATION_STYLE_ASSIGNMENT((#7622));
#7624=STYLED_ITEM('',(#7623),#7621);
#7625=DIRECTION('',(-1.E0,0.E0,0.E0));
#7626=VECTOR('',#7625,2.25E-1);
#7627=CARTESIAN_POINT('',(-1.225E0,0.E0,1.25E-1));
#7628=LINE('',#7627,#7626);
#7629=CURVE_STYLE('',#33,POSITIVE_LENGTH_MEASURE(2.E-2),#18);
#7630=PRESENTATION_STYLE_ASSIGNMENT((#7629));
#7631=STYLED_ITEM('',(#7630),#7628);
#7632=CARTESIAN_POINT('',(-1.225E0,0.E0,0.E0));
#7633=DIRECTION('',(0.E0,-1.E0,0.E0));
#7634=DIRECTION('',(0.E0,0.E0,-1.E0));
#7635=AXIS2_PLACEMENT_3D('',#7632,#7633,#7634);
#7637=CURVE_STYLE('',#33,POSITIVE_LENGTH_MEASURE(2.E-2),#18);
#7638=PRESENTATION_STYLE_ASSIGNMENT((#7637));
#7639=STYLED_ITEM('',(#7638),#7636);
#7640=DIRECTION('',(1.E0,0.E0,0.E0));
#7641=VECTOR('',#7640,2.25E-1);
#7642=CARTESIAN_POINT('',(-1.45E0,0.E0,-1.25E-1));
#7643=LINE('',#7642,#7641);
#7644=CURVE_STYLE('',#33,POSITIVE_LENGTH_MEASURE(2.E-2),#18);
#7645=PRESENTATION_STYLE_ASSIGNMENT((#7644));
#7646=STYLED_ITEM('',(#7645),#7643);
#7647=DIRECTION('',(0.E0,0.E0,1.E0));
#7648=VECTOR('',#7647,2.5E-1);
#7649=CARTESIAN_POINT('',(-1.45E0,1.E-1,-1.25E-1));
#7650=LINE('',#7649,#7648);
#7651=CURVE_STYLE('',#33,POSITIVE_LENGTH_MEASURE(2.E-2),#18);
#7652=PRESENTATION_STYLE_ASSIGNMENT((#7651));
#7653=STYLED_ITEM('',(#7652),#7650);
#7654=DIRECTION('',(1.E0,0.E0,0.E0));
#7655=VECTOR('',#7654,5.E-2);
#7656=CARTESIAN_POINT('',(-1.5E0,1.E-1,-1.25E-1));
#7657=LINE('',#7656,#7655);
#7658=CURVE_STYLE('',#33,POSITIVE_LENGTH_MEASURE(2.E-2),#18);
#7659=PRESENTATION_STYLE_ASSIGNMENT((#7658));
#7660=STYLED_ITEM('',(#7659),#7657);
#7661=DIRECTION('',(0.E0,1.E0,0.E0));
#7662=VECTOR('',#7661,1.E-1);
#7663=CARTESIAN_POINT('',(-1.45E0,0.E0,-1.25E-1));
#7664=LINE('',#7663,#7662);
#7665=CURVE_STYLE('',#33,POSITIVE_LENGTH_MEASURE(2.E-2),#18);
#7666=PRESENTATION_STYLE_ASSIGNMENT((#7665));
#7667=STYLED_ITEM('',(#7666),#7664);
#7668=DIRECTION('',(0.E0,1.E0,0.E0));
#7669=VECTOR('',#7668,1.E-1);
#7670=CARTESIAN_POINT('',(-1.5E0,1.E-1,-1.25E-1));
#7671=LINE('',#7670,#7669);
#7672=CURVE_STYLE('',#33,POSITIVE_LENGTH_MEASURE(2.E-2),#18);
#7673=PRESENTATION_STYLE_ASSIGNMENT((#7672));
#7674=STYLED_ITEM('',(#7673),#7671);
#7675=DIRECTION('',(0.E0,1.E0,0.E0));
#7676=VECTOR('',#7675,2.E-1);
#7677=CARTESIAN_POINT('',(-1.225E0,0.E0,-1.25E-1));
#7678=LINE('',#7677,#7676);
#7679=CURVE_STYLE('',#33,POSITIVE_LENGTH_MEASURE(2.E-2),#18);
#7680=PRESENTATION_STYLE_ASSIGNMENT((#7679));
#7681=STYLED_ITEM('',(#7680),#7678);
#7682=DIRECTION('',(1.E0,0.E0,0.E0));
#7683=VECTOR('',#7682,5.E-2);
#7684=CARTESIAN_POINT('',(-1.5E0,1.E-1,1.25E-1));
#7685=LINE('',#7684,#7683);
#7686=CURVE_STYLE('',#33,POSITIVE_LENGTH_MEASURE(2.E-2),#18);
#7687=PRESENTATION_STYLE_ASSIGNMENT((#7686));
#7688=STYLED_ITEM('',(#7687),#7685);
#7689=DIRECTION('',(0.E0,1.E0,0.E0));
#7690=VECTOR('',#7689,2.E-1);
#7691=CARTESIAN_POINT('',(-1.225E0,0.E0,1.25E-1));
#7692=LINE('',#7691,#7690);
#7693=CURVE_STYLE('',#33,POSITIVE_LENGTH_MEASURE(2.E-2),#18);
#7694=PRESENTATION_STYLE_ASSIGNMENT((#7693));
#7695=STYLED_ITEM('',(#7694),#7692);
#7696=DIRECTION('',(0.E0,1.E0,0.E0));
#7697=VECTOR('',#7696,1.E-1);
#7698=CARTESIAN_POINT('',(-1.45E0,0.E0,1.25E-1));
#7699=LINE('',#7698,#7697);
#7700=CURVE_STYLE('',#33,POSITIVE_LENGTH_MEASURE(2.E-2),#18);
#7701=PRESENTATION_STYLE_ASSIGNMENT((#7700));
#7702=STYLED_ITEM('',(#7701),#7699);
#7703=DIRECTION('',(0.E0,0.E0,-1.E0));
#7704=VECTOR('',#7703,2.5E-1);
#7705=CARTESIAN_POINT('',(-1.5E0,1.E-1,1.25E-1));
#7706=LINE('',#7705,#7704);
#7707=CURVE_STYLE('',#33,POSITIVE_LENGTH_MEASURE(2.E-2),#18);
#7708=PRESENTATION_STYLE_ASSIGNMENT((#7707));
#7709=STYLED_ITEM('',(#7708),#7706);
#7710=DIRECTION('',(0.E0,1.E0,0.E0));
#7711=VECTOR('',#7710,1.E-1);
#7712=CARTESIAN_POINT('',(-1.5E0,1.E-1,1.25E-1));
#7713=LINE('',#7712,#7711);
#7714=CURVE_STYLE('',#33,POSITIVE_LENGTH_MEASURE(2.E-2),#18);
#7715=PRESENTATION_STYLE_ASSIGNMENT((#7714));
#7716=STYLED_ITEM('',(#7715),#7713);
#7717=DIRECTION('',(1.E0,0.E0,0.E0));
#7718=VECTOR('',#7717,2.75E-1);
#7719=CARTESIAN_POINT('',(-1.5E0,2.E-1,-1.25E-1));
#7720=LINE('',#7719,#7718);
#7721=CURVE_STYLE('',#33,POSITIVE_LENGTH_MEASURE(2.E-2),#18);
#7722=PRESENTATION_STYLE_ASSIGNMENT((#7721));
#7723=STYLED_ITEM('',(#7722),#7720);
#7724=CARTESIAN_POINT('',(-1.225E0,2.E-1,0.E0));
#7725=DIRECTION('',(0.E0,-1.E0,0.E0));
#7726=DIRECTION('',(0.E0,0.E0,-1.E0));
#7727=AXIS2_PLACEMENT_3D('',#7724,#7725,#7726);
#7729=CURVE_STYLE('',#33,POSITIVE_LENGTH_MEASURE(2.E-2),#18);
#7730=PRESENTATION_STYLE_ASSIGNMENT((#7729));
#7731=STYLED_ITEM('',(#7730),#7728);
#7732=DIRECTION('',(-1.E0,0.E0,0.E0));
#7733=VECTOR('',#7732,2.75E-1);
#7734=CARTESIAN_POINT('',(-1.225E0,2.E-1,1.25E-1));
#7735=LINE('',#7734,#7733);
#7736=CURVE_STYLE('',#33,POSITIVE_LENGTH_MEASURE(2.E-2),#18);
#7737=PRESENTATION_STYLE_ASSIGNMENT((#7736));
#7738=STYLED_ITEM('',(#7737),#7735);
#7739=DIRECTION('',(0.E0,0.E0,-1.E0));
#7740=VECTOR('',#7739,2.5E-1);
#7741=CARTESIAN_POINT('',(-1.5E0,2.E-1,1.25E-1));
#7742=LINE('',#7741,#7740);
#7743=CURVE_STYLE('',#33,POSITIVE_LENGTH_MEASURE(2.E-2),#18);
#7744=PRESENTATION_STYLE_ASSIGNMENT((#7743));
#7745=STYLED_ITEM('',(#7744),#7742);
#7746=CARTESIAN_POINT('',(-1.225E0,0.E0,-1.25E-1));
#7747=CARTESIAN_POINT('',(-1.225E0,0.E0,1.25E-1));
#7748=VERTEX_POINT('',#7746);
#7749=VERTEX_POINT('',#7747);
#7750=CARTESIAN_POINT('',(-1.5E0,2.E-1,-1.25E-1));
#7751=CARTESIAN_POINT('',(-1.225E0,2.E-1,-1.25E-1));
#7752=VERTEX_POINT('',#7750);
#7753=VERTEX_POINT('',#7751);
#7754=CARTESIAN_POINT('',(-1.225E0,2.E-1,1.25E-1));
#7755=VERTEX_POINT('',#7754);
#7756=CARTESIAN_POINT('',(-1.5E0,2.E-1,1.25E-1));
#7757=VERTEX_POINT('',#7756);
#7758=CARTESIAN_POINT('',(-1.45E0,1.E-1,-1.25E-1));
#7759=CARTESIAN_POINT('',(-1.45E0,1.E-1,1.25E-1));
#7760=VERTEX_POINT('',#7758);
#7761=VERTEX_POINT('',#7759);
#7762=CARTESIAN_POINT('',(-1.45E0,0.E0,1.25E-1));
#7763=CARTESIAN_POINT('',(-1.45E0,0.E0,-1.25E-1));
#7764=VERTEX_POINT('',#7762);
#7765=VERTEX_POINT('',#7763);
#7766=CARTESIAN_POINT('',(-1.5E0,1.E-1,-1.25E-1));
#7767=VERTEX_POINT('',#7766);
#7768=CARTESIAN_POINT('',(-1.5E0,1.E-1,1.25E-1));
#7769=VERTEX_POINT('',#7768);
#7770=CARTESIAN_POINT('',(0.E0,0.E0,0.E0));
#7771=DIRECTION('',(0.E0,-1.E0,0.E0));
#7772=DIRECTION('',(-1.E0,0.E0,0.E0));
#7773=AXIS2_PLACEMENT_3D('',#7770,#7771,#7772);
#7774=PLANE('',#7773);
#7776=ORIENTED_EDGE('',*,*,#7775,.F.);
#7778=ORIENTED_EDGE('',*,*,#7777,.F.);
#7780=ORIENTED_EDGE('',*,*,#7779,.F.);
#7782=ORIENTED_EDGE('',*,*,#7781,.F.);
#7783=EDGE_LOOP('',(#7776,#7778,#7780,#7782));
#7784=FACE_OUTER_BOUND('',#7783,.F.);
#7786=FILL_AREA_STYLE_COLOUR('',#4393);
#7787=FILL_AREA_STYLE('',(#7786));
#7788=SURFACE_STYLE_FILL_AREA(#7787);
#7789=SURFACE_SIDE_STYLE('',(#7788));
#7790=SURFACE_STYLE_USAGE(.POSITIVE.,#7789);
#7791=PRESENTATION_STYLE_ASSIGNMENT((#7790));
#7792=OVER_RIDING_STYLED_ITEM('',(#7791),#7785,#7617);
#7793=CARTESIAN_POINT('',(-1.45E0,1.E-1,-1.8E0));
#7794=DIRECTION('',(-1.E0,0.E0,0.E0));
#7795=DIRECTION('',(0.E0,-1.E0,0.E0));
#7796=AXIS2_PLACEMENT_3D('',#7793,#7794,#7795);
#7797=PLANE('',#7796);
#7799=ORIENTED_EDGE('',*,*,#7798,.T.);
#7801=ORIENTED_EDGE('',*,*,#7800,.F.);
#7802=ORIENTED_EDGE('',*,*,#7775,.T.);
#7804=ORIENTED_EDGE('',*,*,#7803,.T.);
#7805=EDGE_LOOP('',(#7799,#7801,#7802,#7804));
#7806=FACE_OUTER_BOUND('',#7805,.F.);
#7808=FILL_AREA_STYLE_COLOUR('',#26);
#7809=FILL_AREA_STYLE('',(#7808));
#7810=SURFACE_STYLE_FILL_AREA(#7809);
#7811=SURFACE_SIDE_STYLE('',(#7810));
#7812=SURFACE_STYLE_USAGE(.POSITIVE.,#7811);
#7813=PRESENTATION_STYLE_ASSIGNMENT((#7812));
#7814=OVER_RIDING_STYLED_ITEM('',(#7813),#7807,#7617);
#7815=CARTESIAN_POINT('',(-1.5E0,1.E-1,-1.8E0));
#7816=DIRECTION('',(0.E0,-1.E0,0.E0));
#7817=DIRECTION('',(1.E0,0.E0,0.E0));
#7818=AXIS2_PLACEMENT_3D('',#7815,#7816,#7817);
#7819=PLANE('',#7818);
#7820=ORIENTED_EDGE('',*,*,#7798,.F.);
#7822=ORIENTED_EDGE('',*,*,#7821,.F.);
#7824=ORIENTED_EDGE('',*,*,#7823,.F.);
#7826=ORIENTED_EDGE('',*,*,#7825,.T.);
#7827=EDGE_LOOP('',(#7820,#7822,#7824,#7826));
#7828=FACE_OUTER_BOUND('',#7827,.F.);
#7830=FILL_AREA_STYLE_COLOUR('',#4393);
#7831=FILL_AREA_STYLE('',(#7830));
#7832=SURFACE_STYLE_FILL_AREA(#7831);
#7833=SURFACE_SIDE_STYLE('',(#7832));
#7834=SURFACE_STYLE_USAGE(.POSITIVE.,#7833);
#7835=PRESENTATION_STYLE_ASSIGNMENT((#7834));
#7836=OVER_RIDING_STYLED_ITEM('',(#7835),#7829,#7617);
#7837=CARTESIAN_POINT('',(-1.5E0,0.E0,-1.25E-1));
#7838=DIRECTION('',(0.E0,0.E0,1.E0));
#7839=DIRECTION('',(1.E0,0.E0,0.E0));
#7840=AXIS2_PLACEMENT_3D('',#7837,#7838,#7839);
#7841=PLANE('',#7840);
#7842=ORIENTED_EDGE('',*,*,#7821,.T.);
#7843=ORIENTED_EDGE('',*,*,#7803,.F.);
#7844=ORIENTED_EDGE('',*,*,#7781,.T.);
#7846=ORIENTED_EDGE('',*,*,#7845,.T.);
#7848=ORIENTED_EDGE('',*,*,#7847,.F.);
#7850=ORIENTED_EDGE('',*,*,#7849,.F.);
#7851=EDGE_LOOP('',(#7842,#7843,#7844,#7846,#7848,#7850));
#7852=FACE_OUTER_BOUND('',#7851,.F.);
#7854=CARTESIAN_POINT('',(-1.225E0,0.E0,0.E0));
#7855=DIRECTION('',(0.E0,-1.E0,0.E0));
#7856=DIRECTION('',(-1.E0,0.E0,0.E0));
#7857=AXIS2_PLACEMENT_3D('',#7854,#7855,#7856);
#7858=CYLINDRICAL_SURFACE('',#7857,1.25E-1);
#7859=ORIENTED_EDGE('',*,*,#7779,.T.);
#7861=ORIENTED_EDGE('',*,*,#7860,.T.);
#7863=ORIENTED_EDGE('',*,*,#7862,.F.);
#7864=ORIENTED_EDGE('',*,*,#7845,.F.);
#7865=EDGE_LOOP('',(#7859,#7861,#7863,#7864));
#7866=FACE_OUTER_BOUND('',#7865,.F.);
#7868=CARTESIAN_POINT('',(-1.225E0,0.E0,1.25E-1));
#7869=DIRECTION('',(0.E0,0.E0,-1.E0));
#7870=DIRECTION('',(-1.E0,0.E0,0.E0));
#7871=AXIS2_PLACEMENT_3D('',#7868,#7869,#7870);
#7872=PLANE('',#7871);
#7873=ORIENTED_EDGE('',*,*,#7825,.F.);
#7875=ORIENTED_EDGE('',*,*,#7874,.T.);
#7877=ORIENTED_EDGE('',*,*,#7876,.F.);
#7878=ORIENTED_EDGE('',*,*,#7860,.F.);
#7879=ORIENTED_EDGE('',*,*,#7777,.T.);
#7880=ORIENTED_EDGE('',*,*,#7800,.T.);
#7881=EDGE_LOOP('',(#7873,#7875,#7877,#7878,#7879,#7880));
#7882=FACE_OUTER_BOUND('',#7881,.F.);
#7884=CARTESIAN_POINT('',(-1.5E0,0.E0,1.25E-1));
#7885=DIRECTION('',(1.E0,0.E0,0.E0));
#7886=DIRECTION('',(0.E0,0.E0,-1.E0));
#7887=AXIS2_PLACEMENT_3D('',#7884,#7885,#7886);
#7888=PLANE('',#7887);
#7889=ORIENTED_EDGE('',*,*,#7823,.T.);
#7890=ORIENTED_EDGE('',*,*,#7849,.T.);
#7892=ORIENTED_EDGE('',*,*,#7891,.F.);
#7893=ORIENTED_EDGE('',*,*,#7874,.F.);
#7894=EDGE_LOOP('',(#7889,#7890,#7892,#7893));
#7895=FACE_OUTER_BOUND('',#7894,.F.);
#7897=CARTESIAN_POINT('',(0.E0,2.E-1,0.E0));
#7898=DIRECTION('',(0.E0,-1.E0,0.E0));
#7899=DIRECTION('',(-1.E0,0.E0,0.E0));
#7900=AXIS2_PLACEMENT_3D('',#7897,#7898,#7899);
#7901=PLANE('',#7900);
#7902=ORIENTED_EDGE('',*,*,#7847,.T.);
#7903=ORIENTED_EDGE('',*,*,#7862,.T.);
#7904=ORIENTED_EDGE('',*,*,#7876,.T.);
#7905=ORIENTED_EDGE('',*,*,#7891,.T.);
#7906=EDGE_LOOP('',(#7902,#7903,#7904,#7905));
#7907=FACE_OUTER_BOUND('',#7906,.F.);
#7909=CLOSED_SHELL('',(#7785,#7807,#7829,#7853,#7867,#7883,#7896,#7908));
#7910=MANIFOLD_SOLID_BREP('',#7909);
#7911=FILL_AREA_STYLE_COLOUR('',#18);
#7912=FILL_AREA_STYLE('',(#7911));
#7913=SURFACE_STYLE_FILL_AREA(#7912);
#7914=SURFACE_SIDE_STYLE('',(#7913));
#7915=SURFACE_STYLE_USAGE(.POSITIVE.,#7914);
#7916=PRESENTATION_STYLE_ASSIGNMENT((#7915));
#7617=STYLED_ITEM('',(#7916),#7910);
#7918=DIRECTION('',(0.E0,0.E0,-1.E0));
#7919=VECTOR('',#7918,2.5E-1);
#7920=CARTESIAN_POINT('',(-1.45E0,0.E0,6.25E-1));
#7921=LINE('',#7920,#7919);
#7922=CURVE_STYLE('',#33,POSITIVE_LENGTH_MEASURE(2.E-2),#18);
#7923=PRESENTATION_STYLE_ASSIGNMENT((#7922));
#7924=STYLED_ITEM('',(#7923),#7921);
#7925=DIRECTION('',(-1.E0,0.E0,0.E0));
#7926=VECTOR('',#7925,2.25E-1);
#7927=CARTESIAN_POINT('',(-1.225E0,0.E0,6.25E-1));
#7928=LINE('',#7927,#7926);
#7929=CURVE_STYLE('',#33,POSITIVE_LENGTH_MEASURE(2.E-2),#18);
#7930=PRESENTATION_STYLE_ASSIGNMENT((#7929));
#7931=STYLED_ITEM('',(#7930),#7928);
#7932=CARTESIAN_POINT('',(-1.225E0,0.E0,5.E-1));
#7933=DIRECTION('',(0.E0,-1.E0,0.E0));
#7934=DIRECTION('',(0.E0,0.E0,-1.E0));
#7935=AXIS2_PLACEMENT_3D('',#7932,#7933,#7934);
#7937=CURVE_STYLE('',#33,POSITIVE_LENGTH_MEASURE(2.E-2),#18);
#7938=PRESENTATION_STYLE_ASSIGNMENT((#7937));
#7939=STYLED_ITEM('',(#7938),#7936);
#7940=DIRECTION('',(1.E0,0.E0,0.E0));
#7941=VECTOR('',#7940,2.25E-1);
#7942=CARTESIAN_POINT('',(-1.45E0,0.E0,3.75E-1));
#7943=LINE('',#7942,#7941);
#7944=CURVE_STYLE('',#33,POSITIVE_LENGTH_MEASURE(2.E-2),#18);
#7945=PRESENTATION_STYLE_ASSIGNMENT((#7944));
#7946=STYLED_ITEM('',(#7945),#7943);
#7947=DIRECTION('',(0.E0,0.E0,1.E0));
#7948=VECTOR('',#7947,2.5E-1);
#7949=CARTESIAN_POINT('',(-1.45E0,1.E-1,3.75E-1));
#7950=LINE('',#7949,#7948);
#7951=CURVE_STYLE('',#33,POSITIVE_LENGTH_MEASURE(2.E-2),#18);
#7952=PRESENTATION_STYLE_ASSIGNMENT((#7951));
#7953=STYLED_ITEM('',(#7952),#7950);
#7954=DIRECTION('',(1.E0,0.E0,0.E0));
#7955=VECTOR('',#7954,5.E-2);
#7956=CARTESIAN_POINT('',(-1.5E0,1.E-1,3.75E-1));
#7957=LINE('',#7956,#7955);
#7958=CURVE_STYLE('',#33,POSITIVE_LENGTH_MEASURE(2.E-2),#18);
#7959=PRESENTATION_STYLE_ASSIGNMENT((#7958));
#7960=STYLED_ITEM('',(#7959),#7957);
#7961=DIRECTION('',(0.E0,1.E0,0.E0));
#7962=VECTOR('',#7961,1.E-1);
#7963=CARTESIAN_POINT('',(-1.45E0,0.E0,3.75E-1));
#7964=LINE('',#7963,#7962);
#7965=CURVE_STYLE('',#33,POSITIVE_LENGTH_MEASURE(2.E-2),#18);
#7966=PRESENTATION_STYLE_ASSIGNMENT((#7965));
#7967=STYLED_ITEM('',(#7966),#7964);
#7968=DIRECTION('',(0.E0,1.E0,0.E0));
#7969=VECTOR('',#7968,1.E-1);
#7970=CARTESIAN_POINT('',(-1.5E0,1.E-1,3.75E-1));
#7971=LINE('',#7970,#7969);
#7972=CURVE_STYLE('',#33,POSITIVE_LENGTH_MEASURE(2.E-2),#18);
#7973=PRESENTATION_STYLE_ASSIGNMENT((#7972));
#7974=STYLED_ITEM('',(#7973),#7971);
#7975=DIRECTION('',(0.E0,1.E0,0.E0));
#7976=VECTOR('',#7975,2.E-1);
#7977=CARTESIAN_POINT('',(-1.225E0,0.E0,3.75E-1));
#7978=LINE('',#7977,#7976);
#7979=CURVE_STYLE('',#33,POSITIVE_LENGTH_MEASURE(2.E-2),#18);
#7980=PRESENTATION_STYLE_ASSIGNMENT((#7979));
#7981=STYLED_ITEM('',(#7980),#7978);
#7982=DIRECTION('',(1.E0,0.E0,0.E0));
#7983=VECTOR('',#7982,5.E-2);
#7984=CARTESIAN_POINT('',(-1.5E0,1.E-1,6.25E-1));
#7985=LINE('',#7984,#7983);
#7986=CURVE_STYLE('',#33,POSITIVE_LENGTH_MEASURE(2.E-2),#18);
#7987=PRESENTATION_STYLE_ASSIGNMENT((#7986));
#7988=STYLED_ITEM('',(#7987),#7985);
#7989=DIRECTION('',(0.E0,1.E0,0.E0));
#7990=VECTOR('',#7989,2.E-1);
#7991=CARTESIAN_POINT('',(-1.225E0,0.E0,6.25E-1));
#7992=LINE('',#7991,#7990);
#7993=CURVE_STYLE('',#33,POSITIVE_LENGTH_MEASURE(2.E-2),#18);
#7994=PRESENTATION_STYLE_ASSIGNMENT((#7993));
#7995=STYLED_ITEM('',(#7994),#7992);
#7996=DIRECTION('',(0.E0,1.E0,0.E0));
#7997=VECTOR('',#7996,1.E-1);
#7998=CARTESIAN_POINT('',(-1.45E0,0.E0,6.25E-1));
#7999=LINE('',#7998,#7997);
#8000=CURVE_STYLE('',#33,POSITIVE_LENGTH_MEASURE(2.E-2),#18);
#8001=PRESENTATION_STYLE_ASSIGNMENT((#8000));
#8002=STYLED_ITEM('',(#8001),#7999);
#8003=DIRECTION('',(0.E0,0.E0,-1.E0));
#8004=VECTOR('',#8003,2.5E-1);
#8005=CARTESIAN_POINT('',(-1.5E0,1.E-1,6.25E-1));
#8006=LINE('',#8005,#8004);
#8007=CURVE_STYLE('',#33,POSITIVE_LENGTH_MEASURE(2.E-2),#18);
#8008=PRESENTATION_STYLE_ASSIGNMENT((#8007));
#8009=STYLED_ITEM('',(#8008),#8006);
#8010=DIRECTION('',(0.E0,1.E0,0.E0));
#8011=VECTOR('',#8010,1.E-1);
#8012=CARTESIAN_POINT('',(-1.5E0,1.E-1,6.25E-1));
#8013=LINE('',#8012,#8011);
#8014=CURVE_STYLE('',#33,POSITIVE_LENGTH_MEASURE(2.E-2),#18);
#8015=PRESENTATION_STYLE_ASSIGNMENT((#8014));
#8016=STYLED_ITEM('',(#8015),#8013);
#8017=DIRECTION('',(1.E0,0.E0,0.E0));
#8018=VECTOR('',#8017,2.75E-1);
#8019=CARTESIAN_POINT('',(-1.5E0,2.E-1,3.75E-1));
#8020=LINE('',#8019,#8018);
#8021=CURVE_STYLE('',#33,POSITIVE_LENGTH_MEASURE(2.E-2),#18);
#8022=PRESENTATION_STYLE_ASSIGNMENT((#8021));
#8023=STYLED_ITEM('',(#8022),#8020);
#8024=CARTESIAN_POINT('',(-1.225E0,2.E-1,5.E-1));
#8025=DIRECTION('',(0.E0,-1.E0,0.E0));
#8026=DIRECTION('',(0.E0,0.E0,-1.E0));
#8027=AXIS2_PLACEMENT_3D('',#8024,#8025,#8026);
#8029=CURVE_STYLE('',#33,POSITIVE_LENGTH_MEASURE(2.E-2),#18);
#8030=PRESENTATION_STYLE_ASSIGNMENT((#8029));
#8031=STYLED_ITEM('',(#8030),#8028);
#8032=DIRECTION('',(-1.E0,0.E0,0.E0));
#8033=VECTOR('',#8032,2.75E-1);
#8034=CARTESIAN_POINT('',(-1.225E0,2.E-1,6.25E-1));
#8035=LINE('',#8034,#8033);
#8036=CURVE_STYLE('',#33,POSITIVE_LENGTH_MEASURE(2.E-2),#18);
#8037=PRESENTATION_STYLE_ASSIGNMENT((#8036));
#8038=STYLED_ITEM('',(#8037),#8035);
#8039=DIRECTION('',(0.E0,0.E0,-1.E0));
#8040=VECTOR('',#8039,2.5E-1);
#8041=CARTESIAN_POINT('',(-1.5E0,2.E-1,6.25E-1));
#8042=LINE('',#8041,#8040);
#8043=CURVE_STYLE('',#33,POSITIVE_LENGTH_MEASURE(2.E-2),#18);
#8044=PRESENTATION_STYLE_ASSIGNMENT((#8043));
#8045=STYLED_ITEM('',(#8044),#8042);
#8046=CARTESIAN_POINT('',(-1.225E0,0.E0,3.75E-1));
#8047=CARTESIAN_POINT('',(-1.225E0,0.E0,6.25E-1));
#8048=VERTEX_POINT('',#8046);
#8049=VERTEX_POINT('',#8047);
#8050=CARTESIAN_POINT('',(-1.5E0,2.E-1,3.75E-1));
#8051=CARTESIAN_POINT('',(-1.225E0,2.E-1,3.75E-1));
#8052=VERTEX_POINT('',#8050);
#8053=VERTEX_POINT('',#8051);
#8054=CARTESIAN_POINT('',(-1.225E0,2.E-1,6.25E-1));
#8055=VERTEX_POINT('',#8054);
#8056=CARTESIAN_POINT('',(-1.5E0,2.E-1,6.25E-1));
#8057=VERTEX_POINT('',#8056);
#8058=CARTESIAN_POINT('',(-1.45E0,1.E-1,3.75E-1));
#8059=CARTESIAN_POINT('',(-1.45E0,1.E-1,6.25E-1));
#8060=VERTEX_POINT('',#8058);
#8061=VERTEX_POINT('',#8059);
#8062=CARTESIAN_POINT('',(-1.45E0,0.E0,6.25E-1));
#8063=CARTESIAN_POINT('',(-1.45E0,0.E0,3.75E-1));
#8064=VERTEX_POINT('',#8062);
#8065=VERTEX_POINT('',#8063);
#8066=CARTESIAN_POINT('',(-1.5E0,1.E-1,3.75E-1));
#8067=VERTEX_POINT('',#8066);
#8068=CARTESIAN_POINT('',(-1.5E0,1.E-1,6.25E-1));
#8069=VERTEX_POINT('',#8068);
#8070=CARTESIAN_POINT('',(0.E0,0.E0,0.E0));
#8071=DIRECTION('',(0.E0,-1.E0,0.E0));
#8072=DIRECTION('',(-1.E0,0.E0,0.E0));
#8073=AXIS2_PLACEMENT_3D('',#8070,#8071,#8072);
#8074=PLANE('',#8073);
#8076=ORIENTED_EDGE('',*,*,#8075,.F.);
#8078=ORIENTED_EDGE('',*,*,#8077,.F.);
#8080=ORIENTED_EDGE('',*,*,#8079,.F.);
#8082=ORIENTED_EDGE('',*,*,#8081,.F.);
#8083=EDGE_LOOP('',(#8076,#8078,#8080,#8082));
#8084=FACE_OUTER_BOUND('',#8083,.F.);
#8086=FILL_AREA_STYLE_COLOUR('',#4393);
#8087=FILL_AREA_STYLE('',(#8086));
#8088=SURFACE_STYLE_FILL_AREA(#8087);
#8089=SURFACE_SIDE_STYLE('',(#8088));
#8090=SURFACE_STYLE_USAGE(.POSITIVE.,#8089);
#8091=PRESENTATION_STYLE_ASSIGNMENT((#8090));
#8092=OVER_RIDING_STYLED_ITEM('',(#8091),#8085,#7917);
#8093=CARTESIAN_POINT('',(-1.45E0,1.E-1,-1.8E0));
#8094=DIRECTION('',(-1.E0,0.E0,0.E0));
#8095=DIRECTION('',(0.E0,-1.E0,0.E0));
#8096=AXIS2_PLACEMENT_3D('',#8093,#8094,#8095);
#8097=PLANE('',#8096);
#8099=ORIENTED_EDGE('',*,*,#8098,.T.);
#8101=ORIENTED_EDGE('',*,*,#8100,.F.);
#8102=ORIENTED_EDGE('',*,*,#8075,.T.);
#8104=ORIENTED_EDGE('',*,*,#8103,.T.);
#8105=EDGE_LOOP('',(#8099,#8101,#8102,#8104));
#8106=FACE_OUTER_BOUND('',#8105,.F.);
#8108=FILL_AREA_STYLE_COLOUR('',#26);
#8109=FILL_AREA_STYLE('',(#8108));
#8110=SURFACE_STYLE_FILL_AREA(#8109);
#8111=SURFACE_SIDE_STYLE('',(#8110));
#8112=SURFACE_STYLE_USAGE(.POSITIVE.,#8111);
#8113=PRESENTATION_STYLE_ASSIGNMENT((#8112));
#8114=OVER_RIDING_STYLED_ITEM('',(#8113),#8107,#7917);
#8115=CARTESIAN_POINT('',(-1.5E0,1.E-1,-1.8E0));
#8116=DIRECTION('',(0.E0,-1.E0,0.E0));
#8117=DIRECTION('',(1.E0,0.E0,0.E0));
#8118=AXIS2_PLACEMENT_3D('',#8115,#8116,#8117);
#8119=PLANE('',#8118);
#8120=ORIENTED_EDGE('',*,*,#8098,.F.);
#8122=ORIENTED_EDGE('',*,*,#8121,.F.);
#8124=ORIENTED_EDGE('',*,*,#8123,.F.);
#8126=ORIENTED_EDGE('',*,*,#8125,.T.);
#8127=EDGE_LOOP('',(#8120,#8122,#8124,#8126));
#8128=FACE_OUTER_BOUND('',#8127,.F.);
#8130=FILL_AREA_STYLE_COLOUR('',#4393);
#8131=FILL_AREA_STYLE('',(#8130));
#8132=SURFACE_STYLE_FILL_AREA(#8131);
#8133=SURFACE_SIDE_STYLE('',(#8132));
#8134=SURFACE_STYLE_USAGE(.POSITIVE.,#8133);
#8135=PRESENTATION_STYLE_ASSIGNMENT((#8134));
#8136=OVER_RIDING_STYLED_ITEM('',(#8135),#8129,#7917);
#8137=CARTESIAN_POINT('',(-1.5E0,0.E0,3.75E-1));
#8138=DIRECTION('',(0.E0,0.E0,1.E0));
#8139=DIRECTION('',(1.E0,0.E0,0.E0));
#8140=AXIS2_PLACEMENT_3D('',#8137,#8138,#8139);
#8141=PLANE('',#8140);
#8142=ORIENTED_EDGE('',*,*,#8121,.T.);
#8143=ORIENTED_EDGE('',*,*,#8103,.F.);
#8144=ORIENTED_EDGE('',*,*,#8081,.T.);
#8146=ORIENTED_EDGE('',*,*,#8145,.T.);
#8148=ORIENTED_EDGE('',*,*,#8147,.F.);
#8150=ORIENTED_EDGE('',*,*,#8149,.F.);
#8151=EDGE_LOOP('',(#8142,#8143,#8144,#8146,#8148,#8150));
#8152=FACE_OUTER_BOUND('',#8151,.F.);
#8154=CARTESIAN_POINT('',(-1.225E0,0.E0,5.E-1));
#8155=DIRECTION('',(0.E0,-1.E0,0.E0));
#8156=DIRECTION('',(-1.E0,0.E0,0.E0));
#8157=AXIS2_PLACEMENT_3D('',#8154,#8155,#8156);
#8158=CYLINDRICAL_SURFACE('',#8157,1.25E-1);
#8159=ORIENTED_EDGE('',*,*,#8079,.T.);
#8161=ORIENTED_EDGE('',*,*,#8160,.T.);
#8163=ORIENTED_EDGE('',*,*,#8162,.F.);
#8164=ORIENTED_EDGE('',*,*,#8145,.F.);
#8165=EDGE_LOOP('',(#8159,#8161,#8163,#8164));
#8166=FACE_OUTER_BOUND('',#8165,.F.);
#8168=CARTESIAN_POINT('',(-1.225E0,0.E0,6.25E-1));
#8169=DIRECTION('',(0.E0,0.E0,-1.E0));
#8170=DIRECTION('',(-1.E0,0.E0,0.E0));
#8171=AXIS2_PLACEMENT_3D('',#8168,#8169,#8170);
#8172=PLANE('',#8171);
#8173=ORIENTED_EDGE('',*,*,#8125,.F.);
#8175=ORIENTED_EDGE('',*,*,#8174,.T.);
#8177=ORIENTED_EDGE('',*,*,#8176,.F.);
#8178=ORIENTED_EDGE('',*,*,#8160,.F.);
#8179=ORIENTED_EDGE('',*,*,#8077,.T.);
#8180=ORIENTED_EDGE('',*,*,#8100,.T.);
#8181=EDGE_LOOP('',(#8173,#8175,#8177,#8178,#8179,#8180));
#8182=FACE_OUTER_BOUND('',#8181,.F.);
#8184=CARTESIAN_POINT('',(-1.5E0,0.E0,6.25E-1));
#8185=DIRECTION('',(1.E0,0.E0,0.E0));
#8186=DIRECTION('',(0.E0,0.E0,-1.E0));
#8187=AXIS2_PLACEMENT_3D('',#8184,#8185,#8186);
#8188=PLANE('',#8187);
#8189=ORIENTED_EDGE('',*,*,#8123,.T.);
#8190=ORIENTED_EDGE('',*,*,#8149,.T.);
#8192=ORIENTED_EDGE('',*,*,#8191,.F.);
#8193=ORIENTED_EDGE('',*,*,#8174,.F.);
#8194=EDGE_LOOP('',(#8189,#8190,#8192,#8193));
#8195=FACE_OUTER_BOUND('',#8194,.F.);
#8197=CARTESIAN_POINT('',(0.E0,2.E-1,0.E0));
#8198=DIRECTION('',(0.E0,-1.E0,0.E0));
#8199=DIRECTION('',(-1.E0,0.E0,0.E0));
#8200=AXIS2_PLACEMENT_3D('',#8197,#8198,#8199);
#8201=PLANE('',#8200);
#8202=ORIENTED_EDGE('',*,*,#8147,.T.);
#8203=ORIENTED_EDGE('',*,*,#8162,.T.);
#8204=ORIENTED_EDGE('',*,*,#8176,.T.);
#8205=ORIENTED_EDGE('',*,*,#8191,.T.);
#8206=EDGE_LOOP('',(#8202,#8203,#8204,#8205));
#8207=FACE_OUTER_BOUND('',#8206,.F.);
#8209=CLOSED_SHELL('',(#8085,#8107,#8129,#8153,#8167,#8183,#8196,#8208));
#8210=MANIFOLD_SOLID_BREP('',#8209);
#8211=FILL_AREA_STYLE_COLOUR('',#18);
#8212=FILL_AREA_STYLE('',(#8211));
#8213=SURFACE_STYLE_FILL_AREA(#8212);
#8214=SURFACE_SIDE_STYLE('',(#8213));
#8215=SURFACE_STYLE_USAGE(.POSITIVE.,#8214);
#8216=PRESENTATION_STYLE_ASSIGNMENT((#8215));
#7917=STYLED_ITEM('',(#8216),#8210);
#8218=DIRECTION('',(0.E0,0.E0,-1.E0));
#8219=VECTOR('',#8218,2.5E-1);
#8220=CARTESIAN_POINT('',(1.45E0,0.E0,1.125E0));
#8221=LINE('',#8220,#8219);
#8222=CURVE_STYLE('',#33,POSITIVE_LENGTH_MEASURE(2.E-2),#18);
#8223=PRESENTATION_STYLE_ASSIGNMENT((#8222));
#8224=STYLED_ITEM('',(#8223),#8221);
#8225=DIRECTION('',(-1.E0,0.E0,0.E0));
#8226=VECTOR('',#8225,2.25E-1);
#8227=CARTESIAN_POINT('',(1.45E0,0.E0,8.75E-1));
#8228=LINE('',#8227,#8226);
#8229=CURVE_STYLE('',#33,POSITIVE_LENGTH_MEASURE(2.E-2),#18);
#8230=PRESENTATION_STYLE_ASSIGNMENT((#8229));
#8231=STYLED_ITEM('',(#8230),#8228);
#8232=CARTESIAN_POINT('',(1.225E0,0.E0,1.E0));
#8233=DIRECTION('',(0.E0,1.E0,0.E0));
#8234=DIRECTION('',(0.E0,0.E0,-1.E0));
#8235=AXIS2_PLACEMENT_3D('',#8232,#8233,#8234);
#8237=CURVE_STYLE('',#33,POSITIVE_LENGTH_MEASURE(2.E-2),#18);
#8238=PRESENTATION_STYLE_ASSIGNMENT((#8237));
#8239=STYLED_ITEM('',(#8238),#8236);
#8240=DIRECTION('',(1.E0,0.E0,0.E0));
#8241=VECTOR('',#8240,2.25E-1);
#8242=CARTESIAN_POINT('',(1.225E0,0.E0,1.125E0));
#8243=LINE('',#8242,#8241);
#8244=CURVE_STYLE('',#33,POSITIVE_LENGTH_MEASURE(2.E-2),#18);
#8245=PRESENTATION_STYLE_ASSIGNMENT((#8244));
#8246=STYLED_ITEM('',(#8245),#8243);
#8247=DIRECTION('',(0.E0,0.E0,1.E0));
#8248=VECTOR('',#8247,2.5E-1);
#8249=CARTESIAN_POINT('',(1.45E0,1.E-1,8.75E-1));
#8250=LINE('',#8249,#8248);
#8251=CURVE_STYLE('',#33,POSITIVE_LENGTH_MEASURE(2.E-2),#18);
#8252=PRESENTATION_STYLE_ASSIGNMENT((#8251));
#8253=STYLED_ITEM('',(#8252),#8250);
#8254=DIRECTION('',(-1.E0,0.E0,0.E0));
#8255=VECTOR('',#8254,5.E-2);
#8256=CARTESIAN_POINT('',(1.5E0,1.E-1,1.125E0));
#8257=LINE('',#8256,#8255);
#8258=CURVE_STYLE('',#33,POSITIVE_LENGTH_MEASURE(2.E-2),#18);
#8259=PRESENTATION_STYLE_ASSIGNMENT((#8258));
#8260=STYLED_ITEM('',(#8259),#8257);
#8261=DIRECTION('',(0.E0,1.E0,0.E0));
#8262=VECTOR('',#8261,1.E-1);
#8263=CARTESIAN_POINT('',(1.45E0,0.E0,1.125E0));
#8264=LINE('',#8263,#8262);
#8265=CURVE_STYLE('',#33,POSITIVE_LENGTH_MEASURE(2.E-2),#18);
#8266=PRESENTATION_STYLE_ASSIGNMENT((#8265));
#8267=STYLED_ITEM('',(#8266),#8264);
#8268=DIRECTION('',(0.E0,1.E0,0.E0));
#8269=VECTOR('',#8268,2.E-1);
#8270=CARTESIAN_POINT('',(1.225E0,0.E0,1.125E0));
#8271=LINE('',#8270,#8269);
#8272=CURVE_STYLE('',#33,POSITIVE_LENGTH_MEASURE(2.E-2),#18);
#8273=PRESENTATION_STYLE_ASSIGNMENT((#8272));
#8274=STYLED_ITEM('',(#8273),#8271);
#8275=DIRECTION('',(-1.E0,0.E0,0.E0));
#8276=VECTOR('',#8275,5.E-2);
#8277=CARTESIAN_POINT('',(1.5E0,1.E-1,8.75E-1));
#8278=LINE('',#8277,#8276);
#8279=CURVE_STYLE('',#33,POSITIVE_LENGTH_MEASURE(2.E-2),#18);
#8280=PRESENTATION_STYLE_ASSIGNMENT((#8279));
#8281=STYLED_ITEM('',(#8280),#8278);
#8282=DIRECTION('',(0.E0,1.E0,0.E0));
#8283=VECTOR('',#8282,1.E-1);
#8284=CARTESIAN_POINT('',(1.5E0,1.E-1,8.75E-1));
#8285=LINE('',#8284,#8283);
#8286=CURVE_STYLE('',#33,POSITIVE_LENGTH_MEASURE(2.E-2),#18);
#8287=PRESENTATION_STYLE_ASSIGNMENT((#8286));
#8288=STYLED_ITEM('',(#8287),#8285);
#8289=DIRECTION('',(0.E0,1.E0,0.E0));
#8290=VECTOR('',#8289,1.E-1);
#8291=CARTESIAN_POINT('',(1.45E0,0.E0,8.75E-1));
#8292=LINE('',#8291,#8290);
#8293=CURVE_STYLE('',#33,POSITIVE_LENGTH_MEASURE(2.E-2),#18);
#8294=PRESENTATION_STYLE_ASSIGNMENT((#8293));
#8295=STYLED_ITEM('',(#8294),#8292);
#8296=DIRECTION('',(0.E0,0.E0,-1.E0));
#8297=VECTOR('',#8296,2.5E-1);
#8298=CARTESIAN_POINT('',(1.5E0,1.E-1,1.125E0));
#8299=LINE('',#8298,#8297);
#8300=CURVE_STYLE('',#33,POSITIVE_LENGTH_MEASURE(2.E-2),#18);
#8301=PRESENTATION_STYLE_ASSIGNMENT((#8300));
#8302=STYLED_ITEM('',(#8301),#8299);
#8303=DIRECTION('',(0.E0,1.E0,0.E0));
#8304=VECTOR('',#8303,1.E-1);
#8305=CARTESIAN_POINT('',(1.5E0,1.E-1,1.125E0));
#8306=LINE('',#8305,#8304);
#8307=CURVE_STYLE('',#33,POSITIVE_LENGTH_MEASURE(2.E-2),#18);
#8308=PRESENTATION_STYLE_ASSIGNMENT((#8307));
#8309=STYLED_ITEM('',(#8308),#8306);
#8310=DIRECTION('',(-1.E0,0.E0,0.E0));
#8311=VECTOR('',#8310,2.75E-1);
#8312=CARTESIAN_POINT('',(1.5E0,2.E-1,8.75E-1));
#8313=LINE('',#8312,#8311);
#8314=CURVE_STYLE('',#33,POSITIVE_LENGTH_MEASURE(2.E-2),#18);
#8315=PRESENTATION_STYLE_ASSIGNMENT((#8314));
#8316=STYLED_ITEM('',(#8315),#8313);
#8317=DIRECTION('',(0.E0,0.E0,-1.E0));
#8318=VECTOR('',#8317,2.5E-1);
#8319=CARTESIAN_POINT('',(1.5E0,2.E-1,1.125E0));
#8320=LINE('',#8319,#8318);
#8321=CURVE_STYLE('',#33,POSITIVE_LENGTH_MEASURE(2.E-2),#18);
#8322=PRESENTATION_STYLE_ASSIGNMENT((#8321));
#8323=STYLED_ITEM('',(#8322),#8320);
#8324=DIRECTION('',(1.E0,0.E0,0.E0));
#8325=VECTOR('',#8324,2.75E-1);
#8326=CARTESIAN_POINT('',(1.225E0,2.E-1,1.125E0));
#8327=LINE('',#8326,#8325);
#8328=CURVE_STYLE('',#33,POSITIVE_LENGTH_MEASURE(2.E-2),#18);
#8329=PRESENTATION_STYLE_ASSIGNMENT((#8328));
#8330=STYLED_ITEM('',(#8329),#8327);
#8331=CARTESIAN_POINT('',(1.225E0,2.E-1,1.E0));
#8332=DIRECTION('',(0.E0,1.E0,0.E0));
#8333=DIRECTION('',(0.E0,0.E0,-1.E0));
#8334=AXIS2_PLACEMENT_3D('',#8331,#8332,#8333);
#8336=CURVE_STYLE('',#33,POSITIVE_LENGTH_MEASURE(2.E-2),#18);
#8337=PRESENTATION_STYLE_ASSIGNMENT((#8336));
#8338=STYLED_ITEM('',(#8337),#8335);
#8339=DIRECTION('',(0.E0,1.E0,0.E0));
#8340=VECTOR('',#8339,2.E-1);
#8341=CARTESIAN_POINT('',(1.225E0,0.E0,8.75E-1));
#8342=LINE('',#8341,#8340);
#8343=CURVE_STYLE('',#33,POSITIVE_LENGTH_MEASURE(2.E-2),#18);
#8344=PRESENTATION_STYLE_ASSIGNMENT((#8343));
#8345=STYLED_ITEM('',(#8344),#8342);
#8346=CARTESIAN_POINT('',(1.225E0,0.E0,8.75E-1));
#8347=CARTESIAN_POINT('',(1.225E0,0.E0,1.125E0));
#8348=VERTEX_POINT('',#8346);
#8349=VERTEX_POINT('',#8347);
#8350=CARTESIAN_POINT('',(1.5E0,2.E-1,8.75E-1));
#8351=CARTESIAN_POINT('',(1.225E0,2.E-1,8.75E-1));
#8352=VERTEX_POINT('',#8350);
#8353=VERTEX_POINT('',#8351);
#8354=CARTESIAN_POINT('',(1.225E0,2.E-1,1.125E0));
#8355=VERTEX_POINT('',#8354);
#8356=CARTESIAN_POINT('',(1.5E0,2.E-1,1.125E0));
#8357=VERTEX_POINT('',#8356);
#8358=CARTESIAN_POINT('',(1.45E0,0.E0,1.125E0));
#8359=CARTESIAN_POINT('',(1.45E0,0.E0,8.75E-1));
#8360=VERTEX_POINT('',#8358);
#8361=VERTEX_POINT('',#8359);
#8362=CARTESIAN_POINT('',(1.5E0,1.E-1,8.75E-1));
#8363=CARTESIAN_POINT('',(1.45E0,1.E-1,8.75E-1));
#8364=VERTEX_POINT('',#8362);
#8365=VERTEX_POINT('',#8363);
#8366=CARTESIAN_POINT('',(1.5E0,1.E-1,1.125E0));
#8367=CARTESIAN_POINT('',(1.45E0,1.E-1,1.125E0));
#8368=VERTEX_POINT('',#8366);
#8369=VERTEX_POINT('',#8367);
#8370=CARTESIAN_POINT('',(0.E0,0.E0,0.E0));
#8371=DIRECTION('',(0.E0,1.E0,0.E0));
#8372=DIRECTION('',(1.E0,0.E0,0.E0));
#8373=AXIS2_PLACEMENT_3D('',#8370,#8371,#8372);
#8374=PLANE('',#8373);
#8376=ORIENTED_EDGE('',*,*,#8375,.T.);
#8378=ORIENTED_EDGE('',*,*,#8377,.T.);
#8380=ORIENTED_EDGE('',*,*,#8379,.T.);
#8382=ORIENTED_EDGE('',*,*,#8381,.T.);
#8383=EDGE_LOOP('',(#8376,#8378,#8380,#8382));
#8384=FACE_OUTER_BOUND('',#8383,.F.);
#8386=FILL_AREA_STYLE_COLOUR('',#4393);
#8387=FILL_AREA_STYLE('',(#8386));
#8388=SURFACE_STYLE_FILL_AREA(#8387);
#8389=SURFACE_SIDE_STYLE('',(#8388));
#8390=SURFACE_STYLE_USAGE(.POSITIVE.,#8389);
#8391=PRESENTATION_STYLE_ASSIGNMENT((#8390));
#8392=OVER_RIDING_STYLED_ITEM('',(#8391),#8385,#8217);
#8393=CARTESIAN_POINT('',(1.45E0,1.E-1,-1.8E0));
#8394=DIRECTION('',(-1.E0,0.E0,0.E0));
#8395=DIRECTION('',(0.E0,-1.E0,0.E0));
#8396=AXIS2_PLACEMENT_3D('',#8393,#8394,#8395);
#8397=PLANE('',#8396);
#8398=ORIENTED_EDGE('',*,*,#8375,.F.);
#8400=ORIENTED_EDGE('',*,*,#8399,.T.);
#8402=ORIENTED_EDGE('',*,*,#8401,.F.);
#8404=ORIENTED_EDGE('',*,*,#8403,.F.);
#8405=EDGE_LOOP('',(#8398,#8400,#8402,#8404));
#8406=FACE_OUTER_BOUND('',#8405,.F.);
#8408=FILL_AREA_STYLE_COLOUR('',#26);
#8409=FILL_AREA_STYLE('',(#8408));
#8410=SURFACE_STYLE_FILL_AREA(#8409);
#8411=SURFACE_SIDE_STYLE('',(#8410));
#8412=SURFACE_STYLE_USAGE(.POSITIVE.,#8411);
#8413=PRESENTATION_STYLE_ASSIGNMENT((#8412));
#8414=OVER_RIDING_STYLED_ITEM('',(#8413),#8407,#8217);
#8415=CARTESIAN_POINT('',(1.225E0,0.E0,1.125E0));
#8416=DIRECTION('',(0.E0,0.E0,1.E0));
#8417=DIRECTION('',(1.E0,0.E0,0.E0));
#8418=AXIS2_PLACEMENT_3D('',#8415,#8416,#8417);
#8419=PLANE('',#8418);
#8421=ORIENTED_EDGE('',*,*,#8420,.T.);
#8422=ORIENTED_EDGE('',*,*,#8399,.F.);
#8423=ORIENTED_EDGE('',*,*,#8381,.F.);
#8425=ORIENTED_EDGE('',*,*,#8424,.T.);
#8427=ORIENTED_EDGE('',*,*,#8426,.T.);
#8429=ORIENTED_EDGE('',*,*,#8428,.F.);
#8430=EDGE_LOOP('',(#8421,#8422,#8423,#8425,#8427,#8429));
#8431=FACE_OUTER_BOUND('',#8430,.F.);
#8433=CARTESIAN_POINT('',(1.5E0,1.E-1,-1.8E0));
#8434=DIRECTION('',(0.E0,1.E0,0.E0));
#8435=DIRECTION('',(-1.E0,0.E0,0.E0));
#8436=AXIS2_PLACEMENT_3D('',#8433,#8434,#8435);
#8437=PLANE('',#8436);
#8439=ORIENTED_EDGE('',*,*,#8438,.T.);
#8440=ORIENTED_EDGE('',*,*,#8401,.T.);
#8441=ORIENTED_EDGE('',*,*,#8420,.F.);
#8443=ORIENTED_EDGE('',*,*,#8442,.T.);
#8444=EDGE_LOOP('',(#8439,#8440,#8441,#8443));
#8445=FACE_OUTER_BOUND('',#8444,.F.);
#8447=FILL_AREA_STYLE_COLOUR('',#4393);
#8448=FILL_AREA_STYLE('',(#8447));
#8449=SURFACE_STYLE_FILL_AREA(#8448);
#8450=SURFACE_SIDE_STYLE('',(#8449));
#8451=SURFACE_STYLE_USAGE(.POSITIVE.,#8450);
#8452=PRESENTATION_STYLE_ASSIGNMENT((#8451));
#8453=OVER_RIDING_STYLED_ITEM('',(#8452),#8446,#8217);
#8454=CARTESIAN_POINT('',(1.5E0,0.E0,8.75E-1));
#8455=DIRECTION('',(0.E0,0.E0,-1.E0));
#8456=DIRECTION('',(-1.E0,0.E0,0.E0));
#8457=AXIS2_PLACEMENT_3D('',#8454,#8455,#8456);
#8458=PLANE('',#8457);
#8459=ORIENTED_EDGE('',*,*,#8438,.F.);
#8461=ORIENTED_EDGE('',*,*,#8460,.T.);
#8463=ORIENTED_EDGE('',*,*,#8462,.T.);
#8465=ORIENTED_EDGE('',*,*,#8464,.F.);
#8466=ORIENTED_EDGE('',*,*,#8377,.F.);
#8467=ORIENTED_EDGE('',*,*,#8403,.T.);
#8468=EDGE_LOOP('',(#8459,#8461,#8463,#8465,#8466,#8467));
#8469=FACE_OUTER_BOUND('',#8468,.F.);
#8471=CARTESIAN_POINT('',(1.5E0,0.E0,1.125E0));
#8472=DIRECTION('',(1.E0,0.E0,0.E0));
#8473=DIRECTION('',(0.E0,0.E0,-1.E0));
#8474=AXIS2_PLACEMENT_3D('',#8471,#8472,#8473);
#8475=PLANE('',#8474);
#8476=ORIENTED_EDGE('',*,*,#8442,.F.);
#8477=ORIENTED_EDGE('',*,*,#8428,.T.);
#8479=ORIENTED_EDGE('',*,*,#8478,.T.);
#8480=ORIENTED_EDGE('',*,*,#8460,.F.);
#8481=EDGE_LOOP('',(#8476,#8477,#8479,#8480));
#8482=FACE_OUTER_BOUND('',#8481,.F.);
#8484=CARTESIAN_POINT('',(0.E0,2.E-1,0.E0));
#8485=DIRECTION('',(0.E0,1.E0,0.E0));
#8486=DIRECTION('',(1.E0,0.E0,0.E0));
#8487=AXIS2_PLACEMENT_3D('',#8484,#8485,#8486);
#8488=PLANE('',#8487);
#8489=ORIENTED_EDGE('',*,*,#8462,.F.);
#8490=ORIENTED_EDGE('',*,*,#8478,.F.);
#8491=ORIENTED_EDGE('',*,*,#8426,.F.);
#8493=ORIENTED_EDGE('',*,*,#8492,.F.);
#8494=EDGE_LOOP('',(#8489,#8490,#8491,#8493));
#8495=FACE_OUTER_BOUND('',#8494,.F.);
#8497=CARTESIAN_POINT('',(1.225E0,0.E0,1.E0));
#8498=DIRECTION('',(0.E0,1.E0,0.E0));
#8499=DIRECTION('',(1.E0,0.E0,0.E0));
#8500=AXIS2_PLACEMENT_3D('',#8497,#8498,#8499);
#8501=CYLINDRICAL_SURFACE('',#8500,1.25E-1);
#8502=ORIENTED_EDGE('',*,*,#8379,.F.);
#8503=ORIENTED_EDGE('',*,*,#8464,.T.);
#8504=ORIENTED_EDGE('',*,*,#8492,.T.);
#8505=ORIENTED_EDGE('',*,*,#8424,.F.);
#8506=EDGE_LOOP('',(#8502,#8503,#8504,#8505));
#8507=FACE_OUTER_BOUND('',#8506,.F.);
#8509=CLOSED_SHELL('',(#8385,#8407,#8432,#8446,#8470,#8483,#8496,#8508));
#8510=MANIFOLD_SOLID_BREP('',#8509);
#8511=FILL_AREA_STYLE_COLOUR('',#18);
#8512=FILL_AREA_STYLE('',(#8511));
#8513=SURFACE_STYLE_FILL_AREA(#8512);
#8514=SURFACE_SIDE_STYLE('',(#8513));
#8515=SURFACE_STYLE_USAGE(.POSITIVE.,#8514);
#8516=PRESENTATION_STYLE_ASSIGNMENT((#8515));
#8217=STYLED_ITEM('',(#8516),#8510);
#8518=DIRECTION('',(0.E0,0.E0,-1.E0));
#8519=VECTOR('',#8518,2.5E-1);
#8520=CARTESIAN_POINT('',(-1.45E0,0.E0,1.125E0));
#8521=LINE('',#8520,#8519);
#8522=CURVE_STYLE('',#33,POSITIVE_LENGTH_MEASURE(2.E-2),#18);
#8523=PRESENTATION_STYLE_ASSIGNMENT((#8522));
#8524=STYLED_ITEM('',(#8523),#8521);
#8525=DIRECTION('',(-1.E0,0.E0,0.E0));
#8526=VECTOR('',#8525,2.25E-1);
#8527=CARTESIAN_POINT('',(-1.225E0,0.E0,1.125E0));
#8528=LINE('',#8527,#8526);
#8529=CURVE_STYLE('',#33,POSITIVE_LENGTH_MEASURE(2.E-2),#18);
#8530=PRESENTATION_STYLE_ASSIGNMENT((#8529));
#8531=STYLED_ITEM('',(#8530),#8528);
#8532=CARTESIAN_POINT('',(-1.225E0,0.E0,1.E0));
#8533=DIRECTION('',(0.E0,-1.E0,0.E0));
#8534=DIRECTION('',(0.E0,0.E0,-1.E0));
#8535=AXIS2_PLACEMENT_3D('',#8532,#8533,#8534);
#8537=CURVE_STYLE('',#33,POSITIVE_LENGTH_MEASURE(2.E-2),#18);
#8538=PRESENTATION_STYLE_ASSIGNMENT((#8537));
#8539=STYLED_ITEM('',(#8538),#8536);
#8540=DIRECTION('',(1.E0,0.E0,0.E0));
#8541=VECTOR('',#8540,2.25E-1);
#8542=CARTESIAN_POINT('',(-1.45E0,0.E0,8.75E-1));
#8543=LINE('',#8542,#8541);
#8544=CURVE_STYLE('',#33,POSITIVE_LENGTH_MEASURE(2.E-2),#18);
#8545=PRESENTATION_STYLE_ASSIGNMENT((#8544));
#8546=STYLED_ITEM('',(#8545),#8543);
#8547=DIRECTION('',(0.E0,0.E0,1.E0));
#8548=VECTOR('',#8547,2.5E-1);
#8549=CARTESIAN_POINT('',(-1.45E0,1.E-1,8.75E-1));
#8550=LINE('',#8549,#8548);
#8551=CURVE_STYLE('',#33,POSITIVE_LENGTH_MEASURE(2.E-2),#18);
#8552=PRESENTATION_STYLE_ASSIGNMENT((#8551));
#8553=STYLED_ITEM('',(#8552),#8550);
#8554=DIRECTION('',(1.E0,0.E0,0.E0));
#8555=VECTOR('',#8554,5.E-2);
#8556=CARTESIAN_POINT('',(-1.5E0,1.E-1,8.75E-1));
#8557=LINE('',#8556,#8555);
#8558=CURVE_STYLE('',#33,POSITIVE_LENGTH_MEASURE(2.E-2),#18);
#8559=PRESENTATION_STYLE_ASSIGNMENT((#8558));
#8560=STYLED_ITEM('',(#8559),#8557);
#8561=DIRECTION('',(0.E0,1.E0,0.E0));
#8562=VECTOR('',#8561,1.E-1);
#8563=CARTESIAN_POINT('',(-1.45E0,0.E0,8.75E-1));
#8564=LINE('',#8563,#8562);
#8565=CURVE_STYLE('',#33,POSITIVE_LENGTH_MEASURE(2.E-2),#18);
#8566=PRESENTATION_STYLE_ASSIGNMENT((#8565));
#8567=STYLED_ITEM('',(#8566),#8564);
#8568=DIRECTION('',(0.E0,1.E0,0.E0));
#8569=VECTOR('',#8568,1.E-1);
#8570=CARTESIAN_POINT('',(-1.5E0,1.E-1,8.75E-1));
#8571=LINE('',#8570,#8569);
#8572=CURVE_STYLE('',#33,POSITIVE_LENGTH_MEASURE(2.E-2),#18);
#8573=PRESENTATION_STYLE_ASSIGNMENT((#8572));
#8574=STYLED_ITEM('',(#8573),#8571);
#8575=DIRECTION('',(0.E0,0.E0,-1.E0));
#8576=VECTOR('',#8575,2.5E-1);
#8577=CARTESIAN_POINT('',(-1.5E0,1.E-1,1.125E0));
#8578=LINE('',#8577,#8576);
#8579=CURVE_STYLE('',#33,POSITIVE_LENGTH_MEASURE(2.E-2),#18);
#8580=PRESENTATION_STYLE_ASSIGNMENT((#8579));
#8581=STYLED_ITEM('',(#8580),#8578);
#8582=DIRECTION('',(0.E0,1.E0,0.E0));
#8583=VECTOR('',#8582,1.E-1);
#8584=CARTESIAN_POINT('',(-1.5E0,1.E-1,1.125E0));
#8585=LINE('',#8584,#8583);
#8586=CURVE_STYLE('',#33,POSITIVE_LENGTH_MEASURE(2.E-2),#18);
#8587=PRESENTATION_STYLE_ASSIGNMENT((#8586));
#8588=STYLED_ITEM('',(#8587),#8585);
#8589=DIRECTION('',(1.E0,0.E0,0.E0));
#8590=VECTOR('',#8589,2.75E-1);
#8591=CARTESIAN_POINT('',(-1.5E0,2.E-1,8.75E-1));
#8592=LINE('',#8591,#8590);
#8593=CURVE_STYLE('',#33,POSITIVE_LENGTH_MEASURE(2.E-2),#18);
#8594=PRESENTATION_STYLE_ASSIGNMENT((#8593));
#8595=STYLED_ITEM('',(#8594),#8592);
#8596=CARTESIAN_POINT('',(-1.225E0,2.E-1,1.E0));
#8597=DIRECTION('',(0.E0,-1.E0,0.E0));
#8598=DIRECTION('',(0.E0,0.E0,-1.E0));
#8599=AXIS2_PLACEMENT_3D('',#8596,#8597,#8598);
#8601=CURVE_STYLE('',#33,POSITIVE_LENGTH_MEASURE(2.E-2),#18);
#8602=PRESENTATION_STYLE_ASSIGNMENT((#8601));
#8603=STYLED_ITEM('',(#8602),#8600);
#8604=DIRECTION('',(-1.E0,0.E0,0.E0));
#8605=VECTOR('',#8604,2.75E-1);
#8606=CARTESIAN_POINT('',(-1.225E0,2.E-1,1.125E0));
#8607=LINE('',#8606,#8605);
#8608=CURVE_STYLE('',#33,POSITIVE_LENGTH_MEASURE(2.E-2),#18);
#8609=PRESENTATION_STYLE_ASSIGNMENT((#8608));
#8610=STYLED_ITEM('',(#8609),#8607);
#8611=DIRECTION('',(0.E0,0.E0,-1.E0));
#8612=VECTOR('',#8611,2.5E-1);
#8613=CARTESIAN_POINT('',(-1.5E0,2.E-1,1.125E0));
#8614=LINE('',#8613,#8612);
#8615=CURVE_STYLE('',#33,POSITIVE_LENGTH_MEASURE(2.E-2),#18);
#8616=PRESENTATION_STYLE_ASSIGNMENT((#8615));
#8617=STYLED_ITEM('',(#8616),#8614);
#8618=DIRECTION('',(0.E0,1.E0,0.E0));
#8619=VECTOR('',#8618,2.E-1);
#8620=CARTESIAN_POINT('',(-1.225E0,0.E0,8.75E-1));
#8621=LINE('',#8620,#8619);
#8622=CURVE_STYLE('',#33,POSITIVE_LENGTH_MEASURE(2.E-2),#18);
#8623=PRESENTATION_STYLE_ASSIGNMENT((#8622));
#8624=STYLED_ITEM('',(#8623),#8621);
#8625=DIRECTION('',(1.E0,0.E0,0.E0));
#8626=VECTOR('',#8625,5.E-2);
#8627=CARTESIAN_POINT('',(-1.5E0,1.E-1,1.125E0));
#8628=LINE('',#8627,#8626);
#8629=CURVE_STYLE('',#33,POSITIVE_LENGTH_MEASURE(2.E-2),#18);
#8630=PRESENTATION_STYLE_ASSIGNMENT((#8629));
#8631=STYLED_ITEM('',(#8630),#8628);
#8632=DIRECTION('',(0.E0,1.E0,0.E0));
#8633=VECTOR('',#8632,2.E-1);
#8634=CARTESIAN_POINT('',(-1.225E0,0.E0,1.125E0));
#8635=LINE('',#8634,#8633);
#8636=CURVE_STYLE('',#33,POSITIVE_LENGTH_MEASURE(2.E-2),#18);
#8637=PRESENTATION_STYLE_ASSIGNMENT((#8636));
#8638=STYLED_ITEM('',(#8637),#8635);
#8639=DIRECTION('',(0.E0,1.E0,0.E0));
#8640=VECTOR('',#8639,1.E-1);
#8641=CARTESIAN_POINT('',(-1.45E0,0.E0,1.125E0));
#8642=LINE('',#8641,#8640);
#8643=CURVE_STYLE('',#33,POSITIVE_LENGTH_MEASURE(2.E-2),#18);
#8644=PRESENTATION_STYLE_ASSIGNMENT((#8643));
#8645=STYLED_ITEM('',(#8644),#8642);
#8646=CARTESIAN_POINT('',(-1.225E0,0.E0,8.75E-1));
#8647=CARTESIAN_POINT('',(-1.225E0,0.E0,1.125E0));
#8648=VERTEX_POINT('',#8646);
#8649=VERTEX_POINT('',#8647);
#8650=CARTESIAN_POINT('',(-1.5E0,2.E-1,8.75E-1));
#8651=CARTESIAN_POINT('',(-1.225E0,2.E-1,8.75E-1));
#8652=VERTEX_POINT('',#8650);
#8653=VERTEX_POINT('',#8651);
#8654=CARTESIAN_POINT('',(-1.225E0,2.E-1,1.125E0));
#8655=VERTEX_POINT('',#8654);
#8656=CARTESIAN_POINT('',(-1.5E0,2.E-1,1.125E0));
#8657=VERTEX_POINT('',#8656);
#8658=CARTESIAN_POINT('',(-1.45E0,0.E0,1.125E0));
#8659=CARTESIAN_POINT('',(-1.45E0,0.E0,8.75E-1));
#8660=VERTEX_POINT('',#8658);
#8661=VERTEX_POINT('',#8659);
#8662=CARTESIAN_POINT('',(-1.5E0,1.E-1,8.75E-1));
#8663=CARTESIAN_POINT('',(-1.45E0,1.E-1,8.75E-1));
#8664=VERTEX_POINT('',#8662);
#8665=VERTEX_POINT('',#8663);
#8666=CARTESIAN_POINT('',(-1.5E0,1.E-1,1.125E0));
#8667=CARTESIAN_POINT('',(-1.45E0,1.E-1,1.125E0));
#8668=VERTEX_POINT('',#8666);
#8669=VERTEX_POINT('',#8667);
#8670=CARTESIAN_POINT('',(0.E0,0.E0,0.E0));
#8671=DIRECTION('',(0.E0,-1.E0,0.E0));
#8672=DIRECTION('',(-1.E0,0.E0,0.E0));
#8673=AXIS2_PLACEMENT_3D('',#8670,#8671,#8672);
#8674=PLANE('',#8673);
#8676=ORIENTED_EDGE('',*,*,#8675,.F.);
#8678=ORIENTED_EDGE('',*,*,#8677,.F.);
#8680=ORIENTED_EDGE('',*,*,#8679,.F.);
#8682=ORIENTED_EDGE('',*,*,#8681,.F.);
#8683=EDGE_LOOP('',(#8676,#8678,#8680,#8682));
#8684=FACE_OUTER_BOUND('',#8683,.F.);
#8686=FILL_AREA_STYLE_COLOUR('',#4393);
#8687=FILL_AREA_STYLE('',(#8686));
#8688=SURFACE_STYLE_FILL_AREA(#8687);
#8689=SURFACE_SIDE_STYLE('',(#8688));
#8690=SURFACE_STYLE_USAGE(.POSITIVE.,#8689);
#8691=PRESENTATION_STYLE_ASSIGNMENT((#8690));
#8692=OVER_RIDING_STYLED_ITEM('',(#8691),#8685,#8517);
#8693=CARTESIAN_POINT('',(-1.45E0,1.E-1,-1.8E0));
#8694=DIRECTION('',(-1.E0,0.E0,0.E0));
#8695=DIRECTION('',(0.E0,-1.E0,0.E0));
#8696=AXIS2_PLACEMENT_3D('',#8693,#8694,#8695);
#8697=PLANE('',#8696);
#8698=ORIENTED_EDGE('',*,*,#8675,.T.);
#8700=ORIENTED_EDGE('',*,*,#8699,.T.);
#8702=ORIENTED_EDGE('',*,*,#8701,.T.);
#8704=ORIENTED_EDGE('',*,*,#8703,.F.);
#8705=EDGE_LOOP('',(#8698,#8700,#8702,#8704));
#8706=FACE_OUTER_BOUND('',#8705,.F.);
#8708=FILL_AREA_STYLE_COLOUR('',#26);
#8709=FILL_AREA_STYLE('',(#8708));
#8710=SURFACE_STYLE_FILL_AREA(#8709);
#8711=SURFACE_SIDE_STYLE('',(#8710));
#8712=SURFACE_STYLE_USAGE(.POSITIVE.,#8711);
#8713=PRESENTATION_STYLE_ASSIGNMENT((#8712));
#8714=OVER_RIDING_STYLED_ITEM('',(#8713),#8707,#8517);
#8715=CARTESIAN_POINT('',(-1.5E0,0.E0,8.75E-1));
#8716=DIRECTION('',(0.E0,0.E0,1.E0));
#8717=DIRECTION('',(1.E0,0.E0,0.E0));
#8718=AXIS2_PLACEMENT_3D('',#8715,#8716,#8717);
#8719=PLANE('',#8718);
#8721=ORIENTED_EDGE('',*,*,#8720,.T.);
#8722=ORIENTED_EDGE('',*,*,#8699,.F.);
#8723=ORIENTED_EDGE('',*,*,#8681,.T.);
#8725=ORIENTED_EDGE('',*,*,#8724,.T.);
#8727=ORIENTED_EDGE('',*,*,#8726,.F.);
#8729=ORIENTED_EDGE('',*,*,#8728,.F.);
#8730=EDGE_LOOP('',(#8721,#8722,#8723,#8725,#8727,#8729));
#8731=FACE_OUTER_BOUND('',#8730,.F.);
#8733=CARTESIAN_POINT('',(-1.5E0,1.E-1,-1.8E0));
#8734=DIRECTION('',(0.E0,-1.E0,0.E0));
#8735=DIRECTION('',(1.E0,0.E0,0.E0));
#8736=AXIS2_PLACEMENT_3D('',#8733,#8734,#8735);
#8737=PLANE('',#8736);
#8738=ORIENTED_EDGE('',*,*,#8720,.F.);
#8740=ORIENTED_EDGE('',*,*,#8739,.F.);
#8742=ORIENTED_EDGE('',*,*,#8741,.T.);
#8743=ORIENTED_EDGE('',*,*,#8701,.F.);
#8744=EDGE_LOOP('',(#8738,#8740,#8742,#8743));
#8745=FACE_OUTER_BOUND('',#8744,.F.);
#8747=FILL_AREA_STYLE_COLOUR('',#4393);
#8748=FILL_AREA_STYLE('',(#8747));
#8749=SURFACE_STYLE_FILL_AREA(#8748);
#8750=SURFACE_SIDE_STYLE('',(#8749));
#8751=SURFACE_STYLE_USAGE(.POSITIVE.,#8750);
#8752=PRESENTATION_STYLE_ASSIGNMENT((#8751));
#8753=OVER_RIDING_STYLED_ITEM('',(#8752),#8746,#8517);
#8754=CARTESIAN_POINT('',(-1.5E0,0.E0,1.125E0));
#8755=DIRECTION('',(1.E0,0.E0,0.E0));
#8756=DIRECTION('',(0.E0,0.E0,-1.E0));
#8757=AXIS2_PLACEMENT_3D('',#8754,#8755,#8756);
#8758=PLANE('',#8757);
#8759=ORIENTED_EDGE('',*,*,#8739,.T.);
#8760=ORIENTED_EDGE('',*,*,#8728,.T.);
#8762=ORIENTED_EDGE('',*,*,#8761,.F.);
#8764=ORIENTED_EDGE('',*,*,#8763,.F.);
#8765=EDGE_LOOP('',(#8759,#8760,#8762,#8764));
#8766=FACE_OUTER_BOUND('',#8765,.F.);
#8768=CARTESIAN_POINT('',(0.E0,2.E-1,0.E0));
#8769=DIRECTION('',(0.E0,-1.E0,0.E0));
#8770=DIRECTION('',(-1.E0,0.E0,0.E0));
#8771=AXIS2_PLACEMENT_3D('',#8768,#8769,#8770);
#8772=PLANE('',#8771);
#8773=ORIENTED_EDGE('',*,*,#8726,.T.);
#8775=ORIENTED_EDGE('',*,*,#8774,.T.);
#8777=ORIENTED_EDGE('',*,*,#8776,.T.);
#8778=ORIENTED_EDGE('',*,*,#8761,.T.);
#8779=EDGE_LOOP('',(#8773,#8775,#8777,#8778));
#8780=FACE_OUTER_BOUND('',#8779,.F.);
#8782=CARTESIAN_POINT('',(-1.225E0,0.E0,1.E0));
#8783=DIRECTION('',(0.E0,-1.E0,0.E0));
#8784=DIRECTION('',(-1.E0,0.E0,0.E0));
#8785=AXIS2_PLACEMENT_3D('',#8782,#8783,#8784);
#8786=CYLINDRICAL_SURFACE('',#8785,1.25E-1);
#8787=ORIENTED_EDGE('',*,*,#8679,.T.);
#8789=ORIENTED_EDGE('',*,*,#8788,.T.);
#8790=ORIENTED_EDGE('',*,*,#8774,.F.);
#8791=ORIENTED_EDGE('',*,*,#8724,.F.);
#8792=EDGE_LOOP('',(#8787,#8789,#8790,#8791));
#8793=FACE_OUTER_BOUND('',#8792,.F.);
#8795=CARTESIAN_POINT('',(-1.225E0,0.E0,1.125E0));
#8796=DIRECTION('',(0.E0,0.E0,-1.E0));
#8797=DIRECTION('',(-1.E0,0.E0,0.E0));
#8798=AXIS2_PLACEMENT_3D('',#8795,#8796,#8797);
#8799=PLANE('',#8798);
#8800=ORIENTED_EDGE('',*,*,#8741,.F.);
#8801=ORIENTED_EDGE('',*,*,#8763,.T.);
#8802=ORIENTED_EDGE('',*,*,#8776,.F.);
#8803=ORIENTED_EDGE('',*,*,#8788,.F.);
#8804=ORIENTED_EDGE('',*,*,#8677,.T.);
#8805=ORIENTED_EDGE('',*,*,#8703,.T.);
#8806=EDGE_LOOP('',(#8800,#8801,#8802,#8803,#8804,#8805));
#8807=FACE_OUTER_BOUND('',#8806,.F.);
#8809=CLOSED_SHELL('',(#8685,#8707,#8732,#8746,#8767,#8781,#8794,#8808));
#8810=MANIFOLD_SOLID_BREP('',#8809);
#8811=FILL_AREA_STYLE_COLOUR('',#18);
#8812=FILL_AREA_STYLE('',(#8811));
#8813=SURFACE_STYLE_FILL_AREA(#8812);
#8814=SURFACE_SIDE_STYLE('',(#8813));
#8815=SURFACE_STYLE_USAGE(.POSITIVE.,#8814);
#8816=PRESENTATION_STYLE_ASSIGNMENT((#8815));
#8517=STYLED_ITEM('',(#8816),#8810);
#8819=PLANE_ANGLE_MEASURE_WITH_UNIT(PLANE_ANGLE_MEASURE(1.745329251994E-2),
#8818);
#8820=(CONVERSION_BASED_UNIT('DEGREE',#8819)NAMED_UNIT(*)PLANE_ANGLE_UNIT());
#8822=UNCERTAINTY_MEASURE_WITH_UNIT(LENGTH_MEASURE(4.247182222234E-4),#8817,
'distance_accuracy_value',
'Maximum model space distance between geometric entities at asserted connectivities');
#8824=CARTESIAN_POINT('',(0.E0,0.E0,0.E0));
#8825=DIRECTION('',(0.E0,0.E0,1.E0));
#8826=DIRECTION('',(1.E0,0.E0,0.E0));
#8829=PRODUCT_CONTEXT('',#4328,'mechanical');
#8830=PRODUCT('FRAME-DRC0010R_AF0','FRAME-DRC0010R_AF0','NOT SPECIFIED',
(#8829));
#8831=PRODUCT_DEFINITION_FORMATION('87','LAST_VERSION',#8830);
#8839=DERIVED_UNIT_ELEMENT(#8838,2.E0);
#8840=DERIVED_UNIT((#8839));
#8841=MEASURE_REPRESENTATION_ITEM('surface area measure',AREA_MEASURE(
1.678369842231E1),#8840);
#8846=DERIVED_UNIT_ELEMENT(#8845,3.E0);
#8847=DERIVED_UNIT((#8846));
#8848=MEASURE_REPRESENTATION_ITEM('volume measure',VOLUME_MEASURE(
1.123587380648E0),#8847);
#8852=CARTESIAN_POINT('centre point',(2.903645996914E-3,1.052955382932E-1,
4.405570863249E-3));
#8857=DERIVED_UNIT_ELEMENT(#8856,2.E0);
#8858=DERIVED_UNIT((#8857));
#8859=MEASURE_REPRESENTATION_ITEM('surface area measure',AREA_MEASURE(
1.678369842231E1),#8858);
#8864=DERIVED_UNIT_ELEMENT(#8863,3.E0);
#8865=DERIVED_UNIT((#8864));
#8866=MEASURE_REPRESENTATION_ITEM('volume measure',VOLUME_MEASURE(
1.123587380648E0),#8865);
#8870=CARTESIAN_POINT('centre point',(2.903645996914E-3,1.052955382932E-1,
4.405570863249E-3));
#8876=GENERAL_PROPERTY('','DESCRIPTION','user defined attribute');
#8877=GENERAL_PROPERTY_ASSOCIATION('user defined attribute','',#8876,#8875);
#8878=DESCRIPTIVE_REPRESENTATION_ITEM('DESCRIPTION','');
#8882=GENERAL_PROPERTY('','MODELED_BY','user defined attribute');
#8883=GENERAL_PROPERTY_ASSOCIATION('user defined attribute','',#8882,#8881);
#8884=DESCRIPTIVE_REPRESENTATION_ITEM('MODELED_BY','');
#8889=CARTESIAN_POINT('centre point',(2.903645996914E-3,-4.405570863249E-3,
1.052955382932E-1));
#8893=CARTESIAN_POINT('',(0.E0,0.E0,0.E0));
#8894=DIRECTION('',(0.E0,-1.E0,0.E0));
#8895=DIRECTION('',(1.E0,0.E0,0.E0));
#8896=AXIS2_PLACEMENT_3D('',#8893,#8894,#8895);
#8897=ITEM_DEFINED_TRANSFORMATION('','',#8827,#8896);
#8898=(REPRESENTATION_RELATIONSHIP('','',#8828,#4379)REPRESENTATION_RELATIONSHIP_WITH_TRANSFORMATION(#8897)SHAPE_REPRESENTATION_RELATIONSHIP());
#8899=CONTEXT_DEPENDENT_SHAPE_REPRESENTATION(#8898,#8888);
#8902=PLANE_ANGLE_MEASURE_WITH_UNIT(PLANE_ANGLE_MEASURE(1.745329251994E-2),
#8901);
#8903=(CONVERSION_BASED_UNIT('DEGREE',#8902)NAMED_UNIT(*)PLANE_ANGLE_UNIT());
#8905=UNCERTAINTY_MEASURE_WITH_UNIT(LENGTH_MEASURE(4.331757585556E-4),#8900,
'distance_accuracy_value',
'Maximum model space distance between geometric entities at asserted connectivities');
#8907=CARTESIAN_POINT('',(0.E0,0.E0,0.E0));
#8908=DIRECTION('',(0.E0,0.E0,1.E0));
#8909=DIRECTION('',(1.E0,0.E0,0.E0));
#8911=MECHANICAL_DESIGN_GEOMETRIC_PRESENTATION_REPRESENTATION('',(#36,#43,#50,
#57,#64,#71,#78,#85,#92,#99,#107,#114,#121,#128,#136,#143,#150,#157,#165,#172,
#179,#186,#194,#201,#208,#215,#223,#230,#237,#244,#251,#258,#265,#272,#279,#286,
#293,#300,#307,#314,#321,#328,#335,#342,#349,#356,#363,#371,#378,#385,#392,#400,
#407,#414,#421,#429,#436,#443,#450,#458,#465,#472,#479,#487,#494,#501,#508,#515,
#522,#529,#536,#543,#550,#557,#564,#571,#578,#585,#592,#599,#606,#613,#620,#627,
#634,#641,#648,#655,#662,#669,#676,#683,#690,#697,#704,#711,#718,#725,#732,#739,
#746,#753,#760,#767,#774,#781,#788,#795,#802,#809,#816,#823,#830,#837,#844,#851,
#858,#865,#872,#879,#886,#893,#901,#908,#915,#922,#929,#936,#943,#950,#957,#965,
#972,#979,#986,#993,#1000,#1007,#1014,#1021,#1029,#1036,#1043,#1050,#1057,#1064,
#1071,#1078,#1085,#1093,#1100,#1107,#1114,#1121,#1128,#1135,#1142,#1149,#1157,
#1164,#1171,#1178,#1185,#1192,#1199,#1206,#1213,#1220,#1227,#1234,#1241,#1248,
#1255,#1262,#1269,#1276,#1283,#1290,#1297,#1304,#1311,#1318,#1325,#1332,#1339,
#1346,#1353,#1360,#1367,#1374,#1381,#1388,#1395,#1402,#1409,#1416,#1423,#1430,
#1437,#1444,#1451,#1458,#1465,#1472,#1479,#1486,#1493,#1500,#1507,#1514,#1521,
#1528,#1535,#1542,#1549,#1556,#1563,#1570,#1577,#1584,#1591,#1598,#1605,#1612,
#1619,#1626,#1633,#1640,#1647,#1654,#1661,#1668,#1675,#1682,#1689,#1696,#1703,
#1710,#1717,#1724,#1731,#1738,#1745,#1752,#1759,#1766,#1773,#1780,#1787,#1794,
#1801,#1808,#1815,#1822,#1829,#1836,#1843,#1850,#1857,#1864,#1871,#1878,#1885,
#1892,#1899,#1907,#1914,#1921,#1928,#1935,#1942,#1949,#1956,#1963,#1971,#1978,
#1985,#1992,#1999,#2006,#2013,#2020,#2027,#2035,#2042,#2049,#2056,#2063,#2070,
#2077,#2084,#2091,#2099,#2106,#2113,#2120,#2127,#2134,#2141,#2148,#2155,#2163,
#2170,#28,#4401,#4408,#4415,#4422,#4429,#4436,#4443,#4450,#4457,#4464,#4471,
#4478,#4485,#4492,#4499,#4506,#4513,#4520,#4527,#4534,#4541,#4548,#4555,#4562,
#4569,#4576,#4583,#4590,#4597,#4604,#4611,#4618,#4625,#4632,#4639,#4646,#4653,
#4660,#4667,#4674,#4681,#4688,#4695,#4702,#4709,#4716,#4723,#4730,#4737,#4744,
#4751,#4758,#4765,#4772,#4779,#4786,#4793,#4800,#4807,#4814,#4821,#4828,#4835,
#4842,#4849,#4856,#4863,#4870,#4877,#4884,#4891,#4898,#4905,#4912,#4919,#4926,
#4933,#4940,#4947,#4954,#4961,#4968,#4975,#4982,#4989,#4996,#5003,#5010,#5017,
#5024,#5031,#5038,#5045,#5052,#5059,#5066,#5073,#5080,#5087,#5300,#4394,#5824,
#5831,#5839,#5846,#5853,#5860,#5867,#5874,#5881,#5888,#5895,#5902,#5909,#5916,
#5923,#5930,#5938,#5945,#5992,#6014,#6053,#5817,#6124,#6131,#6139,#6146,#6153,
#6160,#6167,#6174,#6181,#6188,#6195,#6202,#6209,#6216,#6223,#6231,#6238,#6245,
#6292,#6314,#6353,#6117,#6424,#6431,#6438,#6446,#6453,#6460,#6467,#6474,#6481,
#6488,#6495,#6502,#6509,#6516,#6523,#6531,#6538,#6545,#6592,#6633,#6708,#6417,
#6724,#6731,#6739,#6746,#6753,#6760,#6767,#6774,#6781,#6788,#6795,#6802,#6809,
#6816,#6823,#6830,#6838,#6845,#6892,#6914,#6953,#6717,#7024,#7031,#7039,#7046,
#7053,#7060,#7067,#7074,#7081,#7088,#7095,#7102,#7109,#7116,#7123,#7131,#7138,
#7145,#7192,#7214,#7236,#7017,#7324,#7331,#7339,#7346,#7353,#7360,#7367,#7374,
#7381,#7388,#7395,#7402,#7409,#7416,#7423,#7431,#7438,#7445,#7492,#7514,#7536,
#7317,#7624,#7631,#7639,#7646,#7653,#7660,#7667,#7674,#7681,#7688,#7695,#7702,
#7709,#7716,#7723,#7731,#7738,#7745,#7792,#7814,#7836,#7617,#7924,#7931,#7939,
#7946,#7953,#7960,#7967,#7974,#7981,#7988,#7995,#8002,#8009,#8016,#8023,#8031,
#8038,#8045,#8092,#8114,#8136,#7917,#8224,#8231,#8239,#8246,#8253,#8260,#8267,
#8274,#8281,#8288,#8295,#8302,#8309,#8316,#8323,#8330,#8338,#8345,#8392,#8414,
#8453,#8217,#8524,#8531,#8539,#8546,#8553,#8560,#8567,#8574,#8581,#8588,#8595,
#8603,#8610,#8617,#8624,#8631,#8638,#8645,#8692,#8714,#8753,#8517),#8906);
#8912=PRODUCT_DEFINITION_CONTEXT('part definition',#4328,'design');
#8913=PRODUCT_CONTEXT('',#4328,'mechanical');
#8914=PRODUCT('DRC0010R_ASM','DRC0010R_ASM','NOT SPECIFIED',(#8913));
#8915=PRODUCT_DEFINITION_FORMATION('265','LAST_VERSION',#8914);
#8918=DERIVED_UNIT_ELEMENT(#8917,2.E0);
#8919=DERIVED_UNIT((#8918));
#8920=MEASURE_REPRESENTATION_ITEM('surface area measure',AREA_MEASURE(
4.970024162031E1),#8919);
#8925=DERIVED_UNIT_ELEMENT(#8924,3.E0);
#8926=DERIVED_UNIT((#8925));
#8927=MEASURE_REPRESENTATION_ITEM('volume measure',VOLUME_MEASURE(
7.753073422910E0),#8926);
#8931=CARTESIAN_POINT('centre point',(1.052002165072E-4,-1.596129969616E-4,
4.440385419299E-1));
#8935=PRODUCT_RELATED_PRODUCT_CATEGORY('part','',(#8914,#4332,#8830));
#8937=GENERAL_PROPERTY('','TITLE','user defined attribute');
#8938=GENERAL_PROPERTY_ASSOCIATION('user defined attribute','',#8937,#8936);
#8940=GENERAL_PROPERTY('','DWG_NO','user defined attribute');
#8941=GENERAL_PROPERTY_ASSOCIATION('user defined attribute','',#8940,#8939);
#8942=DESCRIPTIVE_REPRESENTATION_ITEM('DWG_NO','4223412');
#8946=GENERAL_PROPERTY('','REV','user defined attribute');
#8947=GENERAL_PROPERTY_ASSOCIATION('user defined attribute','',#8946,#8945);
#8948=DESCRIPTIVE_REPRESENTATION_ITEM('REV','A');
#8952=GENERAL_PROPERTY('','AUTHOR','user defined attribute');
#8953=GENERAL_PROPERTY_ASSOCIATION('user defined attribute','',#8952,#8951);
#8954=DESCRIPTIVE_REPRESENTATION_ITEM('AUTHOR','T. LEQUANG');
#8958=GENERAL_PROPERTY('','DATE','user defined attribute');
#8959=GENERAL_PROPERTY_ASSOCIATION('user defined attribute','',#8958,#8957);
#8960=DESCRIPTIVE_REPRESENTATION_ITEM('DATE','01/26/2017');
#8964=GENERAL_PROPERTY('','DCHK','user defined attribute');
#8965=GENERAL_PROPERTY_ASSOCIATION('user defined attribute','',#8964,#8963);
#8966=DESCRIPTIVE_REPRESENTATION_ITEM('DCHK','K. SINCERBOX & V. PAKU');
#8970=GENERAL_PROPERTY('','DCHK_DATE','user defined attribute');
#8971=GENERAL_PROPERTY_ASSOCIATION('user defined attribute','',#8970,#8969);
#8972=DESCRIPTIVE_REPRESENTATION_ITEM('DCHK_DATE','01/05/2017');
#8976=GENERAL_PROPERTY('','ECHK','user defined attribute');
#8977=GENERAL_PROPERTY_ASSOCIATION('user defined attribute','',#8976,#8975);
#8978=DESCRIPTIVE_REPRESENTATION_ITEM('ECHK','R. JAVIER');
#8982=GENERAL_PROPERTY('','ECHK_DATE','user defined attribute');
#8983=GENERAL_PROPERTY_ASSOCIATION('user defined attribute','',#8982,#8981);
#8984=DESCRIPTIVE_REPRESENTATION_ITEM('ECHK_DATE','01/26/2017');
#8988=GENERAL_PROPERTY('','DESG','user defined attribute');
#8989=GENERAL_PROPERTY_ASSOCIATION('user defined attribute','',#8988,#8987);
#8990=DESCRIPTIVE_REPRESENTATION_ITEM('DESG','DRC0010R');
#8994=GENERAL_PROPERTY('','TI_PACKAGE_NAME','user defined attribute');
#8995=GENERAL_PROPERTY_ASSOCIATION('user defined attribute','',#8994,#8993);
#8996=DESCRIPTIVE_REPRESENTATION_ITEM('TI_PACKAGE_NAME',
'VSON - 1 mm max height');
#9000=GENERAL_PROPERTY('','INDUSTRY_NAME','user defined attribute');
#9001=GENERAL_PROPERTY_ASSOCIATION('user defined attribute','',#9000,#8999);
#9002=DESCRIPTIVE_REPRESENTATION_ITEM('INDUSTRY_NAME',
'PLASTIC SMALL OUTLINE - NO LEAD');
#9006=GENERAL_PROPERTY('','RELEASED','user defined attribute');
#9007=GENERAL_PROPERTY_ASSOCIATION('user defined attribute','',#9006,#9005);
#9008=DESCRIPTIVE_REPRESENTATION_ITEM('RELEASED','WDM');
#9012=GENERAL_PROPERTY('','DESIGNER','user defined attribute');
#9013=GENERAL_PROPERTY_ASSOCIATION('user defined attribute','',#9012,#9011);
#9014=DESCRIPTIVE_REPRESENTATION_ITEM('DESIGNER','');
#9018=GENERAL_PROPERTY('','APPROVER','user defined attribute');
#9019=GENERAL_PROPERTY_ASSOCIATION('user defined attribute','',#9018,#9017);
#9020=DESCRIPTIVE_REPRESENTATION_ITEM('APPROVER','E. REY & D. CHIN');
#9024=GENERAL_PROPERTY('','DES_DATE','user defined attribute');
#9025=GENERAL_PROPERTY_ASSOCIATION('user defined attribute','',#9024,#9023);
#9026=DESCRIPTIVE_REPRESENTATION_ITEM('DES_DATE','');
#9030=GENERAL_PROPERTY('','APP_DATE','user defined attribute');
#9031=GENERAL_PROPERTY_ASSOCIATION('user defined attribute','',#9030,#9029);
#9032=DESCRIPTIVE_REPRESENTATION_ITEM('APP_DATE','01/26/2017');
#9036=GENERAL_PROPERTY('','REL_DATE','user defined attribute');
#9037=GENERAL_PROPERTY_ASSOCIATION('user defined attribute','',#9036,#9035);
#9038=DESCRIPTIVE_REPRESENTATION_ITEM('REL_DATE','01/26/2017');
#9042=GENERAL_PROPERTY('','LD_CNT','user defined attribute');
#9043=GENERAL_PROPERTY_ASSOCIATION('user defined attribute','',#9042,#9041);
#9044=VALUE_REPRESENTATION_ITEM('LD_CNT',NUMERIC_MEASURE(1.E1));
#9047=DESCRIPTIVE_REPRESENTATION_ITEM('attribute description','Real Number');
#9052=GENERAL_PROPERTY('','LDNO2','user defined attribute');
#9053=GENERAL_PROPERTY_ASSOCIATION('user defined attribute','',#9052,#9051);
#9054=VALUE_REPRESENTATION_ITEM('LDNO2',NUMERIC_MEASURE(5.E0));
#9057=DESCRIPTIVE_REPRESENTATION_ITEM('attribute description','Real Number');
#9062=GENERAL_PROPERTY('','LDNO3','user defined attribute');
#9063=GENERAL_PROPERTY_ASSOCIATION('user defined attribute','',#9062,#9061);
#9064=VALUE_REPRESENTATION_ITEM('LDNO3',NUMERIC_MEASURE(6.E0));
#9067=DESCRIPTIVE_REPRESENTATION_ITEM('attribute description','Real Number');
#9072=GENERAL_PROPERTY('','LDNO4','user defined attribute');
#9073=GENERAL_PROPERTY_ASSOCIATION('user defined attribute','',#9072,#9071);
#9074=VALUE_REPRESENTATION_ITEM('LDNO4',NUMERIC_MEASURE(6.E0));
#9077=DESCRIPTIVE_REPRESENTATION_ITEM('attribute description','Real Number');
#9082=GENERAL_PROPERTY('','LDNO5','user defined attribute');
#9083=GENERAL_PROPERTY_ASSOCIATION('user defined attribute','',#9082,#9081);
#9084=VALUE_REPRESENTATION_ITEM('LDNO5',NUMERIC_MEASURE(6.E0));
#9087=DESCRIPTIVE_REPRESENTATION_ITEM('attribute description','Real Number');
#9092=GENERAL_PROPERTY('','LDNO6','user defined attribute');
#9093=GENERAL_PROPERTY_ASSOCIATION('user defined attribute','',#9092,#9091);
#9094=VALUE_REPRESENTATION_ITEM('LDNO6',NUMERIC_MEASURE(9.E0));
#9097=DESCRIPTIVE_REPRESENTATION_ITEM('attribute description','Real Number');
#9102=GENERAL_PROPERTY('','LDNO7','user defined attribute');
#9103=GENERAL_PROPERTY_ASSOCIATION('user defined attribute','',#9102,#9101);
#9104=VALUE_REPRESENTATION_ITEM('LDNO7',NUMERIC_MEASURE(1.E1));
#9107=DESCRIPTIVE_REPRESENTATION_ITEM('attribute description','Real Number');
#9112=GENERAL_PROPERTY('','LP_CNT','user defined attribute');
#9113=GENERAL_PROPERTY_ASSOCIATION('user defined attribute','',#9112,#9111);
#9114=VALUE_REPRESENTATION_ITEM('LP_CNT',NUMERIC_MEASURE(0.E0));
#9117=DESCRIPTIVE_REPRESENTATION_ITEM('attribute description','Real Number');
#9122=GENERAL_PROPERTY('','LDPITCH_CNT','user defined attribute');
#9123=GENERAL_PROPERTY_ASSOCIATION('user defined attribute','',#9122,#9121);
#9124=VALUE_REPRESENTATION_ITEM('LDPITCH_CNT',NUMERIC_MEASURE(8.E0));
#9127=DESCRIPTIVE_REPRESENTATION_ITEM('attribute description','Real Number');
#9132=GENERAL_PROPERTY('','LD_PITCH','user defined attribute');
#9133=GENERAL_PROPERTY_ASSOCIATION('user defined attribute','',#9132,#9131);
#9134=VALUE_REPRESENTATION_ITEM('LD_PITCH',NUMERIC_MEASURE(5.E-1));
#9137=DESCRIPTIVE_REPRESENTATION_ITEM('attribute description','Real Number');
#9142=GENERAL_PROPERTY('','AMAX','user defined attribute');
#9143=GENERAL_PROPERTY_ASSOCIATION('user defined attribute','',#9142,#9141);
#9144=VALUE_REPRESENTATION_ITEM('AMAX',NUMERIC_MEASURE(1.E0));
#9147=DESCRIPTIVE_REPRESENTATION_ITEM('attribute description','Real Number');
#9152=GENERAL_PROPERTY('','PKG_NAME','user defined attribute');
#9153=GENERAL_PROPERTY_ASSOCIATION('user defined attribute','',#9152,#9151);
#9154=DESCRIPTIVE_REPRESENTATION_ITEM('PKG_NAME','VSON');
#9158=GENERAL_PROPERTY('','MM_YYYY','user defined attribute');
#9159=GENERAL_PROPERTY_ASSOCIATION('user defined attribute','',#9158,#9157);
#9160=DESCRIPTIVE_REPRESENTATION_ITEM('MM_YYYY','01/2017');
#9164=GENERAL_PROPERTY('','TPAD_NO','user defined attribute');
#9165=GENERAL_PROPERTY_ASSOCIATION('user defined attribute','',#9164,#9163);
#9166=VALUE_REPRESENTATION_ITEM('TPAD_NO',NUMERIC_MEASURE(1.1E1));
#9169=DESCRIPTIVE_REPRESENTATION_ITEM('attribute description','Real Number');
#1=COLOUR_RGB('',0.E0,4.3E-1,1.E0);
#2=COLOUR_RGB('',0.E0,6.6E-1,0.E0);
#3=COLOUR_RGB('',1.29412E-1,5.E-2,1.E-1);
#4=COLOUR_RGB('',1.80392E-1,2.7451E-1,9.8039E-2);
#5=COLOUR_RGB('',2.54902E-1,5.4902E-1,0.E0);
#6=COLOUR_RGB('',2.7451E-1,2.7451E-1,2.7451E-1);
#7=COLOUR_RGB('',3.E-1,1.29412E-1,2.5098E-1);
#8=COLOUR_RGB('',3.13725E-1,3.13725E-1,3.13725E-1);
#9=COLOUR_RGB('',3.5E-1,3.5E-1,3.5E-1);
#10=COLOUR_RGB('',3.92157E-1,3.92157E-1,3.92157E-1);
#11=COLOUR_RGB('',5.7E-1,0.E0,1.E0);
#12=COLOUR_RGB('',5.9E-1,3.E-1,0.E0);
#13=COLOUR_RGB('',6.E-1,6.E-1,6.E-1);
#14=COLOUR_RGB('',6.9E-1,0.E0,0.E0);
#15=COLOUR_RGB('',6.952E-1,7.426E-1,7.9E-1);
#16=COLOUR_RGB('',7.E-1,7.E-1,7.E-1);
#17=COLOUR_RGB('',7.45098E-1,3.92157E-1,2.94118E-1);
#18=COLOUR_RGB('',8.27451E-1,3.29412E-1,7.0588E-2);
#19=COLOUR_RGB('',8.39216E-1,8.90196E-1,7.68627E-1);
#20=COLOUR_RGB('',8.7E-1,7.5E-1,4.9E-1);
#21=COLOUR_RGB('',8.9E-1,9.2E-1,9.4E-1);
#22=COLOUR_RGB('',9.80392E-1,9.80392E-1,9.80392E-1);
#23=COLOUR_RGB('',9.9E-1,1.E0,0.E0);
#24=COLOUR_RGB('',1.E0,5.E-1,0.E0);
#25=COLOUR_RGB('',1.E0,7.84314E-1,0.E0);
#26=DRAUGHTING_PRE_DEFINED_COLOUR('white');
#27=COLOUR_RGB('',6.4E-1,6.5E-1,6.6E-1);
#104=CIRCLE('',#103,1.25E-1);
#133=CIRCLE('',#132,1.25E-1);
#162=CIRCLE('',#161,1.25E-1);
#191=CIRCLE('',#190,1.25E-1);
#220=CIRCLE('',#219,1.25E-1);
#368=CIRCLE('',#367,1.25E-1);
#397=CIRCLE('',#396,1.25E-1);
#426=CIRCLE('',#425,1.25E-1);
#455=CIRCLE('',#454,1.25E-1);
#484=CIRCLE('',#483,1.25E-1);
#898=CIRCLE('',#897,1.25E-1);
#962=CIRCLE('',#961,1.25E-1);
#1026=CIRCLE('',#1025,1.25E-1);
#1090=CIRCLE('',#1089,1.25E-1);
#1154=CIRCLE('',#1153,1.25E-1);
#1904=CIRCLE('',#1903,1.25E-1);
#1968=CIRCLE('',#1967,1.25E-1);
#2032=CIRCLE('',#2031,1.25E-1);
#2096=CIRCLE('',#2095,1.25E-1);
#2160=CIRCLE('',#2159,1.25E-1);
#2580=EDGE_CURVE('',#2181,#2182,#32,.T.);
#2582=EDGE_CURVE('',#2182,#2202,#40,.T.);
#2584=EDGE_CURVE('',#2201,#2202,#47,.T.);
#2586=EDGE_CURVE('',#2181,#2201,#54,.T.);
#2590=ADVANCED_FACE('',(#2589),#2579,.F.);
#2596=EDGE_CURVE('',#2185,#2186,#61,.T.);
#2598=EDGE_CURVE('',#2186,#2206,#68,.T.);
#2600=EDGE_CURVE('',#2205,#2206,#75,.T.);
#2602=EDGE_CURVE('',#2185,#2205,#82,.T.);
#2606=ADVANCED_FACE('',(#2605),#2595,.F.);
#2612=EDGE_CURVE('',#2433,#2434,#89,.T.);
#2614=EDGE_CURVE('',#2434,#2346,#96,.T.);
#2616=EDGE_CURVE('',#2345,#2346,#104,.T.);
#2618=EDGE_CURVE('',#2437,#2345,#111,.T.);
#2620=EDGE_CURVE('',#2437,#2438,#118,.T.);
#2622=EDGE_CURVE('',#2438,#2256,#125,.T.);
#2624=EDGE_CURVE('',#2255,#2256,#133,.T.);
#2626=EDGE_CURVE('',#2441,#2255,#140,.T.);
#2628=EDGE_CURVE('',#2441,#2442,#147,.T.);
#2630=EDGE_CURVE('',#2442,#2252,#154,.T.);
#2632=EDGE_CURVE('',#2251,#2252,#162,.T.);
#2634=EDGE_CURVE('',#2445,#2251,#169,.T.);
#2636=EDGE_CURVE('',#2445,#2446,#176,.T.);
#2638=EDGE_CURVE('',#2446,#2248,#183,.T.);
#2640=EDGE_CURVE('',#2247,#2248,#191,.T.);
#2642=EDGE_CURVE('',#2449,#2247,#198,.T.);
#2644=EDGE_CURVE('',#2449,#2450,#205,.T.);
#2646=EDGE_CURVE('',#2450,#2244,#212,.T.);
#2648=EDGE_CURVE('',#2243,#2244,#220,.T.);
#2650=EDGE_CURVE('',#2484,#2243,#227,.T.);
#2652=EDGE_CURVE('',#2484,#2478,#234,.T.);
#2654=EDGE_CURVE('',#2478,#2426,#241,.T.);
#2656=EDGE_CURVE('',#2426,#2198,#248,.T.);
#2658=EDGE_CURVE('',#2196,#2198,#255,.T.);
#2660=EDGE_CURVE('',#2195,#2196,#262,.T.);
#2662=EDGE_CURVE('',#2422,#2195,#269,.T.);
#2664=EDGE_CURVE('',#2430,#2422,#276,.T.);
#2666=EDGE_CURVE('',#2430,#2433,#283,.T.);
#2670=ADVANCED_FACE('',(#2669),#2611,.F.);
#2676=EDGE_CURVE('',#2505,#2506,#290,.T.);
#2678=EDGE_CURVE('',#2505,#2428,#297,.T.);
#2680=EDGE_CURVE('',#2428,#2192,#304,.T.);
#2682=EDGE_CURVE('',#2190,#2192,#311,.T.);
#2684=EDGE_CURVE('',#2189,#2190,#318,.T.);
#2686=EDGE_CURVE('',#2189,#2240,#325,.T.);
#2688=EDGE_CURVE('',#2424,#2240,#332,.T.);
#2690=EDGE_CURVE('',#2332,#2424,#339,.T.);
#2692=EDGE_CURVE('',#2332,#2550,#346,.T.);
#2694=EDGE_CURVE('',#2554,#2550,#353,.T.);
#2696=EDGE_CURVE('',#2554,#2259,#360,.T.);
#2698=EDGE_CURVE('',#2259,#2260,#368,.T.);
#2700=EDGE_CURVE('',#2522,#2260,#375,.T.);
#2702=EDGE_CURVE('',#2521,#2522,#382,.T.);
#2704=EDGE_CURVE('',#2521,#2263,#389,.T.);
#2706=EDGE_CURVE('',#2263,#2264,#397,.T.);
#2708=EDGE_CURVE('',#2518,#2264,#404,.T.);
#2710=EDGE_CURVE('',#2517,#2518,#411,.T.);
#2712=EDGE_CURVE('',#2517,#2267,#418,.T.);
#2714=EDGE_CURVE('',#2267,#2268,#426,.T.);
#2716=EDGE_CURVE('',#2514,#2268,#433,.T.);
#2718=EDGE_CURVE('',#2513,#2514,#440,.T.);
#2720=EDGE_CURVE('',#2513,#2271,#447,.T.);
#2722=EDGE_CURVE('',#2271,#2272,#455,.T.);
#2724=EDGE_CURVE('',#2510,#2272,#462,.T.);
#2726=EDGE_CURVE('',#2509,#2510,#469,.T.);
#2728=EDGE_CURVE('',#2509,#2349,#476,.T.);
#2730=EDGE_CURVE('',#2349,#2350,#484,.T.);
#2732=EDGE_CURVE('',#2506,#2350,#491,.T.);
#2736=ADVANCED_FACE('',(#2735),#2675,.F.);
#2742=EDGE_CURVE('',#2545,#2546,#498,.T.);
#2744=EDGE_CURVE('',#2545,#2174,#505,.T.);
#2746=EDGE_CURVE('',#2174,#2176,#1847,.T.);
#2748=EDGE_CURVE('',#2453,#2176,#1679,.T.);
#2750=EDGE_CURVE('',#2453,#2454,#512,.T.);
#2752=EDGE_CURVE('',#2433,#2454,#519,.T.);
#2755=EDGE_CURVE('',#2430,#2322,#526,.T.);
#2757=EDGE_CURVE('',#2321,#2322,#533,.T.);
#2759=EDGE_CURVE('',#2182,#2321,#540,.T.);
#2762=EDGE_CURVE('',#2181,#2318,#547,.T.);
#2764=EDGE_CURVE('',#2317,#2318,#554,.T.);
#2766=EDGE_CURVE('',#2428,#2317,#561,.T.);
#2769=EDGE_CURVE('',#2505,#2546,#568,.T.);
#2773=ADVANCED_FACE('',(#2772),#2741,.T.);
#2779=EDGE_CURVE('',#2525,#2526,#575,.T.);
#2781=EDGE_CURVE('',#2526,#2552,#1132,.T.);
#2783=EDGE_CURVE('',#2552,#2548,#841,.T.);
#2785=EDGE_CURVE('',#2525,#2548,#729,.T.);
#2789=ADVANCED_FACE('',(#2788),#2778,.T.);
#2795=EDGE_CURVE('',#2529,#2530,#701,.T.);
#2797=EDGE_CURVE('',#2530,#2558,#1068,.T.);
#2799=EDGE_CURVE('',#2558,#2556,#834,.T.);
#2801=EDGE_CURVE('',#2529,#2556,#1104,.T.);
#2805=ADVANCED_FACE('',(#2804),#2794,.T.);
#2811=EDGE_CURVE('',#2533,#2534,#673,.T.);
#2813=EDGE_CURVE('',#2534,#2562,#1004,.T.);
#2815=EDGE_CURVE('',#2562,#2560,#827,.T.);
#2817=EDGE_CURVE('',#2533,#2560,#1040,.T.);
#2821=ADVANCED_FACE('',(#2820),#2810,.T.);
#2827=EDGE_CURVE('',#2537,#2538,#645,.T.);
#2829=EDGE_CURVE('',#2538,#2566,#940,.T.);
#2831=EDGE_CURVE('',#2566,#2564,#820,.T.);
#2833=EDGE_CURVE('',#2537,#2564,#976,.T.);
#2837=ADVANCED_FACE('',(#2836),#2826,.T.);
#2843=EDGE_CURVE('',#2541,#2542,#617,.T.);
#2845=EDGE_CURVE('',#2542,#2572,#876,.T.);
#2847=EDGE_CURVE('',#2572,#2568,#813,.T.);
#2849=EDGE_CURVE('',#2541,#2568,#912,.T.);
#2853=ADVANCED_FACE('',(#2852),#2842,.T.);
#2860=EDGE_CURVE('',#2546,#2570,#806,.T.);
#2862=EDGE_CURVE('',#2574,#2570,#848,.T.);
#2864=EDGE_CURVE('',#2574,#2545,#589,.T.);
#2868=ADVANCED_FACE('',(#2867),#2858,.T.);
#2875=EDGE_CURVE('',#2525,#2173,#582,.T.);
#2877=EDGE_CURVE('',#2173,#2174,#1826,.T.);
#2881=EDGE_CURVE('',#2574,#2353,#596,.T.);
#2883=EDGE_CURVE('',#2353,#2354,#603,.T.);
#2885=EDGE_CURVE('',#2542,#2354,#610,.T.);
#2888=EDGE_CURVE('',#2541,#2287,#624,.T.);
#2890=EDGE_CURVE('',#2287,#2288,#631,.T.);
#2892=EDGE_CURVE('',#2538,#2288,#638,.T.);
#2895=EDGE_CURVE('',#2537,#2283,#652,.T.);
#2897=EDGE_CURVE('',#2283,#2284,#659,.T.);
#2899=EDGE_CURVE('',#2534,#2284,#666,.T.);
#2902=EDGE_CURVE('',#2533,#2279,#680,.T.);
#2904=EDGE_CURVE('',#2279,#2280,#687,.T.);
#2906=EDGE_CURVE('',#2530,#2280,#694,.T.);
#2909=EDGE_CURVE('',#2529,#2275,#708,.T.);
#2911=EDGE_CURVE('',#2275,#2276,#715,.T.);
#2913=EDGE_CURVE('',#2526,#2276,#722,.T.);
#2917=ADVANCED_FACE('',(#2916),#2873,.T.);
#2924=EDGE_CURVE('',#2550,#2548,#736,.T.);
#2927=EDGE_CURVE('',#2332,#2325,#743,.T.);
#2929=EDGE_CURVE('',#2325,#2326,#750,.T.);
#2931=EDGE_CURVE('',#2186,#2326,#757,.T.);
#2934=EDGE_CURVE('',#2185,#2329,#764,.T.);
#2936=EDGE_CURVE('',#2329,#2330,#771,.T.);
#2938=EDGE_CURVE('',#2426,#2330,#778,.T.);
#2941=EDGE_CURVE('',#2478,#2476,#785,.T.);
#2943=EDGE_CURVE('',#2475,#2476,#792,.T.);
#2945=EDGE_CURVE('',#2475,#2178,#799,.T.);
#2947=EDGE_CURVE('',#2178,#2173,#1833,.T.);
#2952=ADVANCED_FACE('',(#2951),#2922,.T.);
#2959=EDGE_CURVE('',#2506,#2570,#855,.T.);
#2965=ADVANCED_FACE('',(#2964),#2957,.T.);
#2972=EDGE_CURVE('',#2510,#2568,#919,.T.);
#2975=EDGE_CURVE('',#2509,#2572,#883,.T.);
#2979=ADVANCED_FACE('',(#2978),#2970,.T.);
#2986=EDGE_CURVE('',#2514,#2564,#983,.T.);
#2989=EDGE_CURVE('',#2513,#2566,#947,.T.);
#2993=ADVANCED_FACE('',(#2992),#2984,.T.);
#3000=EDGE_CURVE('',#2518,#2560,#1047,.T.);
#3003=EDGE_CURVE('',#2517,#2562,#1011,.T.);
#3007=ADVANCED_FACE('',(#3006),#2998,.T.);
#3014=EDGE_CURVE('',#2522,#2556,#1111,.T.);
#3017=EDGE_CURVE('',#2521,#2558,#1075,.T.);
#3021=ADVANCED_FACE('',(#3020),#3012,.T.);
#3029=EDGE_CURVE('',#2554,#2552,#1139,.T.);
#3034=ADVANCED_FACE('',(#3033),#3026,.T.);
#3043=EDGE_CURVE('',#2350,#2342,#862,.T.);
#3045=EDGE_CURVE('',#2342,#2353,#890,.T.);
#3050=ADVANCED_FACE('',(#3049),#3039,.T.);
#3057=EDGE_CURVE('',#2349,#2341,#869,.T.);
#3059=EDGE_CURVE('',#2341,#2342,#898,.T.);
#3064=ADVANCED_FACE('',(#3063),#3055,.F.);
#3072=EDGE_CURVE('',#2354,#2341,#905,.T.);
#3079=ADVANCED_FACE('',(#3078),#3069,.T.);
#3091=ADVANCED_FACE('',(#3090),#3084,.T.);
#3100=EDGE_CURVE('',#2272,#2238,#926,.T.);
#3102=EDGE_CURVE('',#2238,#2287,#954,.T.);
#3107=ADVANCED_FACE('',(#3106),#3096,.T.);
#3114=EDGE_CURVE('',#2271,#2237,#933,.T.);
#3116=EDGE_CURVE('',#2237,#2238,#962,.T.);
#3121=ADVANCED_FACE('',(#3120),#3112,.F.);
#3129=EDGE_CURVE('',#2288,#2237,#969,.T.);
#3136=ADVANCED_FACE('',(#3135),#3126,.T.);
#3148=ADVANCED_FACE('',(#3147),#3141,.T.);
#3157=EDGE_CURVE('',#2268,#2234,#990,.T.);
#3159=EDGE_CURVE('',#2234,#2283,#1018,.T.);
#3164=ADVANCED_FACE('',(#3163),#3153,.T.);
#3171=EDGE_CURVE('',#2267,#2233,#997,.T.);
#3173=EDGE_CURVE('',#2233,#2234,#1026,.T.);
#3178=ADVANCED_FACE('',(#3177),#3169,.F.);
#3186=EDGE_CURVE('',#2284,#2233,#1033,.T.);
#3193=ADVANCED_FACE('',(#3192),#3183,.T.);
#3205=ADVANCED_FACE('',(#3204),#3198,.T.);
#3214=EDGE_CURVE('',#2264,#2230,#1054,.T.);
#3216=EDGE_CURVE('',#2230,#2279,#1082,.T.);
#3221=ADVANCED_FACE('',(#3220),#3210,.T.);
#3228=EDGE_CURVE('',#2263,#2229,#1061,.T.);
#3230=EDGE_CURVE('',#2229,#2230,#1090,.T.);
#3235=ADVANCED_FACE('',(#3234),#3226,.F.);
#3243=EDGE_CURVE('',#2280,#2229,#1097,.T.);
#3250=ADVANCED_FACE('',(#3249),#3240,.T.);
#3262=ADVANCED_FACE('',(#3261),#3255,.T.);
#3271=EDGE_CURVE('',#2260,#2226,#1118,.T.);
#3273=EDGE_CURVE('',#2226,#2275,#1146,.T.);
#3278=ADVANCED_FACE('',(#3277),#3267,.T.);
#3285=EDGE_CURVE('',#2259,#2225,#1125,.T.);
#3287=EDGE_CURVE('',#2225,#2226,#1154,.T.);
#3292=ADVANCED_FACE('',(#3291),#3283,.F.);
#3300=EDGE_CURVE('',#2276,#2225,#1161,.T.);
#3307=ADVANCED_FACE('',(#3306),#3297,.T.);
#3319=ADVANCED_FACE('',(#3318),#3312,.T.);
#3327=EDGE_CURVE('',#2424,#2382,#1224,.T.);
#3329=EDGE_CURVE('',#2376,#2382,#1483,.T.);
#3331=EDGE_CURVE('',#2376,#2334,#1553,.T.);
#3333=EDGE_CURVE('',#2325,#2334,#1308,.T.);
#3337=ADVANCED_FACE('',(#3336),#3324,.F.);
#3344=EDGE_CURVE('',#2198,#2396,#1168,.T.);
#3346=EDGE_CURVE('',#2312,#2396,#1175,.T.);
#3348=EDGE_CURVE('',#2312,#2196,#1182,.T.);
#3352=ADVANCED_FACE('',(#3351),#3342,.F.);
#3359=EDGE_CURVE('',#2206,#2380,#1189,.T.);
#3361=EDGE_CURVE('',#2394,#2380,#1196,.T.);
#3363=EDGE_CURVE('',#2205,#2394,#1203,.T.);
#3367=ADVANCED_FACE('',(#3366),#3357,.F.);
#3373=EDGE_CURVE('',#2314,#2240,#1210,.T.);
#3375=EDGE_CURVE('',#2382,#2314,#1217,.T.);
#3381=ADVANCED_FACE('',(#3380),#3372,.F.);
#3389=EDGE_CURVE('',#2330,#2390,#1280,.T.);
#3391=EDGE_CURVE('',#2386,#2390,#1560,.T.);
#3393=EDGE_CURVE('',#2386,#2396,#1532,.T.);
#3398=ADVANCED_FACE('',(#3397),#3386,.T.);
#3405=EDGE_CURVE('',#2400,#2318,#1231,.T.);
#3407=EDGE_CURVE('',#2400,#2412,#1238,.T.);
#3409=EDGE_CURVE('',#2412,#2321,#1245,.T.);
#3412=EDGE_CURVE('',#2322,#2416,#1252,.T.);
#3414=EDGE_CURVE('',#2416,#2373,#1259,.T.);
#3416=EDGE_CURVE('',#2373,#2374,#1266,.T.);
#3418=EDGE_CURVE('',#2374,#2390,#1273,.T.);
#3422=EDGE_CURVE('',#2392,#2329,#1287,.T.);
#3424=EDGE_CURVE('',#2392,#2384,#1294,.T.);
#3426=EDGE_CURVE('',#2384,#2326,#1301,.T.);
#3430=EDGE_CURVE('',#2334,#2369,#1315,.T.);
#3432=EDGE_CURVE('',#2369,#2370,#1322,.T.);
#3434=EDGE_CURVE('',#2370,#2404,#1329,.T.);
#3436=EDGE_CURVE('',#2317,#2404,#1336,.T.);
#3440=ADVANCED_FACE('',(#3439),#3403,.F.);
#3447=EDGE_CURVE('',#2201,#2406,#1378,.T.);
#3449=EDGE_CURVE('',#2399,#2406,#1504,.T.);
#3451=EDGE_CURVE('',#2399,#2400,#1420,.T.);
#3457=ADVANCED_FACE('',(#3456),#3445,.T.);
#3464=EDGE_CURVE('',#2192,#2408,#1343,.T.);
#3466=EDGE_CURVE('',#2308,#2408,#1350,.T.);
#3468=EDGE_CURVE('',#2308,#2190,#1357,.T.);
#3472=ADVANCED_FACE('',(#3471),#3462,.F.);
#3479=EDGE_CURVE('',#2202,#2418,#1364,.T.);
#3481=EDGE_CURVE('',#2406,#2418,#1371,.T.);
#3486=ADVANCED_FACE('',(#3485),#3477,.F.);
#3492=EDGE_CURVE('',#2311,#2195,#1623,.T.);
#3494=EDGE_CURVE('',#2420,#2311,#1385,.T.);
#3496=EDGE_CURVE('',#2422,#2420,#1392,.T.);
#3501=ADVANCED_FACE('',(#3500),#3491,.F.);
#3510=EDGE_CURVE('',#2403,#2404,#1399,.T.);
#3512=EDGE_CURVE('',#2403,#2408,#1490,.T.);
#3517=ADVANCED_FACE('',(#3516),#3506,.T.);
#3525=EDGE_CURVE('',#2362,#2370,#1406,.T.);
#3527=EDGE_CURVE('',#2362,#2403,#1462,.T.);
#3531=ADVANCED_FACE('',(#3530),#3522,.F.);
#3537=EDGE_CURVE('',#2411,#2412,#1413,.T.);
#3541=EDGE_CURVE('',#2399,#2411,#1497,.T.);
#3545=ADVANCED_FACE('',(#3544),#3536,.F.);
#3551=EDGE_CURVE('',#2415,#2416,#1427,.T.);
#3553=EDGE_CURVE('',#2415,#2365,#1518,.T.);
#3555=EDGE_CURVE('',#2365,#2373,#1588,.T.);
#3560=ADVANCED_FACE('',(#3559),#3550,.F.);
#3566=EDGE_CURVE('',#2361,#2362,#1469,.T.);
#3570=EDGE_CURVE('',#2361,#2369,#1434,.T.);
#3574=ADVANCED_FACE('',(#3573),#3565,.F.);
#3580=EDGE_CURVE('',#2388,#2379,#1441,.T.);
#3582=EDGE_CURVE('',#2388,#2394,#1448,.T.);
#3585=EDGE_CURVE('',#2379,#2380,#1455,.T.);
#3589=ADVANCED_FACE('',(#3588),#3579,.T.);
#3597=EDGE_CURVE('',#2376,#2361,#1476,.T.);
#3601=EDGE_CURVE('',#2307,#2314,#1595,.T.);
#3603=EDGE_CURVE('',#2307,#2308,#1602,.T.);
#3609=ADVANCED_FACE('',(#3608),#3594,.T.);
#3618=EDGE_CURVE('',#2411,#2418,#1511,.T.);
#3622=ADVANCED_FACE('',(#3621),#3614,.T.);
#3629=EDGE_CURVE('',#2415,#2420,#1525,.T.);
#3632=EDGE_CURVE('',#2311,#2312,#1616,.T.);
#3636=EDGE_CURVE('',#2366,#2386,#1539,.T.);
#3638=EDGE_CURVE('',#2365,#2366,#1546,.T.);
#3642=ADVANCED_FACE('',(#3641),#3627,.T.);
#3654=ADVANCED_FACE('',(#3653),#3647,.F.);
#3663=EDGE_CURVE('',#2366,#2374,#1567,.T.);
#3667=ADVANCED_FACE('',(#3666),#3659,.F.);
#3674=EDGE_CURVE('',#2379,#2384,#1574,.T.);
#3677=EDGE_CURVE('',#2388,#2392,#1581,.T.);
#3681=ADVANCED_FACE('',(#3680),#3672,.F.);
#3693=ADVANCED_FACE('',(#3692),#3686,.F.);
#3707=ADVANCED_FACE('',(#3706),#3698,.F.);
#3721=ADVANCED_FACE('',(#3720),#3712,.T.);
#3728=EDGE_CURVE('',#2307,#2189,#1609,.T.);
#3734=ADVANCED_FACE('',(#3733),#3726,.F.);
#3746=ADVANCED_FACE('',(#3745),#3739,.F.);
#3760=ADVANCED_FACE('',(#3759),#3751,.F.);
#3774=ADVANCED_FACE('',(#3773),#3765,.F.);
#3786=ADVANCED_FACE('',(#3785),#3779,.F.);
#3794=EDGE_CURVE('',#2454,#2500,#1630,.T.);
#3796=EDGE_CURVE('',#2434,#2500,#2145,.T.);
#3800=ADVANCED_FACE('',(#3799),#3791,.F.);
#3807=EDGE_CURVE('',#2437,#2502,#2117,.T.);
#3809=EDGE_CURVE('',#2502,#2498,#1637,.T.);
#3811=EDGE_CURVE('',#2438,#2498,#2081,.T.);
#3815=ADVANCED_FACE('',(#3814),#3805,.F.);
#3822=EDGE_CURVE('',#2441,#2496,#2053,.T.);
#3824=EDGE_CURVE('',#2496,#2494,#1644,.T.);
#3826=EDGE_CURVE('',#2442,#2494,#2017,.T.);
#3830=ADVANCED_FACE('',(#3829),#3820,.F.);
#3837=EDGE_CURVE('',#2445,#2492,#1989,.T.);
#3839=EDGE_CURVE('',#2492,#2490,#1651,.T.);
#3841=EDGE_CURVE('',#2446,#2490,#1953,.T.);
#3845=ADVANCED_FACE('',(#3844),#3835,.F.);
#3852=EDGE_CURVE('',#2449,#2488,#1925,.T.);
#3854=EDGE_CURVE('',#2488,#2486,#1658,.T.);
#3856=EDGE_CURVE('',#2450,#2486,#1889,.T.);
#3860=ADVANCED_FACE('',(#3859),#3850,.F.);
#3868=EDGE_CURVE('',#2484,#2482,#1861,.T.);
#3870=EDGE_CURVE('',#2482,#2476,#1665,.T.);
#3874=ADVANCED_FACE('',(#3873),#3865,.F.);
#3881=EDGE_CURVE('',#2453,#2456,#1672,.T.);
#3883=EDGE_CURVE('',#2456,#2500,#2131,.T.);
#3888=ADVANCED_FACE('',(#3887),#3879,.F.);
#3894=EDGE_CURVE('',#2459,#2460,#1798,.T.);
#3896=EDGE_CURVE('',#2460,#2498,#2067,.T.);
#3899=EDGE_CURVE('',#2459,#2502,#2110,.T.);
#3903=ADVANCED_FACE('',(#3902),#3893,.F.);
#3909=EDGE_CURVE('',#2463,#2464,#1770,.T.);
#3911=EDGE_CURVE('',#2464,#2494,#2003,.T.);
#3914=EDGE_CURVE('',#2463,#2496,#2046,.T.);
#3918=ADVANCED_FACE('',(#3917),#3908,.F.);
#3924=EDGE_CURVE('',#2467,#2468,#1742,.T.);
#3926=EDGE_CURVE('',#2468,#2490,#1939,.T.);
#3929=EDGE_CURVE('',#2467,#2492,#1982,.T.);
#3933=ADVANCED_FACE('',(#3932),#3923,.F.);
#3939=EDGE_CURVE('',#2471,#2472,#1714,.T.);
#3941=EDGE_CURVE('',#2472,#2486,#1875,.T.);
#3944=EDGE_CURVE('',#2471,#2488,#1918,.T.);
#3948=ADVANCED_FACE('',(#3947),#3938,.F.);
#3956=EDGE_CURVE('',#2481,#2482,#1854,.T.);
#3958=EDGE_CURVE('',#2481,#2475,#1686,.T.);
#3962=ADVANCED_FACE('',(#3961),#3953,.F.);
#3970=EDGE_CURVE('',#2176,#2178,#1840,.T.);
#3974=EDGE_CURVE('',#2481,#2292,#1693,.T.);
#3976=EDGE_CURVE('',#2291,#2292,#1700,.T.);
#3978=EDGE_CURVE('',#2472,#2291,#1707,.T.);
#3981=EDGE_CURVE('',#2471,#2296,#1721,.T.);
#3983=EDGE_CURVE('',#2295,#2296,#1728,.T.);
#3985=EDGE_CURVE('',#2468,#2295,#1735,.T.);
#3988=EDGE_CURVE('',#2467,#2300,#1749,.T.);
#3990=EDGE_CURVE('',#2299,#2300,#1756,.T.);
#3992=EDGE_CURVE('',#2464,#2299,#1763,.T.);
#3995=EDGE_CURVE('',#2463,#2304,#1777,.T.);
#3997=EDGE_CURVE('',#2303,#2304,#1784,.T.);
#3999=EDGE_CURVE('',#2460,#2303,#1791,.T.);
#4002=EDGE_CURVE('',#2459,#2358,#1805,.T.);
#4004=EDGE_CURVE('',#2357,#2358,#1812,.T.);
#4006=EDGE_CURVE('',#2456,#2357,#1819,.T.);
#4010=ADVANCED_FACE('',(#4009),#3967,.T.);
#4022=ADVANCED_FACE('',(#4021),#4015,.T.);
#4031=EDGE_CURVE('',#2243,#2209,#1868,.T.);
#4033=EDGE_CURVE('',#2292,#2209,#1896,.T.);
#4038=ADVANCED_FACE('',(#4037),#4027,.F.);
#4045=EDGE_CURVE('',#2244,#2210,#1882,.T.);
#4047=EDGE_CURVE('',#2209,#2210,#1904,.T.);
#4052=ADVANCED_FACE('',(#4051),#4043,.F.);
#4060=EDGE_CURVE('',#2210,#2291,#1911,.T.);
#4067=ADVANCED_FACE('',(#4066),#4057,.F.);
#4079=ADVANCED_FACE('',(#4078),#4072,.F.);
#4088=EDGE_CURVE('',#2247,#2213,#1932,.T.);
#4090=EDGE_CURVE('',#2296,#2213,#1960,.T.);
#4095=ADVANCED_FACE('',(#4094),#4084,.F.);
#4102=EDGE_CURVE('',#2248,#2214,#1946,.T.);
#4104=EDGE_CURVE('',#2213,#2214,#1968,.T.);
#4109=ADVANCED_FACE('',(#4108),#4100,.F.);
#4117=EDGE_CURVE('',#2214,#2295,#1975,.T.);
#4124=ADVANCED_FACE('',(#4123),#4114,.F.);
#4136=ADVANCED_FACE('',(#4135),#4129,.F.);
#4145=EDGE_CURVE('',#2251,#2217,#1996,.T.);
#4147=EDGE_CURVE('',#2300,#2217,#2024,.T.);
#4152=ADVANCED_FACE('',(#4151),#4141,.F.);
#4159=EDGE_CURVE('',#2252,#2218,#2010,.T.);
#4161=EDGE_CURVE('',#2217,#2218,#2032,.T.);
#4166=ADVANCED_FACE('',(#4165),#4157,.F.);
#4174=EDGE_CURVE('',#2218,#2299,#2039,.T.);
#4181=ADVANCED_FACE('',(#4180),#4171,.F.);
#4193=ADVANCED_FACE('',(#4192),#4186,.F.);
#4202=EDGE_CURVE('',#2255,#2221,#2060,.T.);
#4204=EDGE_CURVE('',#2304,#2221,#2088,.T.);
#4209=ADVANCED_FACE('',(#4208),#4198,.F.);
#4216=EDGE_CURVE('',#2256,#2222,#2074,.T.);
#4218=EDGE_CURVE('',#2221,#2222,#2096,.T.);
#4223=ADVANCED_FACE('',(#4222),#4214,.F.);
#4231=EDGE_CURVE('',#2222,#2303,#2103,.T.);
#4238=ADVANCED_FACE('',(#4237),#4228,.F.);
#4250=ADVANCED_FACE('',(#4249),#4243,.F.);
#4259=EDGE_CURVE('',#2345,#2337,#2124,.T.);
#4261=EDGE_CURVE('',#2358,#2337,#2152,.T.);
#4266=ADVANCED_FACE('',(#4265),#4255,.F.);
#4273=EDGE_CURVE('',#2346,#2338,#2138,.T.);
#4275=EDGE_CURVE('',#2337,#2338,#2160,.T.);
#4280=ADVANCED_FACE('',(#4279),#4271,.F.);
#4288=EDGE_CURVE('',#2338,#2357,#2167,.T.);
#4295=ADVANCED_FACE('',(#4294),#4285,.F.);
#4307=ADVANCED_FACE('',(#4306),#4300,.F.);
#4316=(LENGTH_UNIT()NAMED_UNIT(*)SI_UNIT(.MILLI.,.METRE.));
#4317=(NAMED_UNIT(*)PLANE_ANGLE_UNIT()SI_UNIT($,.RADIAN.));
#4320=(NAMED_UNIT(*)SI_UNIT($,.STERADIAN.)SOLID_ANGLE_UNIT());
#4322=(GEOMETRIC_REPRESENTATION_CONTEXT(3)GLOBAL_UNCERTAINTY_ASSIGNED_CONTEXT((
#4321))GLOBAL_UNIT_ASSIGNED_CONTEXT((#4316,#4319,#4320))REPRESENTATION_CONTEXT(
'ID1','3'));
#4326=AXIS2_PLACEMENT_3D('',#4323,#4324,#4325);
#4327=ADVANCED_BREP_SHAPE_REPRESENTATION('',(#4326,#4309),#4322);
#4334=PRODUCT_DEFINITION('part definition','',#4333,#4330);
#4335=PRODUCT_DEFINITION_SHAPE('','SHAPE FOR BODY-SON_AF0.',#4334);
#4336=SHAPE_ASPECT('','solid data associated with BODY-SON_AF0',#4335,.F.);
#4337=PROPERTY_DEFINITION('',
'shape for solid data with which properties are associated',#4336);
#4338=SHAPE_REPRESENTATION('',(#4309),#4322);
#4339=SHAPE_DEFINITION_REPRESENTATION(#4337,#4338);
#4340=(LENGTH_UNIT()NAMED_UNIT(*)SI_UNIT(.MILLI.,.METRE.));
#4344=PROPERTY_DEFINITION('geometric validation property',
'area of BODY-SON_AF0',#4336);
#4345=REPRESENTATION('surface area',(#4343),#4322);
#4346=PROPERTY_DEFINITION_REPRESENTATION(#4344,#4345);
#4347=(LENGTH_UNIT()NAMED_UNIT(*)SI_UNIT(.MILLI.,.METRE.));
#4351=PROPERTY_DEFINITION('geometric validation property',
'volume of BODY-SON_AF0',#4336);
#4352=REPRESENTATION('volume',(#4350),#4322);
#4353=PROPERTY_DEFINITION_REPRESENTATION(#4351,#4352);
#4355=PROPERTY_DEFINITION('geometric validation property',
'centroid of BODY-SON_AF0',#4336);
#4356=REPRESENTATION('centroid',(#4354),#4322);
#4357=PROPERTY_DEFINITION_REPRESENTATION(#4355,#4356);
#4358=(LENGTH_UNIT()NAMED_UNIT(*)SI_UNIT(.MILLI.,.METRE.));
#4362=PROPERTY_DEFINITION('geometric validation property',
'area of BODY-SON_AF0',#4335);
#4363=REPRESENTATION('surface area',(#4361),#4322);
#4364=PROPERTY_DEFINITION_REPRESENTATION(#4362,#4363);
#4365=(LENGTH_UNIT()NAMED_UNIT(*)SI_UNIT(.MILLI.,.METRE.));
#4369=PROPERTY_DEFINITION('geometric validation property',
'volume of BODY-SON_AF0',#4335);
#4370=REPRESENTATION('volume',(#4368),#4322);
#4371=PROPERTY_DEFINITION_REPRESENTATION(#4369,#4370);
#4373=PROPERTY_DEFINITION('geometric validation property',
'centroid of BODY-SON_AF0',#4335);
#4374=REPRESENTATION('centroid',(#4372),#4322);
#4375=PROPERTY_DEFINITION_REPRESENTATION(#4373,#4374);
#4376=SHAPE_DEFINITION_REPRESENTATION(#4335,#4327);
#4377=SHAPE_DEFINITION_REPRESENTATION(#4378,#4379);
#4378=PRODUCT_DEFINITION_SHAPE('','SHAPE FOR DRC0010R_ASM.',#8916);
#4379=SHAPE_REPRESENTATION('',(#4389,#8896,#8910),#8906);
#4380=NEXT_ASSEMBLY_USAGE_OCCURRENCE('140','Next assembly relationship',
'BODY-SON',#8916,#4334,$);
#4381=PRODUCT_DEFINITION_SHAPE('Placement #140',
'Placement of BODY-SON_AF0 with respect to DRC0010R_ASM',#4380);
#4383=PROPERTY_DEFINITION('geometric validation property',
'centroid of BODY-SON',#4381);
#4384=REPRESENTATION('centroid',(#4382),#4322);
#4385=PROPERTY_DEFINITION_REPRESENTATION(#4383,#4384);
#4393=COLOUR_RGB('',6.4E-1,6.5E-1,6.6E-1);
#5225=EDGE_CURVE('',#5133,#5126,#4475,.T.);
#5227=EDGE_CURVE('',#5133,#5143,#4797,.T.);
#5229=EDGE_CURVE('',#5171,#5143,#4615,.T.);
#5231=EDGE_CURVE('',#5171,#5135,#4748,.T.);
#5233=EDGE_CURVE('',#5135,#5130,#4951,.T.);
#5235=EDGE_CURVE('',#5126,#5130,#5070,.T.);
#5239=ADVANCED_FACE('',(#5238),#5224,.T.);
#5245=EDGE_CURVE('',#5197,#5181,#4398,.T.);
#5247=EDGE_CURVE('',#5197,#5190,#4405,.T.);
#5249=EDGE_CURVE('',#5190,#5191,#4412,.T.);
#5251=EDGE_CURVE('',#5191,#5201,#4419,.T.);
#5253=EDGE_CURVE('',#5091,#5201,#4426,.T.);
#5255=EDGE_CURVE('',#5090,#5091,#4433,.T.);
#5257=EDGE_CURVE('',#5159,#5090,#4440,.T.);
#5259=EDGE_CURVE('',#5149,#5159,#4447,.T.);
#5261=EDGE_CURVE('',#5148,#5149,#4454,.T.);
#5263=EDGE_CURVE('',#5155,#5148,#4461,.T.);
#5265=EDGE_CURVE('',#5133,#5155,#4468,.T.);
#5268=EDGE_CURVE('',#5126,#5127,#4482,.T.);
#5270=EDGE_CURVE('',#5127,#5138,#4489,.T.);
#5272=EDGE_CURVE('',#5095,#5138,#4496,.T.);
#5274=EDGE_CURVE('',#5094,#5095,#4503,.T.);
#5276=EDGE_CURVE('',#5097,#5094,#4510,.T.);
#5278=EDGE_CURVE('',#5185,#5097,#4517,.T.);
#5280=EDGE_CURVE('',#5175,#5185,#4524,.T.);
#5282=EDGE_CURVE('',#5174,#5175,#4531,.T.);
#5284=EDGE_CURVE('',#5181,#5174,#4538,.T.);
#5288=ADVANCED_FACE('',(#5287),#5244,.F.);
#5306=EDGE_CURVE('',#5185,#5215,#4545,.T.);
#5309=EDGE_CURVE('',#5117,#5097,#4552,.T.);
#5311=EDGE_CURVE('',#5117,#5215,#4559,.T.);
#5315=ADVANCED_FACE('',(#5314),#5305,.T.);
#5321=EDGE_CURVE('',#5197,#5217,#4566,.T.);
#5324=EDGE_CURVE('',#5181,#5213,#4573,.T.);
#5326=EDGE_CURVE('',#5213,#5217,#4580,.T.);
#5330=ADVANCED_FACE('',(#5329),#5320,.T.);
#5336=EDGE_CURVE('',#5201,#5219,#4587,.T.);
#5338=EDGE_CURVE('',#5219,#5120,#4594,.T.);
#5340=EDGE_CURVE('',#5120,#5091,#5084,.T.);
#5345=ADVANCED_FACE('',(#5344),#5335,.T.);
#5353=EDGE_CURVE('',#5207,#5215,#4636,.T.);
#5355=EDGE_CURVE('',#5207,#5187,#5000,.T.);
#5357=EDGE_CURVE('',#5179,#5187,#4909,.T.);
#5359=EDGE_CURVE('',#5175,#5179,#4601,.T.);
#5363=ADVANCED_FACE('',(#5362),#5350,.F.);
#5369=EDGE_CURVE('',#5170,#5171,#4608,.T.);
#5372=EDGE_CURVE('',#5163,#5143,#4790,.T.);
#5374=EDGE_CURVE('',#5170,#5163,#4622,.T.);
#5378=ADVANCED_FACE('',(#5377),#5368,.F.);
#5384=EDGE_CURVE('',#5101,#5207,#4629,.T.);
#5388=EDGE_CURVE('',#5116,#5117,#4832,.T.);
#5390=EDGE_CURVE('',#5116,#5123,#4825,.T.);
#5392=EDGE_CURVE('',#5139,#5123,#4769,.T.);
#5394=EDGE_CURVE('',#5145,#5139,#4643,.T.);
#5396=EDGE_CURVE('',#5145,#5100,#4650,.T.);
#5398=EDGE_CURVE('',#5100,#5101,#4657,.T.);
#5402=ADVANCED_FACE('',(#5401),#5383,.F.);
#5408=EDGE_CURVE('',#5205,#5209,#4664,.T.);
#5410=EDGE_CURVE('',#5209,#5217,#4671,.T.);
#5413=EDGE_CURVE('',#5205,#5213,#4678,.T.);
#5417=ADVANCED_FACE('',(#5416),#5407,.F.);
#5423=EDGE_CURVE('',#5211,#5104,#4685,.T.);
#5425=EDGE_CURVE('',#5104,#5105,#4692,.T.);
#5427=EDGE_CURVE('',#5105,#5167,#4699,.T.);
#5429=EDGE_CURVE('',#5167,#5165,#4706,.T.);
#5431=EDGE_CURVE('',#5121,#5165,#4818,.T.);
#5433=EDGE_CURVE('',#5120,#5121,#5077,.T.);
#5436=EDGE_CURVE('',#5211,#5219,#4713,.T.);
#5440=ADVANCED_FACE('',(#5439),#5422,.F.);
#5447=EDGE_CURVE('',#5145,#5141,#4720,.T.);
#5449=EDGE_CURVE('',#5141,#5108,#4930,.T.);
#5451=EDGE_CURVE('',#5100,#5108,#5035,.T.);
#5455=ADVANCED_FACE('',(#5454),#5445,.T.);
#5462=EDGE_CURVE('',#5105,#5113,#4727,.T.);
#5464=EDGE_CURVE('',#5113,#5161,#4986,.T.);
#5466=EDGE_CURVE('',#5167,#5161,#4734,.T.);
#5470=ADVANCED_FACE('',(#5469),#5460,.T.);
#5477=EDGE_CURVE('',#5170,#5157,#4741,.T.);
#5479=EDGE_CURVE('',#5157,#5135,#4958,.T.);
#5484=ADVANCED_FACE('',(#5483),#5475,.T.);
#5490=EDGE_CURVE('',#5138,#5139,#4762,.T.);
#5493=EDGE_CURVE('',#5127,#5131,#4755,.T.);
#5495=EDGE_CURVE('',#5131,#5141,#4937,.T.);
#5501=ADVANCED_FACE('',(#5500),#5489,.T.);
#5509=EDGE_CURVE('',#5123,#5095,#4776,.T.);
#5514=ADVANCED_FACE('',(#5513),#5506,.T.);
#5520=EDGE_CURVE('',#5155,#5163,#4783,.T.);
#5527=ADVANCED_FACE('',(#5526),#5519,.T.);
#5533=EDGE_CURVE('',#5159,#5165,#4804,.T.);
#5536=EDGE_CURVE('',#5121,#5090,#4811,.T.);
#5541=ADVANCED_FACE('',(#5540),#5532,.T.);
#5548=EDGE_CURVE('',#5116,#5094,#4839,.T.);
#5554=ADVANCED_FACE('',(#5553),#5546,.T.);
#5566=ADVANCED_FACE('',(#5565),#5559,.T.);
#5573=EDGE_CURVE('',#5148,#5152,#4846,.T.);
#5575=EDGE_CURVE('',#5157,#5152,#4965,.T.);
#5582=ADVANCED_FACE('',(#5581),#5571,.F.);
#5589=EDGE_CURVE('',#5149,#5153,#4853,.T.);
#5591=EDGE_CURVE('',#5152,#5153,#4972,.T.);
#5596=ADVANCED_FACE('',(#5595),#5587,.F.);
#5606=EDGE_CURVE('',#5153,#5161,#4979,.T.);
#5611=ADVANCED_FACE('',(#5610),#5601,.F.);
#5617=EDGE_CURVE('',#5203,#5112,#4860,.T.);
#5619=EDGE_CURVE('',#5195,#5203,#4867,.T.);
#5621=EDGE_CURVE('',#5194,#5195,#4874,.T.);
#5623=EDGE_CURVE('',#5199,#5194,#4881,.T.);
#5625=EDGE_CURVE('',#5183,#5199,#4888,.T.);
#5627=EDGE_CURVE('',#5183,#5178,#4895,.T.);
#5629=EDGE_CURVE('',#5178,#5179,#4902,.T.);
#5632=EDGE_CURVE('',#5109,#5187,#4916,.T.);
#5634=EDGE_CURVE('',#5108,#5109,#4923,.T.);
#5638=EDGE_CURVE('',#5130,#5131,#4944,.T.);
#5646=EDGE_CURVE('',#5112,#5113,#4993,.T.);
#5650=ADVANCED_FACE('',(#5649),#5616,.T.);
#5658=EDGE_CURVE('',#5101,#5109,#5007,.T.);
#5663=ADVANCED_FACE('',(#5662),#5655,.T.);
#5669=EDGE_CURVE('',#5209,#5199,#5014,.T.);
#5672=EDGE_CURVE('',#5205,#5183,#5021,.T.);
#5677=ADVANCED_FACE('',(#5676),#5668,.T.);
#5683=EDGE_CURVE('',#5211,#5203,#5028,.T.);
#5686=EDGE_CURVE('',#5104,#5112,#5063,.T.);
#5691=ADVANCED_FACE('',(#5690),#5682,.T.);
#5703=ADVANCED_FACE('',(#5702),#5696,.T.);
#5714=EDGE_CURVE('',#5190,#5194,#5042,.T.);
#5718=ADVANCED_FACE('',(#5717),#5708,.T.);
#5727=EDGE_CURVE('',#5191,#5195,#5049,.T.);
#5731=ADVANCED_FACE('',(#5730),#5723,.T.);
#5745=ADVANCED_FACE('',(#5744),#5736,.T.);
#5752=EDGE_CURVE('',#5174,#5178,#5056,.T.);
#5760=ADVANCED_FACE('',(#5759),#5750,.F.);
#5772=ADVANCED_FACE('',(#5771),#5765,.F.);
#5784=ADVANCED_FACE('',(#5783),#5777,.T.);
#5796=ADVANCED_FACE('',(#5795),#5789,.T.);
#5808=ADVANCED_FACE('',(#5807),#5801,.T.);
#5836=CIRCLE('',#5835,1.25E-1);
#5935=CIRCLE('',#5934,1.25E-1);
#5975=EDGE_CURVE('',#5960,#5961,#5821,.T.);
#5977=EDGE_CURVE('',#5961,#5948,#5828,.T.);
#5979=EDGE_CURVE('',#5948,#5949,#5836,.T.);
#5981=EDGE_CURVE('',#5949,#5960,#5843,.T.);
#5985=ADVANCED_FACE('',(#5984),#5974,.F.);
#5999=EDGE_CURVE('',#5960,#5969,#5864,.T.);
#6001=EDGE_CURVE('',#5965,#5969,#5850,.T.);
#6003=EDGE_CURVE('',#5961,#5965,#5892,.T.);
#6007=ADVANCED_FACE('',(#6006),#5997,.F.);
#6020=EDGE_CURVE('',#5968,#5969,#5857,.T.);
#6024=EDGE_CURVE('',#5949,#5955,#5871,.T.);
#6026=EDGE_CURVE('',#5955,#5957,#5927,.T.);
#6028=EDGE_CURVE('',#5968,#5957,#5906,.T.);
#6032=ADVANCED_FACE('',(#6031),#6019,.T.);
#6038=EDGE_CURVE('',#5964,#5965,#5878,.T.);
#6042=EDGE_CURVE('',#5968,#5964,#5899,.T.);
#6046=ADVANCED_FACE('',(#6045),#6037,.F.);
#6060=EDGE_CURVE('',#5964,#5952,#5885,.T.);
#6062=EDGE_CURVE('',#5952,#5953,#5913,.T.);
#6064=EDGE_CURVE('',#5948,#5953,#5942,.T.);
#6070=ADVANCED_FACE('',(#6069),#6058,.T.);
#6078=EDGE_CURVE('',#5957,#5952,#5920,.T.);
#6083=ADVANCED_FACE('',(#6082),#6075,.T.);
#6092=EDGE_CURVE('',#5953,#5955,#5935,.T.);
#6096=ADVANCED_FACE('',(#6095),#6088,.T.);
#6108=ADVANCED_FACE('',(#6107),#6101,.T.);
#6136=CIRCLE('',#6135,1.25E-1);
#6228=CIRCLE('',#6227,1.25E-1);
#6275=EDGE_CURVE('',#6269,#6263,#6121,.T.);
#6277=EDGE_CURVE('',#6263,#6248,#6128,.T.);
#6279=EDGE_CURVE('',#6248,#6249,#6136,.T.);
#6281=EDGE_CURVE('',#6249,#6269,#6143,.T.);
#6285=ADVANCED_FACE('',(#6284),#6274,.F.);
#6298=EDGE_CURVE('',#6263,#6261,#6171,.T.);
#6301=EDGE_CURVE('',#6269,#6267,#6185,.T.);
#6303=EDGE_CURVE('',#6261,#6267,#6150,.T.);
#6307=ADVANCED_FACE('',(#6306),#6297,.F.);
#6320=EDGE_CURVE('',#6260,#6261,#6157,.T.);
#6322=EDGE_CURVE('',#6260,#6252,#6164,.T.);
#6324=EDGE_CURVE('',#6252,#6253,#6206,.T.);
#6326=EDGE_CURVE('',#6248,#6253,#6199,.T.);
#6332=ADVANCED_FACE('',(#6331),#6319,.T.);
#6340=EDGE_CURVE('',#6266,#6267,#6178,.T.);
#6342=EDGE_CURVE('',#6266,#6260,#6235,.T.);
#6346=ADVANCED_FACE('',(#6345),#6337,.F.);
#6362=EDGE_CURVE('',#6249,#6255,#6192,.T.);
#6364=EDGE_CURVE('',#6255,#6257,#6220,.T.);
#6366=EDGE_CURVE('',#6266,#6257,#6242,.T.);
#6370=ADVANCED_FACE('',(#6369),#6358,.T.);
#6378=EDGE_CURVE('',#6253,#6255,#6228,.T.);
#6383=ADVANCED_FACE('',(#6382),#6375,.T.);
#6390=EDGE_CURVE('',#6257,#6252,#6213,.T.);
#6396=ADVANCED_FACE('',(#6395),#6388,.T.);
#6408=ADVANCED_FACE('',(#6407),#6401,.T.);
#6443=CIRCLE('',#6442,1.25E-1);
#6528=CIRCLE('',#6527,1.25E-1);
#6575=EDGE_CURVE('',#6549,#6569,#6421,.T.);
#6577=EDGE_CURVE('',#6569,#6563,#6428,.T.);
#6579=EDGE_CURVE('',#6563,#6548,#6435,.T.);
#6581=EDGE_CURVE('',#6548,#6549,#6443,.T.);
#6585=ADVANCED_FACE('',(#6584),#6574,.F.);
#6598=EDGE_CURVE('',#6566,#6567,#6450,.T.);
#6600=EDGE_CURVE('',#6569,#6567,#6457,.T.);
#6603=EDGE_CURVE('',#6549,#6555,#6464,.T.);
#6605=EDGE_CURVE('',#6555,#6557,#6520,.T.);
#6607=EDGE_CURVE('',#6566,#6557,#6499,.T.);
#6611=ADVANCED_FACE('',(#6610),#6597,.T.);
#6617=EDGE_CURVE('',#6560,#6561,#6471,.T.);
#6619=EDGE_CURVE('',#6561,#6567,#6542,.T.);
#6622=EDGE_CURVE('',#6566,#6560,#6492,.T.);
#6626=ADVANCED_FACE('',(#6625),#6616,.F.);
#6640=EDGE_CURVE('',#6560,#6552,#6478,.T.);
#6642=EDGE_CURVE('',#6552,#6553,#6506,.T.);
#6644=EDGE_CURVE('',#6548,#6553,#6535,.T.);
#6647=EDGE_CURVE('',#6563,#6561,#6485,.T.);
#6651=ADVANCED_FACE('',(#6650),#6638,.T.);
#6659=EDGE_CURVE('',#6557,#6552,#6513,.T.);
#6664=ADVANCED_FACE('',(#6663),#6656,.T.);
#6673=EDGE_CURVE('',#6553,#6555,#6528,.T.);
#6677=ADVANCED_FACE('',(#6676),#6669,.T.);
#6689=ADVANCED_FACE('',(#6688),#6682,.T.);
#6701=ADVANCED_FACE('',(#6700),#6694,.F.);
#6736=CIRCLE('',#6735,1.25E-1);
#6835=CIRCLE('',#6834,1.25E-1);
#6875=EDGE_CURVE('',#6860,#6861,#6721,.T.);
#6877=EDGE_CURVE('',#6861,#6848,#6728,.T.);
#6879=EDGE_CURVE('',#6848,#6849,#6736,.T.);
#6881=EDGE_CURVE('',#6849,#6860,#6743,.T.);
#6885=ADVANCED_FACE('',(#6884),#6874,.F.);
#6899=EDGE_CURVE('',#6860,#6869,#6764,.T.);
#6901=EDGE_CURVE('',#6865,#6869,#6750,.T.);
#6903=EDGE_CURVE('',#6861,#6865,#6792,.T.);
#6907=ADVANCED_FACE('',(#6906),#6897,.F.);
#6920=EDGE_CURVE('',#6868,#6869,#6757,.T.);
#6924=EDGE_CURVE('',#6849,#6855,#6771,.T.);
#6926=EDGE_CURVE('',#6855,#6857,#6827,.T.);
#6928=EDGE_CURVE('',#6868,#6857,#6806,.T.);
#6932=ADVANCED_FACE('',(#6931),#6919,.T.);
#6938=EDGE_CURVE('',#6864,#6865,#6778,.T.);
#6942=EDGE_CURVE('',#6868,#6864,#6799,.T.);
#6946=ADVANCED_FACE('',(#6945),#6937,.F.);
#6960=EDGE_CURVE('',#6864,#6852,#6785,.T.);
#6962=EDGE_CURVE('',#6852,#6853,#6813,.T.);
#6964=EDGE_CURVE('',#6848,#6853,#6842,.T.);
#6970=ADVANCED_FACE('',(#6969),#6958,.T.);
#6978=EDGE_CURVE('',#6857,#6852,#6820,.T.);
#6983=ADVANCED_FACE('',(#6982),#6975,.T.);
#6992=EDGE_CURVE('',#6853,#6855,#6835,.T.);
#6996=ADVANCED_FACE('',(#6995),#6988,.T.);
#7008=ADVANCED_FACE('',(#7007),#7001,.T.);
#7036=CIRCLE('',#7035,1.25E-1);
#7128=CIRCLE('',#7127,1.25E-1);
#7175=EDGE_CURVE('',#7164,#7165,#7021,.T.);
#7177=EDGE_CURVE('',#7149,#7164,#7028,.T.);
#7179=EDGE_CURVE('',#7148,#7149,#7036,.T.);
#7181=EDGE_CURVE('',#7165,#7148,#7043,.T.);
#7185=ADVANCED_FACE('',(#7184),#7174,.T.);
#7198=EDGE_CURVE('',#7160,#7161,#7050,.T.);
#7200=EDGE_CURVE('',#7164,#7161,#7099,.T.);
#7203=EDGE_CURVE('',#7165,#7160,#7064,.T.);
#7207=ADVANCED_FACE('',(#7206),#7197,.T.);
#7221=EDGE_CURVE('',#7167,#7160,#7057,.T.);
#7223=EDGE_CURVE('',#7169,#7167,#7106,.T.);
#7225=EDGE_CURVE('',#7169,#7161,#7085,.T.);
#7229=ADVANCED_FACE('',(#7228),#7219,.T.);
#7245=EDGE_CURVE('',#7148,#7153,#7078,.T.);
#7247=EDGE_CURVE('',#7152,#7153,#7120,.T.);
#7249=EDGE_CURVE('',#7167,#7152,#7071,.T.);
#7253=ADVANCED_FACE('',(#7252),#7241,.F.);
#7260=EDGE_CURVE('',#7149,#7155,#7092,.T.);
#7262=EDGE_CURVE('',#7153,#7155,#7128,.T.);
#7267=ADVANCED_FACE('',(#7266),#7258,.T.);
#7274=EDGE_CURVE('',#7169,#7157,#7113,.T.);
#7276=EDGE_CURVE('',#7155,#7157,#7135,.T.);
#7283=ADVANCED_FACE('',(#7282),#7272,.F.);
#7291=EDGE_CURVE('',#7157,#7152,#7142,.T.);
#7296=ADVANCED_FACE('',(#7295),#7288,.F.);
#7308=ADVANCED_FACE('',(#7307),#7301,.F.);
#7336=CIRCLE('',#7335,1.25E-1);
#7428=CIRCLE('',#7427,1.25E-1);
#7475=EDGE_CURVE('',#7464,#7465,#7321,.T.);
#7477=EDGE_CURVE('',#7449,#7464,#7328,.T.);
#7479=EDGE_CURVE('',#7448,#7449,#7336,.T.);
#7481=EDGE_CURVE('',#7465,#7448,#7343,.T.);
#7485=ADVANCED_FACE('',(#7484),#7474,.T.);
#7498=EDGE_CURVE('',#7460,#7461,#7350,.T.);
#7500=EDGE_CURVE('',#7464,#7461,#7399,.T.);
#7503=EDGE_CURVE('',#7465,#7460,#7364,.T.);
#7507=ADVANCED_FACE('',(#7506),#7497,.T.);
#7521=EDGE_CURVE('',#7467,#7460,#7357,.T.);
#7523=EDGE_CURVE('',#7469,#7467,#7406,.T.);
#7525=EDGE_CURVE('',#7469,#7461,#7385,.T.);
#7529=ADVANCED_FACE('',(#7528),#7519,.T.);
#7545=EDGE_CURVE('',#7448,#7453,#7378,.T.);
#7547=EDGE_CURVE('',#7452,#7453,#7420,.T.);
#7549=EDGE_CURVE('',#7467,#7452,#7371,.T.);
#7553=ADVANCED_FACE('',(#7552),#7541,.F.);
#7560=EDGE_CURVE('',#7449,#7455,#7392,.T.);
#7562=EDGE_CURVE('',#7453,#7455,#7428,.T.);
#7567=ADVANCED_FACE('',(#7566),#7558,.T.);
#7574=EDGE_CURVE('',#7469,#7457,#7413,.T.);
#7576=EDGE_CURVE('',#7455,#7457,#7435,.T.);
#7583=ADVANCED_FACE('',(#7582),#7572,.F.);
#7591=EDGE_CURVE('',#7457,#7452,#7442,.T.);
#7596=ADVANCED_FACE('',(#7595),#7588,.F.);
#7608=ADVANCED_FACE('',(#7607),#7601,.F.);
#7636=CIRCLE('',#7635,1.25E-1);
#7728=CIRCLE('',#7727,1.25E-1);
#7775=EDGE_CURVE('',#7764,#7765,#7621,.T.);
#7777=EDGE_CURVE('',#7749,#7764,#7628,.T.);
#7779=EDGE_CURVE('',#7748,#7749,#7636,.T.);
#7781=EDGE_CURVE('',#7765,#7748,#7643,.T.);
#7785=ADVANCED_FACE('',(#7784),#7774,.T.);
#7798=EDGE_CURVE('',#7760,#7761,#7650,.T.);
#7800=EDGE_CURVE('',#7764,#7761,#7699,.T.);
#7803=EDGE_CURVE('',#7765,#7760,#7664,.T.);
#7807=ADVANCED_FACE('',(#7806),#7797,.T.);
#7821=EDGE_CURVE('',#7767,#7760,#7657,.T.);
#7823=EDGE_CURVE('',#7769,#7767,#7706,.T.);
#7825=EDGE_CURVE('',#7769,#7761,#7685,.T.);
#7829=ADVANCED_FACE('',(#7828),#7819,.T.);
#7845=EDGE_CURVE('',#7748,#7753,#7678,.T.);
#7847=EDGE_CURVE('',#7752,#7753,#7720,.T.);
#7849=EDGE_CURVE('',#7767,#7752,#7671,.T.);
#7853=ADVANCED_FACE('',(#7852),#7841,.F.);
#7860=EDGE_CURVE('',#7749,#7755,#7692,.T.);
#7862=EDGE_CURVE('',#7753,#7755,#7728,.T.);
#7867=ADVANCED_FACE('',(#7866),#7858,.T.);
#7874=EDGE_CURVE('',#7769,#7757,#7713,.T.);
#7876=EDGE_CURVE('',#7755,#7757,#7735,.T.);
#7883=ADVANCED_FACE('',(#7882),#7872,.F.);
#7891=EDGE_CURVE('',#7757,#7752,#7742,.T.);
#7896=ADVANCED_FACE('',(#7895),#7888,.F.);
#7908=ADVANCED_FACE('',(#7907),#7901,.F.);
#7936=CIRCLE('',#7935,1.25E-1);
#8028=CIRCLE('',#8027,1.25E-1);
#8075=EDGE_CURVE('',#8064,#8065,#7921,.T.);
#8077=EDGE_CURVE('',#8049,#8064,#7928,.T.);
#8079=EDGE_CURVE('',#8048,#8049,#7936,.T.);
#8081=EDGE_CURVE('',#8065,#8048,#7943,.T.);
#8085=ADVANCED_FACE('',(#8084),#8074,.T.);
#8098=EDGE_CURVE('',#8060,#8061,#7950,.T.);
#8100=EDGE_CURVE('',#8064,#8061,#7999,.T.);
#8103=EDGE_CURVE('',#8065,#8060,#7964,.T.);
#8107=ADVANCED_FACE('',(#8106),#8097,.T.);
#8121=EDGE_CURVE('',#8067,#8060,#7957,.T.);
#8123=EDGE_CURVE('',#8069,#8067,#8006,.T.);
#8125=EDGE_CURVE('',#8069,#8061,#7985,.T.);
#8129=ADVANCED_FACE('',(#8128),#8119,.T.);
#8145=EDGE_CURVE('',#8048,#8053,#7978,.T.);
#8147=EDGE_CURVE('',#8052,#8053,#8020,.T.);
#8149=EDGE_CURVE('',#8067,#8052,#7971,.T.);
#8153=ADVANCED_FACE('',(#8152),#8141,.F.);
#8160=EDGE_CURVE('',#8049,#8055,#7992,.T.);
#8162=EDGE_CURVE('',#8053,#8055,#8028,.T.);
#8167=ADVANCED_FACE('',(#8166),#8158,.T.);
#8174=EDGE_CURVE('',#8069,#8057,#8013,.T.);
#8176=EDGE_CURVE('',#8055,#8057,#8035,.T.);
#8183=ADVANCED_FACE('',(#8182),#8172,.F.);
#8191=EDGE_CURVE('',#8057,#8052,#8042,.T.);
#8196=ADVANCED_FACE('',(#8195),#8188,.F.);
#8208=ADVANCED_FACE('',(#8207),#8201,.F.);
#8236=CIRCLE('',#8235,1.25E-1);
#8335=CIRCLE('',#8334,1.25E-1);
#8375=EDGE_CURVE('',#8360,#8361,#8221,.T.);
#8377=EDGE_CURVE('',#8361,#8348,#8228,.T.);
#8379=EDGE_CURVE('',#8348,#8349,#8236,.T.);
#8381=EDGE_CURVE('',#8349,#8360,#8243,.T.);
#8385=ADVANCED_FACE('',(#8384),#8374,.F.);
#8399=EDGE_CURVE('',#8360,#8369,#8264,.T.);
#8401=EDGE_CURVE('',#8365,#8369,#8250,.T.);
#8403=EDGE_CURVE('',#8361,#8365,#8292,.T.);
#8407=ADVANCED_FACE('',(#8406),#8397,.F.);
#8420=EDGE_CURVE('',#8368,#8369,#8257,.T.);
#8424=EDGE_CURVE('',#8349,#8355,#8271,.T.);
#8426=EDGE_CURVE('',#8355,#8357,#8327,.T.);
#8428=EDGE_CURVE('',#8368,#8357,#8306,.T.);
#8432=ADVANCED_FACE('',(#8431),#8419,.T.);
#8438=EDGE_CURVE('',#8364,#8365,#8278,.T.);
#8442=EDGE_CURVE('',#8368,#8364,#8299,.T.);
#8446=ADVANCED_FACE('',(#8445),#8437,.F.);
#8460=EDGE_CURVE('',#8364,#8352,#8285,.T.);
#8462=EDGE_CURVE('',#8352,#8353,#8313,.T.);
#8464=EDGE_CURVE('',#8348,#8353,#8342,.T.);
#8470=ADVANCED_FACE('',(#8469),#8458,.T.);
#8478=EDGE_CURVE('',#8357,#8352,#8320,.T.);
#8483=ADVANCED_FACE('',(#8482),#8475,.T.);
#8492=EDGE_CURVE('',#8353,#8355,#8335,.T.);
#8496=ADVANCED_FACE('',(#8495),#8488,.T.);
#8508=ADVANCED_FACE('',(#8507),#8501,.T.);
#8536=CIRCLE('',#8535,1.25E-1);
#8600=CIRCLE('',#8599,1.25E-1);
#8675=EDGE_CURVE('',#8660,#8661,#8521,.T.);
#8677=EDGE_CURVE('',#8649,#8660,#8528,.T.);
#8679=EDGE_CURVE('',#8648,#8649,#8536,.T.);
#8681=EDGE_CURVE('',#8661,#8648,#8543,.T.);
#8685=ADVANCED_FACE('',(#8684),#8674,.T.);
#8699=EDGE_CURVE('',#8661,#8665,#8564,.T.);
#8701=EDGE_CURVE('',#8665,#8669,#8550,.T.);
#8703=EDGE_CURVE('',#8660,#8669,#8642,.T.);
#8707=ADVANCED_FACE('',(#8706),#8697,.T.);
#8720=EDGE_CURVE('',#8664,#8665,#8557,.T.);
#8724=EDGE_CURVE('',#8648,#8653,#8621,.T.);
#8726=EDGE_CURVE('',#8652,#8653,#8592,.T.);
#8728=EDGE_CURVE('',#8664,#8652,#8571,.T.);
#8732=ADVANCED_FACE('',(#8731),#8719,.F.);
#8739=EDGE_CURVE('',#8668,#8664,#8578,.T.);
#8741=EDGE_CURVE('',#8668,#8669,#8628,.T.);
#8746=ADVANCED_FACE('',(#8745),#8737,.T.);
#8761=EDGE_CURVE('',#8657,#8652,#8614,.T.);
#8763=EDGE_CURVE('',#8668,#8657,#8585,.T.);
#8767=ADVANCED_FACE('',(#8766),#8758,.F.);
#8774=EDGE_CURVE('',#8653,#8655,#8600,.T.);
#8776=EDGE_CURVE('',#8655,#8657,#8607,.T.);
#8781=ADVANCED_FACE('',(#8780),#8772,.F.);
#8788=EDGE_CURVE('',#8649,#8655,#8635,.T.);
#8794=ADVANCED_FACE('',(#8793),#8786,.T.);
#8808=ADVANCED_FACE('',(#8807),#8799,.F.);
#8817=(LENGTH_UNIT()NAMED_UNIT(*)SI_UNIT(.MILLI.,.METRE.));
#8818=(NAMED_UNIT(*)PLANE_ANGLE_UNIT()SI_UNIT($,.RADIAN.));
#8821=(NAMED_UNIT(*)SI_UNIT($,.STERADIAN.)SOLID_ANGLE_UNIT());
#8823=(GEOMETRIC_REPRESENTATION_CONTEXT(3)GLOBAL_UNCERTAINTY_ASSIGNED_CONTEXT((
#8822))GLOBAL_UNIT_ASSIGNED_CONTEXT((#8817,#8820,#8821))REPRESENTATION_CONTEXT(
'ID2','3'));
#8827=AXIS2_PLACEMENT_3D('',#8824,#8825,#8826);
#8828=ADVANCED_BREP_SHAPE_REPRESENTATION('',(#8827,#5810,#6110,#6410,#6710,
#7010,#7310,#7610,#7910,#8210,#8510,#8810),#8823);
#8832=PRODUCT_DEFINITION('part definition','',#8831,#4330);
#8833=PRODUCT_DEFINITION_SHAPE('','SHAPE FOR FRAME-DRC0010R_AF0.',#8832);
#8834=SHAPE_ASPECT('','solid data associated with FRAME-DRC0010R_AF0',#8833,
.F.);
#8835=PROPERTY_DEFINITION('',
'shape for solid data with which properties are associated',#8834);
#8836=SHAPE_REPRESENTATION('',(#8810),#8823);
#8837=SHAPE_DEFINITION_REPRESENTATION(#8835,#8836);
#8838=(LENGTH_UNIT()NAMED_UNIT(*)SI_UNIT(.MILLI.,.METRE.));
#8842=PROPERTY_DEFINITION('geometric validation property',
'area of FRAME-DRC0010R_AF0',#8834);
#8843=REPRESENTATION('surface area',(#8841),#8823);
#8844=PROPERTY_DEFINITION_REPRESENTATION(#8842,#8843);
#8845=(LENGTH_UNIT()NAMED_UNIT(*)SI_UNIT(.MILLI.,.METRE.));
#8849=PROPERTY_DEFINITION('geometric validation property',
'volume of FRAME-DRC0010R_AF0',#8834);
#8850=REPRESENTATION('volume',(#8848),#8823);
#8851=PROPERTY_DEFINITION_REPRESENTATION(#8849,#8850);
#8853=PROPERTY_DEFINITION('geometric validation property',
'centroid of FRAME-DRC0010R_AF0',#8834);
#8854=REPRESENTATION('centroid',(#8852),#8823);
#8855=PROPERTY_DEFINITION_REPRESENTATION(#8853,#8854);
#8856=(LENGTH_UNIT()NAMED_UNIT(*)SI_UNIT(.MILLI.,.METRE.));
#8860=PROPERTY_DEFINITION('geometric validation property',
'area of FRAME-DRC0010R_AF0',#8833);
#8861=REPRESENTATION('surface area',(#8859),#8823);
#8862=PROPERTY_DEFINITION_REPRESENTATION(#8860,#8861);
#8863=(LENGTH_UNIT()NAMED_UNIT(*)SI_UNIT(.MILLI.,.METRE.));
#8867=PROPERTY_DEFINITION('geometric validation property',
'volume of FRAME-DRC0010R_AF0',#8833);
#8868=REPRESENTATION('volume',(#8866),#8823);
#8869=PROPERTY_DEFINITION_REPRESENTATION(#8867,#8868);
#8871=PROPERTY_DEFINITION('geometric validation property',
'centroid of FRAME-DRC0010R_AF0',#8833);
#8872=REPRESENTATION('centroid',(#8870),#8823);
#8873=PROPERTY_DEFINITION_REPRESENTATION(#8871,#8872);
#8874=SHAPE_DEFINITION_REPRESENTATION(#8833,#8828);
#8875=PROPERTY_DEFINITION('DESCRIPTION','user defined attribute',#8832);
#8879=REPRESENTATION('',(#8878),#8823);
#8880=PROPERTY_DEFINITION_REPRESENTATION(#8875,#8879);
#8881=PROPERTY_DEFINITION('MODELED_BY','user defined attribute',#8832);
#8885=REPRESENTATION('',(#8884),#8823);
#8886=PROPERTY_DEFINITION_REPRESENTATION(#8881,#8885);
#8887=NEXT_ASSEMBLY_USAGE_OCCURRENCE('141','Next assembly relationship',
'FRAME-DRC0010R',#8916,#8832,$);
#8888=PRODUCT_DEFINITION_SHAPE('Placement #141',
'Placement of FRAME-DRC0010R_AF0 with respect to DRC0010R_ASM',#8887);
#8890=PROPERTY_DEFINITION('geometric validation property',
'centroid of FRAME-DRC0010R',#8888);
#8891=REPRESENTATION('centroid',(#8889),#8823);
#8892=PROPERTY_DEFINITION_REPRESENTATION(#8890,#8891);
#8900=(LENGTH_UNIT()NAMED_UNIT(*)SI_UNIT(.MILLI.,.METRE.));
#8901=(NAMED_UNIT(*)PLANE_ANGLE_UNIT()SI_UNIT($,.RADIAN.));
#8904=(NAMED_UNIT(*)SI_UNIT($,.STERADIAN.)SOLID_ANGLE_UNIT());
#8906=(GEOMETRIC_REPRESENTATION_CONTEXT(3)GLOBAL_UNCERTAINTY_ASSIGNED_CONTEXT((
#8905))GLOBAL_UNIT_ASSIGNED_CONTEXT((#8900,#8903,#8904))REPRESENTATION_CONTEXT(
'ID3','3'));
#8910=AXIS2_PLACEMENT_3D('',#8907,#8908,#8909);
#8916=PRODUCT_DEFINITION('part definition','',#8915,#8912);
#8917=(LENGTH_UNIT()NAMED_UNIT(*)SI_UNIT(.MILLI.,.METRE.));
#8921=PROPERTY_DEFINITION('geometric validation property',
'area of DRC0010R_ASM',#4378);
#8922=REPRESENTATION('surface area',(#8920),#8906);
#8923=PROPERTY_DEFINITION_REPRESENTATION(#8921,#8922);
#8924=(LENGTH_UNIT()NAMED_UNIT(*)SI_UNIT(.MILLI.,.METRE.));
#8928=PROPERTY_DEFINITION('geometric validation property',
'volume of DRC0010R_ASM',#4378);
#8929=REPRESENTATION('volume',(#8927),#8906);
#8930=PROPERTY_DEFINITION_REPRESENTATION(#8928,#8929);
#8932=PROPERTY_DEFINITION('geometric validation property',
'centroid of DRC0010R_ASM',#4378);
#8933=REPRESENTATION('centroid',(#8931),#8906);
#8934=PROPERTY_DEFINITION_REPRESENTATION(#8932,#8933);
#8936=PROPERTY_DEFINITION('TITLE','user defined attribute',#8916);
#8939=PROPERTY_DEFINITION('DWG_NO','user defined attribute',#8916);
#8943=REPRESENTATION('',(#8942),#8906);
#8944=PROPERTY_DEFINITION_REPRESENTATION(#8939,#8943);
#8945=PROPERTY_DEFINITION('REV','user defined attribute',#8916);
#8949=REPRESENTATION('',(#8948),#8906);
#8950=PROPERTY_DEFINITION_REPRESENTATION(#8945,#8949);
#8951=PROPERTY_DEFINITION('AUTHOR','user defined attribute',#8916);
#8955=REPRESENTATION('',(#8954),#8906);
#8956=PROPERTY_DEFINITION_REPRESENTATION(#8951,#8955);
#8957=PROPERTY_DEFINITION('DATE','user defined attribute',#8916);
#8961=REPRESENTATION('',(#8960),#8906);
#8962=PROPERTY_DEFINITION_REPRESENTATION(#8957,#8961);
#8963=PROPERTY_DEFINITION('DCHK','user defined attribute',#8916);
#8967=REPRESENTATION('',(#8966),#8906);
#8968=PROPERTY_DEFINITION_REPRESENTATION(#8963,#8967);
#8969=PROPERTY_DEFINITION('DCHK_DATE','user defined attribute',#8916);
#8973=REPRESENTATION('',(#8972),#8906);
#8974=PROPERTY_DEFINITION_REPRESENTATION(#8969,#8973);
#8975=PROPERTY_DEFINITION('ECHK','user defined attribute',#8916);
#8979=REPRESENTATION('',(#8978),#8906);
#8980=PROPERTY_DEFINITION_REPRESENTATION(#8975,#8979);
#8981=PROPERTY_DEFINITION('ECHK_DATE','user defined attribute',#8916);
#8985=REPRESENTATION('',(#8984),#8906);
#8986=PROPERTY_DEFINITION_REPRESENTATION(#8981,#8985);
#8987=PROPERTY_DEFINITION('DESG','user defined attribute',#8916);
#8991=REPRESENTATION('',(#8990),#8906);
#8992=PROPERTY_DEFINITION_REPRESENTATION(#8987,#8991);
#8993=PROPERTY_DEFINITION('TI_PACKAGE_NAME','user defined attribute',#8916);
#8997=REPRESENTATION('',(#8996),#8906);
#8998=PROPERTY_DEFINITION_REPRESENTATION(#8993,#8997);
#8999=PROPERTY_DEFINITION('INDUSTRY_NAME','user defined attribute',#8916);
#9003=REPRESENTATION('',(#9002),#8906);
#9004=PROPERTY_DEFINITION_REPRESENTATION(#8999,#9003);
#9005=PROPERTY_DEFINITION('RELEASED','user defined attribute',#8916);
#9009=REPRESENTATION('',(#9008),#8906);
#9010=PROPERTY_DEFINITION_REPRESENTATION(#9005,#9009);
#9011=PROPERTY_DEFINITION('DESIGNER','user defined attribute',#8916);
#9015=REPRESENTATION('',(#9014),#8906);
#9016=PROPERTY_DEFINITION_REPRESENTATION(#9011,#9015);
#9017=PROPERTY_DEFINITION('APPROVER','user defined attribute',#8916);
#9021=REPRESENTATION('',(#9020),#8906);
#9022=PROPERTY_DEFINITION_REPRESENTATION(#9017,#9021);
#9023=PROPERTY_DEFINITION('DES_DATE','user defined attribute',#8916);
#9027=REPRESENTATION('',(#9026),#8906);
#9028=PROPERTY_DEFINITION_REPRESENTATION(#9023,#9027);
#9029=PROPERTY_DEFINITION('APP_DATE','user defined attribute',#8916);
#9033=REPRESENTATION('',(#9032),#8906);
#9034=PROPERTY_DEFINITION_REPRESENTATION(#9029,#9033);
#9035=PROPERTY_DEFINITION('REL_DATE','user defined attribute',#8916);
#9039=REPRESENTATION('',(#9038),#8906);
#9040=PROPERTY_DEFINITION_REPRESENTATION(#9035,#9039);
#9041=PROPERTY_DEFINITION('LD_CNT','user defined attribute',#8916);
#9045=REPRESENTATION('',(#9044),#8906);
#9046=PROPERTY_DEFINITION_REPRESENTATION(#9041,#9045);
#9048=REPRESENTATION('',(#9047),#8906);
#9049=PROPERTY_DEFINITION('attribute type designation','Real Number',#9042);
#9050=PROPERTY_DEFINITION_REPRESENTATION(#9049,#9048);
#9051=PROPERTY_DEFINITION('LDNO2','user defined attribute',#8916);
#9055=REPRESENTATION('',(#9054),#8906);
#9056=PROPERTY_DEFINITION_REPRESENTATION(#9051,#9055);
#9058=REPRESENTATION('',(#9057),#8906);
#9059=PROPERTY_DEFINITION('attribute type designation','Real Number',#9052);
#9060=PROPERTY_DEFINITION_REPRESENTATION(#9059,#9058);
#9061=PROPERTY_DEFINITION('LDNO3','user defined attribute',#8916);
#9065=REPRESENTATION('',(#9064),#8906);
#9066=PROPERTY_DEFINITION_REPRESENTATION(#9061,#9065);
#9068=REPRESENTATION('',(#9067),#8906);
#9069=PROPERTY_DEFINITION('attribute type designation','Real Number',#9062);
#9070=PROPERTY_DEFINITION_REPRESENTATION(#9069,#9068);
#9071=PROPERTY_DEFINITION('LDNO4','user defined attribute',#8916);
#9075=REPRESENTATION('',(#9074),#8906);
#9076=PROPERTY_DEFINITION_REPRESENTATION(#9071,#9075);
#9078=REPRESENTATION('',(#9077),#8906);
#9079=PROPERTY_DEFINITION('attribute type designation','Real Number',#9072);
#9080=PROPERTY_DEFINITION_REPRESENTATION(#9079,#9078);
#9081=PROPERTY_DEFINITION('LDNO5','user defined attribute',#8916);
#9085=REPRESENTATION('',(#9084),#8906);
#9086=PROPERTY_DEFINITION_REPRESENTATION(#9081,#9085);
#9088=REPRESENTATION('',(#9087),#8906);
#9089=PROPERTY_DEFINITION('attribute type designation','Real Number',#9082);
#9090=PROPERTY_DEFINITION_REPRESENTATION(#9089,#9088);
#9091=PROPERTY_DEFINITION('LDNO6','user defined attribute',#8916);
#9095=REPRESENTATION('',(#9094),#8906);
#9096=PROPERTY_DEFINITION_REPRESENTATION(#9091,#9095);
#9098=REPRESENTATION('',(#9097),#8906);
#9099=PROPERTY_DEFINITION('attribute type designation','Real Number',#9092);
#9100=PROPERTY_DEFINITION_REPRESENTATION(#9099,#9098);
#9101=PROPERTY_DEFINITION('LDNO7','user defined attribute',#8916);
#9105=REPRESENTATION('',(#9104),#8906);
#9106=PROPERTY_DEFINITION_REPRESENTATION(#9101,#9105);
#9108=REPRESENTATION('',(#9107),#8906);
#9109=PROPERTY_DEFINITION('attribute type designation','Real Number',#9102);
#9110=PROPERTY_DEFINITION_REPRESENTATION(#9109,#9108);
#9111=PROPERTY_DEFINITION('LP_CNT','user defined attribute',#8916);
#9115=REPRESENTATION('',(#9114),#8906);
#9116=PROPERTY_DEFINITION_REPRESENTATION(#9111,#9115);
#9118=REPRESENTATION('',(#9117),#8906);
#9119=PROPERTY_DEFINITION('attribute type designation','Real Number',#9112);
#9120=PROPERTY_DEFINITION_REPRESENTATION(#9119,#9118);
#9121=PROPERTY_DEFINITION('LDPITCH_CNT','user defined attribute',#8916);
#9125=REPRESENTATION('',(#9124),#8906);
#9126=PROPERTY_DEFINITION_REPRESENTATION(#9121,#9125);
#9128=REPRESENTATION('',(#9127),#8906);
#9129=PROPERTY_DEFINITION('attribute type designation','Real Number',#9122);
#9130=PROPERTY_DEFINITION_REPRESENTATION(#9129,#9128);
#9131=PROPERTY_DEFINITION('LD_PITCH','user defined attribute',#8916);
#9135=REPRESENTATION('',(#9134),#8906);
#9136=PROPERTY_DEFINITION_REPRESENTATION(#9131,#9135);
#9138=REPRESENTATION('',(#9137),#8906);
#9139=PROPERTY_DEFINITION('attribute type designation','Real Number',#9132);
#9140=PROPERTY_DEFINITION_REPRESENTATION(#9139,#9138);
#9141=PROPERTY_DEFINITION('AMAX','user defined attribute',#8916);
#9145=REPRESENTATION('',(#9144),#8906);
#9146=PROPERTY_DEFINITION_REPRESENTATION(#9141,#9145);
#9148=REPRESENTATION('',(#9147),#8906);
#9149=PROPERTY_DEFINITION('attribute type designation','Real Number',#9142);
#9150=PROPERTY_DEFINITION_REPRESENTATION(#9149,#9148);
#9151=PROPERTY_DEFINITION('PKG_NAME','user defined attribute',#8916);
#9155=REPRESENTATION('',(#9154),#8906);
#9156=PROPERTY_DEFINITION_REPRESENTATION(#9151,#9155);
#9157=PROPERTY_DEFINITION('MM_YYYY','user defined attribute',#8916);
#9161=REPRESENTATION('',(#9160),#8906);
#9162=PROPERTY_DEFINITION_REPRESENTATION(#9157,#9161);
#9163=PROPERTY_DEFINITION('TPAD_NO','user defined attribute',#8916);
#9167=REPRESENTATION('',(#9166),#8906);
#9168=PROPERTY_DEFINITION_REPRESENTATION(#9163,#9167);
#9170=REPRESENTATION('',(#9169),#8906);
#9171=PROPERTY_DEFINITION('attribute type designation','Real Number',#9164);
#9172=PROPERTY_DEFINITION_REPRESENTATION(#9171,#9170);
ENDSEC;
END-ISO-10303-21;
