ISO-10303-21;
HEADER;
FILE_DESCRIPTION((''),'2;1');
FILE_NAME('ISFW8S-2STLF','2007-09-10T',('ShoujiR'),(''),
'PRO/ENGINEER BY PARAMETRIC TECHNOLOGY CORPORATION, 2005230',
'PRO/ENGINEER BY PARAMETRIC TECHNOLOGY CORPORATION, 2005230','');
FILE_SCHEMA(('CONFIG_CONTROL_DESIGN'));
ENDSEC;
DATA;
#1=DIRECTION('',(0.E0,0.E0,1.E0));
#2=VECTOR('',#1,2.E-1);
#3=CARTESIAN_POINT('',(3.7E0,-1.8E0,1.9E0));
#4=LINE('',#3,#2);
#5=DIRECTION('',(-7.071067811865E-1,0.E0,-7.071067811865E-1));
#6=VECTOR('',#5,2.828427124744E-1);
#7=CARTESIAN_POINT('',(6.5E0,-1.8E0,-1.9E0));
#8=LINE('',#7,#6);
#9=DIRECTION('',(-2.775396528210E-1,0.E0,9.607141828411E-1));
#10=VECTOR('',#9,4.684015371454E-1);
#11=CARTESIAN_POINT('',(4.99E0,-1.8E0,-2.1E0));
#12=LINE('',#11,#10);
#13=DIRECTION('',(-2.775396528210E-1,0.E0,-9.607141828411E-1));
#14=VECTOR('',#13,4.684015371454E-1);
#15=CARTESIAN_POINT('',(-4.86E0,-1.8E0,-1.65E0));
#16=LINE('',#15,#14);
#17=DIRECTION('',(-7.071067811865E-1,0.E0,7.071067811865E-1));
#18=VECTOR('',#17,2.828427124744E-1);
#19=CARTESIAN_POINT('',(-6.3E0,-1.8E0,-2.1E0));
#20=LINE('',#19,#18);
#21=DIRECTION('',(0.E0,0.E0,1.E0));
#22=VECTOR('',#21,2.E-1);
#23=CARTESIAN_POINT('',(-2.7E0,-1.8E0,1.9E0));
#24=LINE('',#23,#22);
#25=DIRECTION('',(1.E0,0.E0,0.E0));
#26=VECTOR('',#25,4.E-1);
#27=CARTESIAN_POINT('',(-2.7E0,-1.8E0,1.9E0));
#28=LINE('',#27,#26);
#29=DIRECTION('',(0.E0,0.E0,1.E0));
#30=VECTOR('',#29,2.E-1);
#31=CARTESIAN_POINT('',(-2.3E0,-1.8E0,1.9E0));
#32=LINE('',#31,#30);
#33=DIRECTION('',(0.E0,0.E0,1.E0));
#34=VECTOR('',#33,2.E-1);
#35=CARTESIAN_POINT('',(-7.E-1,-1.8E0,1.9E0));
#36=LINE('',#35,#34);
#37=DIRECTION('',(1.E0,0.E0,0.E0));
#38=VECTOR('',#37,4.E-1);
#39=CARTESIAN_POINT('',(-7.E-1,-1.8E0,1.9E0));
#40=LINE('',#39,#38);
#41=DIRECTION('',(0.E0,0.E0,1.E0));
#42=VECTOR('',#41,2.E-1);
#43=CARTESIAN_POINT('',(-3.E-1,-1.8E0,1.9E0));
#44=LINE('',#43,#42);
#45=DIRECTION('',(0.E0,0.E0,1.E0));
#46=VECTOR('',#45,2.E-1);
#47=CARTESIAN_POINT('',(1.3E0,-1.8E0,1.9E0));
#48=LINE('',#47,#46);
#49=DIRECTION('',(1.E0,0.E0,0.E0));
#50=VECTOR('',#49,4.E-1);
#51=CARTESIAN_POINT('',(1.3E0,-1.8E0,1.9E0));
#52=LINE('',#51,#50);
#53=DIRECTION('',(0.E0,0.E0,1.E0));
#54=VECTOR('',#53,2.E-1);
#55=CARTESIAN_POINT('',(1.7E0,-1.8E0,1.9E0));
#56=LINE('',#55,#54);
#57=DIRECTION('',(0.E0,0.E0,1.E0));
#58=VECTOR('',#57,2.E-1);
#59=CARTESIAN_POINT('',(3.3E0,-1.8E0,1.9E0));
#60=LINE('',#59,#58);
#61=DIRECTION('',(1.E0,0.E0,0.E0));
#62=VECTOR('',#61,4.E-1);
#63=CARTESIAN_POINT('',(3.3E0,-1.8E0,1.9E0));
#64=LINE('',#63,#62);
#65=DIRECTION('',(0.E0,9.605382890087E-1,-2.781477940739E-1));
#66=VECTOR('',#65,1.797605484038E-1);
#67=CARTESIAN_POINT('',(3.7E0,-1.65E0,2.15E0));
#68=LINE('',#67,#66);
#69=CARTESIAN_POINT('',(3.7E0,6.5E-1,-1.75E0));
#70=DIRECTION('',(-1.E0,0.E0,0.E0));
#71=DIRECTION('',(0.E0,8.426500884695E-1,-5.384615384615E-1));
#72=AXIS2_PLACEMENT_3D('',#69,#70,#71);
#74=DIRECTION('',(0.E0,-3.320038943170E-1,9.432780153053E-1));
#75=VECTOR('',#74,3.753289876179E-1);
#76=CARTESIAN_POINT('',(3.7E0,-1.5E-1,-1.434875948641E0));
#77=LINE('',#76,#75);
#78=DIRECTION('',(0.E0,-4.067366430760E-1,9.135454576425E-1));
#79=VECTOR('',#78,7.999999999999E-1);
#80=CARTESIAN_POINT('',(3.7E0,-2.746106855392E-1,-1.080836366114E0));
#81=LINE('',#80,#79);
#82=DIRECTION('',(0.E0,5.877852522927E-1,8.090169943748E-1));
#83=VECTOR('',#82,7.999999999997E-2);
#84=CARTESIAN_POINT('',(3.7E0,-6.E-1,-3.5E-1));
#85=LINE('',#84,#83);
#86=DIRECTION('',(0.E0,9.135454576428E-1,4.067366430755E-1));
#87=VECTOR('',#86,1.907179676972E-1);
#88=CARTESIAN_POINT('',(3.7E0,-5.529771798166E-1,-2.852786404500E-1));
#89=LINE('',#88,#87);
#90=DIRECTION('',(0.E0,4.067366430761E-1,-9.135454576425E-1));
#91=VECTOR('',#90,5.623974397929E-1);
#92=CARTESIAN_POINT('',(3.7E0,-3.787476467360E-1,-2.077066544947E-1));
#93=LINE('',#92,#91);
#94=DIRECTION('',(-1.E0,0.E0,0.E0));
#95=VECTOR('',#94,4.E-1);
#96=CARTESIAN_POINT('',(3.7E0,-2.25E0,1.9E0));
#97=LINE('',#96,#95);
#98=DIRECTION('',(0.E0,-1.E0,-1.322398980443E-13));
#99=VECTOR('',#98,4.499999999999E-1);
#100=CARTESIAN_POINT('',(3.7E0,-1.8E0,1.9E0));
#101=LINE('',#100,#99);
#102=DIRECTION('',(0.E0,9.605382890087E-1,-2.781477940739E-1));
#103=VECTOR('',#102,1.797605484038E-1);
#104=CARTESIAN_POINT('',(3.3E0,-1.65E0,2.15E0));
#105=LINE('',#104,#103);
#106=DIRECTION('',(0.E0,1.E0,-6.143234069593E-14));
#107=VECTOR('',#106,5.999999999999E-1);
#108=CARTESIAN_POINT('',(3.3E0,-2.25E0,2.15E0));
#109=LINE('',#108,#107);
#110=DIRECTION('',(0.E0,-2.522426711947E-13,1.E0));
#111=VECTOR('',#110,2.500000000001E-1);
#112=CARTESIAN_POINT('',(3.3E0,-2.25E0,1.9E0));
#113=LINE('',#112,#111);
#114=DIRECTION('',(0.E0,-1.E0,-1.322398980443E-13));
#115=VECTOR('',#114,4.499999999999E-1);
#116=CARTESIAN_POINT('',(3.3E0,-1.8E0,1.9E0));
#117=LINE('',#116,#115);
#118=CARTESIAN_POINT('',(3.3E0,6.5E-1,-1.75E0));
#119=DIRECTION('',(-1.E0,0.E0,0.E0));
#120=DIRECTION('',(0.E0,8.426500884695E-1,-5.384615384615E-1));
#121=AXIS2_PLACEMENT_3D('',#118,#119,#120);
#123=DIRECTION('',(0.E0,4.067366430761E-1,-9.135454576425E-1));
#124=VECTOR('',#123,5.623974397929E-1);
#125=CARTESIAN_POINT('',(3.3E0,-3.787476467360E-1,-2.077066544947E-1));
#126=LINE('',#125,#124);
#127=DIRECTION('',(0.E0,9.135454576428E-1,4.067366430755E-1));
#128=VECTOR('',#127,1.907179676972E-1);
#129=CARTESIAN_POINT('',(3.3E0,-5.529771798166E-1,-2.852786404500E-1));
#130=LINE('',#129,#128);
#131=DIRECTION('',(0.E0,5.877852522927E-1,8.090169943748E-1));
#132=VECTOR('',#131,7.999999999997E-2);
#133=CARTESIAN_POINT('',(3.3E0,-6.E-1,-3.5E-1));
#134=LINE('',#133,#132);
#135=DIRECTION('',(0.E0,-4.067366430760E-1,9.135454576425E-1));
#136=VECTOR('',#135,7.999999999999E-1);
#137=CARTESIAN_POINT('',(3.3E0,-2.746106855392E-1,-1.080836366114E0));
#138=LINE('',#137,#136);
#139=DIRECTION('',(0.E0,-3.320038943170E-1,9.432780153053E-1));
#140=VECTOR('',#139,3.753289876179E-1);
#141=CARTESIAN_POINT('',(3.3E0,-1.5E-1,-1.434875948641E0));
#142=LINE('',#141,#140);
#143=DIRECTION('',(0.E0,1.E0,0.E0));
#144=VECTOR('',#143,3.226668895949E-1);
#145=CARTESIAN_POINT('',(3.7E0,-1.8E0,2.1E0));
#146=LINE('',#145,#144);
#147=DIRECTION('',(-1.E0,0.E0,0.E0));
#148=VECTOR('',#147,4.E-1);
#149=CARTESIAN_POINT('',(3.7E0,-1.477333110405E0,2.1E0));
#150=LINE('',#149,#148);
#151=DIRECTION('',(0.E0,1.E0,0.E0));
#152=VECTOR('',#151,3.226668895949E-1);
#153=CARTESIAN_POINT('',(3.3E0,-1.8E0,2.1E0));
#154=LINE('',#153,#152);
#155=DIRECTION('',(1.E0,0.E0,0.E0));
#156=VECTOR('',#155,1.6E0);
#157=CARTESIAN_POINT('',(1.7E0,-1.8E0,2.1E0));
#158=LINE('',#157,#156);
#159=DIRECTION('',(0.E0,1.E0,0.E0));
#160=VECTOR('',#159,3.226668895949E-1);
#161=CARTESIAN_POINT('',(1.7E0,-1.8E0,2.1E0));
#162=LINE('',#161,#160);
#163=DIRECTION('',(-1.E0,0.E0,0.E0));
#164=VECTOR('',#163,4.E-1);
#165=CARTESIAN_POINT('',(1.7E0,-1.477333110405E0,2.1E0));
#166=LINE('',#165,#164);
#167=DIRECTION('',(0.E0,1.E0,0.E0));
#168=VECTOR('',#167,3.226668895949E-1);
#169=CARTESIAN_POINT('',(1.3E0,-1.8E0,2.1E0));
#170=LINE('',#169,#168);
#171=DIRECTION('',(1.E0,0.E0,0.E0));
#172=VECTOR('',#171,1.6E0);
#173=CARTESIAN_POINT('',(-3.E-1,-1.8E0,2.1E0));
#174=LINE('',#173,#172);
#175=DIRECTION('',(0.E0,1.E0,0.E0));
#176=VECTOR('',#175,3.226668895949E-1);
#177=CARTESIAN_POINT('',(-3.E-1,-1.8E0,2.1E0));
#178=LINE('',#177,#176);
#179=DIRECTION('',(-1.E0,0.E0,0.E0));
#180=VECTOR('',#179,4.E-1);
#181=CARTESIAN_POINT('',(-3.E-1,-1.477333110405E0,2.1E0));
#182=LINE('',#181,#180);
#183=DIRECTION('',(0.E0,1.E0,0.E0));
#184=VECTOR('',#183,3.226668895949E-1);
#185=CARTESIAN_POINT('',(-7.E-1,-1.8E0,2.1E0));
#186=LINE('',#185,#184);
#187=DIRECTION('',(1.E0,0.E0,0.E0));
#188=VECTOR('',#187,1.6E0);
#189=CARTESIAN_POINT('',(-2.3E0,-1.8E0,2.1E0));
#190=LINE('',#189,#188);
#191=DIRECTION('',(0.E0,1.E0,0.E0));
#192=VECTOR('',#191,3.226668895949E-1);
#193=CARTESIAN_POINT('',(-2.3E0,-1.8E0,2.1E0));
#194=LINE('',#193,#192);
#195=DIRECTION('',(-1.E0,0.E0,0.E0));
#196=VECTOR('',#195,4.E-1);
#197=CARTESIAN_POINT('',(-2.3E0,-1.477333110405E0,2.1E0));
#198=LINE('',#197,#196);
#199=DIRECTION('',(0.E0,1.E0,0.E0));
#200=VECTOR('',#199,3.226668895949E-1);
#201=CARTESIAN_POINT('',(-2.7E0,-1.8E0,2.1E0));
#202=LINE('',#201,#200);
#203=DIRECTION('',(1.E0,0.E0,0.E0));
#204=VECTOR('',#203,3.8E0);
#205=CARTESIAN_POINT('',(-6.5E0,-1.8E0,2.1E0));
#206=LINE('',#205,#204);
#207=DIRECTION('',(1.E0,0.E0,0.E0));
#208=VECTOR('',#207,2.8E0);
#209=CARTESIAN_POINT('',(3.7E0,-1.8E0,2.1E0));
#210=LINE('',#209,#208);
#211=DIRECTION('',(0.E0,1.E0,-6.143234069593E-14));
#212=VECTOR('',#211,5.999999999999E-1);
#213=CARTESIAN_POINT('',(3.7E0,-2.25E0,2.15E0));
#214=LINE('',#213,#212);
#215=DIRECTION('',(-1.E0,0.E0,0.E0));
#216=VECTOR('',#215,4.E-1);
#217=CARTESIAN_POINT('',(3.7E0,-1.65E0,2.15E0));
#218=LINE('',#217,#216);
#219=DIRECTION('',(0.E0,-2.522426711947E-13,1.E0));
#220=VECTOR('',#219,2.500000000001E-1);
#221=CARTESIAN_POINT('',(3.7E0,-2.25E0,1.9E0));
#222=LINE('',#221,#220);
#223=DIRECTION('',(-1.E0,0.E0,0.E0));
#224=VECTOR('',#223,4.E-1);
#225=CARTESIAN_POINT('',(3.7E0,-2.25E0,2.15E0));
#226=LINE('',#225,#224);
#227=DIRECTION('',(0.E0,9.605382890087E-1,-2.781477940739E-1));
#228=VECTOR('',#227,1.797605484038E-1);
#229=CARTESIAN_POINT('',(1.7E0,-1.65E0,2.15E0));
#230=LINE('',#229,#228);
#231=CARTESIAN_POINT('',(1.7E0,6.5E-1,-1.75E0));
#232=DIRECTION('',(-1.E0,0.E0,0.E0));
#233=DIRECTION('',(0.E0,8.426500884695E-1,-5.384615384615E-1));
#234=AXIS2_PLACEMENT_3D('',#231,#232,#233);
#236=DIRECTION('',(0.E0,-3.320038943170E-1,9.432780153053E-1));
#237=VECTOR('',#236,3.753289876179E-1);
#238=CARTESIAN_POINT('',(1.7E0,-1.5E-1,-1.434875948641E0));
#239=LINE('',#238,#237);
#240=DIRECTION('',(0.E0,-4.067366430760E-1,9.135454576425E-1));
#241=VECTOR('',#240,7.999999999999E-1);
#242=CARTESIAN_POINT('',(1.7E0,-2.746106855392E-1,-1.080836366114E0));
#243=LINE('',#242,#241);
#244=DIRECTION('',(0.E0,5.877852522927E-1,8.090169943748E-1));
#245=VECTOR('',#244,7.999999999997E-2);
#246=CARTESIAN_POINT('',(1.7E0,-6.E-1,-3.5E-1));
#247=LINE('',#246,#245);
#248=DIRECTION('',(0.E0,9.135454576428E-1,4.067366430755E-1));
#249=VECTOR('',#248,1.907179676972E-1);
#250=CARTESIAN_POINT('',(1.7E0,-5.529771798166E-1,-2.852786404500E-1));
#251=LINE('',#250,#249);
#252=DIRECTION('',(0.E0,4.067366430761E-1,-9.135454576425E-1));
#253=VECTOR('',#252,5.623974397929E-1);
#254=CARTESIAN_POINT('',(1.7E0,-3.787476467360E-1,-2.077066544947E-1));
#255=LINE('',#254,#253);
#256=DIRECTION('',(-1.E0,0.E0,0.E0));
#257=VECTOR('',#256,4.E-1);
#258=CARTESIAN_POINT('',(1.7E0,-2.25E0,1.9E0));
#259=LINE('',#258,#257);
#260=DIRECTION('',(0.E0,-1.E0,-1.322398980443E-13));
#261=VECTOR('',#260,4.499999999999E-1);
#262=CARTESIAN_POINT('',(1.7E0,-1.8E0,1.9E0));
#263=LINE('',#262,#261);
#264=DIRECTION('',(0.E0,9.605382890087E-1,-2.781477940739E-1));
#265=VECTOR('',#264,1.797605484038E-1);
#266=CARTESIAN_POINT('',(1.3E0,-1.65E0,2.15E0));
#267=LINE('',#266,#265);
#268=DIRECTION('',(0.E0,1.E0,-6.143234069593E-14));
#269=VECTOR('',#268,5.999999999999E-1);
#270=CARTESIAN_POINT('',(1.3E0,-2.25E0,2.15E0));
#271=LINE('',#270,#269);
#272=DIRECTION('',(0.E0,-2.522426711947E-13,1.E0));
#273=VECTOR('',#272,2.500000000001E-1);
#274=CARTESIAN_POINT('',(1.3E0,-2.25E0,1.9E0));
#275=LINE('',#274,#273);
#276=DIRECTION('',(0.E0,-1.E0,-1.322398980443E-13));
#277=VECTOR('',#276,4.499999999999E-1);
#278=CARTESIAN_POINT('',(1.3E0,-1.8E0,1.9E0));
#279=LINE('',#278,#277);
#280=CARTESIAN_POINT('',(1.3E0,6.5E-1,-1.75E0));
#281=DIRECTION('',(-1.E0,0.E0,0.E0));
#282=DIRECTION('',(0.E0,8.426500884695E-1,-5.384615384615E-1));
#283=AXIS2_PLACEMENT_3D('',#280,#281,#282);
#285=DIRECTION('',(0.E0,4.067366430761E-1,-9.135454576425E-1));
#286=VECTOR('',#285,5.623974397929E-1);
#287=CARTESIAN_POINT('',(1.3E0,-3.787476467360E-1,-2.077066544947E-1));
#288=LINE('',#287,#286);
#289=DIRECTION('',(0.E0,9.135454576428E-1,4.067366430755E-1));
#290=VECTOR('',#289,1.907179676972E-1);
#291=CARTESIAN_POINT('',(1.3E0,-5.529771798166E-1,-2.852786404500E-1));
#292=LINE('',#291,#290);
#293=DIRECTION('',(0.E0,5.877852522927E-1,8.090169943748E-1));
#294=VECTOR('',#293,7.999999999997E-2);
#295=CARTESIAN_POINT('',(1.3E0,-6.E-1,-3.5E-1));
#296=LINE('',#295,#294);
#297=DIRECTION('',(0.E0,-4.067366430760E-1,9.135454576425E-1));
#298=VECTOR('',#297,7.999999999999E-1);
#299=CARTESIAN_POINT('',(1.3E0,-2.746106855392E-1,-1.080836366114E0));
#300=LINE('',#299,#298);
#301=DIRECTION('',(0.E0,-3.320038943170E-1,9.432780153053E-1));
#302=VECTOR('',#301,3.753289876179E-1);
#303=CARTESIAN_POINT('',(1.3E0,-1.5E-1,-1.434875948641E0));
#304=LINE('',#303,#302);
#305=DIRECTION('',(0.E0,1.E0,-6.143234069593E-14));
#306=VECTOR('',#305,5.999999999999E-1);
#307=CARTESIAN_POINT('',(1.7E0,-2.25E0,2.15E0));
#308=LINE('',#307,#306);
#309=DIRECTION('',(-1.E0,0.E0,0.E0));
#310=VECTOR('',#309,4.E-1);
#311=CARTESIAN_POINT('',(1.7E0,-1.65E0,2.15E0));
#312=LINE('',#311,#310);
#313=DIRECTION('',(0.E0,-2.522426711947E-13,1.E0));
#314=VECTOR('',#313,2.500000000001E-1);
#315=CARTESIAN_POINT('',(1.7E0,-2.25E0,1.9E0));
#316=LINE('',#315,#314);
#317=DIRECTION('',(-1.E0,0.E0,0.E0));
#318=VECTOR('',#317,4.E-1);
#319=CARTESIAN_POINT('',(1.7E0,-2.25E0,2.15E0));
#320=LINE('',#319,#318);
#321=DIRECTION('',(0.E0,-1.E0,0.E0));
#322=VECTOR('',#321,7.735187493741E-2);
#323=CARTESIAN_POINT('',(2.7E0,1.177351874937E0,-2.1E0));
#324=LINE('',#323,#322);
#325=DIRECTION('',(1.E0,0.E0,0.E0));
#326=VECTOR('',#325,6.E-1);
#327=CARTESIAN_POINT('',(2.7E0,1.1E0,-2.1E0));
#328=LINE('',#327,#326);
#329=DIRECTION('',(0.E0,1.E0,0.E0));
#330=VECTOR('',#329,9.772255750517E-2);
#331=CARTESIAN_POINT('',(3.3E0,1.1E0,-2.1E0));
#332=LINE('',#331,#330);
#333=DIRECTION('',(-1.E0,0.E0,0.E0));
#334=VECTOR('',#333,4.E-1);
#335=CARTESIAN_POINT('',(3.7E0,1.197722557505E0,-2.1E0));
#336=LINE('',#335,#334);
#337=DIRECTION('',(0.E0,1.E0,0.E0));
#338=VECTOR('',#337,9.772255750517E-2);
#339=CARTESIAN_POINT('',(3.7E0,1.1E0,-2.1E0));
#340=LINE('',#339,#338);
#341=DIRECTION('',(1.E0,0.E0,0.E0));
#342=VECTOR('',#341,1.220577136594E0);
#343=CARTESIAN_POINT('',(3.7E0,1.1E0,-2.1E0));
#344=LINE('',#343,#342);
#345=DIRECTION('',(0.E0,1.E0,0.E0));
#346=VECTOR('',#345,1.25E0);
#347=CARTESIAN_POINT('',(4.920577136594E0,-1.5E-1,-2.1E0));
#348=LINE('',#347,#346);
#349=DIRECTION('',(-1.E0,0.E0,-1.125477997483E-13));
#350=VECTOR('',#349,1.31E0);
#351=CARTESIAN_POINT('',(6.3E0,-1.8E0,-2.1E0));
#352=LINE('',#351,#350);
#353=DIRECTION('',(-1.E0,0.E0,0.E0));
#354=VECTOR('',#353,5.406051701230E-1);
#355=CARTESIAN_POINT('',(6.040605170123E0,-1.15E0,-2.1E0));
#356=LINE('',#355,#354);
#357=DIRECTION('',(0.E0,-1.E0,0.E0));
#358=VECTOR('',#357,1.75E0);
#359=CARTESIAN_POINT('',(5.5E0,6.E-1,-2.1E0));
#360=LINE('',#359,#358);
#361=DIRECTION('',(0.E0,1.E0,0.E0));
#362=VECTOR('',#361,5.5E-1);
#363=CARTESIAN_POINT('',(-5.47E0,6.E-1,-2.1E0));
#364=LINE('',#363,#362);
#365=DIRECTION('',(1.E0,0.E0,0.E0));
#366=VECTOR('',#365,3.E-2);
#367=CARTESIAN_POINT('',(-5.5E0,6.E-1,-2.1E0));
#368=LINE('',#367,#366);
#369=DIRECTION('',(0.E0,-1.E0,0.E0));
#370=VECTOR('',#369,1.75E0);
#371=CARTESIAN_POINT('',(-5.5E0,6.E-1,-2.1E0));
#372=LINE('',#371,#370);
#373=DIRECTION('',(1.E0,0.E0,0.E0));
#374=VECTOR('',#373,5.406051701230E-1);
#375=CARTESIAN_POINT('',(-6.040605170123E0,-1.15E0,-2.1E0));
#376=LINE('',#375,#374);
#377=DIRECTION('',(-1.998401444325E-11,1.E0,0.E0));
#378=VECTOR('',#377,5.E-2);
#379=CARTESIAN_POINT('',(-6.040605170122E0,-1.2E0,-2.1E0));
#380=LINE('',#379,#378);
#381=DIRECTION('',(-1.E0,0.E0,1.125477997483E-13));
#382=VECTOR('',#381,1.31E0);
#383=CARTESIAN_POINT('',(-4.99E0,-1.8E0,-2.1E0));
#384=LINE('',#383,#382);
#385=DIRECTION('',(0.E0,1.E0,0.E0));
#386=VECTOR('',#385,1.25E0);
#387=CARTESIAN_POINT('',(-4.920577136594E0,-1.5E-1,-2.1E0));
#388=LINE('',#387,#386);
#389=DIRECTION('',(1.E0,0.E0,0.E0));
#390=VECTOR('',#389,1.220577136594E0);
#391=CARTESIAN_POINT('',(-4.920577136594E0,1.1E0,-2.1E0));
#392=LINE('',#391,#390);
#393=DIRECTION('',(0.E0,-1.E0,0.E0));
#394=VECTOR('',#393,7.735187493741E-2);
#395=CARTESIAN_POINT('',(-3.7E0,1.177351874937E0,-2.1E0));
#396=LINE('',#395,#394);
#397=DIRECTION('',(-1.E0,0.E0,0.E0));
#398=VECTOR('',#397,4.E-1);
#399=CARTESIAN_POINT('',(-3.3E0,1.177351874937E0,-2.1E0));
#400=LINE('',#399,#398);
#401=DIRECTION('',(0.E0,-1.E0,0.E0));
#402=VECTOR('',#401,7.735187493741E-2);
#403=CARTESIAN_POINT('',(-3.3E0,1.177351874937E0,-2.1E0));
#404=LINE('',#403,#402);
#405=DIRECTION('',(1.E0,0.E0,0.E0));
#406=VECTOR('',#405,6.E-1);
#407=CARTESIAN_POINT('',(-3.3E0,1.1E0,-2.1E0));
#408=LINE('',#407,#406);
#409=DIRECTION('',(0.E0,1.E0,0.E0));
#410=VECTOR('',#409,9.772255750517E-2);
#411=CARTESIAN_POINT('',(-2.7E0,1.1E0,-2.1E0));
#412=LINE('',#411,#410);
#413=DIRECTION('',(-1.E0,0.E0,0.E0));
#414=VECTOR('',#413,4.E-1);
#415=CARTESIAN_POINT('',(-2.3E0,1.197722557505E0,-2.1E0));
#416=LINE('',#415,#414);
#417=DIRECTION('',(0.E0,1.E0,0.E0));
#418=VECTOR('',#417,9.772255750517E-2);
#419=CARTESIAN_POINT('',(-2.3E0,1.1E0,-2.1E0));
#420=LINE('',#419,#418);
#421=DIRECTION('',(1.E0,0.E0,0.E0));
#422=VECTOR('',#421,6.E-1);
#423=CARTESIAN_POINT('',(-2.3E0,1.1E0,-2.1E0));
#424=LINE('',#423,#422);
#425=DIRECTION('',(0.E0,-1.E0,0.E0));
#426=VECTOR('',#425,7.735187493741E-2);
#427=CARTESIAN_POINT('',(-1.7E0,1.177351874937E0,-2.1E0));
#428=LINE('',#427,#426);
#429=DIRECTION('',(-1.E0,0.E0,0.E0));
#430=VECTOR('',#429,4.E-1);
#431=CARTESIAN_POINT('',(-1.3E0,1.177351874937E0,-2.1E0));
#432=LINE('',#431,#430);
#433=DIRECTION('',(0.E0,-1.E0,0.E0));
#434=VECTOR('',#433,7.735187493741E-2);
#435=CARTESIAN_POINT('',(-1.3E0,1.177351874937E0,-2.1E0));
#436=LINE('',#435,#434);
#437=DIRECTION('',(1.E0,0.E0,0.E0));
#438=VECTOR('',#437,6.E-1);
#439=CARTESIAN_POINT('',(-1.3E0,1.1E0,-2.1E0));
#440=LINE('',#439,#438);
#441=DIRECTION('',(0.E0,1.E0,0.E0));
#442=VECTOR('',#441,9.772255750517E-2);
#443=CARTESIAN_POINT('',(-7.E-1,1.1E0,-2.1E0));
#444=LINE('',#443,#442);
#445=DIRECTION('',(-1.E0,0.E0,0.E0));
#446=VECTOR('',#445,4.E-1);
#447=CARTESIAN_POINT('',(-3.E-1,1.197722557505E0,-2.1E0));
#448=LINE('',#447,#446);
#449=DIRECTION('',(0.E0,1.E0,0.E0));
#450=VECTOR('',#449,9.772255750517E-2);
#451=CARTESIAN_POINT('',(-3.E-1,1.1E0,-2.1E0));
#452=LINE('',#451,#450);
#453=DIRECTION('',(1.E0,0.E0,0.E0));
#454=VECTOR('',#453,6.E-1);
#455=CARTESIAN_POINT('',(-3.E-1,1.1E0,-2.1E0));
#456=LINE('',#455,#454);
#457=DIRECTION('',(0.E0,-1.E0,0.E0));
#458=VECTOR('',#457,7.735187493741E-2);
#459=CARTESIAN_POINT('',(3.E-1,1.177351874937E0,-2.1E0));
#460=LINE('',#459,#458);
#461=DIRECTION('',(-1.E0,0.E0,0.E0));
#462=VECTOR('',#461,4.E-1);
#463=CARTESIAN_POINT('',(7.E-1,1.177351874937E0,-2.1E0));
#464=LINE('',#463,#462);
#465=DIRECTION('',(0.E0,-1.E0,0.E0));
#466=VECTOR('',#465,7.735187493741E-2);
#467=CARTESIAN_POINT('',(7.E-1,1.177351874937E0,-2.1E0));
#468=LINE('',#467,#466);
#469=DIRECTION('',(1.E0,0.E0,0.E0));
#470=VECTOR('',#469,6.E-1);
#471=CARTESIAN_POINT('',(7.E-1,1.1E0,-2.1E0));
#472=LINE('',#471,#470);
#473=DIRECTION('',(0.E0,1.E0,0.E0));
#474=VECTOR('',#473,9.772255750517E-2);
#475=CARTESIAN_POINT('',(1.3E0,1.1E0,-2.1E0));
#476=LINE('',#475,#474);
#477=DIRECTION('',(-1.E0,0.E0,0.E0));
#478=VECTOR('',#477,4.E-1);
#479=CARTESIAN_POINT('',(1.7E0,1.197722557505E0,-2.1E0));
#480=LINE('',#479,#478);
#481=DIRECTION('',(0.E0,1.E0,0.E0));
#482=VECTOR('',#481,9.772255750517E-2);
#483=CARTESIAN_POINT('',(1.7E0,1.1E0,-2.1E0));
#484=LINE('',#483,#482);
#485=DIRECTION('',(1.E0,0.E0,0.E0));
#486=VECTOR('',#485,6.E-1);
#487=CARTESIAN_POINT('',(1.7E0,1.1E0,-2.1E0));
#488=LINE('',#487,#486);
#489=DIRECTION('',(0.E0,-1.E0,0.E0));
#490=VECTOR('',#489,7.735187493741E-2);
#491=CARTESIAN_POINT('',(2.3E0,1.177351874937E0,-2.1E0));
#492=LINE('',#491,#490);
#493=DIRECTION('',(-1.E0,0.E0,0.E0));
#494=VECTOR('',#493,4.E-1);
#495=CARTESIAN_POINT('',(2.7E0,1.177351874937E0,-2.1E0));
#496=LINE('',#495,#494);
#497=CARTESIAN_POINT('',(2.7E0,6.5E-1,-1.72E0));
#498=DIRECTION('',(-1.E0,0.E0,0.E0));
#499=DIRECTION('',(0.E0,8.113105768268E-1,-5.846153846154E-1));
#500=AXIS2_PLACEMENT_3D('',#497,#498,#499);
#502=DIRECTION('',(0.E0,-3.320038943171E-1,9.432780153053E-1));
#503=VECTOR('',#502,3.753289876182E-1);
#504=CARTESIAN_POINT('',(2.7E0,-1.5E-1,-1.404875948641E0));
#505=LINE('',#504,#503);
#506=DIRECTION('',(0.E0,-4.067366430759E-1,9.135454576426E-1));
#507=VECTOR('',#506,7.999999999998E-1);
#508=CARTESIAN_POINT('',(2.7E0,-2.746106855394E-1,-1.050836366114E0));
#509=LINE('',#508,#507);
#510=DIRECTION('',(0.E0,4.999999999994E-1,8.660254037848E-1));
#511=VECTOR('',#510,8.000000000007E-2);
#512=CARTESIAN_POINT('',(2.7E0,-6.E-1,-3.2E-1));
#513=LINE('',#512,#511);
#514=DIRECTION('',(0.E0,9.135454576428E-1,4.067366430754E-1));
#515=VECTOR('',#514,1.852786404499E-1);
#516=CARTESIAN_POINT('',(2.7E0,-5.6E-1,-2.507179676971E-1));
#517=LINE('',#516,#515);
#518=DIRECTION('',(0.E0,4.067366430758E-1,-9.135454576426E-1));
#519=VECTOR('',#518,5.918806277158E-1);
#520=CARTESIAN_POINT('',(2.7E0,-3.907395396187E-1,-1.753583554470E-1));
#521=LINE('',#520,#519);
#522=CARTESIAN_POINT('',(2.7E0,1.55E0,1.65E0));
#523=DIRECTION('',(-1.E0,0.E0,0.E0));
#524=DIRECTION('',(0.E0,-4.6E-1,8.879189152169E-1));
#525=AXIS2_PLACEMENT_3D('',#522,#523,#524);
#527=CARTESIAN_POINT('',(2.7E0,1.55E0,1.65E0));
#528=DIRECTION('',(1.E0,0.E0,0.E0));
#529=DIRECTION('',(0.E0,0.E0,1.E0));
#530=AXIS2_PLACEMENT_3D('',#527,#528,#529);
#532=CARTESIAN_POINT('',(2.3E0,6.5E-1,-1.72E0));
#533=DIRECTION('',(-1.E0,0.E0,0.E0));
#534=DIRECTION('',(0.E0,8.113105768268E-1,-5.846153846154E-1));
#535=AXIS2_PLACEMENT_3D('',#532,#533,#534);
#537=DIRECTION('',(0.E0,4.067366430758E-1,-9.135454576426E-1));
#538=VECTOR('',#537,5.918806277158E-1);
#539=CARTESIAN_POINT('',(2.3E0,-3.907395396187E-1,-1.753583554470E-1));
#540=LINE('',#539,#538);
#541=DIRECTION('',(0.E0,9.135454576428E-1,4.067366430754E-1));
#542=VECTOR('',#541,1.852786404499E-1);
#543=CARTESIAN_POINT('',(2.3E0,-5.6E-1,-2.507179676971E-1));
#544=LINE('',#543,#542);
#545=DIRECTION('',(0.E0,4.999999999994E-1,8.660254037848E-1));
#546=VECTOR('',#545,8.000000000007E-2);
#547=CARTESIAN_POINT('',(2.3E0,-6.E-1,-3.2E-1));
#548=LINE('',#547,#546);
#549=DIRECTION('',(0.E0,-4.067366430759E-1,9.135454576426E-1));
#550=VECTOR('',#549,7.999999999998E-1);
#551=CARTESIAN_POINT('',(2.3E0,-2.746106855394E-1,-1.050836366114E0));
#552=LINE('',#551,#550);
#553=DIRECTION('',(0.E0,-3.320038943171E-1,9.432780153053E-1));
#554=VECTOR('',#553,3.753289876182E-1);
#555=CARTESIAN_POINT('',(2.3E0,-1.5E-1,-1.404875948641E0));
#556=LINE('',#555,#554);
#557=CARTESIAN_POINT('',(2.3E0,1.55E0,1.65E0));
#558=DIRECTION('',(1.E0,0.E0,0.E0));
#559=DIRECTION('',(0.E0,0.E0,1.E0));
#560=AXIS2_PLACEMENT_3D('',#557,#558,#559);
#562=DIRECTION('',(0.E0,-1.E0,0.E0));
#563=VECTOR('',#562,7.E-1);
#564=CARTESIAN_POINT('',(2.3E0,2.25E0,1.9E0));
#565=LINE('',#564,#563);
#566=DIRECTION('',(0.E0,0.E0,-1.E0));
#567=VECTOR('',#566,2.5E-1);
#568=CARTESIAN_POINT('',(2.3E0,2.25E0,2.15E0));
#569=LINE('',#568,#567);
#570=DIRECTION('',(0.E0,1.E0,1.332267629550E-14));
#571=VECTOR('',#570,6.999999999999E-1);
#572=CARTESIAN_POINT('',(2.3E0,1.55E0,2.15E0));
#573=LINE('',#572,#571);
#574=CARTESIAN_POINT('',(2.3E0,1.55E0,1.65E0));
#575=DIRECTION('',(-1.E0,0.E0,0.E0));
#576=DIRECTION('',(0.E0,-4.6E-1,8.879189152169E-1));
#577=AXIS2_PLACEMENT_3D('',#574,#575,#576);
#579=DIRECTION('',(0.E0,0.E0,1.E0));
#580=VECTOR('',#579,1.E-2);
#581=CARTESIAN_POINT('',(3.7E0,1.1E0,-2.11E0));
#582=LINE('',#581,#580);
#583=DIRECTION('',(1.E0,0.E0,-8.640315489018E-14));
#584=VECTOR('',#583,1.223256628518E0);
#585=CARTESIAN_POINT('',(3.7E0,1.1E0,-2.11E0));
#586=LINE('',#585,#584);
#587=DIRECTION('',(0.E0,0.E0,1.E0));
#588=VECTOR('',#587,1.E-2);
#589=CARTESIAN_POINT('',(-3.3E0,1.1E0,-2.11E0));
#590=LINE('',#589,#588);
#591=DIRECTION('',(1.E0,0.E0,0.E0));
#592=VECTOR('',#591,6.E-1);
#593=CARTESIAN_POINT('',(-3.3E0,1.1E0,-2.11E0));
#594=LINE('',#593,#592);
#595=DIRECTION('',(0.E0,0.E0,1.E0));
#596=VECTOR('',#595,1.E-2);
#597=CARTESIAN_POINT('',(-2.7E0,1.1E0,-2.11E0));
#598=LINE('',#597,#596);
#599=DIRECTION('',(0.E0,0.E0,1.E0));
#600=VECTOR('',#599,1.E-2);
#601=CARTESIAN_POINT('',(-3.7E0,1.1E0,-2.11E0));
#602=LINE('',#601,#600);
#603=DIRECTION('',(1.E0,0.E0,8.640315489018E-14));
#604=VECTOR('',#603,1.223256628518E0);
#605=CARTESIAN_POINT('',(-4.923256628518E0,1.1E0,-2.11E0));
#606=LINE('',#605,#604);
#607=DIRECTION('',(0.E0,0.E0,1.E0));
#608=VECTOR('',#607,1.E-2);
#609=CARTESIAN_POINT('',(-1.3E0,1.1E0,-2.11E0));
#610=LINE('',#609,#608);
#611=DIRECTION('',(1.E0,0.E0,0.E0));
#612=VECTOR('',#611,6.E-1);
#613=CARTESIAN_POINT('',(-1.3E0,1.1E0,-2.11E0));
#614=LINE('',#613,#612);
#615=DIRECTION('',(0.E0,0.E0,1.E0));
#616=VECTOR('',#615,1.E-2);
#617=CARTESIAN_POINT('',(-7.E-1,1.1E0,-2.11E0));
#618=LINE('',#617,#616);
#619=DIRECTION('',(0.E0,0.E0,1.E0));
#620=VECTOR('',#619,1.E-2);
#621=CARTESIAN_POINT('',(-1.7E0,1.1E0,-2.11E0));
#622=LINE('',#621,#620);
#623=DIRECTION('',(0.E0,0.E0,1.E0));
#624=VECTOR('',#623,1.E-2);
#625=CARTESIAN_POINT('',(-2.3E0,1.1E0,-2.11E0));
#626=LINE('',#625,#624);
#627=DIRECTION('',(1.E0,0.E0,0.E0));
#628=VECTOR('',#627,6.E-1);
#629=CARTESIAN_POINT('',(-2.3E0,1.1E0,-2.11E0));
#630=LINE('',#629,#628);
#631=DIRECTION('',(0.E0,0.E0,1.E0));
#632=VECTOR('',#631,1.E-2);
#633=CARTESIAN_POINT('',(7.E-1,1.1E0,-2.11E0));
#634=LINE('',#633,#632);
#635=DIRECTION('',(1.E0,0.E0,0.E0));
#636=VECTOR('',#635,6.E-1);
#637=CARTESIAN_POINT('',(7.E-1,1.1E0,-2.11E0));
#638=LINE('',#637,#636);
#639=DIRECTION('',(0.E0,0.E0,1.E0));
#640=VECTOR('',#639,1.E-2);
#641=CARTESIAN_POINT('',(1.3E0,1.1E0,-2.11E0));
#642=LINE('',#641,#640);
#643=DIRECTION('',(0.E0,0.E0,1.E0));
#644=VECTOR('',#643,1.E-2);
#645=CARTESIAN_POINT('',(3.E-1,1.1E0,-2.11E0));
#646=LINE('',#645,#644);
#647=DIRECTION('',(0.E0,0.E0,1.E0));
#648=VECTOR('',#647,1.E-2);
#649=CARTESIAN_POINT('',(-3.E-1,1.1E0,-2.11E0));
#650=LINE('',#649,#648);
#651=DIRECTION('',(1.E0,0.E0,0.E0));
#652=VECTOR('',#651,6.E-1);
#653=CARTESIAN_POINT('',(-3.E-1,1.1E0,-2.11E0));
#654=LINE('',#653,#652);
#655=DIRECTION('',(0.E0,0.E0,1.E0));
#656=VECTOR('',#655,1.E-2);
#657=CARTESIAN_POINT('',(2.7E0,1.1E0,-2.11E0));
#658=LINE('',#657,#656);
#659=DIRECTION('',(1.E0,0.E0,0.E0));
#660=VECTOR('',#659,6.E-1);
#661=CARTESIAN_POINT('',(2.7E0,1.1E0,-2.11E0));
#662=LINE('',#661,#660);
#663=DIRECTION('',(0.E0,0.E0,1.E0));
#664=VECTOR('',#663,1.E-2);
#665=CARTESIAN_POINT('',(3.3E0,1.1E0,-2.11E0));
#666=LINE('',#665,#664);
#667=DIRECTION('',(0.E0,0.E0,1.E0));
#668=VECTOR('',#667,1.E-2);
#669=CARTESIAN_POINT('',(2.3E0,1.1E0,-2.11E0));
#670=LINE('',#669,#668);
#671=DIRECTION('',(0.E0,0.E0,1.E0));
#672=VECTOR('',#671,1.E-2);
#673=CARTESIAN_POINT('',(1.7E0,1.1E0,-2.11E0));
#674=LINE('',#673,#672);
#675=DIRECTION('',(1.E0,0.E0,0.E0));
#676=VECTOR('',#675,6.E-1);
#677=CARTESIAN_POINT('',(1.7E0,1.1E0,-2.11E0));
#678=LINE('',#677,#676);
#679=DIRECTION('',(0.E0,1.E0,0.E0));
#680=VECTOR('',#679,7.E-2);
#681=CARTESIAN_POINT('',(2.7E0,1.1E0,-2.11E0));
#682=LINE('',#681,#680);
#683=DIRECTION('',(-1.E0,0.E0,0.E0));
#684=VECTOR('',#683,4.E-1);
#685=CARTESIAN_POINT('',(2.7E0,1.17E0,-2.11E0));
#686=LINE('',#685,#684);
#687=DIRECTION('',(0.E0,1.E0,0.E0));
#688=VECTOR('',#687,7.E-2);
#689=CARTESIAN_POINT('',(2.3E0,1.1E0,-2.11E0));
#690=LINE('',#689,#688);
#691=DIRECTION('',(0.E0,1.E0,0.E0));
#692=VECTOR('',#691,9.120236510939E-2);
#693=CARTESIAN_POINT('',(1.7E0,1.1E0,-2.11E0));
#694=LINE('',#693,#692);
#695=DIRECTION('',(-1.E0,0.E0,0.E0));
#696=VECTOR('',#695,4.E-1);
#697=CARTESIAN_POINT('',(1.7E0,1.191202365109E0,-2.11E0));
#698=LINE('',#697,#696);
#699=DIRECTION('',(0.E0,1.E0,0.E0));
#700=VECTOR('',#699,9.120236510939E-2);
#701=CARTESIAN_POINT('',(1.3E0,1.1E0,-2.11E0));
#702=LINE('',#701,#700);
#703=DIRECTION('',(0.E0,1.E0,0.E0));
#704=VECTOR('',#703,7.E-2);
#705=CARTESIAN_POINT('',(7.E-1,1.1E0,-2.11E0));
#706=LINE('',#705,#704);
#707=DIRECTION('',(-1.E0,0.E0,0.E0));
#708=VECTOR('',#707,4.E-1);
#709=CARTESIAN_POINT('',(7.E-1,1.17E0,-2.11E0));
#710=LINE('',#709,#708);
#711=DIRECTION('',(0.E0,1.E0,0.E0));
#712=VECTOR('',#711,7.E-2);
#713=CARTESIAN_POINT('',(3.E-1,1.1E0,-2.11E0));
#714=LINE('',#713,#712);
#715=DIRECTION('',(0.E0,1.E0,0.E0));
#716=VECTOR('',#715,9.120236510939E-2);
#717=CARTESIAN_POINT('',(-3.E-1,1.1E0,-2.11E0));
#718=LINE('',#717,#716);
#719=DIRECTION('',(-1.E0,0.E0,0.E0));
#720=VECTOR('',#719,4.E-1);
#721=CARTESIAN_POINT('',(-3.E-1,1.191202365109E0,-2.11E0));
#722=LINE('',#721,#720);
#723=DIRECTION('',(0.E0,1.E0,0.E0));
#724=VECTOR('',#723,9.120236510939E-2);
#725=CARTESIAN_POINT('',(-7.E-1,1.1E0,-2.11E0));
#726=LINE('',#725,#724);
#727=DIRECTION('',(0.E0,1.E0,0.E0));
#728=VECTOR('',#727,7.E-2);
#729=CARTESIAN_POINT('',(-1.3E0,1.1E0,-2.11E0));
#730=LINE('',#729,#728);
#731=DIRECTION('',(-1.E0,0.E0,0.E0));
#732=VECTOR('',#731,4.E-1);
#733=CARTESIAN_POINT('',(-1.3E0,1.17E0,-2.11E0));
#734=LINE('',#733,#732);
#735=DIRECTION('',(0.E0,1.E0,0.E0));
#736=VECTOR('',#735,7.E-2);
#737=CARTESIAN_POINT('',(-1.7E0,1.1E0,-2.11E0));
#738=LINE('',#737,#736);
#739=DIRECTION('',(0.E0,1.E0,0.E0));
#740=VECTOR('',#739,9.120236510939E-2);
#741=CARTESIAN_POINT('',(-2.3E0,1.1E0,-2.11E0));
#742=LINE('',#741,#740);
#743=DIRECTION('',(-1.E0,0.E0,0.E0));
#744=VECTOR('',#743,4.E-1);
#745=CARTESIAN_POINT('',(-2.3E0,1.191202365109E0,-2.11E0));
#746=LINE('',#745,#744);
#747=DIRECTION('',(0.E0,1.E0,0.E0));
#748=VECTOR('',#747,9.120236510939E-2);
#749=CARTESIAN_POINT('',(-2.7E0,1.1E0,-2.11E0));
#750=LINE('',#749,#748);
#751=DIRECTION('',(0.E0,1.E0,0.E0));
#752=VECTOR('',#751,7.E-2);
#753=CARTESIAN_POINT('',(-3.3E0,1.1E0,-2.11E0));
#754=LINE('',#753,#752);
#755=DIRECTION('',(-1.E0,0.E0,0.E0));
#756=VECTOR('',#755,4.E-1);
#757=CARTESIAN_POINT('',(-3.3E0,1.17E0,-2.11E0));
#758=LINE('',#757,#756);
#759=DIRECTION('',(0.E0,1.E0,0.E0));
#760=VECTOR('',#759,7.E-2);
#761=CARTESIAN_POINT('',(-3.7E0,1.1E0,-2.11E0));
#762=LINE('',#761,#760);
#763=DIRECTION('',(9.999998532072E-1,5.418353631593E-4,-3.957771023346E-13));
#764=VECTOR('',#763,5.767434561435E-1);
#765=CARTESIAN_POINT('',(-5.5E0,-1.65625E-1,-2.11E0));
#766=LINE('',#765,#764);
#767=DIRECTION('',(1.E0,0.E0,-2.445462471272E-14));
#768=VECTOR('',#767,6.719097494842E-1);
#769=CARTESIAN_POINT('',(-7.2E0,-1.65625E-1,-2.11E0));
#770=LINE('',#769,#768);
#771=DIRECTION('',(0.E0,-1.E0,0.E0));
#772=VECTOR('',#771,1.965625E0);
#773=CARTESIAN_POINT('',(-7.2E0,1.8E0,-2.11E0));
#774=LINE('',#773,#772);
#775=DIRECTION('',(-1.E0,0.E0,0.E0));
#776=VECTOR('',#775,1.44E1);
#777=CARTESIAN_POINT('',(7.2E0,1.8E0,-2.11E0));
#778=LINE('',#777,#776);
#779=DIRECTION('',(0.E0,1.E0,0.E0));
#780=VECTOR('',#779,1.965625E0);
#781=CARTESIAN_POINT('',(7.2E0,-1.65625E-1,-2.11E0));
#782=LINE('',#781,#780);
#783=DIRECTION('',(1.E0,0.E0,2.445462471277E-14));
#784=VECTOR('',#783,6.719097494827E-1);
#785=CARTESIAN_POINT('',(6.528090250517E0,-1.65625E-1,-2.11E0));
#786=LINE('',#785,#784);
#787=DIRECTION('',(9.999998532072E-1,-5.418353631598E-4,3.957771023349E-13));
#788=VECTOR('',#787,5.767434561431E-1);
#789=CARTESIAN_POINT('',(4.923256628519E0,-1.653125E-1,-2.11E0));
#790=LINE('',#789,#788);
#791=DIRECTION('',(0.E0,1.E0,0.E0));
#792=VECTOR('',#791,9.120236510939E-2);
#793=CARTESIAN_POINT('',(3.7E0,1.1E0,-2.11E0));
#794=LINE('',#793,#792);
#795=DIRECTION('',(-1.E0,0.E0,0.E0));
#796=VECTOR('',#795,4.E-1);
#797=CARTESIAN_POINT('',(3.7E0,1.191202365109E0,-2.11E0));
#798=LINE('',#797,#796);
#799=DIRECTION('',(0.E0,1.E0,0.E0));
#800=VECTOR('',#799,9.120236510939E-2);
#801=CARTESIAN_POINT('',(3.3E0,1.1E0,-2.11E0));
#802=LINE('',#801,#800);
#803=CARTESIAN_POINT('',(7.E-1,6.5E-1,-1.72E0));
#804=DIRECTION('',(-1.E0,0.E0,0.E0));
#805=DIRECTION('',(0.E0,8.113105768268E-1,-5.846153846154E-1));
#806=AXIS2_PLACEMENT_3D('',#803,#804,#805);
#808=DIRECTION('',(0.E0,-3.320038943171E-1,9.432780153053E-1));
#809=VECTOR('',#808,3.753289876182E-1);
#810=CARTESIAN_POINT('',(7.E-1,-1.5E-1,-1.404875948641E0));
#811=LINE('',#810,#809);
#812=DIRECTION('',(0.E0,-4.067366430759E-1,9.135454576426E-1));
#813=VECTOR('',#812,7.999999999998E-1);
#814=CARTESIAN_POINT('',(7.E-1,-2.746106855394E-1,-1.050836366114E0));
#815=LINE('',#814,#813);
#816=DIRECTION('',(0.E0,4.999999999994E-1,8.660254037848E-1));
#817=VECTOR('',#816,8.000000000007E-2);
#818=CARTESIAN_POINT('',(7.E-1,-6.E-1,-3.2E-1));
#819=LINE('',#818,#817);
#820=DIRECTION('',(0.E0,9.135454576428E-1,4.067366430754E-1));
#821=VECTOR('',#820,1.852786404499E-1);
#822=CARTESIAN_POINT('',(7.E-1,-5.6E-1,-2.507179676971E-1));
#823=LINE('',#822,#821);
#824=DIRECTION('',(0.E0,4.067366430758E-1,-9.135454576426E-1));
#825=VECTOR('',#824,5.918806277158E-1);
#826=CARTESIAN_POINT('',(7.E-1,-3.907395396187E-1,-1.753583554470E-1));
#827=LINE('',#826,#825);
#828=CARTESIAN_POINT('',(7.E-1,1.55E0,1.65E0));
#829=DIRECTION('',(-1.E0,0.E0,0.E0));
#830=DIRECTION('',(0.E0,-4.6E-1,8.879189152169E-1));
#831=AXIS2_PLACEMENT_3D('',#828,#829,#830);
#833=CARTESIAN_POINT('',(7.E-1,1.55E0,1.65E0));
#834=DIRECTION('',(1.E0,0.E0,0.E0));
#835=DIRECTION('',(0.E0,0.E0,1.E0));
#836=AXIS2_PLACEMENT_3D('',#833,#834,#835);
#838=CARTESIAN_POINT('',(3.E-1,6.5E-1,-1.72E0));
#839=DIRECTION('',(-1.E0,0.E0,0.E0));
#840=DIRECTION('',(0.E0,8.113105768268E-1,-5.846153846154E-1));
#841=AXIS2_PLACEMENT_3D('',#838,#839,#840);
#843=DIRECTION('',(0.E0,4.067366430758E-1,-9.135454576426E-1));
#844=VECTOR('',#843,5.918806277158E-1);
#845=CARTESIAN_POINT('',(3.E-1,-3.907395396187E-1,-1.753583554470E-1));
#846=LINE('',#845,#844);
#847=DIRECTION('',(0.E0,9.135454576428E-1,4.067366430754E-1));
#848=VECTOR('',#847,1.852786404499E-1);
#849=CARTESIAN_POINT('',(3.E-1,-5.6E-1,-2.507179676971E-1));
#850=LINE('',#849,#848);
#851=DIRECTION('',(0.E0,4.999999999994E-1,8.660254037848E-1));
#852=VECTOR('',#851,8.000000000007E-2);
#853=CARTESIAN_POINT('',(3.E-1,-6.E-1,-3.2E-1));
#854=LINE('',#853,#852);
#855=DIRECTION('',(0.E0,-4.067366430759E-1,9.135454576426E-1));
#856=VECTOR('',#855,7.999999999998E-1);
#857=CARTESIAN_POINT('',(3.E-1,-2.746106855394E-1,-1.050836366114E0));
#858=LINE('',#857,#856);
#859=DIRECTION('',(0.E0,-3.320038943171E-1,9.432780153053E-1));
#860=VECTOR('',#859,3.753289876182E-1);
#861=CARTESIAN_POINT('',(3.E-1,-1.5E-1,-1.404875948641E0));
#862=LINE('',#861,#860);
#863=CARTESIAN_POINT('',(3.E-1,1.55E0,1.65E0));
#864=DIRECTION('',(1.E0,0.E0,0.E0));
#865=DIRECTION('',(0.E0,0.E0,1.E0));
#866=AXIS2_PLACEMENT_3D('',#863,#864,#865);
#868=DIRECTION('',(0.E0,-1.E0,0.E0));
#869=VECTOR('',#868,7.E-1);
#870=CARTESIAN_POINT('',(3.E-1,2.25E0,1.9E0));
#871=LINE('',#870,#869);
#872=DIRECTION('',(0.E0,0.E0,-1.E0));
#873=VECTOR('',#872,2.5E-1);
#874=CARTESIAN_POINT('',(3.E-1,2.25E0,2.15E0));
#875=LINE('',#874,#873);
#876=DIRECTION('',(0.E0,1.E0,1.332267629550E-14));
#877=VECTOR('',#876,6.999999999999E-1);
#878=CARTESIAN_POINT('',(3.E-1,1.55E0,2.15E0));
#879=LINE('',#878,#877);
#880=CARTESIAN_POINT('',(3.E-1,1.55E0,1.65E0));
#881=DIRECTION('',(-1.E0,0.E0,0.E0));
#882=DIRECTION('',(0.E0,-4.6E-1,8.879189152169E-1));
#883=AXIS2_PLACEMENT_3D('',#880,#881,#882);
#885=DIRECTION('',(1.E0,0.E0,0.E0));
#886=VECTOR('',#885,9.841154273189E0);
#887=CARTESIAN_POINT('',(-4.920577136594E0,-1.5E-1,-2.1E0));
#888=LINE('',#887,#886);
#889=DIRECTION('',(-1.E0,0.E0,-8.124028149251E-13));
#890=VECTOR('',#889,6.942286340571E-2);
#891=CARTESIAN_POINT('',(-4.920577136594E0,-1.5E-1,-2.1E0));
#892=LINE('',#891,#890);
#893=DIRECTION('',(2.775396528210E-1,0.E0,9.607141828411E-1));
#894=VECTOR('',#893,4.684015371454E-1);
#895=CARTESIAN_POINT('',(-4.99E0,-1.5E-1,-2.1E0));
#896=LINE('',#895,#894);
#897=DIRECTION('',(1.E0,0.E0,-1.960117891752E-13));
#898=VECTOR('',#897,2.899999999999E-1);
#899=CARTESIAN_POINT('',(-4.86E0,-1.5E-1,-1.65E0));
#900=LINE('',#899,#898);
#901=DIRECTION('',(1.E0,0.E0,1.960117891752E-13));
#902=VECTOR('',#901,2.899999999999E-1);
#903=CARTESIAN_POINT('',(4.57E0,-1.5E-1,-1.65E0));
#904=LINE('',#903,#902);
#905=DIRECTION('',(2.775396528210E-1,0.E0,-9.607141828411E-1));
#906=VECTOR('',#905,4.684015371454E-1);
#907=CARTESIAN_POINT('',(4.86E0,-1.5E-1,-1.65E0));
#908=LINE('',#907,#906);
#909=DIRECTION('',(-1.E0,0.E0,8.124028149251E-13));
#910=VECTOR('',#909,6.942286340571E-2);
#911=CARTESIAN_POINT('',(4.99E0,-1.5E-1,-2.1E0));
#912=LINE('',#911,#910);
#913=DIRECTION('',(0.E0,0.E0,-1.E0));
#914=VECTOR('',#913,7.133936676333E-1);
#915=CARTESIAN_POINT('',(-2.3E0,-1.5E-1,-7.214822810073E-1));
#916=LINE('',#915,#914);
#917=DIRECTION('',(-1.E0,0.E0,0.E0));
#918=VECTOR('',#917,4.E-1);
#919=CARTESIAN_POINT('',(-2.3E0,-1.5E-1,-7.214822810073E-1));
#920=LINE('',#919,#918);
#921=DIRECTION('',(0.E0,0.E0,-1.E0));
#922=VECTOR('',#921,7.133936676333E-1);
#923=CARTESIAN_POINT('',(-2.7E0,-1.5E-1,-7.214822810073E-1));
#924=LINE('',#923,#922);
#925=DIRECTION('',(1.E0,0.E0,0.E0));
#926=VECTOR('',#925,4.E-1);
#927=CARTESIAN_POINT('',(-2.7E0,-1.5E-1,-1.434875948641E0));
#928=LINE('',#927,#926);
#929=DIRECTION('',(0.E0,0.E0,-1.E0));
#930=VECTOR('',#929,7.133936676333E-1);
#931=CARTESIAN_POINT('',(-3.E-1,-1.5E-1,-7.214822810073E-1));
#932=LINE('',#931,#930);
#933=DIRECTION('',(-1.E0,0.E0,0.E0));
#934=VECTOR('',#933,4.E-1);
#935=CARTESIAN_POINT('',(-3.E-1,-1.5E-1,-7.214822810073E-1));
#936=LINE('',#935,#934);
#937=DIRECTION('',(0.E0,0.E0,-1.E0));
#938=VECTOR('',#937,7.133936676333E-1);
#939=CARTESIAN_POINT('',(-7.E-1,-1.5E-1,-7.214822810073E-1));
#940=LINE('',#939,#938);
#941=DIRECTION('',(1.E0,0.E0,0.E0));
#942=VECTOR('',#941,4.E-1);
#943=CARTESIAN_POINT('',(-7.E-1,-1.5E-1,-1.434875948641E0));
#944=LINE('',#943,#942);
#945=DIRECTION('',(0.E0,0.E0,-1.E0));
#946=VECTOR('',#945,7.133936676333E-1);
#947=CARTESIAN_POINT('',(1.7E0,-1.5E-1,-7.214822810073E-1));
#948=LINE('',#947,#946);
#949=DIRECTION('',(-1.E0,0.E0,0.E0));
#950=VECTOR('',#949,4.E-1);
#951=CARTESIAN_POINT('',(1.7E0,-1.5E-1,-7.214822810073E-1));
#952=LINE('',#951,#950);
#953=DIRECTION('',(0.E0,0.E0,-1.E0));
#954=VECTOR('',#953,7.133936676333E-1);
#955=CARTESIAN_POINT('',(1.3E0,-1.5E-1,-7.214822810073E-1));
#956=LINE('',#955,#954);
#957=DIRECTION('',(1.E0,0.E0,0.E0));
#958=VECTOR('',#957,4.E-1);
#959=CARTESIAN_POINT('',(1.3E0,-1.5E-1,-1.434875948641E0));
#960=LINE('',#959,#958);
#961=DIRECTION('',(0.E0,0.E0,-1.E0));
#962=VECTOR('',#961,7.133936676333E-1);
#963=CARTESIAN_POINT('',(3.7E0,-1.5E-1,-7.214822810073E-1));
#964=LINE('',#963,#962);
#965=DIRECTION('',(-1.E0,0.E0,0.E0));
#966=VECTOR('',#965,4.E-1);
#967=CARTESIAN_POINT('',(3.7E0,-1.5E-1,-7.214822810073E-1));
#968=LINE('',#967,#966);
#969=DIRECTION('',(0.E0,0.E0,-1.E0));
#970=VECTOR('',#969,7.133936676333E-1);
#971=CARTESIAN_POINT('',(3.3E0,-1.5E-1,-7.214822810073E-1));
#972=LINE('',#971,#970);
#973=DIRECTION('',(1.E0,0.E0,0.E0));
#974=VECTOR('',#973,4.E-1);
#975=CARTESIAN_POINT('',(3.3E0,-1.5E-1,-1.434875948641E0));
#976=LINE('',#975,#974);
#977=DIRECTION('',(0.E0,0.E0,-1.E0));
#978=VECTOR('',#977,6.888077342776E-1);
#979=CARTESIAN_POINT('',(-3.3E0,-1.5E-1,-7.160682143633E-1));
#980=LINE('',#979,#978);
#981=DIRECTION('',(-1.E0,0.E0,0.E0));
#982=VECTOR('',#981,4.E-1);
#983=CARTESIAN_POINT('',(-3.3E0,-1.5E-1,-7.160682143633E-1));
#984=LINE('',#983,#982);
#985=DIRECTION('',(0.E0,0.E0,-1.E0));
#986=VECTOR('',#985,6.888077342776E-1);
#987=CARTESIAN_POINT('',(-3.7E0,-1.5E-1,-7.160682143633E-1));
#988=LINE('',#987,#986);
#989=DIRECTION('',(1.E0,0.E0,0.E0));
#990=VECTOR('',#989,4.E-1);
#991=CARTESIAN_POINT('',(-3.7E0,-1.5E-1,-1.404875948641E0));
#992=LINE('',#991,#990);
#993=DIRECTION('',(0.E0,0.E0,-1.E0));
#994=VECTOR('',#993,6.888077342776E-1);
#995=CARTESIAN_POINT('',(-1.3E0,-1.5E-1,-7.160682143633E-1));
#996=LINE('',#995,#994);
#997=DIRECTION('',(-1.E0,0.E0,0.E0));
#998=VECTOR('',#997,4.E-1);
#999=CARTESIAN_POINT('',(-1.3E0,-1.5E-1,-7.160682143633E-1));
#1000=LINE('',#999,#998);
#1001=DIRECTION('',(0.E0,0.E0,-1.E0));
#1002=VECTOR('',#1001,6.888077342776E-1);
#1003=CARTESIAN_POINT('',(-1.7E0,-1.5E-1,-7.160682143633E-1));
#1004=LINE('',#1003,#1002);
#1005=DIRECTION('',(1.E0,0.E0,0.E0));
#1006=VECTOR('',#1005,4.E-1);
#1007=CARTESIAN_POINT('',(-1.7E0,-1.5E-1,-1.404875948641E0));
#1008=LINE('',#1007,#1006);
#1009=DIRECTION('',(0.E0,0.E0,-1.E0));
#1010=VECTOR('',#1009,6.888077342776E-1);
#1011=CARTESIAN_POINT('',(7.E-1,-1.5E-1,-7.160682143633E-1));
#1012=LINE('',#1011,#1010);
#1013=DIRECTION('',(-1.E0,0.E0,0.E0));
#1014=VECTOR('',#1013,4.E-1);
#1015=CARTESIAN_POINT('',(7.E-1,-1.5E-1,-7.160682143633E-1));
#1016=LINE('',#1015,#1014);
#1017=DIRECTION('',(0.E0,0.E0,-1.E0));
#1018=VECTOR('',#1017,6.888077342776E-1);
#1019=CARTESIAN_POINT('',(3.E-1,-1.5E-1,-7.160682143633E-1));
#1020=LINE('',#1019,#1018);
#1021=DIRECTION('',(1.E0,0.E0,0.E0));
#1022=VECTOR('',#1021,4.E-1);
#1023=CARTESIAN_POINT('',(3.E-1,-1.5E-1,-1.404875948641E0));
#1024=LINE('',#1023,#1022);
#1025=DIRECTION('',(0.E0,0.E0,-1.E0));
#1026=VECTOR('',#1025,6.888077342776E-1);
#1027=CARTESIAN_POINT('',(2.7E0,-1.5E-1,-7.160682143633E-1));
#1028=LINE('',#1027,#1026);
#1029=DIRECTION('',(-1.E0,0.E0,0.E0));
#1030=VECTOR('',#1029,4.E-1);
#1031=CARTESIAN_POINT('',(2.7E0,-1.5E-1,-7.160682143633E-1));
#1032=LINE('',#1031,#1030);
#1033=DIRECTION('',(0.E0,0.E0,-1.E0));
#1034=VECTOR('',#1033,6.888077342776E-1);
#1035=CARTESIAN_POINT('',(2.3E0,-1.5E-1,-7.160682143633E-1));
#1036=LINE('',#1035,#1034);
#1037=DIRECTION('',(1.E0,0.E0,0.E0));
#1038=VECTOR('',#1037,4.E-1);
#1039=CARTESIAN_POINT('',(2.3E0,-1.5E-1,-1.404875948641E0));
#1040=LINE('',#1039,#1038);
#1041=DIRECTION('',(-1.406306182617E-10,-1.E0,-1.230660018337E-11));
#1042=VECTOR('',#1041,1.562499999999E-2);
#1043=CARTESIAN_POINT('',(4.920577136594E0,-1.5E-1,-2.1E0));
#1044=LINE('',#1043,#1042);
#1045=DIRECTION('',(-1.267608240596E-11,1.E0,1.230660018337E-11));
#1046=VECTOR('',#1045,1.562499999999E-2);
#1047=CARTESIAN_POINT('',(-4.920577136594E0,-1.65625E-1,-2.1E0));
#1048=LINE('',#1047,#1046);
#1049=DIRECTION('',(2.588190450797E-1,0.E0,-9.659258262952E-1));
#1050=VECTOR('',#1049,1.035276180414E-2);
#1051=CARTESIAN_POINT('',(4.920577136594E0,1.1E0,-2.1E0));
#1052=LINE('',#1051,#1050);
#1053=DIRECTION('',(1.916306908990E-13,-1.E0,-9.686826133356E-14));
#1054=VECTOR('',#1053,1.2653125E0);
#1055=CARTESIAN_POINT('',(4.923256628518E0,1.1E0,-2.11E0));
#1056=LINE('',#1055,#1054);
#1057=DIRECTION('',(-1.E0,0.E0,0.E0));
#1058=VECTOR('',#1057,9.846513257037E0);
#1059=CARTESIAN_POINT('',(4.923256628519E0,-1.653125E-1,-2.11E0));
#1060=LINE('',#1059,#1058);
#1061=DIRECTION('',(2.587012147299E-1,-3.017143991993E-2,9.654860774296E-1));
#1062=VECTOR('',#1061,1.035747716493E-2);
#1063=CARTESIAN_POINT('',(-4.923256628518E0,-1.653125E-1,-2.11E0));
#1064=LINE('',#1063,#1062);
#1065=DIRECTION('',(1.E0,0.E0,0.E0));
#1066=VECTOR('',#1065,9.841154273186E0);
#1067=CARTESIAN_POINT('',(-4.920577136594E0,-1.65625E-1,-2.1E0));
#1068=LINE('',#1067,#1066);
#1069=DIRECTION('',(2.587012149483E-1,3.017143991810E-2,-9.654860773711E-1));
#1070=VECTOR('',#1069,1.035747716556E-2);
#1071=CARTESIAN_POINT('',(4.920577136592E0,-1.65625E-1,-2.1E0));
#1072=LINE('',#1071,#1070);
#1073=DIRECTION('',(-1.E0,5.187769405966E-14,0.E0));
#1074=VECTOR('',#1073,5.500000000010E-1);
#1075=CARTESIAN_POINT('',(-4.949999999999E0,-1.656250000001E-1,-2.15E0));
#1076=LINE('',#1075,#1074);
#1077=DIRECTION('',(-1.E0,-5.177676469388E-14,0.E0));
#1078=VECTOR('',#1077,5.5E-1);
#1079=CARTESIAN_POINT('',(5.5E0,-1.656250000001E-1,-2.15E0));
#1080=LINE('',#1079,#1078);
#1081=DIRECTION('',(-2.654587660775E-10,1.E0,1.264766069641E-11));
#1082=VECTOR('',#1081,3.125000000029E-3);
#1083=CARTESIAN_POINT('',(-4.949999999999E0,-1.656250000001E-1,-2.15E0));
#1084=LINE('',#1083,#1082);
#1085=DIRECTION('',(0.E0,6.237828615516E-2,-9.980525784829E-1));
#1086=VECTOR('',#1085,2.003902442736E-1);
#1087=CARTESIAN_POINT('',(-4.95E0,-1.625000000001E-1,-2.15E0));
#1088=LINE('',#1087,#1086);
#1089=DIRECTION('',(5.537792446828E-12,3.597122599784E-13,1.E0));
#1090=VECTOR('',#1089,2.000000000001E-1);
#1091=CARTESIAN_POINT('',(-4.95E0,-6.999999999999E-1,-2.35E0));
#1092=LINE('',#1091,#1090);
#1093=DIRECTION('',(-5.202336287556E-13,1.E0,-7.894919286227E-14));
#1094=VECTOR('',#1093,5.343749999998E-1);
#1095=CARTESIAN_POINT('',(-4.949999999999E0,-6.999999999999E-1,-2.15E0));
#1096=LINE('',#1095,#1094);
#1097=DIRECTION('',(1.E0,0.E0,0.E0));
#1098=VECTOR('',#1097,9.9E0);
#1099=CARTESIAN_POINT('',(-4.95E0,-1.625000000001E-1,-2.15E0));
#1100=LINE('',#1099,#1098);
#1101=DIRECTION('',(-1.E0,0.E0,0.E0));
#1102=VECTOR('',#1101,9.899999999999E0);
#1103=CARTESIAN_POINT('',(4.95E0,-1.656250000001E-1,-2.15E0));
#1104=LINE('',#1103,#1102);
#1105=DIRECTION('',(-1.E0,0.E0,0.E0));
#1106=VECTOR('',#1105,9.24E0);
#1107=CARTESIAN_POINT('',(4.62E0,-1.E-1,-3.15E0));
#1108=LINE('',#1107,#1106);
#1109=DIRECTION('',(8.952838470495E-11,-1.E0,-1.278976924356E-11));
#1110=VECTOR('',#1109,3.125000000029E-3);
#1111=CARTESIAN_POINT('',(4.95E0,-1.625000000001E-1,-2.15E0));
#1112=LINE('',#1111,#1110);
#1113=DIRECTION('',(1.745192684324E-13,-1.E0,7.978023699766E-14));
#1114=VECTOR('',#1113,5.343749999998E-1);
#1115=CARTESIAN_POINT('',(4.95E0,-1.656250000001E-1,-2.15E0));
#1116=LINE('',#1115,#1114);
#1117=DIRECTION('',(-1.865174681369E-12,-3.602673714907E-13,-1.E0));
#1118=VECTOR('',#1117,2.000000000001E-1);
#1119=CARTESIAN_POINT('',(4.95E0,-6.999999999999E-1,-2.15E0));
#1120=LINE('',#1119,#1118);
#1121=DIRECTION('',(0.E0,1.E0,-2.018587317501E-14));
#1122=VECTOR('',#1121,5.499999999999E-1);
#1123=CARTESIAN_POINT('',(4.95E0,-6.999999999999E-1,-2.35E0));
#1124=LINE('',#1123,#1122);
#1125=DIRECTION('',(0.E0,-6.237828615517E-2,9.980525784829E-1));
#1126=VECTOR('',#1125,2.003902442736E-1);
#1127=CARTESIAN_POINT('',(4.95E0,-1.500000000001E-1,-2.35E0));
#1128=LINE('',#1127,#1126);
#1129=DIRECTION('',(-1.200817223435E-10,0.E0,-1.E0));
#1130=VECTOR('',#1129,1.E-2);
#1131=CARTESIAN_POINT('',(5.5E0,-1.15E0,-2.1E0));
#1132=LINE('',#1131,#1130);
#1133=DIRECTION('',(2.668482718743E-12,1.E0,1.391479524197E-13));
#1134=VECTOR('',#1133,4.5E-1);
#1135=CARTESIAN_POINT('',(5.499999999999E0,-1.15E0,-2.11E0));
#1136=LINE('',#1135,#1134);
#1137=DIRECTION('',(7.727152251387E-12,1.557087792036E-12,-1.E0));
#1138=VECTOR('',#1137,4.000000000002E-2);
#1139=CARTESIAN_POINT('',(5.5E0,-7.E-1,-2.11E0));
#1140=LINE('',#1139,#1138);
#1141=DIRECTION('',(0.E0,1.E0,-7.894919286225E-14));
#1142=VECTOR('',#1141,5.343749999999E-1);
#1143=CARTESIAN_POINT('',(5.5E0,-6.999999999999E-1,-2.15E0));
#1144=LINE('',#1143,#1142);
#1145=DIRECTION('',(-7.749356711884E-12,1.558475570818E-12,1.E0));
#1146=VECTOR('',#1145,4.E-2);
#1147=CARTESIAN_POINT('',(5.5E0,-1.656250000001E-1,-2.15E0));
#1148=LINE('',#1147,#1146);
#1149=DIRECTION('',(-9.487938555532E-13,1.E0,0.E0));
#1150=VECTOR('',#1149,1.265625E0);
#1151=CARTESIAN_POINT('',(5.5E0,-1.65625E-1,-2.11E0));
#1152=LINE('',#1151,#1150);
#1153=DIRECTION('',(3.649900375181E-13,0.E0,1.E0));
#1154=VECTOR('',#1153,3.29E0);
#1155=CARTESIAN_POINT('',(5.499999999999E0,1.1E0,-2.11E0));
#1156=LINE('',#1155,#1154);
#1157=DIRECTION('',(0.E0,1.E0,0.E0));
#1158=VECTOR('',#1157,5.E-1);
#1159=CARTESIAN_POINT('',(5.5E0,6.E-1,1.18E0));
#1160=LINE('',#1159,#1158);
#1161=DIRECTION('',(-1.E0,0.E0,0.E0));
#1162=VECTOR('',#1161,5.406051701230E-1);
#1163=CARTESIAN_POINT('',(6.040605170123E0,1.1E0,1.18E0));
#1164=LINE('',#1163,#1162);
#1165=DIRECTION('',(1.E0,0.E0,-1.641430795185E-14));
#1166=VECTOR('',#1165,1.028090250518E0);
#1167=CARTESIAN_POINT('',(5.499999999999E0,1.1E0,-2.11E0));
#1168=LINE('',#1167,#1166);
#1169=DIRECTION('',(-1.736481776698E-1,0.E0,9.848077530117E-1));
#1170=VECTOR('',#1169,1.025580878005E0);
#1171=CARTESIAN_POINT('',(6.528090250517E0,1.1E0,-2.11E0));
#1172=LINE('',#1171,#1170);
#1173=DIRECTION('',(0.E0,-1.E0,7.978023699764E-14));
#1174=VECTOR('',#1173,5.343749999999E-1);
#1175=CARTESIAN_POINT('',(6.535143329744E0,-1.656250000001E-1,-2.15E0));
#1176=LINE('',#1175,#1174);
#1177=DIRECTION('',(-2.105311809660E-14,-1.E0,0.E0));
#1178=VECTOR('',#1177,1.265625E0);
#1179=CARTESIAN_POINT('',(6.528090250517E0,1.1E0,-2.11E0));
#1180=LINE('',#1179,#1178);
#1181=DIRECTION('',(-1.E0,0.E0,1.943726608272E-13));
#1182=VECTOR('',#1181,6.648566702559E-1);
#1183=CARTESIAN_POINT('',(7.2E0,-1.656250000001E-1,-2.15E0));
#1184=LINE('',#1183,#1182);
#1185=DIRECTION('',(-1.736481776319E-1,1.534798825036E-12,9.848077530184E-1));
#1186=VECTOR('',#1185,4.061706447503E-2);
#1187=CARTESIAN_POINT('',(6.535143329744E0,-1.656250000001E-1,-2.15E0));
#1188=LINE('',#1187,#1186);
#1189=DIRECTION('',(6.217248937901E-13,-1.558475570818E-12,-1.E0));
#1190=VECTOR('',#1189,4.E-2);
#1191=CARTESIAN_POINT('',(7.2E0,-1.65625E-1,-2.11E0));
#1192=LINE('',#1191,#1190);
#1193=DIRECTION('',(0.E0,-1.E0,7.894919286225E-14));
#1194=VECTOR('',#1193,5.343749999999E-1);
#1195=CARTESIAN_POINT('',(7.2E0,-1.656250000001E-1,-2.15E0));
#1196=LINE('',#1195,#1194);
#1197=DIRECTION('',(0.E0,0.E0,1.E0));
#1198=VECTOR('',#1197,1.04E0);
#1199=CARTESIAN_POINT('',(7.2E0,1.8E0,-3.15E0));
#1200=LINE('',#1199,#1198);
#1201=DIRECTION('',(0.E0,1.E0,0.E0));
#1202=VECTOR('',#1201,3.6E0);
#1203=CARTESIAN_POINT('',(7.2E0,-1.8E0,-3.15E0));
#1204=LINE('',#1203,#1202);
#1205=DIRECTION('',(0.E0,0.E0,-1.E0));
#1206=VECTOR('',#1205,1.04E0);
#1207=CARTESIAN_POINT('',(7.2E0,-1.8E0,-2.11E0));
#1208=LINE('',#1207,#1206);
#1209=DIRECTION('',(0.E0,0.E0,1.E0));
#1210=VECTOR('',#1209,1.04E0);
#1211=CARTESIAN_POINT('',(-7.2E0,1.8E0,-3.15E0));
#1212=LINE('',#1211,#1210);
#1213=DIRECTION('',(-1.E0,0.E0,0.E0));
#1214=VECTOR('',#1213,1.44E1);
#1215=CARTESIAN_POINT('',(7.2E0,1.8E0,-3.15E0));
#1216=LINE('',#1215,#1214);
#1217=DIRECTION('',(0.E0,0.E0,1.E0));
#1218=VECTOR('',#1217,1.04E0);
#1219=CARTESIAN_POINT('',(-7.2E0,-1.8E0,-3.15E0));
#1220=LINE('',#1219,#1218);
#1221=DIRECTION('',(0.E0,-1.E0,0.E0));
#1222=VECTOR('',#1221,3.6E0);
#1223=CARTESIAN_POINT('',(-7.2E0,1.8E0,-3.15E0));
#1224=LINE('',#1223,#1222);
#1225=DIRECTION('',(-1.E0,0.E0,-1.943726608268E-13));
#1226=VECTOR('',#1225,6.648566702573E-1);
#1227=CARTESIAN_POINT('',(-6.535143329743E0,-1.656250000001E-1,-2.15E0));
#1228=LINE('',#1227,#1226);
#1229=DIRECTION('',(6.661338147751E-13,1.558475570818E-12,1.E0));
#1230=VECTOR('',#1229,4.E-2);
#1231=CARTESIAN_POINT('',(-7.2E0,-1.656250000001E-1,-2.15E0));
#1232=LINE('',#1231,#1230);
#1233=DIRECTION('',(-1.736481776358E-1,-1.534798825035E-12,-9.848077530177E-1));
#1234=VECTOR('',#1233,4.061706447506E-2);
#1235=CARTESIAN_POINT('',(-6.528090250516E0,-1.65625E-1,-2.11E0));
#1236=LINE('',#1235,#1234);
#1237=DIRECTION('',(0.E0,1.E0,-7.894919286225E-14));
#1238=VECTOR('',#1237,5.343749999999E-1);
#1239=CARTESIAN_POINT('',(-7.2E0,-6.999999999999E-1,-2.15E0));
#1240=LINE('',#1239,#1238);
#1241=DIRECTION('',(-1.628107799470E-13,-1.E0,0.E0));
#1242=VECTOR('',#1241,1.265625E0);
#1243=CARTESIAN_POINT('',(-6.528090250516E0,1.1E0,-2.11E0));
#1244=LINE('',#1243,#1242);
#1245=DIRECTION('',(2.494794494447E-12,-1.E0,7.978023699764E-14));
#1246=VECTOR('',#1245,5.343749999999E-1);
#1247=CARTESIAN_POINT('',(-6.535143329743E0,-1.656250000001E-1,-2.15E0));
#1248=LINE('',#1247,#1246);
#1249=DIRECTION('',(-1.736481776670E-1,0.E0,-9.848077530122E-1));
#1250=VECTOR('',#1249,1.025580878005E0);
#1251=CARTESIAN_POINT('',(-6.35E0,1.1E0,-1.1E0));
#1252=LINE('',#1251,#1250);
#1253=DIRECTION('',(1.E0,0.E0,1.641430795190E-14));
#1254=VECTOR('',#1253,1.028090250515E0);
#1255=CARTESIAN_POINT('',(-6.528090250516E0,1.1E0,-2.11E0));
#1256=LINE('',#1255,#1254);
#1257=DIRECTION('',(0.E0,0.E0,1.E0));
#1258=VECTOR('',#1257,3.9E0);
#1259=CARTESIAN_POINT('',(-6.040605170123E0,-1.15E0,-2.1E0));
#1260=LINE('',#1259,#1258);
#1261=DIRECTION('',(0.E0,1.E0,0.E0));
#1262=VECTOR('',#1261,2.25E0);
#1263=CARTESIAN_POINT('',(-6.040605170123E0,-1.15E0,1.8E0));
#1264=LINE('',#1263,#1262);
#1265=DIRECTION('',(0.E0,0.E0,1.E0));
#1266=VECTOR('',#1265,6.2E-1);
#1267=CARTESIAN_POINT('',(-6.040605170123E0,1.1E0,1.18E0));
#1268=LINE('',#1267,#1266);
#1269=DIRECTION('',(1.022110086163E-14,-1.E0,0.E0));
#1270=VECTOR('',#1269,2.52E0);
#1271=CARTESIAN_POINT('',(-6.040605170123E0,1.32E0,2.1E0));
#1272=LINE('',#1271,#1270);
#1273=DIRECTION('',(1.736481776684E-1,0.E0,9.848077530119E-1));
#1274=VECTOR('',#1273,1.025580878005E0);
#1275=CARTESIAN_POINT('',(-6.528090250517E0,-1.15E0,-2.11E0));
#1276=LINE('',#1275,#1274);
#1277=DIRECTION('',(-1.347581050580E-14,0.E0,1.E0));
#1278=VECTOR('',#1277,2.9E0);
#1279=CARTESIAN_POINT('',(-6.35E0,-1.15E0,-1.1E0));
#1280=LINE('',#1279,#1278);
#1281=DIRECTION('',(1.E0,0.E0,0.E0));
#1282=VECTOR('',#1281,3.093948298770E-1);
#1283=CARTESIAN_POINT('',(-6.35E0,-1.15E0,1.8E0));
#1284=LINE('',#1283,#1282);
#1285=DIRECTION('',(1.997726536712E-14,0.E0,1.E0));
#1286=VECTOR('',#1285,3.29E0);
#1287=CARTESIAN_POINT('',(-5.5E0,1.1E0,-2.11E0));
#1288=LINE('',#1287,#1286);
#1289=DIRECTION('',(-5.193102463827E-14,1.E0,0.E0));
#1290=VECTOR('',#1289,1.265625E0);
#1291=CARTESIAN_POINT('',(-5.5E0,-1.65625E-1,-2.11E0));
#1292=LINE('',#1291,#1290);
#1293=DIRECTION('',(4.374278717023E-12,1.558475570818E-12,1.E0));
#1294=VECTOR('',#1293,4.E-2);
#1295=CARTESIAN_POINT('',(-5.5E0,-1.656250000001E-1,-2.15E0));
#1296=LINE('',#1295,#1294);
#1297=DIRECTION('',(0.E0,1.E0,-7.978023699764E-14));
#1298=VECTOR('',#1297,5.343749999999E-1);
#1299=CARTESIAN_POINT('',(-5.5E0,-6.999999999999E-1,-2.15E0));
#1300=LINE('',#1299,#1298);
#1301=DIRECTION('',(-4.396483177513E-12,1.562638907159E-12,-1.E0));
#1302=VECTOR('',#1301,4.000000000002E-2);
#1303=CARTESIAN_POINT('',(-5.5E0,-7.E-1,-2.11E0));
#1304=LINE('',#1303,#1302);
#1305=DIRECTION('',(1.460560067951E-13,1.E0,1.391479524197E-13));
#1306=VECTOR('',#1305,4.5E-1);
#1307=CARTESIAN_POINT('',(-5.5E0,-1.15E0,-2.11E0));
#1308=LINE('',#1307,#1306);
#1309=DIRECTION('',(-6.572520305781E-12,0.E0,-1.E0));
#1310=VECTOR('',#1309,1.E-2);
#1311=CARTESIAN_POINT('',(-5.5E0,-1.15E0,-2.1E0));
#1312=LINE('',#1311,#1310);
#1313=DIRECTION('',(0.E0,0.E0,1.E0));
#1314=VECTOR('',#1313,3.28E0);
#1315=CARTESIAN_POINT('',(-5.5E0,6.E-1,-2.1E0));
#1316=LINE('',#1315,#1314);
#1317=DIRECTION('',(0.E0,-1.E0,0.E0));
#1318=VECTOR('',#1317,5.499999999999E-1);
#1319=CARTESIAN_POINT('',(-5.47E0,1.15E0,1.18E0));
#1320=LINE('',#1319,#1318);
#1321=DIRECTION('',(2.301681880320E-14,0.E0,-1.E0));
#1322=VECTOR('',#1321,3.28E0);
#1323=CARTESIAN_POINT('',(-5.47E0,6.E-1,1.18E0));
#1324=LINE('',#1323,#1322);
#1325=DIRECTION('',(0.E0,1.E0,0.E0));
#1326=VECTOR('',#1325,5.E-1);
#1327=CARTESIAN_POINT('',(-5.5E0,6.E-1,1.18E0));
#1328=LINE('',#1327,#1326);
#1329=DIRECTION('',(-1.E0,6.661338147768E-14,0.E0));
#1330=VECTOR('',#1329,2.999999999992E-2);
#1331=CARTESIAN_POINT('',(-5.47E0,6.E-1,1.18E0));
#1332=LINE('',#1331,#1330);
#1333=DIRECTION('',(5.684341886081E-13,1.E0,0.E0));
#1334=VECTOR('',#1333,5.E-2);
#1335=CARTESIAN_POINT('',(-6.040605170123E0,1.1E0,1.18E0));
#1336=LINE('',#1335,#1334);
#1337=DIRECTION('',(1.E0,0.E0,0.E0));
#1338=VECTOR('',#1337,5.406051701230E-1);
#1339=CARTESIAN_POINT('',(-6.040605170123E0,1.1E0,1.18E0));
#1340=LINE('',#1339,#1338);
#1341=DIRECTION('',(-1.E0,1.112936936672E-13,0.E0));
#1342=VECTOR('',#1341,5.706051701229E-1);
#1343=CARTESIAN_POINT('',(-5.47E0,1.15E0,1.18E0));
#1344=LINE('',#1343,#1342);
#1345=DIRECTION('',(-2.301681880320E-14,-1.976738556040E-14,1.E0));
#1346=VECTOR('',#1345,3.28E0);
#1347=CARTESIAN_POINT('',(-5.47E0,1.15E0,-2.1E0));
#1348=LINE('',#1347,#1346);
#1349=DIRECTION('',(1.E0,0.E0,-1.091496371198E-13));
#1350=VECTOR('',#1349,8.300000000001E-1);
#1351=CARTESIAN_POINT('',(-6.3E0,1.15E0,-2.1E0));
#1352=LINE('',#1351,#1350);
#1353=DIRECTION('',(7.071067811865E-1,0.E0,-7.071067811865E-1));
#1354=VECTOR('',#1353,2.828427124744E-1);
#1355=CARTESIAN_POINT('',(-6.5E0,1.15E0,-1.9E0));
#1356=LINE('',#1355,#1354);
#1357=DIRECTION('',(-1.E0,1.401690468426E-13,0.E0));
#1358=VECTOR('',#1357,4.593948298770E-1);
#1359=CARTESIAN_POINT('',(-6.040605170123E0,1.15E0,1.18E0));
#1360=LINE('',#1359,#1358);
#1361=DIRECTION('',(0.E0,-1.E0,0.E0));
#1362=VECTOR('',#1361,6.5E-1);
#1363=CARTESIAN_POINT('',(-6.3E0,1.8E0,-2.1E0));
#1364=LINE('',#1363,#1362);
#1365=DIRECTION('',(1.E0,0.E0,0.E0));
#1366=VECTOR('',#1365,1.3E1);
#1367=CARTESIAN_POINT('',(-6.5E0,1.8E0,1.18E0));
#1368=LINE('',#1367,#1366);
#1369=DIRECTION('',(-2.941370091215E-14,-2.588117310652E-14,1.E0));
#1370=VECTOR('',#1369,3.08E0);
#1371=CARTESIAN_POINT('',(-6.5E0,1.8E0,-1.9E0));
#1372=LINE('',#1371,#1370);
#1373=DIRECTION('',(-7.071067811865E-1,0.E0,7.071067811865E-1));
#1374=VECTOR('',#1373,2.828427124744E-1);
#1375=CARTESIAN_POINT('',(-6.3E0,1.8E0,-2.1E0));
#1376=LINE('',#1375,#1374);
#1377=DIRECTION('',(-1.E0,0.E0,0.E0));
#1378=VECTOR('',#1377,1.26E1);
#1379=CARTESIAN_POINT('',(6.3E0,1.8E0,-2.1E0));
#1380=LINE('',#1379,#1378);
#1381=DIRECTION('',(-7.071067811865E-1,0.E0,-7.071067811865E-1));
#1382=VECTOR('',#1381,2.828427124744E-1);
#1383=CARTESIAN_POINT('',(6.5E0,1.8E0,-1.9E0));
#1384=LINE('',#1383,#1382);
#1385=DIRECTION('',(-6.269494727294E-14,-1.E0,0.E0));
#1386=VECTOR('',#1385,1.7E-1);
#1387=CARTESIAN_POINT('',(-6.040605170123E0,1.32E0,1.18E0));
#1388=LINE('',#1387,#1386);
#1389=DIRECTION('',(9.665471037912E-13,1.E0,0.E0));
#1390=VECTOR('',#1389,1.7E-1);
#1391=CARTESIAN_POINT('',(6.040605170123E0,1.15E0,1.18E0));
#1392=LINE('',#1391,#1390);
#1393=DIRECTION('',(-1.E0,0.E0,0.E0));
#1394=VECTOR('',#1393,1.208121034025E1);
#1395=CARTESIAN_POINT('',(6.040605170124E0,1.32E0,1.18E0));
#1396=LINE('',#1395,#1394);
#1397=DIRECTION('',(-2.941370091215E-14,2.033005798340E-14,1.E0));
#1398=VECTOR('',#1397,3.08E0);
#1399=CARTESIAN_POINT('',(-6.5E0,1.15E0,-1.9E0));
#1400=LINE('',#1399,#1398);
#1401=DIRECTION('',(0.E0,-1.E0,0.E0));
#1402=VECTOR('',#1401,6.5E-1);
#1403=CARTESIAN_POINT('',(-6.5E0,1.8E0,-1.9E0));
#1404=LINE('',#1403,#1402);
#1405=DIRECTION('',(0.E0,1.E0,0.E0));
#1406=VECTOR('',#1405,6.499999999999E-1);
#1407=CARTESIAN_POINT('',(-6.5E0,1.15E0,1.18E0));
#1408=LINE('',#1407,#1406);
#1409=DIRECTION('',(0.E0,-1.E0,0.E0));
#1410=VECTOR('',#1409,6.499999999999E-1);
#1411=CARTESIAN_POINT('',(6.5E0,1.8E0,1.18E0));
#1412=LINE('',#1411,#1410);
#1413=DIRECTION('',(2.941370091215E-14,-2.588117310652E-14,1.E0));
#1414=VECTOR('',#1413,3.08E0);
#1415=CARTESIAN_POINT('',(6.5E0,1.8E0,-1.9E0));
#1416=LINE('',#1415,#1414);
#1417=DIRECTION('',(0.E0,1.E0,0.E0));
#1418=VECTOR('',#1417,6.5E-1);
#1419=CARTESIAN_POINT('',(6.5E0,1.15E0,-1.9E0));
#1420=LINE('',#1419,#1418);
#1421=DIRECTION('',(1.E0,1.112936936669E-13,0.E0));
#1422=VECTOR('',#1421,5.706051701242E-1);
#1423=CARTESIAN_POINT('',(5.469999999999E0,1.15E0,1.18E0));
#1424=LINE('',#1423,#1422);
#1425=DIRECTION('',(1.E0,1.401690468427E-13,0.E0));
#1426=VECTOR('',#1425,4.593948298765E-1);
#1427=CARTESIAN_POINT('',(6.040605170123E0,1.15E0,1.18E0));
#1428=LINE('',#1427,#1426);
#1429=DIRECTION('',(-2.941370091215E-14,-2.033005798340E-14,-1.E0));
#1430=VECTOR('',#1429,3.08E0);
#1431=CARTESIAN_POINT('',(6.5E0,1.15E0,1.18E0));
#1432=LINE('',#1431,#1430);
#1433=DIRECTION('',(-7.071067811865E-1,0.E0,-7.071067811865E-1));
#1434=VECTOR('',#1433,2.828427124744E-1);
#1435=CARTESIAN_POINT('',(6.5E0,1.15E0,-1.9E0));
#1436=LINE('',#1435,#1434);
#1437=DIRECTION('',(-1.E0,0.E0,-1.091496371198E-13));
#1438=VECTOR('',#1437,8.300000000001E-1);
#1439=CARTESIAN_POINT('',(6.3E0,1.15E0,-2.1E0));
#1440=LINE('',#1439,#1438);
#1441=DIRECTION('',(0.E0,1.E0,0.E0));
#1442=VECTOR('',#1441,6.5E-1);
#1443=CARTESIAN_POINT('',(6.3E0,1.15E0,-2.1E0));
#1444=LINE('',#1443,#1442);
#1445=DIRECTION('',(0.E0,-1.E0,0.E0));
#1446=VECTOR('',#1445,5.499999999999E-1);
#1447=CARTESIAN_POINT('',(5.469999999999E0,1.15E0,1.18E0));
#1448=LINE('',#1447,#1446);
#1449=DIRECTION('',(-2.101300163681E-13,-1.976738556040E-14,1.E0));
#1450=VECTOR('',#1449,3.28E0);
#1451=CARTESIAN_POINT('',(5.47E0,1.15E0,-2.1E0));
#1452=LINE('',#1451,#1450);
#1453=DIRECTION('',(0.E0,1.E0,0.E0));
#1454=VECTOR('',#1453,5.5E-1);
#1455=CARTESIAN_POINT('',(5.47E0,6.E-1,-2.1E0));
#1456=LINE('',#1455,#1454);
#1457=DIRECTION('',(0.E0,0.E0,-1.E0));
#1458=VECTOR('',#1457,3.28E0);
#1459=CARTESIAN_POINT('',(5.5E0,6.E-1,1.18E0));
#1460=LINE('',#1459,#1458);
#1461=DIRECTION('',(1.E0,6.661338147598E-14,-1.480297366133E-14));
#1462=VECTOR('',#1461,3.000000000069E-2);
#1463=CARTESIAN_POINT('',(5.469999999999E0,6.E-1,1.18E0));
#1464=LINE('',#1463,#1462);
#1465=DIRECTION('',(-2.101300163681E-13,0.E0,1.E0));
#1466=VECTOR('',#1465,3.28E0);
#1467=CARTESIAN_POINT('',(5.47E0,6.E-1,-2.1E0));
#1468=LINE('',#1467,#1466);
#1469=DIRECTION('',(-1.E0,0.E0,0.E0));
#1470=VECTOR('',#1469,3.E-2);
#1471=CARTESIAN_POINT('',(5.5E0,6.E-1,-2.1E0));
#1472=LINE('',#1471,#1470);
#1473=DIRECTION('',(0.E0,0.E0,1.E0));
#1474=VECTOR('',#1473,3.9E0);
#1475=CARTESIAN_POINT('',(6.040605170123E0,-1.15E0,-2.1E0));
#1476=LINE('',#1475,#1474);
#1477=DIRECTION('',(1.314504061156E-12,1.E0,0.E0));
#1478=VECTOR('',#1477,5.E-2);
#1479=CARTESIAN_POINT('',(6.040605170123E0,-1.2E0,-2.1E0));
#1480=LINE('',#1479,#1478);
#1481=DIRECTION('',(2.224675470297E-13,0.E0,-1.E0));
#1482=VECTOR('',#1481,4.2E0);
#1483=CARTESIAN_POINT('',(6.040605170122E0,-1.2E0,2.1E0));
#1484=LINE('',#1483,#1482);
#1485=DIRECTION('',(-6.583798761904E-13,-1.E0,0.E0));
#1486=VECTOR('',#1485,2.52E0);
#1487=CARTESIAN_POINT('',(6.040605170124E0,1.32E0,2.1E0));
#1488=LINE('',#1487,#1486);
#1489=DIRECTION('',(9.929834732248E-12,1.E0,0.E0));
#1490=VECTOR('',#1489,5.E-2);
#1491=CARTESIAN_POINT('',(6.040605170123E0,1.1E0,1.18E0));
#1492=LINE('',#1491,#1490);
#1493=DIRECTION('',(0.E0,0.E0,1.E0));
#1494=VECTOR('',#1493,6.2E-1);
#1495=CARTESIAN_POINT('',(6.040605170123E0,1.1E0,1.18E0));
#1496=LINE('',#1495,#1494);
#1497=DIRECTION('',(0.E0,1.E0,0.E0));
#1498=VECTOR('',#1497,2.25E0);
#1499=CARTESIAN_POINT('',(6.040605170123E0,-1.15E0,1.8E0));
#1500=LINE('',#1499,#1498);
#1501=DIRECTION('',(1.E0,0.E0,0.E0));
#1502=VECTOR('',#1501,3.093948298757E-1);
#1503=CARTESIAN_POINT('',(6.040605170123E0,-1.15E0,1.8E0));
#1504=LINE('',#1503,#1502);
#1505=DIRECTION('',(-1.378207892638E-14,0.E0,-1.E0));
#1506=VECTOR('',#1505,2.9E0);
#1507=CARTESIAN_POINT('',(6.349999999999E0,-1.15E0,1.8E0));
#1508=LINE('',#1507,#1506);
#1509=DIRECTION('',(1.736481776684E-1,0.E0,-9.848077530119E-1));
#1510=VECTOR('',#1509,1.025580878005E0);
#1511=CARTESIAN_POINT('',(6.349999999999E0,-1.15E0,-1.1E0));
#1512=LINE('',#1511,#1510);
#1513=DIRECTION('',(1.E0,0.E0,0.E0));
#1514=VECTOR('',#1513,3.093948298757E-1);
#1515=CARTESIAN_POINT('',(6.040605170123E0,1.1E0,1.8E0));
#1516=LINE('',#1515,#1514);
#1517=DIRECTION('',(0.E0,1.E0,0.E0));
#1518=VECTOR('',#1517,2.25E0);
#1519=CARTESIAN_POINT('',(6.349999999999E0,-1.15E0,1.8E0));
#1520=LINE('',#1519,#1518);
#1521=DIRECTION('',(-1.378207892638E-14,0.E0,-1.E0));
#1522=VECTOR('',#1521,2.9E0);
#1523=CARTESIAN_POINT('',(6.349999999999E0,1.1E0,1.8E0));
#1524=LINE('',#1523,#1522);
#1525=DIRECTION('',(0.E0,-1.E0,0.E0));
#1526=VECTOR('',#1525,2.25E0);
#1527=CARTESIAN_POINT('',(6.349999999999E0,1.1E0,-1.1E0));
#1528=LINE('',#1527,#1526);
#1529=DIRECTION('',(-1.E0,0.E0,1.598235247945E-14));
#1530=VECTOR('',#1529,1.028090250517E0);
#1531=CARTESIAN_POINT('',(6.528090250516E0,-1.15E0,-2.11E0));
#1532=LINE('',#1531,#1530);
#1533=DIRECTION('',(5.921189464668E-14,-1.E0,-1.391479524197E-13));
#1534=VECTOR('',#1533,4.5E-1);
#1535=CARTESIAN_POINT('',(6.528090250516E0,-7.E-1,-2.11E0));
#1536=LINE('',#1535,#1534);
#1537=DIRECTION('',(-1.E0,0.E0,-2.445462471272E-14));
#1538=VECTOR('',#1537,6.719097494842E-1);
#1539=CARTESIAN_POINT('',(7.2E0,-7.E-1,-2.11E0));
#1540=LINE('',#1539,#1538);
#1541=DIRECTION('',(0.E0,1.E0,5.732787981701E-14));
#1542=VECTOR('',#1541,1.1E0);
#1543=CARTESIAN_POINT('',(7.2E0,-1.8E0,-2.11E0));
#1544=LINE('',#1543,#1542);
#1545=DIRECTION('',(1.E0,0.E0,4.642298876027E-14));
#1546=VECTOR('',#1545,2.276743371482E0);
#1547=CARTESIAN_POINT('',(4.923256628518E0,-1.8E0,-2.11E0));
#1548=LINE('',#1547,#1546);
#1549=DIRECTION('',(-1.E0,0.E0,-1.832586851805E-13));
#1550=VECTOR('',#1549,5.767433714816E-1);
#1551=CARTESIAN_POINT('',(5.5E0,-7.E-1,-2.11E0));
#1552=LINE('',#1551,#1550);
#1553=DIRECTION('',(-6.217248937898E-13,-1.557087792036E-12,1.E0));
#1554=VECTOR('',#1553,4.000000000002E-2);
#1555=CARTESIAN_POINT('',(7.2E0,-6.999999999999E-1,-2.15E0));
#1556=LINE('',#1555,#1554);
#1557=DIRECTION('',(1.736481776675E-1,1.533432129723E-12,-9.848077530121E-1));
#1558=VECTOR('',#1557,4.061706447531E-2);
#1559=CARTESIAN_POINT('',(6.528090250516E0,-7.E-1,-2.11E0));
#1560=LINE('',#1559,#1558);
#1561=DIRECTION('',(1.E0,0.E0,-1.943726608272E-13));
#1562=VECTOR('',#1561,6.648566702559E-1);
#1563=CARTESIAN_POINT('',(6.535143329744E0,-6.999999999999E-1,-2.15E0));
#1564=LINE('',#1563,#1562);
#1565=DIRECTION('',(-2.588190451078E-1,1.948180784570E-13,-9.659258262877E-1));
#1566=VECTOR('',#1565,3.726994249484E-1);
#1567=CARTESIAN_POINT('',(-4.826794919242E0,-1.8E0,-1.75E0));
#1568=LINE('',#1567,#1566);
#1569=DIRECTION('',(-2.588190451022E-1,-1.954138523976E-13,9.659258262892E-1));
#1570=VECTOR('',#1569,3.726994249478E-1);
#1571=CARTESIAN_POINT('',(4.923256628518E0,-1.8E0,-2.11E0));
#1572=LINE('',#1571,#1570);
#1573=DIRECTION('',(1.E0,0.E0,0.E0));
#1574=VECTOR('',#1573,1.44E1);
#1575=CARTESIAN_POINT('',(-7.2E0,-1.8E0,-3.15E0));
#1576=LINE('',#1575,#1574);
#1577=DIRECTION('',(-1.E0,0.E0,-1.598235247945E-14));
#1578=VECTOR('',#1577,1.028090250517E0);
#1579=CARTESIAN_POINT('',(-5.5E0,-1.15E0,-2.11E0));
#1580=LINE('',#1579,#1578);
#1581=DIRECTION('',(-1.E0,0.E0,1.832586851807E-13));
#1582=VECTOR('',#1581,5.767433714811E-1);
#1583=CARTESIAN_POINT('',(-4.923256628519E0,-7.E-1,-2.11E0));
#1584=LINE('',#1583,#1582);
#1585=DIRECTION('',(1.E0,0.E0,-4.661804333492E-14));
#1586=VECTOR('',#1585,2.276743371480E0);
#1587=CARTESIAN_POINT('',(-7.2E0,-1.8E0,-2.11E0));
#1588=LINE('',#1587,#1586);
#1589=DIRECTION('',(0.E0,-1.E0,-5.732787981701E-14));
#1590=VECTOR('',#1589,1.1E0);
#1591=CARTESIAN_POINT('',(-7.2E0,-7.E-1,-2.11E0));
#1592=LINE('',#1591,#1590);
#1593=DIRECTION('',(-1.E0,0.E0,2.445462471282E-14));
#1594=VECTOR('',#1593,6.719097494814E-1);
#1595=CARTESIAN_POINT('',(-6.528090250519E0,-7.E-1,-2.11E0));
#1596=LINE('',#1595,#1594);
#1597=DIRECTION('',(-3.418500050935E-12,1.E0,1.391479524197E-13));
#1598=VECTOR('',#1597,4.5E-1);
#1599=CARTESIAN_POINT('',(-6.528090250517E0,-1.15E0,-2.11E0));
#1600=LINE('',#1599,#1598);
#1601=DIRECTION('',(1.E0,1.136464659750E-13,0.E0));
#1602=VECTOR('',#1601,5.500000000013E-1);
#1603=CARTESIAN_POINT('',(-5.5E0,-6.999999999999E-1,-2.15E0));
#1604=LINE('',#1603,#1602);
#1605=DIRECTION('',(1.E0,-1.136464659753E-13,0.E0));
#1606=VECTOR('',#1605,5.499999999999E-1);
#1607=CARTESIAN_POINT('',(4.95E0,-6.999999999999E-1,-2.15E0));
#1608=LINE('',#1607,#1606);
#1609=DIRECTION('',(-1.747661844302E-12,1.E0,0.E0));
#1610=VECTOR('',#1609,6.500000000001E-1);
#1611=CARTESIAN_POINT('',(-4.826794919242E0,-1.8E0,-1.75E0));
#1612=LINE('',#1611,#1610);
#1613=DIRECTION('',(-6.071910651041E-13,-1.E0,-5.692416235351E-14));
#1614=VECTOR('',#1613,1.1E0);
#1615=CARTESIAN_POINT('',(-4.923256628519E0,-7.E-1,-2.11E0));
#1616=LINE('',#1615,#1614);
#1617=DIRECTION('',(-2.588190452030E-1,5.361965461977E-13,-9.659258262621E-1));
#1618=VECTOR('',#1617,1.035276180440E-2);
#1619=CARTESIAN_POINT('',(-4.920577136593E0,-7.E-1,-2.1E0));
#1620=LINE('',#1619,#1618);
#1621=DIRECTION('',(0.E0,1.E0,0.E0));
#1622=VECTOR('',#1621,5.E-1);
#1623=CARTESIAN_POINT('',(-4.8E0,-1.15E0,-1.65E0));
#1624=LINE('',#1623,#1622);
#1625=DIRECTION('',(-1.E0,0.E0,0.E0));
#1626=VECTOR('',#1625,2.300000000003E-1);
#1627=CARTESIAN_POINT('',(-4.57E0,-6.5E-1,-1.65E0));
#1628=LINE('',#1627,#1626);
#1629=DIRECTION('',(0.E0,-1.E0,0.E0));
#1630=VECTOR('',#1629,1.65E0);
#1631=CARTESIAN_POINT('',(-4.86E0,-1.5E-1,-1.65E0));
#1632=LINE('',#1631,#1630);
#1633=DIRECTION('',(1.E0,0.E0,0.E0));
#1634=VECTOR('',#1633,9.72E0);
#1635=CARTESIAN_POINT('',(-4.86E0,-1.8E0,-1.65E0));
#1636=LINE('',#1635,#1634);
#1637=DIRECTION('',(-1.E0,0.E0,0.E0));
#1638=VECTOR('',#1637,2.300000000003E-1);
#1639=CARTESIAN_POINT('',(4.8E0,-6.5E-1,-1.65E0));
#1640=LINE('',#1639,#1638);
#1641=DIRECTION('',(0.E0,1.E0,0.E0));
#1642=VECTOR('',#1641,5.E-1);
#1643=CARTESIAN_POINT('',(4.8E0,-1.15E0,-1.65E0));
#1644=LINE('',#1643,#1642);
#1645=DIRECTION('',(-1.E0,0.E0,0.E0));
#1646=VECTOR('',#1645,9.600000000001E0);
#1647=CARTESIAN_POINT('',(4.8E0,-1.15E0,-1.65E0));
#1648=LINE('',#1647,#1646);
#1649=DIRECTION('',(-2.588190450995E-1,1.215378838084E-14,-9.659258262899E-1));
#1650=VECTOR('',#1649,4.658742811842E-1);
#1651=CARTESIAN_POINT('',(-4.8E0,-6.5E-1,-1.65E0));
#1652=LINE('',#1651,#1650);
#1653=DIRECTION('',(1.E0,0.E0,0.E0));
#1654=VECTOR('',#1653,9.841154273187E0);
#1655=CARTESIAN_POINT('',(-4.920577136593E0,-6.5E-1,-2.1E0));
#1656=LINE('',#1655,#1654);
#1657=DIRECTION('',(-2.588190451024E-1,-1.191547880473E-14,9.659258262891E-1));
#1658=VECTOR('',#1657,4.658742811846E-1);
#1659=CARTESIAN_POINT('',(4.920577136594E0,-6.5E-1,-2.1E0));
#1660=LINE('',#1659,#1658);
#1661=DIRECTION('',(2.149391775674E-13,1.E0,0.E0));
#1662=VECTOR('',#1661,5.E-1);
#1663=CARTESIAN_POINT('',(4.4E0,-1.15E0,-1.65E0));
#1664=LINE('',#1663,#1662);
#1665=DIRECTION('',(1.E0,3.200054600392E-14,0.E0));
#1666=VECTOR('',#1665,1.699999999999E-1);
#1667=CARTESIAN_POINT('',(4.4E0,-6.5E-1,-1.65E0));
#1668=LINE('',#1667,#1666);
#1669=DIRECTION('',(1.E0,0.E0,0.E0));
#1670=VECTOR('',#1669,1.7E-1);
#1671=CARTESIAN_POINT('',(-4.57E0,-1.15E0,-1.65E0));
#1672=LINE('',#1671,#1670);
#1673=DIRECTION('',(0.E0,0.E0,1.E0));
#1674=VECTOR('',#1673,1.35E0);
#1675=CARTESIAN_POINT('',(-4.4E0,-1.15E0,-1.65E0));
#1676=LINE('',#1675,#1674);
#1677=DIRECTION('',(0.E0,2.105311809660E-14,-1.E0));
#1678=VECTOR('',#1677,1.35E0);
#1679=CARTESIAN_POINT('',(-4.57E0,-1.15E0,-3.E-1));
#1680=LINE('',#1679,#1678);
#1681=DIRECTION('',(0.E0,0.E0,1.E0));
#1682=VECTOR('',#1681,1.35E0);
#1683=CARTESIAN_POINT('',(4.4E0,-1.15E0,-1.65E0));
#1684=LINE('',#1683,#1682);
#1685=DIRECTION('',(-1.E0,0.E0,0.E0));
#1686=VECTOR('',#1685,1.7E-1);
#1687=CARTESIAN_POINT('',(4.57E0,-1.15E0,-1.65E0));
#1688=LINE('',#1687,#1686);
#1689=DIRECTION('',(1.E0,-3.200054600378E-14,0.E0));
#1690=VECTOR('',#1689,1.700000000006E-1);
#1691=CARTESIAN_POINT('',(-4.57E0,-6.5E-1,-1.65E0));
#1692=LINE('',#1691,#1690);
#1693=DIRECTION('',(0.E0,1.E0,0.E0));
#1694=VECTOR('',#1693,5.E-1);
#1695=CARTESIAN_POINT('',(-4.57E0,-1.15E0,-1.65E0));
#1696=LINE('',#1695,#1694);
#1697=DIRECTION('',(3.870471236871E-13,2.588190451026E-1,9.659258262890E-1));
#1698=VECTOR('',#1697,2.547178329283E-1);
#1699=CARTESIAN_POINT('',(-4.57E0,-1.15E0,-3.E-1));
#1700=LINE('',#1699,#1698);
#1701=CARTESIAN_POINT('',(-4.57E0,-2.05E0,2.048575783443E-1));
#1702=DIRECTION('',(1.E0,0.E0,0.E0));
#1703=DIRECTION('',(0.E0,9.659258262891E-1,-2.588190451023E-1));
#1704=AXIS2_PLACEMENT_3D('',#1701,#1702,#1703);
#1706=CARTESIAN_POINT('',(-4.57E0,-7.5E-1,5.E-1));
#1707=DIRECTION('',(-1.E0,0.E0,0.E0));
#1708=DIRECTION('',(0.E0,-1.E0,0.E0));
#1709=AXIS2_PLACEMENT_3D('',#1706,#1707,#1708);
#1711=DIRECTION('',(0.E0,0.E0,-1.E0));
#1712=VECTOR('',#1711,2.45E0);
#1713=CARTESIAN_POINT('',(-4.57E0,-1.5E-1,8.E-1));
#1714=LINE('',#1713,#1712);
#1715=DIRECTION('',(0.E0,-1.E0,0.E0));
#1716=VECTOR('',#1715,5.E-1);
#1717=CARTESIAN_POINT('',(-4.57E0,-1.5E-1,-1.65E0));
#1718=LINE('',#1717,#1716);
#1719=DIRECTION('',(0.E0,2.588190451029E-1,9.659258262890E-1));
#1720=VECTOR('',#1719,2.547178329278E-1);
#1721=CARTESIAN_POINT('',(4.4E0,-1.15E0,-2.999999999997E-1));
#1722=LINE('',#1721,#1720);
#1723=DIRECTION('',(1.E0,-1.671865260612E-13,-1.792357112402E-12));
#1724=VECTOR('',#1723,1.7E-1);
#1725=CARTESIAN_POINT('',(4.4E0,-1.15E0,-2.999999999997E-1));
#1726=LINE('',#1725,#1724);
#1727=DIRECTION('',(0.E0,2.588190451029E-1,9.659258262890E-1));
#1728=VECTOR('',#1727,2.547178329278E-1);
#1729=CARTESIAN_POINT('',(-4.4E0,-1.15E0,-2.999999999997E-1));
#1730=LINE('',#1729,#1728);
#1731=DIRECTION('',(1.E0,1.671865260612E-13,1.792357112402E-12));
#1732=VECTOR('',#1731,1.7E-1);
#1733=CARTESIAN_POINT('',(-4.57E0,-1.15E0,-3.E-1));
#1734=LINE('',#1733,#1732);
#1735=DIRECTION('',(0.E0,0.E0,-1.E0));
#1736=VECTOR('',#1735,2.35E0);
#1737=CARTESIAN_POINT('',(4.4E0,-6.5E-1,7.E-1));
#1738=LINE('',#1737,#1736);
#1739=CARTESIAN_POINT('',(4.4E0,-2.05E0,2.048575783443E-1));
#1740=DIRECTION('',(-1.E0,0.E0,0.E0));
#1741=DIRECTION('',(0.E0,1.E0,0.E0));
#1742=AXIS2_PLACEMENT_3D('',#1739,#1740,#1741);
#1744=DIRECTION('',(1.E0,2.429429206827E-13,1.270838009989E-12));
#1745=VECTOR('',#1744,1.7E-1);
#1746=CARTESIAN_POINT('',(4.4E0,-1.084074173711E0,-5.396146675837E-2));
#1747=LINE('',#1746,#1745);
#1748=DIRECTION('',(-1.E0,0.E0,5.880916668676E-13));
#1749=VECTOR('',#1748,1.7E-1);
#1750=CARTESIAN_POINT('',(4.57E0,-1.05E0,2.048575783442E-1));
#1751=LINE('',#1750,#1749);
#1752=CARTESIAN_POINT('',(-4.4E0,-2.05E0,2.048575783443E-1));
#1753=DIRECTION('',(-1.E0,0.E0,0.E0));
#1754=DIRECTION('',(0.E0,1.E0,0.E0));
#1755=AXIS2_PLACEMENT_3D('',#1752,#1753,#1754);
#1757=DIRECTION('',(-1.E0,0.E0,-5.884182030517E-13));
#1758=VECTOR('',#1757,1.699999999999E-1);
#1759=CARTESIAN_POINT('',(-4.4E0,-1.05E0,2.048575783443E-1));
#1760=LINE('',#1759,#1758);
#1761=DIRECTION('',(1.E0,-2.455552101525E-13,-1.271042095105E-12));
#1762=VECTOR('',#1761,1.699999999999E-1);
#1763=CARTESIAN_POINT('',(-4.57E0,-1.084074173711E0,-5.396146675815E-2));
#1764=LINE('',#1763,#1762);
#1765=DIRECTION('',(0.E0,1.E0,0.E0));
#1766=VECTOR('',#1765,5.E-1);
#1767=CARTESIAN_POINT('',(4.57E0,-1.15E0,-1.65E0));
#1768=LINE('',#1767,#1766);
#1769=DIRECTION('',(0.E0,1.E0,0.E0));
#1770=VECTOR('',#1769,5.E-1);
#1771=CARTESIAN_POINT('',(4.57E0,-6.5E-1,-1.65E0));
#1772=LINE('',#1771,#1770);
#1773=DIRECTION('',(0.E0,0.E0,1.E0));
#1774=VECTOR('',#1773,2.45E0);
#1775=CARTESIAN_POINT('',(4.57E0,-1.5E-1,-1.65E0));
#1776=LINE('',#1775,#1774);
#1777=CARTESIAN_POINT('',(4.57E0,-7.5E-1,5.E-1));
#1778=DIRECTION('',(1.E0,0.E0,0.E0));
#1779=DIRECTION('',(0.E0,0.E0,1.E0));
#1780=AXIS2_PLACEMENT_3D('',#1777,#1778,#1779);
#1782=CARTESIAN_POINT('',(4.57E0,-2.05E0,2.048575783443E-1));
#1783=DIRECTION('',(-1.E0,0.E0,0.E0));
#1784=DIRECTION('',(0.E0,1.E0,-2.998989945269E-13));
#1785=AXIS2_PLACEMENT_3D('',#1782,#1783,#1784);
#1787=DIRECTION('',(1.046073307262E-14,-2.588190451026E-1,-9.659258262890E-1));
#1788=VECTOR('',#1787,2.547178329283E-1);
#1789=CARTESIAN_POINT('',(4.57E0,-1.084074173711E0,-5.396146675815E-2));
#1790=LINE('',#1789,#1788);
#1791=DIRECTION('',(0.E0,2.105311809660E-14,-1.E0));
#1792=VECTOR('',#1791,1.35E0);
#1793=CARTESIAN_POINT('',(4.57E0,-1.15E0,-3.E-1));
#1794=LINE('',#1793,#1792);
#1795=DIRECTION('',(-1.E0,0.E0,0.E0));
#1796=VECTOR('',#1795,9.14E0);
#1797=CARTESIAN_POINT('',(4.57E0,-1.5E-1,8.E-1));
#1798=LINE('',#1797,#1796);
#1799=DIRECTION('',(0.E0,-1.E0,0.E0));
#1800=VECTOR('',#1799,6.E-1);
#1801=CARTESIAN_POINT('',(-4.57E0,-1.5E-1,8.E-1));
#1802=LINE('',#1801,#1800);
#1803=DIRECTION('',(1.643130076445E-13,1.E0,0.E0));
#1804=VECTOR('',#1803,6.E-1);
#1805=CARTESIAN_POINT('',(4.57E0,-7.5E-1,8.E-1));
#1806=LINE('',#1805,#1804);
#1807=CARTESIAN_POINT('',(4.4E0,-7.5E-1,5.E-1));
#1808=DIRECTION('',(1.E0,0.E0,0.E0));
#1809=DIRECTION('',(0.E0,-7.453559924999E-1,6.666666666667E-1));
#1810=AXIS2_PLACEMENT_3D('',#1807,#1808,#1809);
#1812=DIRECTION('',(-1.E0,0.E0,-6.106226635442E-14));
#1813=VECTOR('',#1812,1.699999999999E-1);
#1814=CARTESIAN_POINT('',(4.57E0,-1.05E0,5.E-1));
#1815=LINE('',#1814,#1813);
#1816=DIRECTION('',(1.E0,0.E0,0.E0));
#1817=VECTOR('',#1816,9.14E0);
#1818=CARTESIAN_POINT('',(-4.57E0,-7.5E-1,8.E-1));
#1819=LINE('',#1818,#1817);
#1820=DIRECTION('',(-1.E0,0.E0,6.106226635438E-14));
#1821=VECTOR('',#1820,1.7E-1);
#1822=CARTESIAN_POINT('',(-4.4E0,-1.05E0,4.999999999999E-1));
#1823=LINE('',#1822,#1821);
#1824=CARTESIAN_POINT('',(-4.4E0,-7.5E-1,5.E-1));
#1825=DIRECTION('',(1.E0,0.E0,0.E0));
#1826=DIRECTION('',(0.E0,-7.453559924999E-1,6.666666666667E-1));
#1827=AXIS2_PLACEMENT_3D('',#1824,#1825,#1826);
#1829=DIRECTION('',(1.E0,0.E0,0.E0));
#1830=VECTOR('',#1829,8.8E0);
#1831=CARTESIAN_POINT('',(-4.4E0,-9.736067977500E-1,7.E-1));
#1832=LINE('',#1831,#1830);
#1833=DIRECTION('',(0.E0,0.E0,1.E0));
#1834=VECTOR('',#1833,2.951424216556E-1);
#1835=CARTESIAN_POINT('',(4.4E0,-1.05E0,2.048575783443E-1));
#1836=LINE('',#1835,#1834);
#1837=DIRECTION('',(-3.250067163828E-13,0.E0,1.E0));
#1838=VECTOR('',#1837,2.951424216558E-1);
#1839=CARTESIAN_POINT('',(4.57E0,-1.05E0,2.048575783442E-1));
#1840=LINE('',#1839,#1838);
#1841=DIRECTION('',(0.E0,0.E0,1.E0));
#1842=VECTOR('',#1841,2.951424216556E-1);
#1843=CARTESIAN_POINT('',(-4.4E0,-1.05E0,2.048575783443E-1));
#1844=LINE('',#1843,#1842);
#1845=DIRECTION('',(3.250067163828E-13,0.E0,-1.E0));
#1846=VECTOR('',#1845,2.951424216558E-1);
#1847=CARTESIAN_POINT('',(-4.57E0,-1.05E0,5.E-1));
#1848=LINE('',#1847,#1846);
#1849=DIRECTION('',(-1.250555214938E-12,-1.E0,0.E0));
#1850=VECTOR('',#1849,5.E-1);
#1851=CARTESIAN_POINT('',(-4.399999999999E0,-6.5E-1,-1.65E0));
#1852=LINE('',#1851,#1850);
#1853=DIRECTION('',(0.E0,0.E0,-1.E0));
#1854=VECTOR('',#1853,2.35E0);
#1855=CARTESIAN_POINT('',(-4.399999999999E0,-6.5E-1,7.E-1));
#1856=LINE('',#1855,#1854);
#1857=DIRECTION('',(1.929469446843E-12,1.E0,0.E0));
#1858=VECTOR('',#1857,3.236067977500E-1);
#1859=CARTESIAN_POINT('',(-4.4E0,-9.736067977500E-1,7.E-1));
#1860=LINE('',#1859,#1858);
#1861=DIRECTION('',(1.E0,0.E0,0.E0));
#1862=VECTOR('',#1861,8.799999999999E0);
#1863=CARTESIAN_POINT('',(-4.399999999999E0,-6.5E-1,7.E-1));
#1864=LINE('',#1863,#1862);
#1865=DIRECTION('',(-3.348439153838E-13,-1.E0,0.E0));
#1866=VECTOR('',#1865,3.236067977500E-1);
#1867=CARTESIAN_POINT('',(4.4E0,-6.5E-1,7.E-1));
#1868=LINE('',#1867,#1866);
#1869=DIRECTION('',(-1.310951347477E-11,-1.E0,1.341149413747E-12));
#1870=VECTOR('',#1869,5.000000000001E-2);
#1871=CARTESIAN_POINT('',(-4.920577136593E0,-6.5E-1,-2.1E0));
#1872=LINE('',#1871,#1870);
#1873=DIRECTION('',(1.E0,0.E0,0.E0));
#1874=VECTOR('',#1873,9.841154273188E0);
#1875=CARTESIAN_POINT('',(-4.920577136593E0,-7.E-1,-2.1E0));
#1876=LINE('',#1875,#1874);
#1877=DIRECTION('',(1.563194018672E-12,1.E0,-1.350031197944E-12));
#1878=VECTOR('',#1877,5.000000000001E-2);
#1879=CARTESIAN_POINT('',(4.920577136594E0,-7.E-1,-2.1E0));
#1880=LINE('',#1879,#1878);
#1881=DIRECTION('',(2.588190450858E-1,5.361965462151E-13,-9.659258262936E-1));
#1882=VECTOR('',#1881,1.035276180406E-2);
#1883=CARTESIAN_POINT('',(4.920577136594E0,-7.E-1,-2.1E0));
#1884=LINE('',#1883,#1882);
#1885=DIRECTION('',(-9.689219124001E-14,-1.E0,-5.732787981701E-14));
#1886=VECTOR('',#1885,1.1E0);
#1887=CARTESIAN_POINT('',(4.923256628518E0,-7.E-1,-2.11E0));
#1888=LINE('',#1887,#1886);
#1889=DIRECTION('',(-1.E0,-2.367094080919E-14,0.E0));
#1890=VECTOR('',#1889,3.076794919243E0);
#1891=CARTESIAN_POINT('',(4.826794919243E0,-1.8E0,-1.75E0));
#1892=LINE('',#1891,#1890);
#1893=DIRECTION('',(1.E0,-2.049557070065E-14,0.E0));
#1894=VECTOR('',#1893,3.076794919242E0);
#1895=CARTESIAN_POINT('',(1.749999999999E0,-1.15E0,-1.75E0));
#1896=LINE('',#1895,#1894);
#1897=DIRECTION('',(3.278061582862E-12,-1.E0,0.E0));
#1898=VECTOR('',#1897,6.500000000001E-1);
#1899=CARTESIAN_POINT('',(4.826794919241E0,-1.15E0,-1.75E0));
#1900=LINE('',#1899,#1898);
#1901=DIRECTION('',(-1.251989964692E-12,1.E0,0.E0));
#1902=VECTOR('',#1901,6.500000000001E-1);
#1903=CARTESIAN_POINT('',(1.75E0,-1.8E0,-2.11E0));
#1904=LINE('',#1903,#1902);
#1905=DIRECTION('',(-8.881784196998E-14,1.739349405245E-13,1.E0));
#1906=VECTOR('',#1905,3.600000000001E-1);
#1907=CARTESIAN_POINT('',(1.749999999999E0,-1.15E0,-2.11E0));
#1908=LINE('',#1907,#1906);
#1909=DIRECTION('',(1.251648357608E-12,-1.E0,0.E0));
#1910=VECTOR('',#1909,6.500000000003E-1);
#1911=CARTESIAN_POINT('',(1.749999999999E0,-1.15E0,-1.75E0));
#1912=LINE('',#1911,#1910);
#1913=DIRECTION('',(8.943463253922E-14,2.004569350017E-13,-1.E0));
#1914=VECTOR('',#1913,3.600000000001E-1);
#1915=CARTESIAN_POINT('',(1.75E0,-1.8E0,-1.75E0));
#1916=LINE('',#1915,#1914);
#1917=DIRECTION('',(-1.E0,0.E0,0.E0));
#1918=VECTOR('',#1917,3.5E0);
#1919=CARTESIAN_POINT('',(1.749999999999E0,-1.15E0,-2.11E0));
#1920=LINE('',#1919,#1918);
#1921=DIRECTION('',(1.E0,0.E0,0.E0));
#1922=VECTOR('',#1921,3.5E0);
#1923=CARTESIAN_POINT('',(-1.75E0,-1.8E0,-2.11E0));
#1924=LINE('',#1923,#1922);
#1925=DIRECTION('',(2.588190450807E-1,6.048297041325E-13,-9.659258262949E-1));
#1926=VECTOR('',#1925,1.035276180403E-1);
#1927=CARTESIAN_POINT('',(4.8E0,-1.15E0,-1.65E0));
#1928=LINE('',#1927,#1926);
#1929=DIRECTION('',(2.588190451020E-1,-6.026849179440E-13,9.659258262892E-1));
#1930=VECTOR('',#1929,1.035276180409E-1);
#1931=CARTESIAN_POINT('',(-4.826794919243E0,-1.15E0,-1.75E0));
#1932=LINE('',#1931,#1930);
#1933=DIRECTION('',(6.965368452955E-13,-1.E0,0.E0));
#1934=VECTOR('',#1933,6.500000000001E-1);
#1935=CARTESIAN_POINT('',(-1.75E0,-1.15E0,-2.11E0));
#1936=LINE('',#1935,#1934);
#1937=DIRECTION('',(-1.875043330477E-13,-2.010737255709E-13,1.E0));
#1938=VECTOR('',#1937,3.600000000001E-1);
#1939=CARTESIAN_POINT('',(-1.75E0,-1.8E0,-2.11E0));
#1940=LINE('',#1939,#1938);
#1941=DIRECTION('',(-6.965368452953E-13,1.E0,0.E0));
#1942=VECTOR('',#1941,6.500000000003E-1);
#1943=CARTESIAN_POINT('',(-1.75E0,-1.8E0,-1.75E0));
#1944=LINE('',#1943,#1942);
#1945=DIRECTION('',(1.862707519093E-13,-1.751685216630E-13,-1.E0));
#1946=VECTOR('',#1945,3.600000000001E-1);
#1947=CARTESIAN_POINT('',(-1.750000000001E0,-1.15E0,-1.75E0));
#1948=LINE('',#1947,#1946);
#1949=DIRECTION('',(-1.E0,2.345443830179E-14,0.E0));
#1950=VECTOR('',#1949,3.076794919242E0);
#1951=CARTESIAN_POINT('',(-1.75E0,-1.8E0,-1.75E0));
#1952=LINE('',#1951,#1950);
#1953=DIRECTION('',(1.E0,2.049557070064E-14,0.E0));
#1954=VECTOR('',#1953,3.076794919243E0);
#1955=CARTESIAN_POINT('',(-4.826794919243E0,-1.15E0,-1.75E0));
#1956=LINE('',#1955,#1954);
#1957=DIRECTION('',(0.E0,1.E0,0.E0));
#1958=VECTOR('',#1957,1.65E0);
#1959=CARTESIAN_POINT('',(-4.99E0,-1.8E0,-2.1E0));
#1960=LINE('',#1959,#1958);
#1961=DIRECTION('',(0.E0,1.E0,0.E0));
#1962=VECTOR('',#1961,1.65E0);
#1963=CARTESIAN_POINT('',(4.86E0,-1.8E0,-1.65E0));
#1964=LINE('',#1963,#1962);
#1965=DIRECTION('',(0.E0,-1.E0,0.E0));
#1966=VECTOR('',#1965,1.65E0);
#1967=CARTESIAN_POINT('',(4.99E0,-1.5E-1,-2.1E0));
#1968=LINE('',#1967,#1966);
#1969=DIRECTION('',(-1.E0,1.857100332100E-13,2.449219278567E-13));
#1970=VECTOR('',#1969,3.3E-1);
#1971=CARTESIAN_POINT('',(-4.62E0,-7.E-1,-2.35E0));
#1972=LINE('',#1971,#1970);
#1973=DIRECTION('',(0.E0,1.E0,-2.018587317501E-14));
#1974=VECTOR('',#1973,5.499999999999E-1);
#1975=CARTESIAN_POINT('',(-4.95E0,-6.999999999999E-1,-2.35E0));
#1976=LINE('',#1975,#1974);
#1977=DIRECTION('',(1.E0,1.890743454059E-13,0.E0));
#1978=VECTOR('',#1977,3.3E-1);
#1979=CARTESIAN_POINT('',(-4.95E0,-1.500000000001E-1,-2.35E0));
#1980=LINE('',#1979,#1978);
#1981=DIRECTION('',(0.E0,6.237828615518E-2,-9.980525784829E-1));
#1982=VECTOR('',#1981,8.015609770940E-1);
#1983=CARTESIAN_POINT('',(-4.62E0,-1.5E-1,-2.35E0));
#1984=LINE('',#1983,#1982);
#1985=DIRECTION('',(0.E0,-1.E0,1.302661682227E-13));
#1986=VECTOR('',#1985,1.05E0);
#1987=CARTESIAN_POINT('',(-4.62E0,-1.E-1,-3.15E0));
#1988=LINE('',#1987,#1986);
#1989=DIRECTION('',(0.E0,4.902612396328E-1,8.715755371244E-1));
#1990=VECTOR('',#1989,9.178779875341E-1);
#1991=CARTESIAN_POINT('',(-4.62E0,-1.15E0,-3.15E0));
#1992=LINE('',#1991,#1990);
#1993=DIRECTION('',(0.E0,1.E0,1.251524136850E-13));
#1994=VECTOR('',#1993,5.5E-1);
#1995=CARTESIAN_POINT('',(-4.62E0,-7.E-1,-2.35E0));
#1996=LINE('',#1995,#1994);
#1997=DIRECTION('',(5.E-1,8.660254037845E-1,0.E0));
#1998=VECTOR('',#1997,1.E0);
#1999=CARTESIAN_POINT('',(4.5E0,7.339745962156E-1,-3.15E0));
#2000=LINE('',#1999,#1998);
#2001=DIRECTION('',(5.E-1,-8.660254037845E-1,0.E0));
#2002=VECTOR('',#2001,1.E0);
#2003=CARTESIAN_POINT('',(4.E0,1.6E0,-3.15E0));
#2004=LINE('',#2003,#2002);
#2005=DIRECTION('',(0.E0,-6.237828615518E-2,9.980525784829E-1));
#2006=VECTOR('',#2005,8.015609770940E-1);
#2007=CARTESIAN_POINT('',(4.62E0,-1.E-1,-3.15E0));
#2008=LINE('',#2007,#2006);
#2009=DIRECTION('',(0.E0,-1.E0,-1.259598486120E-13));
#2010=VECTOR('',#2009,5.5E-1);
#2011=CARTESIAN_POINT('',(4.62E0,-1.5E-1,-2.35E0));
#2012=LINE('',#2011,#2010);
#2013=DIRECTION('',(0.E0,-4.902612396328E-1,-8.715755371244E-1));
#2014=VECTOR('',#2013,9.178779875341E-1);
#2015=CARTESIAN_POINT('',(4.62E0,-7.E-1,-2.35E0));
#2016=LINE('',#2015,#2014);
#2017=DIRECTION('',(0.E0,1.E0,-1.294202840134E-13));
#2018=VECTOR('',#2017,1.05E0);
#2019=CARTESIAN_POINT('',(4.62E0,-1.15E0,-3.15E0));
#2020=LINE('',#2019,#2018);
#2021=DIRECTION('',(-1.E0,-1.853736019904E-13,-2.435762029784E-13));
#2022=VECTOR('',#2021,3.3E-1);
#2023=CARTESIAN_POINT('',(4.95E0,-6.999999999999E-1,-2.35E0));
#2024=LINE('',#2023,#2022);
#2025=DIRECTION('',(1.E0,-1.888220219912E-13,0.E0));
#2026=VECTOR('',#2025,3.3E-1);
#2027=CARTESIAN_POINT('',(4.62E0,-1.5E-1,-2.35E0));
#2028=LINE('',#2027,#2026);
#2029=DIRECTION('',(-1.E0,0.E0,0.E0));
#2030=VECTOR('',#2029,9.24E0);
#2031=CARTESIAN_POINT('',(4.62E0,-7.E-1,-2.35E0));
#2032=LINE('',#2031,#2030);
#2033=DIRECTION('',(1.E0,0.E0,0.E0));
#2034=VECTOR('',#2033,9.24E0);
#2035=CARTESIAN_POINT('',(-4.62E0,-1.15E0,-3.15E0));
#2036=LINE('',#2035,#2034);
#2037=DIRECTION('',(-1.E0,0.E0,0.E0));
#2038=VECTOR('',#2037,1.E0);
#2039=CARTESIAN_POINT('',(5.E0,1.6E0,-3.15E0));
#2040=LINE('',#2039,#2038);
#2041=DIRECTION('',(0.E0,0.E0,-1.E0));
#2042=VECTOR('',#2041,1.000000000002E-1);
#2043=CARTESIAN_POINT('',(5.E0,1.6E0,-3.05E0));
#2044=LINE('',#2043,#2042);
#2045=DIRECTION('',(0.E0,0.E0,1.E0));
#2046=VECTOR('',#2045,1.000000000002E-1);
#2047=CARTESIAN_POINT('',(4.5E0,7.339745962156E-1,-3.15E0));
#2048=LINE('',#2047,#2046);
#2049=DIRECTION('',(0.E0,0.E0,-1.E0));
#2050=VECTOR('',#2049,1.000000000002E-1);
#2051=CARTESIAN_POINT('',(4.E0,1.6E0,-3.05E0));
#2052=LINE('',#2051,#2050);
#2053=DIRECTION('',(-5.E-1,-8.660254037845E-1,0.E0));
#2054=VECTOR('',#2053,1.E0);
#2055=CARTESIAN_POINT('',(5.E0,1.6E0,-3.05E0));
#2056=LINE('',#2055,#2054);
#2057=DIRECTION('',(1.E0,0.E0,0.E0));
#2058=VECTOR('',#2057,1.E0);
#2059=CARTESIAN_POINT('',(4.E0,1.6E0,-3.05E0));
#2060=LINE('',#2059,#2058);
#2061=DIRECTION('',(-5.E-1,8.660254037845E-1,0.E0));
#2062=VECTOR('',#2061,1.E0);
#2063=CARTESIAN_POINT('',(4.5E0,7.339745962156E-1,-3.05E0));
#2064=LINE('',#2063,#2062);
#2065=DIRECTION('',(-6.439293542823E-13,1.557087792036E-12,-1.E0));
#2066=VECTOR('',#2065,4.000000000002E-2);
#2067=CARTESIAN_POINT('',(-7.2E0,-7.E-1,-2.11E0));
#2068=LINE('',#2067,#2066);
#2069=DIRECTION('',(1.E0,0.E0,1.943726608264E-13));
#2070=VECTOR('',#2069,6.648566702586E-1);
#2071=CARTESIAN_POINT('',(-7.2E0,-6.999999999999E-1,-2.15E0));
#2072=LINE('',#2071,#2070);
#2073=DIRECTION('',(1.736481775363E-1,-1.533432129759E-12,9.848077530352E-1));
#2074=VECTOR('',#2073,4.061706447435E-2);
#2075=CARTESIAN_POINT('',(-6.535143329741E0,-6.999999999999E-1,-2.15E0));
#2076=LINE('',#2075,#2074);
#2077=DIRECTION('',(1.E0,0.E0,3.475401172886E-13));
#2078=VECTOR('',#2077,2.593948298772E-1);
#2079=CARTESIAN_POINT('',(6.040605170123E0,-1.2E0,-2.1E0));
#2080=LINE('',#2079,#2078);
#2081=DIRECTION('',(7.071067811865E-1,0.E0,7.071067811865E-1));
#2082=VECTOR('',#2081,2.828427124744E-1);
#2083=CARTESIAN_POINT('',(6.3E0,-1.2E0,-2.1E0));
#2084=LINE('',#2083,#2082);
#2085=DIRECTION('',(-1.E0,0.E0,0.E0));
#2086=VECTOR('',#2085,4.593948298780E-1);
#2087=CARTESIAN_POINT('',(6.5E0,-1.2E0,2.1E0));
#2088=LINE('',#2087,#2086);
#2089=DIRECTION('',(0.E0,1.E0,0.E0));
#2090=VECTOR('',#2089,6.E-1);
#2091=CARTESIAN_POINT('',(6.3E0,-1.8E0,-2.1E0));
#2092=LINE('',#2091,#2090);
#2093=DIRECTION('',(2.264854970235E-14,0.E0,1.E0));
#2094=VECTOR('',#2093,4.E0);
#2095=CARTESIAN_POINT('',(6.5E0,-1.2E0,-1.9E0));
#2096=LINE('',#2095,#2094);
#2097=DIRECTION('',(0.E0,1.E0,0.E0));
#2098=VECTOR('',#2097,6.E-1);
#2099=CARTESIAN_POINT('',(6.5E0,-1.8E0,-1.9E0));
#2100=LINE('',#2099,#2098);
#2101=DIRECTION('',(-2.264854970235E-14,0.E0,-1.E0));
#2102=VECTOR('',#2101,4.E0);
#2103=CARTESIAN_POINT('',(6.5E0,-1.8E0,2.1E0));
#2104=LINE('',#2103,#2102);
#2105=DIRECTION('',(0.E0,-1.E0,0.E0));
#2106=VECTOR('',#2105,6.E-1);
#2107=CARTESIAN_POINT('',(6.5E0,-1.2E0,2.1E0));
#2108=LINE('',#2107,#2106);
#2109=DIRECTION('',(0.E0,2.751422278419E-14,-1.E0));
#2110=VECTOR('',#2109,9.2E-1);
#2111=CARTESIAN_POINT('',(6.040605170124E0,1.32E0,2.1E0));
#2112=LINE('',#2111,#2110);
#2113=DIRECTION('',(1.E0,0.E0,0.E0));
#2114=VECTOR('',#2113,1.208121034025E1);
#2115=CARTESIAN_POINT('',(-6.040605170123E0,1.32E0,2.1E0));
#2116=LINE('',#2115,#2114);
#2117=DIRECTION('',(0.E0,-2.751422278419E-14,1.E0));
#2118=VECTOR('',#2117,9.2E-1);
#2119=CARTESIAN_POINT('',(-6.040605170123E0,1.32E0,1.18E0));
#2120=LINE('',#2119,#2118);
#2121=DIRECTION('',(0.E0,0.E0,-1.E0));
#2122=VECTOR('',#2121,3.459798678971E-1);
#2123=CARTESIAN_POINT('',(-3.3E0,1.32E0,2.093959457608E0));
#2124=LINE('',#2123,#2122);
#2125=DIRECTION('',(-1.E0,0.E0,0.E0));
#2126=VECTOR('',#2125,4.E-1);
#2127=CARTESIAN_POINT('',(-3.3E0,1.32E0,1.747979589711E0));
#2128=LINE('',#2127,#2126);
#2129=DIRECTION('',(0.E0,0.E0,-1.E0));
#2130=VECTOR('',#2129,3.459798678971E-1);
#2131=CARTESIAN_POINT('',(-3.7E0,1.32E0,2.093959457608E0));
#2132=LINE('',#2131,#2130);
#2133=DIRECTION('',(-1.E0,0.E0,0.E0));
#2134=VECTOR('',#2133,4.E-1);
#2135=CARTESIAN_POINT('',(-3.3E0,1.32E0,2.093959457608E0));
#2136=LINE('',#2135,#2134);
#2137=DIRECTION('',(0.E0,0.E0,-1.E0));
#2138=VECTOR('',#2137,3.459798678971E-1);
#2139=CARTESIAN_POINT('',(-1.3E0,1.32E0,2.093959457608E0));
#2140=LINE('',#2139,#2138);
#2141=DIRECTION('',(-1.E0,0.E0,0.E0));
#2142=VECTOR('',#2141,4.E-1);
#2143=CARTESIAN_POINT('',(-1.3E0,1.32E0,1.747979589711E0));
#2144=LINE('',#2143,#2142);
#2145=DIRECTION('',(0.E0,0.E0,-1.E0));
#2146=VECTOR('',#2145,3.459798678971E-1);
#2147=CARTESIAN_POINT('',(-1.7E0,1.32E0,2.093959457608E0));
#2148=LINE('',#2147,#2146);
#2149=DIRECTION('',(-1.E0,0.E0,0.E0));
#2150=VECTOR('',#2149,4.E-1);
#2151=CARTESIAN_POINT('',(-1.3E0,1.32E0,2.093959457608E0));
#2152=LINE('',#2151,#2150);
#2153=DIRECTION('',(0.E0,0.E0,-1.E0));
#2154=VECTOR('',#2153,3.459798678971E-1);
#2155=CARTESIAN_POINT('',(7.E-1,1.32E0,2.093959457608E0));
#2156=LINE('',#2155,#2154);
#2157=DIRECTION('',(-1.E0,0.E0,0.E0));
#2158=VECTOR('',#2157,4.E-1);
#2159=CARTESIAN_POINT('',(7.E-1,1.32E0,1.747979589711E0));
#2160=LINE('',#2159,#2158);
#2161=DIRECTION('',(0.E0,0.E0,-1.E0));
#2162=VECTOR('',#2161,3.459798678971E-1);
#2163=CARTESIAN_POINT('',(3.E-1,1.32E0,2.093959457608E0));
#2164=LINE('',#2163,#2162);
#2165=DIRECTION('',(-1.E0,0.E0,0.E0));
#2166=VECTOR('',#2165,4.E-1);
#2167=CARTESIAN_POINT('',(7.E-1,1.32E0,2.093959457608E0));
#2168=LINE('',#2167,#2166);
#2169=DIRECTION('',(0.E0,0.E0,-1.E0));
#2170=VECTOR('',#2169,3.459798678971E-1);
#2171=CARTESIAN_POINT('',(2.7E0,1.32E0,2.093959457608E0));
#2172=LINE('',#2171,#2170);
#2173=DIRECTION('',(-1.E0,0.E0,0.E0));
#2174=VECTOR('',#2173,4.E-1);
#2175=CARTESIAN_POINT('',(2.7E0,1.32E0,1.747979589711E0));
#2176=LINE('',#2175,#2174);
#2177=DIRECTION('',(0.E0,0.E0,-1.E0));
#2178=VECTOR('',#2177,3.459798678971E-1);
#2179=CARTESIAN_POINT('',(2.3E0,1.32E0,2.093959457608E0));
#2180=LINE('',#2179,#2178);
#2181=DIRECTION('',(-1.E0,0.E0,0.E0));
#2182=VECTOR('',#2181,4.E-1);
#2183=CARTESIAN_POINT('',(2.7E0,1.32E0,2.093959457608E0));
#2184=LINE('',#2183,#2182);
#2185=CARTESIAN_POINT('',(-3.3E0,6.5E-1,-1.72E0));
#2186=DIRECTION('',(-1.E0,0.E0,0.E0));
#2187=DIRECTION('',(0.E0,8.113105768268E-1,-5.846153846154E-1));
#2188=AXIS2_PLACEMENT_3D('',#2185,#2186,#2187);
#2190=DIRECTION('',(0.E0,-3.320038943171E-1,9.432780153053E-1));
#2191=VECTOR('',#2190,3.753289876182E-1);
#2192=CARTESIAN_POINT('',(-3.3E0,-1.5E-1,-1.404875948641E0));
#2193=LINE('',#2192,#2191);
#2194=DIRECTION('',(0.E0,-4.067366430759E-1,9.135454576426E-1));
#2195=VECTOR('',#2194,7.999999999998E-1);
#2196=CARTESIAN_POINT('',(-3.3E0,-2.746106855394E-1,-1.050836366114E0));
#2197=LINE('',#2196,#2195);
#2198=DIRECTION('',(0.E0,4.999999999994E-1,8.660254037848E-1));
#2199=VECTOR('',#2198,8.000000000007E-2);
#2200=CARTESIAN_POINT('',(-3.3E0,-6.E-1,-3.2E-1));
#2201=LINE('',#2200,#2199);
#2202=DIRECTION('',(0.E0,9.135454576428E-1,4.067366430754E-1));
#2203=VECTOR('',#2202,1.852786404499E-1);
#2204=CARTESIAN_POINT('',(-3.3E0,-5.6E-1,-2.507179676971E-1));
#2205=LINE('',#2204,#2203);
#2206=DIRECTION('',(0.E0,4.067366430758E-1,-9.135454576426E-1));
#2207=VECTOR('',#2206,5.918806277158E-1);
#2208=CARTESIAN_POINT('',(-3.3E0,-3.907395396187E-1,-1.753583554470E-1));
#2209=LINE('',#2208,#2207);
#2210=CARTESIAN_POINT('',(-3.3E0,1.55E0,1.65E0));
#2211=DIRECTION('',(-1.E0,0.E0,0.E0));
#2212=DIRECTION('',(0.E0,-4.6E-1,8.879189152169E-1));
#2213=AXIS2_PLACEMENT_3D('',#2210,#2211,#2212);
#2215=CARTESIAN_POINT('',(-3.3E0,1.55E0,1.65E0));
#2216=DIRECTION('',(1.E0,0.E0,0.E0));
#2217=DIRECTION('',(0.E0,0.E0,1.E0));
#2218=AXIS2_PLACEMENT_3D('',#2215,#2216,#2217);
#2220=CARTESIAN_POINT('',(-3.7E0,6.5E-1,-1.72E0));
#2221=DIRECTION('',(-1.E0,0.E0,0.E0));
#2222=DIRECTION('',(0.E0,8.113105768268E-1,-5.846153846154E-1));
#2223=AXIS2_PLACEMENT_3D('',#2220,#2221,#2222);
#2225=DIRECTION('',(0.E0,4.067366430758E-1,-9.135454576426E-1));
#2226=VECTOR('',#2225,5.918806277158E-1);
#2227=CARTESIAN_POINT('',(-3.7E0,-3.907395396187E-1,-1.753583554470E-1));
#2228=LINE('',#2227,#2226);
#2229=DIRECTION('',(0.E0,9.135454576428E-1,4.067366430754E-1));
#2230=VECTOR('',#2229,1.852786404499E-1);
#2231=CARTESIAN_POINT('',(-3.7E0,-5.6E-1,-2.507179676971E-1));
#2232=LINE('',#2231,#2230);
#2233=DIRECTION('',(0.E0,4.999999999994E-1,8.660254037848E-1));
#2234=VECTOR('',#2233,8.000000000007E-2);
#2235=CARTESIAN_POINT('',(-3.7E0,-6.E-1,-3.2E-1));
#2236=LINE('',#2235,#2234);
#2237=DIRECTION('',(0.E0,-4.067366430759E-1,9.135454576426E-1));
#2238=VECTOR('',#2237,7.999999999998E-1);
#2239=CARTESIAN_POINT('',(-3.7E0,-2.746106855394E-1,-1.050836366114E0));
#2240=LINE('',#2239,#2238);
#2241=DIRECTION('',(0.E0,-3.320038943171E-1,9.432780153053E-1));
#2242=VECTOR('',#2241,3.753289876182E-1);
#2243=CARTESIAN_POINT('',(-3.7E0,-1.5E-1,-1.404875948641E0));
#2244=LINE('',#2243,#2242);
#2245=CARTESIAN_POINT('',(-3.7E0,1.55E0,1.65E0));
#2246=DIRECTION('',(1.E0,0.E0,0.E0));
#2247=DIRECTION('',(0.E0,0.E0,1.E0));
#2248=AXIS2_PLACEMENT_3D('',#2245,#2246,#2247);
#2250=DIRECTION('',(0.E0,-1.E0,0.E0));
#2251=VECTOR('',#2250,7.E-1);
#2252=CARTESIAN_POINT('',(-3.7E0,2.25E0,1.9E0));
#2253=LINE('',#2252,#2251);
#2254=DIRECTION('',(0.E0,0.E0,-1.E0));
#2255=VECTOR('',#2254,2.5E-1);
#2256=CARTESIAN_POINT('',(-3.7E0,2.25E0,2.15E0));
#2257=LINE('',#2256,#2255);
#2258=DIRECTION('',(0.E0,1.E0,1.332267629550E-14));
#2259=VECTOR('',#2258,6.999999999999E-1);
#2260=CARTESIAN_POINT('',(-3.7E0,1.55E0,2.15E0));
#2261=LINE('',#2260,#2259);
#2262=CARTESIAN_POINT('',(-3.7E0,1.55E0,1.65E0));
#2263=DIRECTION('',(-1.E0,0.E0,0.E0));
#2264=DIRECTION('',(0.E0,-4.6E-1,8.879189152169E-1));
#2265=AXIS2_PLACEMENT_3D('',#2262,#2263,#2264);
#2267=DIRECTION('',(1.E0,0.E0,0.E0));
#2268=VECTOR('',#2267,4.E-1);
#2269=CARTESIAN_POINT('',(-3.7E0,-5.6E-1,-2.507179676971E-1));
#2270=LINE('',#2269,#2268);
#2271=DIRECTION('',(-1.E0,0.E0,0.E0));
#2272=VECTOR('',#2271,4.E-1);
#2273=CARTESIAN_POINT('',(-3.3E0,-3.907395396187E-1,-1.753583554470E-1));
#2274=LINE('',#2273,#2272);
#2275=DIRECTION('',(-1.E0,0.E0,0.E0));
#2276=VECTOR('',#2275,4.E-1);
#2277=CARTESIAN_POINT('',(-3.3E0,-6.E-1,-3.2E-1));
#2278=LINE('',#2277,#2276);
#2279=DIRECTION('',(-1.E0,0.E0,0.E0));
#2280=VECTOR('',#2279,4.E-1);
#2281=CARTESIAN_POINT('',(-3.3E0,-2.746106855394E-1,-1.050836366114E0));
#2282=LINE('',#2281,#2280);
#2283=DIRECTION('',(1.E0,0.E0,0.E0));
#2284=VECTOR('',#2283,4.E-1);
#2285=CARTESIAN_POINT('',(-3.7E0,1.55E0,1.9E0));
#2286=LINE('',#2285,#2284);
#2287=DIRECTION('',(0.E0,-1.E0,0.E0));
#2288=VECTOR('',#2287,7.E-1);
#2289=CARTESIAN_POINT('',(-3.3E0,2.25E0,1.9E0));
#2290=LINE('',#2289,#2288);
#2291=DIRECTION('',(0.E0,0.E0,-1.E0));
#2292=VECTOR('',#2291,2.5E-1);
#2293=CARTESIAN_POINT('',(-3.3E0,2.25E0,2.15E0));
#2294=LINE('',#2293,#2292);
#2295=DIRECTION('',(-1.E0,0.E0,0.E0));
#2296=VECTOR('',#2295,4.E-1);
#2297=CARTESIAN_POINT('',(-3.3E0,2.25E0,1.9E0));
#2298=LINE('',#2297,#2296);
#2299=DIRECTION('',(0.E0,1.E0,1.395708945243E-14));
#2300=VECTOR('',#2299,6.999999999999E-1);
#2301=CARTESIAN_POINT('',(-3.3E0,1.55E0,2.15E0));
#2302=LINE('',#2301,#2300);
#2303=DIRECTION('',(-1.E0,0.E0,0.E0));
#2304=VECTOR('',#2303,4.E-1);
#2305=CARTESIAN_POINT('',(-3.3E0,2.25E0,2.15E0));
#2306=LINE('',#2305,#2304);
#2307=DIRECTION('',(1.E0,0.E0,0.E0));
#2308=VECTOR('',#2307,4.E-1);
#2309=CARTESIAN_POINT('',(-3.7E0,1.55E0,2.15E0));
#2310=LINE('',#2309,#2308);
#2311=CARTESIAN_POINT('',(-1.3E0,6.5E-1,-1.72E0));
#2312=DIRECTION('',(-1.E0,0.E0,0.E0));
#2313=DIRECTION('',(0.E0,8.113105768268E-1,-5.846153846154E-1));
#2314=AXIS2_PLACEMENT_3D('',#2311,#2312,#2313);
#2316=DIRECTION('',(0.E0,-3.320038943171E-1,9.432780153053E-1));
#2317=VECTOR('',#2316,3.753289876182E-1);
#2318=CARTESIAN_POINT('',(-1.3E0,-1.5E-1,-1.404875948641E0));
#2319=LINE('',#2318,#2317);
#2320=DIRECTION('',(0.E0,-4.067366430759E-1,9.135454576426E-1));
#2321=VECTOR('',#2320,7.999999999998E-1);
#2322=CARTESIAN_POINT('',(-1.3E0,-2.746106855394E-1,-1.050836366114E0));
#2323=LINE('',#2322,#2321);
#2324=DIRECTION('',(0.E0,4.999999999994E-1,8.660254037848E-1));
#2325=VECTOR('',#2324,8.000000000007E-2);
#2326=CARTESIAN_POINT('',(-1.3E0,-6.E-1,-3.2E-1));
#2327=LINE('',#2326,#2325);
#2328=DIRECTION('',(0.E0,9.135454576428E-1,4.067366430754E-1));
#2329=VECTOR('',#2328,1.852786404499E-1);
#2330=CARTESIAN_POINT('',(-1.3E0,-5.6E-1,-2.507179676971E-1));
#2331=LINE('',#2330,#2329);
#2332=DIRECTION('',(0.E0,4.067366430758E-1,-9.135454576426E-1));
#2333=VECTOR('',#2332,5.918806277158E-1);
#2334=CARTESIAN_POINT('',(-1.3E0,-3.907395396187E-1,-1.753583554470E-1));
#2335=LINE('',#2334,#2333);
#2336=CARTESIAN_POINT('',(-1.3E0,1.55E0,1.65E0));
#2337=DIRECTION('',(-1.E0,0.E0,0.E0));
#2338=DIRECTION('',(0.E0,-4.6E-1,8.879189152169E-1));
#2339=AXIS2_PLACEMENT_3D('',#2336,#2337,#2338);
#2341=CARTESIAN_POINT('',(-1.3E0,1.55E0,1.65E0));
#2342=DIRECTION('',(1.E0,0.E0,0.E0));
#2343=DIRECTION('',(0.E0,0.E0,1.E0));
#2344=AXIS2_PLACEMENT_3D('',#2341,#2342,#2343);
#2346=CARTESIAN_POINT('',(-1.7E0,6.5E-1,-1.72E0));
#2347=DIRECTION('',(-1.E0,0.E0,0.E0));
#2348=DIRECTION('',(0.E0,8.113105768268E-1,-5.846153846154E-1));
#2349=AXIS2_PLACEMENT_3D('',#2346,#2347,#2348);
#2351=DIRECTION('',(0.E0,4.067366430758E-1,-9.135454576426E-1));
#2352=VECTOR('',#2351,5.918806277158E-1);
#2353=CARTESIAN_POINT('',(-1.7E0,-3.907395396187E-1,-1.753583554470E-1));
#2354=LINE('',#2353,#2352);
#2355=DIRECTION('',(0.E0,9.135454576428E-1,4.067366430754E-1));
#2356=VECTOR('',#2355,1.852786404499E-1);
#2357=CARTESIAN_POINT('',(-1.7E0,-5.6E-1,-2.507179676971E-1));
#2358=LINE('',#2357,#2356);
#2359=DIRECTION('',(0.E0,4.999999999994E-1,8.660254037848E-1));
#2360=VECTOR('',#2359,8.000000000007E-2);
#2361=CARTESIAN_POINT('',(-1.7E0,-6.E-1,-3.2E-1));
#2362=LINE('',#2361,#2360);
#2363=DIRECTION('',(0.E0,-4.067366430759E-1,9.135454576426E-1));
#2364=VECTOR('',#2363,7.999999999998E-1);
#2365=CARTESIAN_POINT('',(-1.7E0,-2.746106855394E-1,-1.050836366114E0));
#2366=LINE('',#2365,#2364);
#2367=DIRECTION('',(0.E0,-3.320038943171E-1,9.432780153053E-1));
#2368=VECTOR('',#2367,3.753289876182E-1);
#2369=CARTESIAN_POINT('',(-1.7E0,-1.5E-1,-1.404875948641E0));
#2370=LINE('',#2369,#2368);
#2371=CARTESIAN_POINT('',(-1.7E0,1.55E0,1.65E0));
#2372=DIRECTION('',(1.E0,0.E0,0.E0));
#2373=DIRECTION('',(0.E0,0.E0,1.E0));
#2374=AXIS2_PLACEMENT_3D('',#2371,#2372,#2373);
#2376=DIRECTION('',(0.E0,-1.E0,0.E0));
#2377=VECTOR('',#2376,7.E-1);
#2378=CARTESIAN_POINT('',(-1.7E0,2.25E0,1.9E0));
#2379=LINE('',#2378,#2377);
#2380=DIRECTION('',(0.E0,0.E0,-1.E0));
#2381=VECTOR('',#2380,2.5E-1);
#2382=CARTESIAN_POINT('',(-1.7E0,2.25E0,2.15E0));
#2383=LINE('',#2382,#2381);
#2384=DIRECTION('',(0.E0,1.E0,1.332267629550E-14));
#2385=VECTOR('',#2384,6.999999999999E-1);
#2386=CARTESIAN_POINT('',(-1.7E0,1.55E0,2.15E0));
#2387=LINE('',#2386,#2385);
#2388=CARTESIAN_POINT('',(-1.7E0,1.55E0,1.65E0));
#2389=DIRECTION('',(-1.E0,0.E0,0.E0));
#2390=DIRECTION('',(0.E0,-4.6E-1,8.879189152169E-1));
#2391=AXIS2_PLACEMENT_3D('',#2388,#2389,#2390);
#2393=DIRECTION('',(1.E0,0.E0,0.E0));
#2394=VECTOR('',#2393,4.E-1);
#2395=CARTESIAN_POINT('',(-1.7E0,-5.6E-1,-2.507179676971E-1));
#2396=LINE('',#2395,#2394);
#2397=DIRECTION('',(-1.E0,0.E0,0.E0));
#2398=VECTOR('',#2397,4.E-1);
#2399=CARTESIAN_POINT('',(-1.3E0,-3.907395396187E-1,-1.753583554470E-1));
#2400=LINE('',#2399,#2398);
#2401=DIRECTION('',(-1.E0,0.E0,0.E0));
#2402=VECTOR('',#2401,4.E-1);
#2403=CARTESIAN_POINT('',(-1.3E0,-6.E-1,-3.2E-1));
#2404=LINE('',#2403,#2402);
#2405=DIRECTION('',(-1.E0,0.E0,0.E0));
#2406=VECTOR('',#2405,4.E-1);
#2407=CARTESIAN_POINT('',(-1.3E0,-2.746106855394E-1,-1.050836366114E0));
#2408=LINE('',#2407,#2406);
#2409=DIRECTION('',(1.E0,0.E0,0.E0));
#2410=VECTOR('',#2409,4.E-1);
#2411=CARTESIAN_POINT('',(-1.7E0,1.55E0,1.9E0));
#2412=LINE('',#2411,#2410);
#2413=DIRECTION('',(0.E0,-1.E0,0.E0));
#2414=VECTOR('',#2413,7.E-1);
#2415=CARTESIAN_POINT('',(-1.3E0,2.25E0,1.9E0));
#2416=LINE('',#2415,#2414);
#2417=DIRECTION('',(0.E0,0.E0,-1.E0));
#2418=VECTOR('',#2417,2.5E-1);
#2419=CARTESIAN_POINT('',(-1.3E0,2.25E0,2.15E0));
#2420=LINE('',#2419,#2418);
#2421=DIRECTION('',(-1.E0,0.E0,0.E0));
#2422=VECTOR('',#2421,4.E-1);
#2423=CARTESIAN_POINT('',(-1.3E0,2.25E0,1.9E0));
#2424=LINE('',#2423,#2422);
#2425=DIRECTION('',(0.E0,1.E0,1.395708945243E-14));
#2426=VECTOR('',#2425,6.999999999999E-1);
#2427=CARTESIAN_POINT('',(-1.3E0,1.55E0,2.15E0));
#2428=LINE('',#2427,#2426);
#2429=DIRECTION('',(-1.E0,0.E0,0.E0));
#2430=VECTOR('',#2429,4.E-1);
#2431=CARTESIAN_POINT('',(-1.3E0,2.25E0,2.15E0));
#2432=LINE('',#2431,#2430);
#2433=DIRECTION('',(1.E0,0.E0,0.E0));
#2434=VECTOR('',#2433,4.E-1);
#2435=CARTESIAN_POINT('',(-1.7E0,1.55E0,2.15E0));
#2436=LINE('',#2435,#2434);
#2437=DIRECTION('',(1.E0,0.E0,0.E0));
#2438=VECTOR('',#2437,4.E-1);
#2439=CARTESIAN_POINT('',(3.E-1,1.55E0,1.9E0));
#2440=LINE('',#2439,#2438);
#2441=DIRECTION('',(0.E0,-1.E0,0.E0));
#2442=VECTOR('',#2441,7.E-1);
#2443=CARTESIAN_POINT('',(7.E-1,2.25E0,1.9E0));
#2444=LINE('',#2443,#2442);
#2445=DIRECTION('',(0.E0,0.E0,-1.E0));
#2446=VECTOR('',#2445,2.5E-1);
#2447=CARTESIAN_POINT('',(7.E-1,2.25E0,2.15E0));
#2448=LINE('',#2447,#2446);
#2449=DIRECTION('',(-1.E0,0.E0,0.E0));
#2450=VECTOR('',#2449,4.E-1);
#2451=CARTESIAN_POINT('',(7.E-1,2.25E0,1.9E0));
#2452=LINE('',#2451,#2450);
#2453=DIRECTION('',(0.E0,1.E0,1.395708945243E-14));
#2454=VECTOR('',#2453,6.999999999999E-1);
#2455=CARTESIAN_POINT('',(7.E-1,1.55E0,2.15E0));
#2456=LINE('',#2455,#2454);
#2457=DIRECTION('',(-1.E0,0.E0,0.E0));
#2458=VECTOR('',#2457,4.E-1);
#2459=CARTESIAN_POINT('',(7.E-1,2.25E0,2.15E0));
#2460=LINE('',#2459,#2458);
#2461=DIRECTION('',(1.E0,0.E0,0.E0));
#2462=VECTOR('',#2461,4.E-1);
#2463=CARTESIAN_POINT('',(3.E-1,1.55E0,2.15E0));
#2464=LINE('',#2463,#2462);
#2465=DIRECTION('',(1.E0,0.E0,0.E0));
#2466=VECTOR('',#2465,4.E-1);
#2467=CARTESIAN_POINT('',(2.3E0,1.55E0,1.9E0));
#2468=LINE('',#2467,#2466);
#2469=DIRECTION('',(0.E0,-1.E0,0.E0));
#2470=VECTOR('',#2469,7.E-1);
#2471=CARTESIAN_POINT('',(2.7E0,2.25E0,1.9E0));
#2472=LINE('',#2471,#2470);
#2473=DIRECTION('',(0.E0,0.E0,-1.E0));
#2474=VECTOR('',#2473,2.5E-1);
#2475=CARTESIAN_POINT('',(2.7E0,2.25E0,2.15E0));
#2476=LINE('',#2475,#2474);
#2477=DIRECTION('',(-1.E0,0.E0,0.E0));
#2478=VECTOR('',#2477,4.E-1);
#2479=CARTESIAN_POINT('',(2.7E0,2.25E0,1.9E0));
#2480=LINE('',#2479,#2478);
#2481=DIRECTION('',(0.E0,1.E0,1.395708945243E-14));
#2482=VECTOR('',#2481,6.999999999999E-1);
#2483=CARTESIAN_POINT('',(2.7E0,1.55E0,2.15E0));
#2484=LINE('',#2483,#2482);
#2485=DIRECTION('',(-1.E0,0.E0,0.E0));
#2486=VECTOR('',#2485,4.E-1);
#2487=CARTESIAN_POINT('',(2.7E0,2.25E0,2.15E0));
#2488=LINE('',#2487,#2486);
#2489=DIRECTION('',(1.E0,0.E0,0.E0));
#2490=VECTOR('',#2489,4.E-1);
#2491=CARTESIAN_POINT('',(2.3E0,1.55E0,2.15E0));
#2492=LINE('',#2491,#2490);
#2493=DIRECTION('',(0.E0,-1.E0,0.E0));
#2494=VECTOR('',#2493,2.25E0);
#2495=CARTESIAN_POINT('',(-6.35E0,1.1E0,-1.1E0));
#2496=LINE('',#2495,#2494);
#2497=DIRECTION('',(1.347581050580E-14,0.E0,-1.E0));
#2498=VECTOR('',#2497,2.9E0);
#2499=CARTESIAN_POINT('',(-6.35E0,1.1E0,1.8E0));
#2500=LINE('',#2499,#2498);
#2501=DIRECTION('',(0.E0,1.E0,0.E0));
#2502=VECTOR('',#2501,2.25E0);
#2503=CARTESIAN_POINT('',(-6.35E0,-1.15E0,1.8E0));
#2504=LINE('',#2503,#2502);
#2505=DIRECTION('',(1.E0,0.E0,0.E0));
#2506=VECTOR('',#2505,3.093948298770E-1);
#2507=CARTESIAN_POINT('',(-6.35E0,1.1E0,1.8E0));
#2508=LINE('',#2507,#2506);
#2509=DIRECTION('',(2.224675470297E-13,0.E0,-1.E0));
#2510=VECTOR('',#2509,4.2E0);
#2511=CARTESIAN_POINT('',(-6.040605170123E0,-1.2E0,2.1E0));
#2512=LINE('',#2511,#2510);
#2513=DIRECTION('',(1.E0,0.E0,0.E0));
#2514=VECTOR('',#2513,4.593948298771E-1);
#2515=CARTESIAN_POINT('',(-6.5E0,-1.2E0,2.1E0));
#2516=LINE('',#2515,#2514);
#2517=DIRECTION('',(-7.071067811865E-1,0.E0,7.071067811865E-1));
#2518=VECTOR('',#2517,2.828427124744E-1);
#2519=CARTESIAN_POINT('',(-6.3E0,-1.2E0,-2.1E0));
#2520=LINE('',#2519,#2518);
#2521=DIRECTION('',(-1.E0,0.E0,3.492521375695E-13));
#2522=VECTOR('',#2521,2.593948298781E-1);
#2523=CARTESIAN_POINT('',(-6.040605170122E0,-1.2E0,-2.1E0));
#2524=LINE('',#2523,#2522);
#2525=DIRECTION('',(2.264854970235E-14,0.E0,-1.E0));
#2526=VECTOR('',#2525,4.E0);
#2527=CARTESIAN_POINT('',(-6.5E0,-1.2E0,2.1E0));
#2528=LINE('',#2527,#2526);
#2529=DIRECTION('',(0.E0,1.E0,0.E0));
#2530=VECTOR('',#2529,6.E-1);
#2531=CARTESIAN_POINT('',(-6.5E0,-1.8E0,2.1E0));
#2532=LINE('',#2531,#2530);
#2533=DIRECTION('',(-2.264854970235E-14,0.E0,1.E0));
#2534=VECTOR('',#2533,4.E0);
#2535=CARTESIAN_POINT('',(-6.5E0,-1.8E0,-1.9E0));
#2536=LINE('',#2535,#2534);
#2537=DIRECTION('',(0.E0,-1.E0,0.E0));
#2538=VECTOR('',#2537,6.E-1);
#2539=CARTESIAN_POINT('',(-6.5E0,-1.2E0,-1.9E0));
#2540=LINE('',#2539,#2538);
#2541=DIRECTION('',(0.E0,-1.E0,0.E0));
#2542=VECTOR('',#2541,6.E-1);
#2543=CARTESIAN_POINT('',(-6.3E0,-1.2E0,-2.1E0));
#2544=LINE('',#2543,#2542);
#2545=DIRECTION('',(8.984882210649E-14,-1.E0,-9.686826133356E-14));
#2546=VECTOR('',#2545,1.2653125E0);
#2547=CARTESIAN_POINT('',(-4.923256628518E0,1.1E0,-2.11E0));
#2548=LINE('',#2547,#2546);
#2549=DIRECTION('',(-2.588190450737E-1,0.E0,-9.659258262968E-1));
#2550=VECTOR('',#2549,1.035276180413E-2);
#2551=CARTESIAN_POINT('',(-4.920577136594E0,1.1E0,-2.1E0));
#2552=LINE('',#2551,#2550);
#2553=DIRECTION('',(0.E0,9.605382890087E-1,-2.781477940739E-1));
#2554=VECTOR('',#2553,1.797605484038E-1);
#2555=CARTESIAN_POINT('',(-2.3E0,-1.65E0,2.15E0));
#2556=LINE('',#2555,#2554);
#2557=CARTESIAN_POINT('',(-2.3E0,6.5E-1,-1.75E0));
#2558=DIRECTION('',(-1.E0,0.E0,0.E0));
#2559=DIRECTION('',(0.E0,8.426500884695E-1,-5.384615384615E-1));
#2560=AXIS2_PLACEMENT_3D('',#2557,#2558,#2559);
#2562=DIRECTION('',(0.E0,-3.320038943170E-1,9.432780153053E-1));
#2563=VECTOR('',#2562,3.753289876179E-1);
#2564=CARTESIAN_POINT('',(-2.3E0,-1.5E-1,-1.434875948641E0));
#2565=LINE('',#2564,#2563);
#2566=DIRECTION('',(0.E0,-4.067366430760E-1,9.135454576425E-1));
#2567=VECTOR('',#2566,7.999999999999E-1);
#2568=CARTESIAN_POINT('',(-2.3E0,-2.746106855392E-1,-1.080836366114E0));
#2569=LINE('',#2568,#2567);
#2570=DIRECTION('',(0.E0,5.877852522927E-1,8.090169943748E-1));
#2571=VECTOR('',#2570,7.999999999997E-2);
#2572=CARTESIAN_POINT('',(-2.3E0,-6.E-1,-3.5E-1));
#2573=LINE('',#2572,#2571);
#2574=DIRECTION('',(0.E0,9.135454576428E-1,4.067366430755E-1));
#2575=VECTOR('',#2574,1.907179676972E-1);
#2576=CARTESIAN_POINT('',(-2.3E0,-5.529771798166E-1,-2.852786404500E-1));
#2577=LINE('',#2576,#2575);
#2578=DIRECTION('',(0.E0,4.067366430761E-1,-9.135454576425E-1));
#2579=VECTOR('',#2578,5.623974397929E-1);
#2580=CARTESIAN_POINT('',(-2.3E0,-3.787476467360E-1,-2.077066544947E-1));
#2581=LINE('',#2580,#2579);
#2582=DIRECTION('',(-1.E0,0.E0,0.E0));
#2583=VECTOR('',#2582,4.E-1);
#2584=CARTESIAN_POINT('',(-2.3E0,-2.25E0,1.9E0));
#2585=LINE('',#2584,#2583);
#2586=DIRECTION('',(0.E0,-1.E0,-1.322398980443E-13));
#2587=VECTOR('',#2586,4.499999999999E-1);
#2588=CARTESIAN_POINT('',(-2.3E0,-1.8E0,1.9E0));
#2589=LINE('',#2588,#2587);
#2590=DIRECTION('',(0.E0,9.605382890087E-1,-2.781477940739E-1));
#2591=VECTOR('',#2590,1.797605484038E-1);
#2592=CARTESIAN_POINT('',(-2.7E0,-1.65E0,2.15E0));
#2593=LINE('',#2592,#2591);
#2594=DIRECTION('',(0.E0,1.E0,-6.143234069593E-14));
#2595=VECTOR('',#2594,5.999999999999E-1);
#2596=CARTESIAN_POINT('',(-2.7E0,-2.25E0,2.15E0));
#2597=LINE('',#2596,#2595);
#2598=DIRECTION('',(0.E0,-2.522426711947E-13,1.E0));
#2599=VECTOR('',#2598,2.500000000001E-1);
#2600=CARTESIAN_POINT('',(-2.7E0,-2.25E0,1.9E0));
#2601=LINE('',#2600,#2599);
#2602=DIRECTION('',(0.E0,-1.E0,-1.322398980443E-13));
#2603=VECTOR('',#2602,4.499999999999E-1);
#2604=CARTESIAN_POINT('',(-2.7E0,-1.8E0,1.9E0));
#2605=LINE('',#2604,#2603);
#2606=CARTESIAN_POINT('',(-2.7E0,6.5E-1,-1.75E0));
#2607=DIRECTION('',(-1.E0,0.E0,0.E0));
#2608=DIRECTION('',(0.E0,8.426500884695E-1,-5.384615384615E-1));
#2609=AXIS2_PLACEMENT_3D('',#2606,#2607,#2608);
#2611=DIRECTION('',(0.E0,4.067366430761E-1,-9.135454576425E-1));
#2612=VECTOR('',#2611,5.623974397929E-1);
#2613=CARTESIAN_POINT('',(-2.7E0,-3.787476467360E-1,-2.077066544947E-1));
#2614=LINE('',#2613,#2612);
#2615=DIRECTION('',(0.E0,9.135454576428E-1,4.067366430755E-1));
#2616=VECTOR('',#2615,1.907179676972E-1);
#2617=CARTESIAN_POINT('',(-2.7E0,-5.529771798166E-1,-2.852786404500E-1));
#2618=LINE('',#2617,#2616);
#2619=DIRECTION('',(0.E0,5.877852522927E-1,8.090169943748E-1));
#2620=VECTOR('',#2619,7.999999999997E-2);
#2621=CARTESIAN_POINT('',(-2.7E0,-6.E-1,-3.5E-1));
#2622=LINE('',#2621,#2620);
#2623=DIRECTION('',(0.E0,-4.067366430760E-1,9.135454576425E-1));
#2624=VECTOR('',#2623,7.999999999999E-1);
#2625=CARTESIAN_POINT('',(-2.7E0,-2.746106855392E-1,-1.080836366114E0));
#2626=LINE('',#2625,#2624);
#2627=DIRECTION('',(0.E0,-3.320038943170E-1,9.432780153053E-1));
#2628=VECTOR('',#2627,3.753289876179E-1);
#2629=CARTESIAN_POINT('',(-2.7E0,-1.5E-1,-1.434875948641E0));
#2630=LINE('',#2629,#2628);
#2631=DIRECTION('',(0.E0,1.E0,-6.143234069593E-14));
#2632=VECTOR('',#2631,5.999999999999E-1);
#2633=CARTESIAN_POINT('',(-2.3E0,-2.25E0,2.15E0));
#2634=LINE('',#2633,#2632);
#2635=DIRECTION('',(-1.E0,0.E0,0.E0));
#2636=VECTOR('',#2635,4.E-1);
#2637=CARTESIAN_POINT('',(-2.3E0,-1.65E0,2.15E0));
#2638=LINE('',#2637,#2636);
#2639=DIRECTION('',(0.E0,-2.522426711947E-13,1.E0));
#2640=VECTOR('',#2639,2.500000000001E-1);
#2641=CARTESIAN_POINT('',(-2.3E0,-2.25E0,1.9E0));
#2642=LINE('',#2641,#2640);
#2643=DIRECTION('',(-1.E0,0.E0,0.E0));
#2644=VECTOR('',#2643,4.E-1);
#2645=CARTESIAN_POINT('',(-2.3E0,-2.25E0,2.15E0));
#2646=LINE('',#2645,#2644);
#2647=DIRECTION('',(-1.E0,0.E0,0.E0));
#2648=VECTOR('',#2647,4.E-1);
#2649=CARTESIAN_POINT('',(-2.3E0,-3.787476467360E-1,-2.077066544947E-1));
#2650=LINE('',#2649,#2648);
#2651=DIRECTION('',(-1.E0,0.E0,0.E0));
#2652=VECTOR('',#2651,4.E-1);
#2653=CARTESIAN_POINT('',(-2.3E0,-5.529771798166E-1,-2.852786404500E-1));
#2654=LINE('',#2653,#2652);
#2655=DIRECTION('',(-1.E0,0.E0,0.E0));
#2656=VECTOR('',#2655,4.E-1);
#2657=CARTESIAN_POINT('',(-2.3E0,-6.E-1,-3.5E-1));
#2658=LINE('',#2657,#2656);
#2659=DIRECTION('',(-1.E0,0.E0,0.E0));
#2660=VECTOR('',#2659,4.E-1);
#2661=CARTESIAN_POINT('',(-2.3E0,-2.746106855392E-1,-1.080836366114E0));
#2662=LINE('',#2661,#2660);
#2663=DIRECTION('',(0.E0,9.605382890087E-1,-2.781477940739E-1));
#2664=VECTOR('',#2663,1.797605484038E-1);
#2665=CARTESIAN_POINT('',(-3.E-1,-1.65E0,2.15E0));
#2666=LINE('',#2665,#2664);
#2667=CARTESIAN_POINT('',(-3.E-1,6.5E-1,-1.75E0));
#2668=DIRECTION('',(-1.E0,0.E0,0.E0));
#2669=DIRECTION('',(0.E0,8.426500884695E-1,-5.384615384615E-1));
#2670=AXIS2_PLACEMENT_3D('',#2667,#2668,#2669);
#2672=DIRECTION('',(0.E0,-3.320038943170E-1,9.432780153053E-1));
#2673=VECTOR('',#2672,3.753289876179E-1);
#2674=CARTESIAN_POINT('',(-3.E-1,-1.5E-1,-1.434875948641E0));
#2675=LINE('',#2674,#2673);
#2676=DIRECTION('',(0.E0,-4.067366430760E-1,9.135454576425E-1));
#2677=VECTOR('',#2676,7.999999999999E-1);
#2678=CARTESIAN_POINT('',(-3.E-1,-2.746106855392E-1,-1.080836366114E0));
#2679=LINE('',#2678,#2677);
#2680=DIRECTION('',(0.E0,5.877852522927E-1,8.090169943748E-1));
#2681=VECTOR('',#2680,7.999999999997E-2);
#2682=CARTESIAN_POINT('',(-3.E-1,-6.E-1,-3.5E-1));
#2683=LINE('',#2682,#2681);
#2684=DIRECTION('',(0.E0,9.135454576428E-1,4.067366430755E-1));
#2685=VECTOR('',#2684,1.907179676972E-1);
#2686=CARTESIAN_POINT('',(-3.E-1,-5.529771798166E-1,-2.852786404500E-1));
#2687=LINE('',#2686,#2685);
#2688=DIRECTION('',(0.E0,4.067366430761E-1,-9.135454576425E-1));
#2689=VECTOR('',#2688,5.623974397929E-1);
#2690=CARTESIAN_POINT('',(-3.E-1,-3.787476467360E-1,-2.077066544947E-1));
#2691=LINE('',#2690,#2689);
#2692=DIRECTION('',(-1.E0,0.E0,0.E0));
#2693=VECTOR('',#2692,4.E-1);
#2694=CARTESIAN_POINT('',(-3.E-1,-2.25E0,1.9E0));
#2695=LINE('',#2694,#2693);
#2696=DIRECTION('',(0.E0,-1.E0,-1.322398980443E-13));
#2697=VECTOR('',#2696,4.499999999999E-1);
#2698=CARTESIAN_POINT('',(-3.E-1,-1.8E0,1.9E0));
#2699=LINE('',#2698,#2697);
#2700=DIRECTION('',(0.E0,9.605382890087E-1,-2.781477940739E-1));
#2701=VECTOR('',#2700,1.797605484038E-1);
#2702=CARTESIAN_POINT('',(-7.E-1,-1.65E0,2.15E0));
#2703=LINE('',#2702,#2701);
#2704=DIRECTION('',(0.E0,1.E0,-6.143234069593E-14));
#2705=VECTOR('',#2704,5.999999999999E-1);
#2706=CARTESIAN_POINT('',(-7.E-1,-2.25E0,2.15E0));
#2707=LINE('',#2706,#2705);
#2708=DIRECTION('',(0.E0,-2.522426711947E-13,1.E0));
#2709=VECTOR('',#2708,2.500000000001E-1);
#2710=CARTESIAN_POINT('',(-7.E-1,-2.25E0,1.9E0));
#2711=LINE('',#2710,#2709);
#2712=DIRECTION('',(0.E0,-1.E0,-1.322398980443E-13));
#2713=VECTOR('',#2712,4.499999999999E-1);
#2714=CARTESIAN_POINT('',(-7.E-1,-1.8E0,1.9E0));
#2715=LINE('',#2714,#2713);
#2716=CARTESIAN_POINT('',(-7.E-1,6.5E-1,-1.75E0));
#2717=DIRECTION('',(-1.E0,0.E0,0.E0));
#2718=DIRECTION('',(0.E0,8.426500884695E-1,-5.384615384615E-1));
#2719=AXIS2_PLACEMENT_3D('',#2716,#2717,#2718);
#2721=DIRECTION('',(0.E0,4.067366430761E-1,-9.135454576425E-1));
#2722=VECTOR('',#2721,5.623974397929E-1);
#2723=CARTESIAN_POINT('',(-7.E-1,-3.787476467360E-1,-2.077066544947E-1));
#2724=LINE('',#2723,#2722);
#2725=DIRECTION('',(0.E0,9.135454576428E-1,4.067366430755E-1));
#2726=VECTOR('',#2725,1.907179676972E-1);
#2727=CARTESIAN_POINT('',(-7.E-1,-5.529771798166E-1,-2.852786404500E-1));
#2728=LINE('',#2727,#2726);
#2729=DIRECTION('',(0.E0,5.877852522927E-1,8.090169943748E-1));
#2730=VECTOR('',#2729,7.999999999997E-2);
#2731=CARTESIAN_POINT('',(-7.E-1,-6.E-1,-3.5E-1));
#2732=LINE('',#2731,#2730);
#2733=DIRECTION('',(0.E0,-4.067366430760E-1,9.135454576425E-1));
#2734=VECTOR('',#2733,7.999999999999E-1);
#2735=CARTESIAN_POINT('',(-7.E-1,-2.746106855392E-1,-1.080836366114E0));
#2736=LINE('',#2735,#2734);
#2737=DIRECTION('',(0.E0,-3.320038943170E-1,9.432780153053E-1));
#2738=VECTOR('',#2737,3.753289876179E-1);
#2739=CARTESIAN_POINT('',(-7.E-1,-1.5E-1,-1.434875948641E0));
#2740=LINE('',#2739,#2738);
#2741=DIRECTION('',(0.E0,1.E0,-6.143234069593E-14));
#2742=VECTOR('',#2741,5.999999999999E-1);
#2743=CARTESIAN_POINT('',(-3.E-1,-2.25E0,2.15E0));
#2744=LINE('',#2743,#2742);
#2745=DIRECTION('',(-1.E0,0.E0,0.E0));
#2746=VECTOR('',#2745,4.E-1);
#2747=CARTESIAN_POINT('',(-3.E-1,-1.65E0,2.15E0));
#2748=LINE('',#2747,#2746);
#2749=DIRECTION('',(0.E0,-2.522426711947E-13,1.E0));
#2750=VECTOR('',#2749,2.500000000001E-1);
#2751=CARTESIAN_POINT('',(-3.E-1,-2.25E0,1.9E0));
#2752=LINE('',#2751,#2750);
#2753=DIRECTION('',(-1.E0,0.E0,0.E0));
#2754=VECTOR('',#2753,4.E-1);
#2755=CARTESIAN_POINT('',(-3.E-1,-2.25E0,2.15E0));
#2756=LINE('',#2755,#2754);
#2757=DIRECTION('',(-1.E0,0.E0,0.E0));
#2758=VECTOR('',#2757,4.E-1);
#2759=CARTESIAN_POINT('',(-3.E-1,-3.787476467360E-1,-2.077066544947E-1));
#2760=LINE('',#2759,#2758);
#2761=DIRECTION('',(-1.E0,0.E0,0.E0));
#2762=VECTOR('',#2761,4.E-1);
#2763=CARTESIAN_POINT('',(-3.E-1,-5.529771798166E-1,-2.852786404500E-1));
#2764=LINE('',#2763,#2762);
#2765=DIRECTION('',(-1.E0,0.E0,0.E0));
#2766=VECTOR('',#2765,4.E-1);
#2767=CARTESIAN_POINT('',(-3.E-1,-6.E-1,-3.5E-1));
#2768=LINE('',#2767,#2766);
#2769=DIRECTION('',(-1.E0,0.E0,0.E0));
#2770=VECTOR('',#2769,4.E-1);
#2771=CARTESIAN_POINT('',(-3.E-1,-2.746106855392E-1,-1.080836366114E0));
#2772=LINE('',#2771,#2770);
#2773=DIRECTION('',(-1.E0,0.E0,0.E0));
#2774=VECTOR('',#2773,4.E-1);
#2775=CARTESIAN_POINT('',(1.7E0,-3.787476467360E-1,-2.077066544947E-1));
#2776=LINE('',#2775,#2774);
#2777=DIRECTION('',(-1.E0,0.E0,0.E0));
#2778=VECTOR('',#2777,4.E-1);
#2779=CARTESIAN_POINT('',(1.7E0,-5.529771798166E-1,-2.852786404500E-1));
#2780=LINE('',#2779,#2778);
#2781=DIRECTION('',(-1.E0,0.E0,0.E0));
#2782=VECTOR('',#2781,4.E-1);
#2783=CARTESIAN_POINT('',(1.7E0,-6.E-1,-3.5E-1));
#2784=LINE('',#2783,#2782);
#2785=DIRECTION('',(-1.E0,0.E0,0.E0));
#2786=VECTOR('',#2785,4.E-1);
#2787=CARTESIAN_POINT('',(1.7E0,-2.746106855392E-1,-1.080836366114E0));
#2788=LINE('',#2787,#2786);
#2789=DIRECTION('',(-1.E0,0.E0,0.E0));
#2790=VECTOR('',#2789,4.E-1);
#2791=CARTESIAN_POINT('',(3.7E0,-3.787476467360E-1,-2.077066544947E-1));
#2792=LINE('',#2791,#2790);
#2793=DIRECTION('',(-1.E0,0.E0,0.E0));
#2794=VECTOR('',#2793,4.E-1);
#2795=CARTESIAN_POINT('',(3.7E0,-5.529771798166E-1,-2.852786404500E-1));
#2796=LINE('',#2795,#2794);
#2797=DIRECTION('',(-1.E0,0.E0,0.E0));
#2798=VECTOR('',#2797,4.E-1);
#2799=CARTESIAN_POINT('',(3.7E0,-6.E-1,-3.5E-1));
#2800=LINE('',#2799,#2798);
#2801=DIRECTION('',(-1.E0,0.E0,0.E0));
#2802=VECTOR('',#2801,4.E-1);
#2803=CARTESIAN_POINT('',(3.7E0,-2.746106855392E-1,-1.080836366114E0));
#2804=LINE('',#2803,#2802);
#2805=DIRECTION('',(1.E0,0.E0,0.E0));
#2806=VECTOR('',#2805,4.E-1);
#2807=CARTESIAN_POINT('',(3.E-1,-5.6E-1,-2.507179676971E-1));
#2808=LINE('',#2807,#2806);
#2809=DIRECTION('',(-1.E0,0.E0,0.E0));
#2810=VECTOR('',#2809,4.E-1);
#2811=CARTESIAN_POINT('',(7.E-1,-3.907395396187E-1,-1.753583554470E-1));
#2812=LINE('',#2811,#2810);
#2813=DIRECTION('',(-1.E0,0.E0,0.E0));
#2814=VECTOR('',#2813,4.E-1);
#2815=CARTESIAN_POINT('',(7.E-1,-6.E-1,-3.2E-1));
#2816=LINE('',#2815,#2814);
#2817=DIRECTION('',(-1.E0,0.E0,0.E0));
#2818=VECTOR('',#2817,4.E-1);
#2819=CARTESIAN_POINT('',(7.E-1,-2.746106855394E-1,-1.050836366114E0));
#2820=LINE('',#2819,#2818);
#2821=DIRECTION('',(1.E0,0.E0,0.E0));
#2822=VECTOR('',#2821,4.E-1);
#2823=CARTESIAN_POINT('',(2.3E0,-5.6E-1,-2.507179676971E-1));
#2824=LINE('',#2823,#2822);
#2825=DIRECTION('',(-1.E0,0.E0,0.E0));
#2826=VECTOR('',#2825,4.E-1);
#2827=CARTESIAN_POINT('',(2.7E0,-3.907395396187E-1,-1.753583554470E-1));
#2828=LINE('',#2827,#2826);
#2829=DIRECTION('',(-1.E0,0.E0,0.E0));
#2830=VECTOR('',#2829,4.E-1);
#2831=CARTESIAN_POINT('',(2.7E0,-6.E-1,-3.2E-1));
#2832=LINE('',#2831,#2830);
#2833=DIRECTION('',(-1.E0,0.E0,0.E0));
#2834=VECTOR('',#2833,4.E-1);
#2835=CARTESIAN_POINT('',(2.7E0,-2.746106855394E-1,-1.050836366114E0));
#2836=LINE('',#2835,#2834);
#2837=CARTESIAN_POINT('',(2.7E0,-6.E-1,-3.2E-1));
#2838=CARTESIAN_POINT('',(2.7E0,-5.6E-1,-2.507179676971E-1));
#2839=VERTEX_POINT('',#2837);
#2840=VERTEX_POINT('',#2838);
#2841=CARTESIAN_POINT('',(2.7E0,-2.746106855394E-1,-1.050836366114E0));
#2842=VERTEX_POINT('',#2841);
#2843=CARTESIAN_POINT('',(2.7E0,2.25E0,1.9E0));
#2844=CARTESIAN_POINT('',(2.7E0,1.55E0,1.9E0));
#2845=VERTEX_POINT('',#2843);
#2846=VERTEX_POINT('',#2844);
#2847=CARTESIAN_POINT('',(2.7E0,2.25E0,2.15E0));
#2848=VERTEX_POINT('',#2847);
#2849=CARTESIAN_POINT('',(2.7E0,1.55E0,2.15E0));
#2850=VERTEX_POINT('',#2849);
#2851=CARTESIAN_POINT('',(2.7E0,-3.907395396187E-1,-1.753583554470E-1));
#2852=VERTEX_POINT('',#2851);
#2853=CARTESIAN_POINT('',(2.3E0,-6.E-1,-3.2E-1));
#2854=VERTEX_POINT('',#2853);
#2855=CARTESIAN_POINT('',(2.3E0,-5.6E-1,-2.507179676971E-1));
#2856=VERTEX_POINT('',#2855);
#2857=CARTESIAN_POINT('',(2.3E0,-2.746106855394E-1,-1.050836366114E0));
#2858=VERTEX_POINT('',#2857);
#2859=CARTESIAN_POINT('',(2.3E0,1.55E0,1.9E0));
#2860=VERTEX_POINT('',#2859);
#2861=CARTESIAN_POINT('',(2.3E0,2.25E0,1.9E0));
#2862=VERTEX_POINT('',#2861);
#2863=CARTESIAN_POINT('',(2.3E0,2.25E0,2.15E0));
#2864=VERTEX_POINT('',#2863);
#2865=CARTESIAN_POINT('',(2.3E0,1.55E0,2.15E0));
#2866=VERTEX_POINT('',#2865);
#2867=CARTESIAN_POINT('',(2.3E0,-3.907395396187E-1,-1.753583554470E-1));
#2868=VERTEX_POINT('',#2867);
#2869=CARTESIAN_POINT('',(7.E-1,-6.E-1,-3.2E-1));
#2870=CARTESIAN_POINT('',(7.E-1,-5.6E-1,-2.507179676971E-1));
#2871=VERTEX_POINT('',#2869);
#2872=VERTEX_POINT('',#2870);
#2873=CARTESIAN_POINT('',(7.E-1,-2.746106855394E-1,-1.050836366114E0));
#2874=VERTEX_POINT('',#2873);
#2875=CARTESIAN_POINT('',(7.E-1,2.25E0,1.9E0));
#2876=CARTESIAN_POINT('',(7.E-1,1.55E0,1.9E0));
#2877=VERTEX_POINT('',#2875);
#2878=VERTEX_POINT('',#2876);
#2879=CARTESIAN_POINT('',(7.E-1,2.25E0,2.15E0));
#2880=VERTEX_POINT('',#2879);
#2881=CARTESIAN_POINT('',(7.E-1,1.55E0,2.15E0));
#2882=VERTEX_POINT('',#2881);
#2883=CARTESIAN_POINT('',(7.E-1,-3.907395396187E-1,-1.753583554470E-1));
#2884=VERTEX_POINT('',#2883);
#2885=CARTESIAN_POINT('',(3.E-1,-6.E-1,-3.2E-1));
#2886=VERTEX_POINT('',#2885);
#2887=CARTESIAN_POINT('',(3.E-1,-5.6E-1,-2.507179676971E-1));
#2888=VERTEX_POINT('',#2887);
#2889=CARTESIAN_POINT('',(3.E-1,-2.746106855394E-1,-1.050836366114E0));
#2890=VERTEX_POINT('',#2889);
#2891=CARTESIAN_POINT('',(3.E-1,1.55E0,1.9E0));
#2892=VERTEX_POINT('',#2891);
#2893=CARTESIAN_POINT('',(3.E-1,2.25E0,1.9E0));
#2894=VERTEX_POINT('',#2893);
#2895=CARTESIAN_POINT('',(3.E-1,2.25E0,2.15E0));
#2896=VERTEX_POINT('',#2895);
#2897=CARTESIAN_POINT('',(3.E-1,1.55E0,2.15E0));
#2898=VERTEX_POINT('',#2897);
#2899=CARTESIAN_POINT('',(3.E-1,-3.907395396187E-1,-1.753583554470E-1));
#2900=VERTEX_POINT('',#2899);
#2901=CARTESIAN_POINT('',(-1.3E0,-6.E-1,-3.2E-1));
#2902=CARTESIAN_POINT('',(-1.3E0,-5.6E-1,-2.507179676971E-1));
#2903=VERTEX_POINT('',#2901);
#2904=VERTEX_POINT('',#2902);
#2905=CARTESIAN_POINT('',(-1.3E0,-2.746106855394E-1,-1.050836366114E0));
#2906=VERTEX_POINT('',#2905);
#2907=CARTESIAN_POINT('',(-1.3E0,2.25E0,1.9E0));
#2908=CARTESIAN_POINT('',(-1.3E0,1.55E0,1.9E0));
#2909=VERTEX_POINT('',#2907);
#2910=VERTEX_POINT('',#2908);
#2911=CARTESIAN_POINT('',(-1.3E0,2.25E0,2.15E0));
#2912=VERTEX_POINT('',#2911);
#2913=CARTESIAN_POINT('',(-1.3E0,1.55E0,2.15E0));
#2914=VERTEX_POINT('',#2913);
#2915=CARTESIAN_POINT('',(-1.3E0,-3.907395396187E-1,-1.753583554470E-1));
#2916=VERTEX_POINT('',#2915);
#2917=CARTESIAN_POINT('',(-1.7E0,-6.E-1,-3.2E-1));
#2918=VERTEX_POINT('',#2917);
#2919=CARTESIAN_POINT('',(-1.7E0,-5.6E-1,-2.507179676971E-1));
#2920=VERTEX_POINT('',#2919);
#2921=CARTESIAN_POINT('',(-1.7E0,-2.746106855394E-1,-1.050836366114E0));
#2922=VERTEX_POINT('',#2921);
#2923=CARTESIAN_POINT('',(-1.7E0,1.55E0,1.9E0));
#2924=VERTEX_POINT('',#2923);
#2925=CARTESIAN_POINT('',(-1.7E0,2.25E0,1.9E0));
#2926=VERTEX_POINT('',#2925);
#2927=CARTESIAN_POINT('',(-1.7E0,2.25E0,2.15E0));
#2928=VERTEX_POINT('',#2927);
#2929=CARTESIAN_POINT('',(-1.7E0,1.55E0,2.15E0));
#2930=VERTEX_POINT('',#2929);
#2931=CARTESIAN_POINT('',(-1.7E0,-3.907395396187E-1,-1.753583554470E-1));
#2932=VERTEX_POINT('',#2931);
#2933=CARTESIAN_POINT('',(-3.3E0,-6.E-1,-3.2E-1));
#2934=CARTESIAN_POINT('',(-3.3E0,-5.6E-1,-2.507179676971E-1));
#2935=VERTEX_POINT('',#2933);
#2936=VERTEX_POINT('',#2934);
#2937=CARTESIAN_POINT('',(-3.3E0,-2.746106855394E-1,-1.050836366114E0));
#2938=VERTEX_POINT('',#2937);
#2939=CARTESIAN_POINT('',(-3.3E0,2.25E0,1.9E0));
#2940=CARTESIAN_POINT('',(-3.3E0,1.55E0,1.9E0));
#2941=VERTEX_POINT('',#2939);
#2942=VERTEX_POINT('',#2940);
#2943=CARTESIAN_POINT('',(-3.3E0,2.25E0,2.15E0));
#2944=VERTEX_POINT('',#2943);
#2945=CARTESIAN_POINT('',(-3.3E0,1.55E0,2.15E0));
#2946=VERTEX_POINT('',#2945);
#2947=CARTESIAN_POINT('',(-3.3E0,-3.907395396187E-1,-1.753583554470E-1));
#2948=VERTEX_POINT('',#2947);
#2949=CARTESIAN_POINT('',(-3.7E0,-6.E-1,-3.2E-1));
#2950=VERTEX_POINT('',#2949);
#2951=CARTESIAN_POINT('',(-3.7E0,-5.6E-1,-2.507179676971E-1));
#2952=VERTEX_POINT('',#2951);
#2953=CARTESIAN_POINT('',(-3.7E0,-2.746106855394E-1,-1.050836366114E0));
#2954=VERTEX_POINT('',#2953);
#2955=CARTESIAN_POINT('',(-3.7E0,1.55E0,1.9E0));
#2956=VERTEX_POINT('',#2955);
#2957=CARTESIAN_POINT('',(-3.7E0,2.25E0,1.9E0));
#2958=VERTEX_POINT('',#2957);
#2959=CARTESIAN_POINT('',(-3.7E0,2.25E0,2.15E0));
#2960=VERTEX_POINT('',#2959);
#2961=CARTESIAN_POINT('',(-3.7E0,1.55E0,2.15E0));
#2962=VERTEX_POINT('',#2961);
#2963=CARTESIAN_POINT('',(-3.7E0,-3.907395396187E-1,-1.753583554470E-1));
#2964=VERTEX_POINT('',#2963);
#2965=CARTESIAN_POINT('',(-2.3E0,-2.25E0,2.15E0));
#2966=CARTESIAN_POINT('',(-2.3E0,-1.65E0,2.15E0));
#2967=VERTEX_POINT('',#2965);
#2968=VERTEX_POINT('',#2966);
#2969=CARTESIAN_POINT('',(-2.3E0,-2.25E0,1.9E0));
#2970=VERTEX_POINT('',#2969);
#2971=CARTESIAN_POINT('',(-2.3E0,-5.529771798166E-1,-2.852786404500E-1));
#2972=CARTESIAN_POINT('',(-2.3E0,-3.787476467360E-1,-2.077066544947E-1));
#2973=VERTEX_POINT('',#2971);
#2974=VERTEX_POINT('',#2972);
#2975=CARTESIAN_POINT('',(-2.3E0,-6.E-1,-3.5E-1));
#2976=VERTEX_POINT('',#2975);
#2977=CARTESIAN_POINT('',(-2.3E0,-2.746106855392E-1,-1.080836366114E0));
#2978=VERTEX_POINT('',#2977);
#2979=CARTESIAN_POINT('',(-2.7E0,-1.65E0,2.15E0));
#2980=VERTEX_POINT('',#2979);
#2981=CARTESIAN_POINT('',(-2.7E0,-2.25E0,2.15E0));
#2982=VERTEX_POINT('',#2981);
#2983=CARTESIAN_POINT('',(-2.7E0,-2.25E0,1.9E0));
#2984=VERTEX_POINT('',#2983);
#2985=CARTESIAN_POINT('',(-2.7E0,-3.787476467360E-1,-2.077066544947E-1));
#2986=VERTEX_POINT('',#2985);
#2987=CARTESIAN_POINT('',(-2.7E0,-5.529771798166E-1,-2.852786404500E-1));
#2988=VERTEX_POINT('',#2987);
#2989=CARTESIAN_POINT('',(-2.7E0,-6.E-1,-3.5E-1));
#2990=VERTEX_POINT('',#2989);
#2991=CARTESIAN_POINT('',(-2.7E0,-2.746106855392E-1,-1.080836366114E0));
#2992=VERTEX_POINT('',#2991);
#2993=CARTESIAN_POINT('',(-3.E-1,-2.25E0,2.15E0));
#2994=CARTESIAN_POINT('',(-3.E-1,-1.65E0,2.15E0));
#2995=VERTEX_POINT('',#2993);
#2996=VERTEX_POINT('',#2994);
#2997=CARTESIAN_POINT('',(-3.E-1,-2.25E0,1.9E0));
#2998=VERTEX_POINT('',#2997);
#2999=CARTESIAN_POINT('',(-3.E-1,-5.529771798166E-1,-2.852786404500E-1));
#3000=CARTESIAN_POINT('',(-3.E-1,-3.787476467360E-1,-2.077066544947E-1));
#3001=VERTEX_POINT('',#2999);
#3002=VERTEX_POINT('',#3000);
#3003=CARTESIAN_POINT('',(-3.E-1,-6.E-1,-3.5E-1));
#3004=VERTEX_POINT('',#3003);
#3005=CARTESIAN_POINT('',(-3.E-1,-2.746106855392E-1,-1.080836366114E0));
#3006=VERTEX_POINT('',#3005);
#3007=CARTESIAN_POINT('',(-7.E-1,-1.65E0,2.15E0));
#3008=VERTEX_POINT('',#3007);
#3009=CARTESIAN_POINT('',(-7.E-1,-2.25E0,2.15E0));
#3010=VERTEX_POINT('',#3009);
#3011=CARTESIAN_POINT('',(-7.E-1,-2.25E0,1.9E0));
#3012=VERTEX_POINT('',#3011);
#3013=CARTESIAN_POINT('',(-7.E-1,-3.787476467360E-1,-2.077066544947E-1));
#3014=VERTEX_POINT('',#3013);
#3015=CARTESIAN_POINT('',(-7.E-1,-5.529771798166E-1,-2.852786404500E-1));
#3016=VERTEX_POINT('',#3015);
#3017=CARTESIAN_POINT('',(-7.E-1,-6.E-1,-3.5E-1));
#3018=VERTEX_POINT('',#3017);
#3019=CARTESIAN_POINT('',(-7.E-1,-2.746106855392E-1,-1.080836366114E0));
#3020=VERTEX_POINT('',#3019);
#3021=CARTESIAN_POINT('',(1.7E0,-2.25E0,2.15E0));
#3022=CARTESIAN_POINT('',(1.7E0,-1.65E0,2.15E0));
#3023=VERTEX_POINT('',#3021);
#3024=VERTEX_POINT('',#3022);
#3025=CARTESIAN_POINT('',(1.7E0,-2.25E0,1.9E0));
#3026=VERTEX_POINT('',#3025);
#3027=CARTESIAN_POINT('',(1.7E0,-5.529771798166E-1,-2.852786404500E-1));
#3028=CARTESIAN_POINT('',(1.7E0,-3.787476467360E-1,-2.077066544947E-1));
#3029=VERTEX_POINT('',#3027);
#3030=VERTEX_POINT('',#3028);
#3031=CARTESIAN_POINT('',(1.7E0,-6.E-1,-3.5E-1));
#3032=VERTEX_POINT('',#3031);
#3033=CARTESIAN_POINT('',(1.7E0,-2.746106855392E-1,-1.080836366114E0));
#3034=VERTEX_POINT('',#3033);
#3035=CARTESIAN_POINT('',(1.3E0,-1.65E0,2.15E0));
#3036=VERTEX_POINT('',#3035);
#3037=CARTESIAN_POINT('',(1.3E0,-2.25E0,2.15E0));
#3038=VERTEX_POINT('',#3037);
#3039=CARTESIAN_POINT('',(1.3E0,-2.25E0,1.9E0));
#3040=VERTEX_POINT('',#3039);
#3041=CARTESIAN_POINT('',(1.3E0,-3.787476467360E-1,-2.077066544947E-1));
#3042=VERTEX_POINT('',#3041);
#3043=CARTESIAN_POINT('',(1.3E0,-5.529771798166E-1,-2.852786404500E-1));
#3044=VERTEX_POINT('',#3043);
#3045=CARTESIAN_POINT('',(1.3E0,-6.E-1,-3.5E-1));
#3046=VERTEX_POINT('',#3045);
#3047=CARTESIAN_POINT('',(1.3E0,-2.746106855392E-1,-1.080836366114E0));
#3048=VERTEX_POINT('',#3047);
#3049=CARTESIAN_POINT('',(3.7E0,-2.25E0,2.15E0));
#3050=CARTESIAN_POINT('',(3.7E0,-1.65E0,2.15E0));
#3051=VERTEX_POINT('',#3049);
#3052=VERTEX_POINT('',#3050);
#3053=CARTESIAN_POINT('',(3.7E0,-2.25E0,1.9E0));
#3054=VERTEX_POINT('',#3053);
#3055=CARTESIAN_POINT('',(3.7E0,-5.529771798166E-1,-2.852786404500E-1));
#3056=CARTESIAN_POINT('',(3.7E0,-3.787476467360E-1,-2.077066544947E-1));
#3057=VERTEX_POINT('',#3055);
#3058=VERTEX_POINT('',#3056);
#3059=CARTESIAN_POINT('',(3.7E0,-6.E-1,-3.5E-1));
#3060=VERTEX_POINT('',#3059);
#3061=CARTESIAN_POINT('',(3.7E0,-2.746106855392E-1,-1.080836366114E0));
#3062=VERTEX_POINT('',#3061);
#3063=CARTESIAN_POINT('',(3.3E0,-1.65E0,2.15E0));
#3064=VERTEX_POINT('',#3063);
#3065=CARTESIAN_POINT('',(3.3E0,-2.25E0,2.15E0));
#3066=VERTEX_POINT('',#3065);
#3067=CARTESIAN_POINT('',(3.3E0,-2.25E0,1.9E0));
#3068=VERTEX_POINT('',#3067);
#3069=CARTESIAN_POINT('',(3.3E0,-3.787476467360E-1,-2.077066544947E-1));
#3070=VERTEX_POINT('',#3069);
#3071=CARTESIAN_POINT('',(3.3E0,-5.529771798166E-1,-2.852786404500E-1));
#3072=VERTEX_POINT('',#3071);
#3073=CARTESIAN_POINT('',(3.3E0,-6.E-1,-3.5E-1));
#3074=VERTEX_POINT('',#3073);
#3075=CARTESIAN_POINT('',(3.3E0,-2.746106855392E-1,-1.080836366114E0));
#3076=VERTEX_POINT('',#3075);
#3077=CARTESIAN_POINT('',(-6.5E0,-1.8E0,-1.9E0));
#3078=CARTESIAN_POINT('',(-6.5E0,-1.8E0,2.1E0));
#3079=VERTEX_POINT('',#3077);
#3080=VERTEX_POINT('',#3078);
#3081=CARTESIAN_POINT('',(-6.3E0,-1.8E0,-2.1E0));
#3082=VERTEX_POINT('',#3081);
#3083=CARTESIAN_POINT('',(-4.99E0,-1.8E0,-2.1E0));
#3084=VERTEX_POINT('',#3083);
#3085=CARTESIAN_POINT('',(-4.86E0,-1.8E0,-1.65E0));
#3086=VERTEX_POINT('',#3085);
#3087=CARTESIAN_POINT('',(4.86E0,-1.8E0,-1.65E0));
#3088=VERTEX_POINT('',#3087);
#3089=CARTESIAN_POINT('',(4.99E0,-1.8E0,-2.1E0));
#3090=VERTEX_POINT('',#3089);
#3091=CARTESIAN_POINT('',(6.3E0,-1.8E0,-2.1E0));
#3092=VERTEX_POINT('',#3091);
#3093=CARTESIAN_POINT('',(6.5E0,-1.8E0,-1.9E0));
#3094=VERTEX_POINT('',#3093);
#3095=CARTESIAN_POINT('',(6.5E0,-1.8E0,2.1E0));
#3096=VERTEX_POINT('',#3095);
#3097=CARTESIAN_POINT('',(-6.040605170123E0,1.32E0,2.1E0));
#3098=CARTESIAN_POINT('',(-6.040605170123E0,-1.2E0,2.1E0));
#3099=VERTEX_POINT('',#3097);
#3100=VERTEX_POINT('',#3098);
#3101=CARTESIAN_POINT('',(6.040605170124E0,1.32E0,2.1E0));
#3102=VERTEX_POINT('',#3101);
#3103=CARTESIAN_POINT('',(6.040605170122E0,-1.2E0,2.1E0));
#3104=VERTEX_POINT('',#3103);
#3105=CARTESIAN_POINT('',(6.5E0,-1.2E0,2.1E0));
#3106=VERTEX_POINT('',#3105);
#3107=CARTESIAN_POINT('',(-6.5E0,-1.2E0,2.1E0));
#3108=VERTEX_POINT('',#3107);
#3109=CARTESIAN_POINT('',(-6.040605170122E0,-1.2E0,-2.1E0));
#3110=VERTEX_POINT('',#3109);
#3111=CARTESIAN_POINT('',(-6.040605170123E0,1.32E0,1.18E0));
#3112=VERTEX_POINT('',#3111);
#3113=CARTESIAN_POINT('',(-6.040605170123E0,1.15E0,1.18E0));
#3114=VERTEX_POINT('',#3113);
#3115=CARTESIAN_POINT('',(-5.47E0,6.E-1,1.18E0));
#3116=CARTESIAN_POINT('',(-5.47E0,6.E-1,-2.1E0));
#3117=VERTEX_POINT('',#3115);
#3118=VERTEX_POINT('',#3116);
#3119=CARTESIAN_POINT('',(-5.47E0,1.15E0,1.18E0));
#3120=VERTEX_POINT('',#3119);
#3121=CARTESIAN_POINT('',(5.469999999999E0,1.15E0,1.18E0));
#3122=CARTESIAN_POINT('',(5.469999999999E0,6.E-1,1.18E0));
#3123=VERTEX_POINT('',#3121);
#3124=VERTEX_POINT('',#3122);
#3125=CARTESIAN_POINT('',(6.040605170123E0,1.15E0,1.18E0));
#3126=VERTEX_POINT('',#3125);
#3127=CARTESIAN_POINT('',(-5.47E0,1.15E0,-2.1E0));
#3128=VERTEX_POINT('',#3127);
#3129=CARTESIAN_POINT('',(-4.99E0,-1.5E-1,-2.1E0));
#3130=VERTEX_POINT('',#3129);
#3131=CARTESIAN_POINT('',(4.99E0,-1.5E-1,-2.1E0));
#3132=VERTEX_POINT('',#3131);
#3133=CARTESIAN_POINT('',(6.3E0,-1.2E0,-2.1E0));
#3134=VERTEX_POINT('',#3133);
#3135=CARTESIAN_POINT('',(6.040605170123E0,-1.2E0,-2.1E0));
#3136=VERTEX_POINT('',#3135);
#3137=CARTESIAN_POINT('',(5.47E0,6.E-1,-2.1E0));
#3138=CARTESIAN_POINT('',(5.47E0,1.15E0,-2.1E0));
#3139=VERTEX_POINT('',#3137);
#3140=VERTEX_POINT('',#3138);
#3141=CARTESIAN_POINT('',(6.3E0,1.15E0,-2.1E0));
#3142=VERTEX_POINT('',#3141);
#3143=CARTESIAN_POINT('',(6.3E0,1.8E0,-2.1E0));
#3144=VERTEX_POINT('',#3143);
#3145=CARTESIAN_POINT('',(-6.3E0,1.8E0,-2.1E0));
#3146=VERTEX_POINT('',#3145);
#3147=CARTESIAN_POINT('',(-6.3E0,1.15E0,-2.1E0));
#3148=VERTEX_POINT('',#3147);
#3149=CARTESIAN_POINT('',(-6.3E0,-1.2E0,-2.1E0));
#3150=VERTEX_POINT('',#3149);
#3151=CARTESIAN_POINT('',(-4.86E0,-1.5E-1,-1.65E0));
#3152=VERTEX_POINT('',#3151);
#3153=CARTESIAN_POINT('',(-4.57E0,-1.5E-1,-1.65E0));
#3154=VERTEX_POINT('',#3153);
#3155=CARTESIAN_POINT('',(4.57E0,-1.5E-1,-1.65E0));
#3156=CARTESIAN_POINT('',(4.86E0,-1.5E-1,-1.65E0));
#3157=VERTEX_POINT('',#3155);
#3158=VERTEX_POINT('',#3156);
#3159=CARTESIAN_POINT('',(4.57E0,-1.5E-1,8.E-1));
#3160=VERTEX_POINT('',#3159);
#3161=CARTESIAN_POINT('',(-4.57E0,-1.5E-1,8.E-1));
#3162=VERTEX_POINT('',#3161);
#3163=CARTESIAN_POINT('',(-4.57E0,-7.5E-1,8.E-1));
#3164=VERTEX_POINT('',#3163);
#3165=CARTESIAN_POINT('',(-4.57E0,-1.05E0,5.E-1));
#3166=VERTEX_POINT('',#3165);
#3167=CARTESIAN_POINT('',(-4.57E0,-1.05E0,2.048575783442E-1));
#3168=VERTEX_POINT('',#3167);
#3169=CARTESIAN_POINT('',(-4.57E0,-1.084074173711E0,-5.396146675801E-2));
#3170=VERTEX_POINT('',#3169);
#3171=CARTESIAN_POINT('',(-4.57E0,-1.15E0,-3.E-1));
#3172=VERTEX_POINT('',#3171);
#3173=CARTESIAN_POINT('',(4.57E0,-1.084074173711E0,-5.396146675815E-2));
#3174=CARTESIAN_POINT('',(4.57E0,-1.15E0,-3.E-1));
#3175=VERTEX_POINT('',#3173);
#3176=VERTEX_POINT('',#3174);
#3177=CARTESIAN_POINT('',(4.57E0,-1.05E0,2.048575783440E-1));
#3178=VERTEX_POINT('',#3177);
#3179=CARTESIAN_POINT('',(4.57E0,-1.05E0,5.E-1));
#3180=VERTEX_POINT('',#3179);
#3181=CARTESIAN_POINT('',(4.57E0,-7.5E-1,8.E-1));
#3182=VERTEX_POINT('',#3181);
#3183=CARTESIAN_POINT('',(6.5E0,-1.2E0,-1.9E0));
#3184=VERTEX_POINT('',#3183);
#3185=CARTESIAN_POINT('',(6.5E0,1.15E0,-1.9E0));
#3186=VERTEX_POINT('',#3185);
#3187=CARTESIAN_POINT('',(6.5E0,1.8E0,-1.9E0));
#3188=VERTEX_POINT('',#3187);
#3189=CARTESIAN_POINT('',(6.040605170124E0,1.32E0,1.18E0));
#3190=VERTEX_POINT('',#3189);
#3191=CARTESIAN_POINT('',(6.5E0,1.15E0,1.18E0));
#3192=VERTEX_POINT('',#3191);
#3193=CARTESIAN_POINT('',(6.5E0,1.8E0,1.18E0));
#3194=VERTEX_POINT('',#3193);
#3195=CARTESIAN_POINT('',(-6.5E0,1.8E0,1.18E0));
#3196=VERTEX_POINT('',#3195);
#3197=CARTESIAN_POINT('',(-6.5E0,1.15E0,1.18E0));
#3198=VERTEX_POINT('',#3197);
#3199=CARTESIAN_POINT('',(-6.5E0,1.15E0,-1.9E0));
#3200=VERTEX_POINT('',#3199);
#3201=CARTESIAN_POINT('',(-6.5E0,-1.2E0,-1.9E0));
#3202=VERTEX_POINT('',#3201);
#3203=CARTESIAN_POINT('',(-6.5E0,1.8E0,-1.9E0));
#3204=VERTEX_POINT('',#3203);
#3205=CARTESIAN_POINT('',(-7.2E0,-1.8E0,-3.15E0));
#3206=CARTESIAN_POINT('',(7.2E0,-1.8E0,-3.15E0));
#3207=VERTEX_POINT('',#3205);
#3208=VERTEX_POINT('',#3206);
#3209=CARTESIAN_POINT('',(7.2E0,1.8E0,-3.15E0));
#3210=VERTEX_POINT('',#3209);
#3211=CARTESIAN_POINT('',(-7.2E0,1.8E0,-3.15E0));
#3212=VERTEX_POINT('',#3211);
#3213=CARTESIAN_POINT('',(4.62E0,-1.E-1,-3.15E0));
#3214=CARTESIAN_POINT('',(-4.62E0,-1.E-1,-3.15E0));
#3215=VERTEX_POINT('',#3213);
#3216=VERTEX_POINT('',#3214);
#3217=CARTESIAN_POINT('',(4.62E0,-1.15E0,-3.15E0));
#3218=VERTEX_POINT('',#3217);
#3219=CARTESIAN_POINT('',(-4.62E0,-1.15E0,-3.15E0));
#3220=VERTEX_POINT('',#3219);
#3221=CARTESIAN_POINT('',(4.5E0,7.339745962156E-1,-3.15E0));
#3222=CARTESIAN_POINT('',(5.E0,1.6E0,-3.15E0));
#3223=VERTEX_POINT('',#3221);
#3224=VERTEX_POINT('',#3222);
#3225=CARTESIAN_POINT('',(4.E0,1.6E0,-3.15E0));
#3226=VERTEX_POINT('',#3225);
#3227=CARTESIAN_POINT('',(-7.2E0,-1.8E0,-2.11E0));
#3228=VERTEX_POINT('',#3227);
#3229=CARTESIAN_POINT('',(-4.923256628520E0,-1.8E0,-2.11E0));
#3230=VERTEX_POINT('',#3229);
#3231=CARTESIAN_POINT('',(-4.826794919242E0,-1.8E0,-1.75E0));
#3232=VERTEX_POINT('',#3231);
#3233=CARTESIAN_POINT('',(-1.75E0,-1.8E0,-1.75E0));
#3234=VERTEX_POINT('',#3233);
#3235=CARTESIAN_POINT('',(-1.75E0,-1.8E0,-2.11E0));
#3236=VERTEX_POINT('',#3235);
#3237=CARTESIAN_POINT('',(1.75E0,-1.8E0,-2.11E0));
#3238=VERTEX_POINT('',#3237);
#3239=CARTESIAN_POINT('',(1.75E0,-1.8E0,-1.75E0));
#3240=VERTEX_POINT('',#3239);
#3241=CARTESIAN_POINT('',(4.826794919243E0,-1.8E0,-1.75E0));
#3242=VERTEX_POINT('',#3241);
#3243=CARTESIAN_POINT('',(4.923256628518E0,-1.8E0,-2.11E0));
#3244=VERTEX_POINT('',#3243);
#3245=CARTESIAN_POINT('',(7.2E0,-1.8E0,-2.11E0));
#3246=VERTEX_POINT('',#3245);
#3247=CARTESIAN_POINT('',(-7.2E0,1.8E0,-2.11E0));
#3248=VERTEX_POINT('',#3247);
#3249=CARTESIAN_POINT('',(-7.2E0,-1.65625E-1,-2.11E0));
#3250=VERTEX_POINT('',#3249);
#3251=CARTESIAN_POINT('',(-7.2E0,-1.656250000001E-1,-2.15E0));
#3252=VERTEX_POINT('',#3251);
#3253=CARTESIAN_POINT('',(-7.2E0,-6.999999999999E-1,-2.15E0));
#3254=VERTEX_POINT('',#3253);
#3255=CARTESIAN_POINT('',(-7.2E0,-7.E-1,-2.11E0));
#3256=VERTEX_POINT('',#3255);
#3257=CARTESIAN_POINT('',(7.2E0,1.8E0,-2.11E0));
#3258=VERTEX_POINT('',#3257);
#3259=CARTESIAN_POINT('',(7.2E0,-1.656250000001E-1,-2.15E0));
#3260=CARTESIAN_POINT('',(7.2E0,-6.999999999999E-1,-2.15E0));
#3261=VERTEX_POINT('',#3259);
#3262=VERTEX_POINT('',#3260);
#3263=CARTESIAN_POINT('',(7.2E0,-1.65625E-1,-2.11E0));
#3264=VERTEX_POINT('',#3263);
#3265=CARTESIAN_POINT('',(7.2E0,-7.E-1,-2.11E0));
#3266=VERTEX_POINT('',#3265);
#3267=CARTESIAN_POINT('',(-6.535143329743E0,-1.656250000001E-1,-2.15E0));
#3268=VERTEX_POINT('',#3267);
#3269=CARTESIAN_POINT('',(-6.535143329741E0,-6.999999999999E-1,-2.15E0));
#3270=VERTEX_POINT('',#3269);
#3271=CARTESIAN_POINT('',(-4.949999999999E0,-1.656250000001E-1,-2.15E0));
#3272=CARTESIAN_POINT('',(-5.5E0,-1.656250000001E-1,-2.15E0));
#3273=VERTEX_POINT('',#3271);
#3274=VERTEX_POINT('',#3272);
#3275=CARTESIAN_POINT('',(-5.5E0,-6.999999999999E-1,-2.15E0));
#3276=VERTEX_POINT('',#3275);
#3277=CARTESIAN_POINT('',(-4.949999999999E0,-6.999999999999E-1,-2.15E0));
#3278=VERTEX_POINT('',#3277);
#3279=CARTESIAN_POINT('',(5.5E0,-1.656250000001E-1,-2.15E0));
#3280=CARTESIAN_POINT('',(4.95E0,-1.656250000001E-1,-2.15E0));
#3281=VERTEX_POINT('',#3279);
#3282=VERTEX_POINT('',#3280);
#3283=CARTESIAN_POINT('',(4.95E0,-6.999999999999E-1,-2.15E0));
#3284=VERTEX_POINT('',#3283);
#3285=CARTESIAN_POINT('',(5.5E0,-6.999999999999E-1,-2.15E0));
#3286=VERTEX_POINT('',#3285);
#3287=CARTESIAN_POINT('',(6.535143329744E0,-1.656250000001E-1,-2.15E0));
#3288=VERTEX_POINT('',#3287);
#3289=CARTESIAN_POINT('',(6.535143329744E0,-6.999999999999E-1,-2.15E0));
#3290=VERTEX_POINT('',#3289);
#3291=CARTESIAN_POINT('',(-6.528090250516E0,-1.65625E-1,-2.11E0));
#3292=VERTEX_POINT('',#3291);
#3293=CARTESIAN_POINT('',(5.5E0,-1.65625E-1,-2.11E0));
#3294=VERTEX_POINT('',#3293);
#3295=CARTESIAN_POINT('',(4.923256628519E0,-1.653125E-1,-2.11E0));
#3296=VERTEX_POINT('',#3295);
#3297=CARTESIAN_POINT('',(-4.923256628518E0,-1.653125E-1,-2.11E0));
#3298=VERTEX_POINT('',#3297);
#3299=CARTESIAN_POINT('',(-5.5E0,-1.65625E-1,-2.11E0));
#3300=VERTEX_POINT('',#3299);
#3301=CARTESIAN_POINT('',(6.528090250517E0,-1.65625E-1,-2.11E0));
#3302=VERTEX_POINT('',#3301);
#3303=CARTESIAN_POINT('',(5.499999999999E0,1.1E0,-2.11E0));
#3304=CARTESIAN_POINT('',(6.528090250517E0,1.1E0,-2.11E0));
#3305=VERTEX_POINT('',#3303);
#3306=VERTEX_POINT('',#3304);
#3307=CARTESIAN_POINT('',(4.923256628518E0,1.1E0,-2.11E0));
#3308=VERTEX_POINT('',#3307);
#3309=CARTESIAN_POINT('',(-4.923256628518E0,1.1E0,-2.11E0));
#3310=VERTEX_POINT('',#3309);
#3311=CARTESIAN_POINT('',(-5.5E0,1.1E0,-2.11E0));
#3312=VERTEX_POINT('',#3311);
#3313=CARTESIAN_POINT('',(-6.528090250516E0,1.1E0,-2.11E0));
#3314=VERTEX_POINT('',#3313);
#3315=CARTESIAN_POINT('',(6.349999999999E0,1.1E0,1.8E0));
#3316=CARTESIAN_POINT('',(6.349999999999E0,1.1E0,-1.1E0));
#3317=VERTEX_POINT('',#3315);
#3318=VERTEX_POINT('',#3316);
#3319=CARTESIAN_POINT('',(-6.35E0,1.1E0,-1.1E0));
#3320=VERTEX_POINT('',#3319);
#3321=CARTESIAN_POINT('',(-6.35E0,1.1E0,1.8E0));
#3322=VERTEX_POINT('',#3321);
#3323=CARTESIAN_POINT('',(6.349999999999E0,-1.15E0,-1.1E0));
#3324=VERTEX_POINT('',#3323);
#3325=CARTESIAN_POINT('',(6.528090250516E0,-1.15E0,-2.11E0));
#3326=VERTEX_POINT('',#3325);
#3327=CARTESIAN_POINT('',(6.528090250516E0,-7.E-1,-2.11E0));
#3328=VERTEX_POINT('',#3327);
#3329=CARTESIAN_POINT('',(-6.528090250519E0,-7.E-1,-2.11E0));
#3330=VERTEX_POINT('',#3329);
#3331=CARTESIAN_POINT('',(-4.920577136593E0,-7.E-1,-2.1E0));
#3332=CARTESIAN_POINT('',(-4.923256628519E0,-7.E-1,-2.11E0));
#3333=VERTEX_POINT('',#3331);
#3334=VERTEX_POINT('',#3332);
#3335=CARTESIAN_POINT('',(4.920577136594E0,-7.E-1,-2.1E0));
#3336=VERTEX_POINT('',#3335);
#3337=CARTESIAN_POINT('',(4.923256628518E0,-7.E-1,-2.11E0));
#3338=VERTEX_POINT('',#3337);
#3339=CARTESIAN_POINT('',(5.5E0,-7.E-1,-2.11E0));
#3340=VERTEX_POINT('',#3339);
#3341=CARTESIAN_POINT('',(4.95E0,-6.999999999999E-1,-2.35E0));
#3342=VERTEX_POINT('',#3341);
#3343=CARTESIAN_POINT('',(4.62E0,-7.E-1,-2.35E0));
#3344=VERTEX_POINT('',#3343);
#3345=CARTESIAN_POINT('',(-4.62E0,-7.E-1,-2.35E0));
#3346=VERTEX_POINT('',#3345);
#3347=CARTESIAN_POINT('',(-4.95E0,-6.999999999999E-1,-2.35E0));
#3348=VERTEX_POINT('',#3347);
#3349=CARTESIAN_POINT('',(-5.5E0,-7.E-1,-2.11E0));
#3350=VERTEX_POINT('',#3349);
#3351=CARTESIAN_POINT('',(-6.35E0,-1.15E0,-1.1E0));
#3352=VERTEX_POINT('',#3351);
#3353=CARTESIAN_POINT('',(-6.528090250517E0,-1.15E0,-2.11E0));
#3354=VERTEX_POINT('',#3353);
#3355=CARTESIAN_POINT('',(-6.35E0,-1.15E0,1.8E0));
#3356=VERTEX_POINT('',#3355);
#3357=CARTESIAN_POINT('',(6.349999999999E0,-1.15E0,1.8E0));
#3358=VERTEX_POINT('',#3357);
#3359=CARTESIAN_POINT('',(5.499999999999E0,-1.15E0,-2.11E0));
#3360=VERTEX_POINT('',#3359);
#3361=CARTESIAN_POINT('',(1.749999999999E0,-1.15E0,-2.11E0));
#3362=CARTESIAN_POINT('',(-1.75E0,-1.15E0,-2.11E0));
#3363=VERTEX_POINT('',#3361);
#3364=VERTEX_POINT('',#3362);
#3365=CARTESIAN_POINT('',(1.749999999999E0,-1.15E0,-1.75E0));
#3366=VERTEX_POINT('',#3365);
#3367=CARTESIAN_POINT('',(4.826794919241E0,-1.15E0,-1.75E0));
#3368=VERTEX_POINT('',#3367);
#3369=CARTESIAN_POINT('',(-4.826794919243E0,-1.15E0,-1.75E0));
#3370=CARTESIAN_POINT('',(-1.750000000001E0,-1.15E0,-1.75E0));
#3371=VERTEX_POINT('',#3369);
#3372=VERTEX_POINT('',#3370);
#3373=CARTESIAN_POINT('',(-5.5E0,-1.15E0,-2.11E0));
#3374=VERTEX_POINT('',#3373);
#3375=CARTESIAN_POINT('',(4.920577136594E0,-6.5E-1,-2.1E0));
#3376=VERTEX_POINT('',#3375);
#3377=CARTESIAN_POINT('',(4.920577136592E0,-1.65625E-1,-2.1E0));
#3378=VERTEX_POINT('',#3377);
#3379=CARTESIAN_POINT('',(-4.920577136593E0,-6.5E-1,-2.1E0));
#3380=VERTEX_POINT('',#3379);
#3381=CARTESIAN_POINT('',(-4.920577136594E0,-1.65625E-1,-2.1E0));
#3382=VERTEX_POINT('',#3381);
#3383=CARTESIAN_POINT('',(4.4E0,-6.5E-1,7.E-1));
#3384=CARTESIAN_POINT('',(4.4E0,-6.5E-1,-1.65E0));
#3385=VERTEX_POINT('',#3383);
#3386=VERTEX_POINT('',#3384);
#3387=CARTESIAN_POINT('',(-4.399999999999E0,-6.5E-1,7.E-1));
#3388=CARTESIAN_POINT('',(-4.399999999999E0,-6.5E-1,-1.65E0));
#3389=VERTEX_POINT('',#3387);
#3390=VERTEX_POINT('',#3388);
#3391=CARTESIAN_POINT('',(-4.95E0,-1.625000000001E-1,-2.15E0));
#3392=CARTESIAN_POINT('',(-4.95E0,-1.500000000001E-1,-2.35E0));
#3393=VERTEX_POINT('',#3391);
#3394=VERTEX_POINT('',#3392);
#3395=CARTESIAN_POINT('',(-4.62E0,-1.5E-1,-2.35E0));
#3396=VERTEX_POINT('',#3395);
#3397=CARTESIAN_POINT('',(4.62E0,-1.5E-1,-2.35E0));
#3398=VERTEX_POINT('',#3397);
#3399=CARTESIAN_POINT('',(4.95E0,-1.500000000001E-1,-2.35E0));
#3400=VERTEX_POINT('',#3399);
#3401=CARTESIAN_POINT('',(4.95E0,-1.625000000001E-1,-2.15E0));
#3402=VERTEX_POINT('',#3401);
#3403=CARTESIAN_POINT('',(4.5E0,7.339745962156E-1,-3.05E0));
#3404=VERTEX_POINT('',#3403);
#3405=CARTESIAN_POINT('',(5.E0,1.6E0,-3.05E0));
#3406=VERTEX_POINT('',#3405);
#3407=CARTESIAN_POINT('',(4.E0,1.6E0,-3.05E0));
#3408=VERTEX_POINT('',#3407);
#3409=CARTESIAN_POINT('',(-6.040605170123E0,-1.15E0,-2.1E0));
#3410=CARTESIAN_POINT('',(-6.040605170123E0,-1.15E0,1.8E0));
#3411=VERTEX_POINT('',#3409);
#3412=VERTEX_POINT('',#3410);
#3413=CARTESIAN_POINT('',(-6.040605170123E0,1.1E0,1.8E0));
#3414=VERTEX_POINT('',#3413);
#3415=CARTESIAN_POINT('',(-6.040605170123E0,1.1E0,1.18E0));
#3416=VERTEX_POINT('',#3415);
#3417=CARTESIAN_POINT('',(-5.5E0,6.E-1,-2.1E0));
#3418=CARTESIAN_POINT('',(-5.5E0,6.E-1,1.18E0));
#3419=VERTEX_POINT('',#3417);
#3420=VERTEX_POINT('',#3418);
#3421=CARTESIAN_POINT('',(-5.5E0,1.1E0,1.18E0));
#3422=VERTEX_POINT('',#3421);
#3423=CARTESIAN_POINT('',(5.5E0,6.E-1,1.18E0));
#3424=CARTESIAN_POINT('',(5.5E0,1.1E0,1.18E0));
#3425=VERTEX_POINT('',#3423);
#3426=VERTEX_POINT('',#3424);
#3427=CARTESIAN_POINT('',(6.040605170123E0,1.1E0,1.18E0));
#3428=VERTEX_POINT('',#3427);
#3429=CARTESIAN_POINT('',(6.040605170123E0,-1.15E0,-2.1E0));
#3430=CARTESIAN_POINT('',(5.5E0,-1.15E0,-2.1E0));
#3431=VERTEX_POINT('',#3429);
#3432=VERTEX_POINT('',#3430);
#3433=CARTESIAN_POINT('',(5.5E0,6.E-1,-2.1E0));
#3434=VERTEX_POINT('',#3433);
#3435=CARTESIAN_POINT('',(-5.5E0,-1.15E0,-2.1E0));
#3436=VERTEX_POINT('',#3435);
#3437=CARTESIAN_POINT('',(4.920577136594E0,-1.5E-1,-2.1E0));
#3438=CARTESIAN_POINT('',(4.920577136594E0,1.1E0,-2.1E0));
#3439=VERTEX_POINT('',#3437);
#3440=VERTEX_POINT('',#3438);
#3441=CARTESIAN_POINT('',(-4.920577136594E0,-1.5E-1,-2.1E0));
#3442=CARTESIAN_POINT('',(-4.920577136594E0,1.1E0,-2.1E0));
#3443=VERTEX_POINT('',#3441);
#3444=VERTEX_POINT('',#3442);
#3445=CARTESIAN_POINT('',(-4.8E0,-1.15E0,-1.65E0));
#3446=CARTESIAN_POINT('',(-4.8E0,-6.5E-1,-1.65E0));
#3447=VERTEX_POINT('',#3445);
#3448=VERTEX_POINT('',#3446);
#3449=CARTESIAN_POINT('',(4.8E0,-1.15E0,-1.65E0));
#3450=CARTESIAN_POINT('',(4.8E0,-6.5E-1,-1.65E0));
#3451=VERTEX_POINT('',#3449);
#3452=VERTEX_POINT('',#3450);
#3453=CARTESIAN_POINT('',(4.57E0,-6.5E-1,-1.65E0));
#3454=VERTEX_POINT('',#3453);
#3455=CARTESIAN_POINT('',(-4.57E0,-6.5E-1,-1.65E0));
#3456=VERTEX_POINT('',#3455);
#3457=CARTESIAN_POINT('',(-4.57E0,-1.15E0,-1.65E0));
#3458=VERTEX_POINT('',#3457);
#3459=CARTESIAN_POINT('',(-4.4E0,-1.15E0,-1.65E0));
#3460=VERTEX_POINT('',#3459);
#3461=CARTESIAN_POINT('',(4.4E0,-1.15E0,-1.65E0));
#3462=CARTESIAN_POINT('',(4.4E0,-1.15E0,-2.999999999997E-1));
#3463=VERTEX_POINT('',#3461);
#3464=VERTEX_POINT('',#3462);
#3465=CARTESIAN_POINT('',(4.57E0,-1.15E0,-1.65E0));
#3466=VERTEX_POINT('',#3465);
#3467=CARTESIAN_POINT('',(-4.4E0,-1.15E0,-2.999999999997E-1));
#3468=VERTEX_POINT('',#3467);
#3469=CARTESIAN_POINT('',(4.4E0,-9.736067977500E-1,7.E-1));
#3470=CARTESIAN_POINT('',(4.4E0,-1.05E0,5.E-1));
#3471=VERTEX_POINT('',#3469);
#3472=VERTEX_POINT('',#3470);
#3473=CARTESIAN_POINT('',(-4.4E0,-9.736067977500E-1,7.E-1));
#3474=VERTEX_POINT('',#3473);
#3475=CARTESIAN_POINT('',(-4.4E0,-1.05E0,5.E-1));
#3476=VERTEX_POINT('',#3475);
#3477=CARTESIAN_POINT('',(4.4E0,-1.05E0,2.048575783443E-1));
#3478=VERTEX_POINT('',#3477);
#3479=CARTESIAN_POINT('',(-4.4E0,-1.05E0,2.048575783443E-1));
#3480=VERTEX_POINT('',#3479);
#3481=CARTESIAN_POINT('',(4.4E0,-1.084074173711E0,-5.396146675864E-2));
#3482=VERTEX_POINT('',#3481);
#3483=CARTESIAN_POINT('',(-4.4E0,-1.084074173711E0,-5.396146675864E-2));
#3484=VERTEX_POINT('',#3483);
#3485=CARTESIAN_POINT('',(6.040605170123E0,-1.15E0,1.8E0));
#3486=VERTEX_POINT('',#3485);
#3487=CARTESIAN_POINT('',(6.040605170123E0,1.1E0,1.8E0));
#3488=VERTEX_POINT('',#3487);
#3489=CARTESIAN_POINT('',(-2.3E0,-1.8E0,1.9E0));
#3490=CARTESIAN_POINT('',(-2.3E0,-1.8E0,2.1E0));
#3491=VERTEX_POINT('',#3489);
#3492=VERTEX_POINT('',#3490);
#3493=CARTESIAN_POINT('',(-2.7E0,-1.8E0,1.9E0));
#3494=VERTEX_POINT('',#3493);
#3495=CARTESIAN_POINT('',(-2.7E0,-1.8E0,2.1E0));
#3496=VERTEX_POINT('',#3495);
#3497=CARTESIAN_POINT('',(-2.3E0,-1.477333110405E0,2.1E0));
#3498=VERTEX_POINT('',#3497);
#3499=CARTESIAN_POINT('',(-2.7E0,-1.477333110405E0,2.1E0));
#3500=VERTEX_POINT('',#3499);
#3501=CARTESIAN_POINT('',(-2.3E0,1.1E0,-2.1E0));
#3502=CARTESIAN_POINT('',(-2.3E0,1.197722557505E0,-2.1E0));
#3503=VERTEX_POINT('',#3501);
#3504=VERTEX_POINT('',#3502);
#3505=CARTESIAN_POINT('',(-2.7E0,1.197722557505E0,-2.1E0));
#3506=VERTEX_POINT('',#3505);
#3507=CARTESIAN_POINT('',(-2.7E0,1.1E0,-2.1E0));
#3508=VERTEX_POINT('',#3507);
#3509=CARTESIAN_POINT('',(-2.3E0,-1.5E-1,-7.214822810073E-1));
#3510=CARTESIAN_POINT('',(-2.3E0,-1.5E-1,-1.434875948641E0));
#3511=VERTEX_POINT('',#3509);
#3512=VERTEX_POINT('',#3510);
#3513=CARTESIAN_POINT('',(-2.7E0,-1.5E-1,-1.434875948641E0));
#3514=VERTEX_POINT('',#3513);
#3515=CARTESIAN_POINT('',(-2.7E0,-1.5E-1,-7.214822810073E-1));
#3516=VERTEX_POINT('',#3515);
#3517=CARTESIAN_POINT('',(-2.3E0,1.1E0,-2.11E0));
#3518=CARTESIAN_POINT('',(-2.3E0,1.191202365109E0,-2.11E0));
#3519=VERTEX_POINT('',#3517);
#3520=VERTEX_POINT('',#3518);
#3521=CARTESIAN_POINT('',(-2.7E0,1.191202365109E0,-2.11E0));
#3522=VERTEX_POINT('',#3521);
#3523=CARTESIAN_POINT('',(-2.7E0,1.1E0,-2.11E0));
#3524=VERTEX_POINT('',#3523);
#3525=CARTESIAN_POINT('',(-3.E-1,-1.8E0,1.9E0));
#3526=CARTESIAN_POINT('',(-3.E-1,-1.8E0,2.1E0));
#3527=VERTEX_POINT('',#3525);
#3528=VERTEX_POINT('',#3526);
#3529=CARTESIAN_POINT('',(-7.E-1,-1.8E0,1.9E0));
#3530=VERTEX_POINT('',#3529);
#3531=CARTESIAN_POINT('',(-7.E-1,-1.8E0,2.1E0));
#3532=VERTEX_POINT('',#3531);
#3533=CARTESIAN_POINT('',(-3.E-1,-1.477333110405E0,2.1E0));
#3534=VERTEX_POINT('',#3533);
#3535=CARTESIAN_POINT('',(-7.E-1,-1.477333110405E0,2.1E0));
#3536=VERTEX_POINT('',#3535);
#3537=CARTESIAN_POINT('',(-3.E-1,1.1E0,-2.1E0));
#3538=CARTESIAN_POINT('',(-3.E-1,1.197722557505E0,-2.1E0));
#3539=VERTEX_POINT('',#3537);
#3540=VERTEX_POINT('',#3538);
#3541=CARTESIAN_POINT('',(-7.E-1,1.197722557505E0,-2.1E0));
#3542=VERTEX_POINT('',#3541);
#3543=CARTESIAN_POINT('',(-7.E-1,1.1E0,-2.1E0));
#3544=VERTEX_POINT('',#3543);
#3545=CARTESIAN_POINT('',(-3.E-1,-1.5E-1,-7.214822810073E-1));
#3546=CARTESIAN_POINT('',(-3.E-1,-1.5E-1,-1.434875948641E0));
#3547=VERTEX_POINT('',#3545);
#3548=VERTEX_POINT('',#3546);
#3549=CARTESIAN_POINT('',(-7.E-1,-1.5E-1,-1.434875948641E0));
#3550=VERTEX_POINT('',#3549);
#3551=CARTESIAN_POINT('',(-7.E-1,-1.5E-1,-7.214822810073E-1));
#3552=VERTEX_POINT('',#3551);
#3553=CARTESIAN_POINT('',(-3.E-1,1.1E0,-2.11E0));
#3554=CARTESIAN_POINT('',(-3.E-1,1.191202365109E0,-2.11E0));
#3555=VERTEX_POINT('',#3553);
#3556=VERTEX_POINT('',#3554);
#3557=CARTESIAN_POINT('',(-7.E-1,1.191202365109E0,-2.11E0));
#3558=VERTEX_POINT('',#3557);
#3559=CARTESIAN_POINT('',(-7.E-1,1.1E0,-2.11E0));
#3560=VERTEX_POINT('',#3559);
#3561=CARTESIAN_POINT('',(1.7E0,-1.8E0,1.9E0));
#3562=CARTESIAN_POINT('',(1.7E0,-1.8E0,2.1E0));
#3563=VERTEX_POINT('',#3561);
#3564=VERTEX_POINT('',#3562);
#3565=CARTESIAN_POINT('',(1.3E0,-1.8E0,1.9E0));
#3566=VERTEX_POINT('',#3565);
#3567=CARTESIAN_POINT('',(1.3E0,-1.8E0,2.1E0));
#3568=VERTEX_POINT('',#3567);
#3569=CARTESIAN_POINT('',(1.7E0,-1.477333110405E0,2.1E0));
#3570=VERTEX_POINT('',#3569);
#3571=CARTESIAN_POINT('',(1.3E0,-1.477333110405E0,2.1E0));
#3572=VERTEX_POINT('',#3571);
#3573=CARTESIAN_POINT('',(1.7E0,1.1E0,-2.1E0));
#3574=CARTESIAN_POINT('',(1.7E0,1.197722557505E0,-2.1E0));
#3575=VERTEX_POINT('',#3573);
#3576=VERTEX_POINT('',#3574);
#3577=CARTESIAN_POINT('',(1.3E0,1.197722557505E0,-2.1E0));
#3578=VERTEX_POINT('',#3577);
#3579=CARTESIAN_POINT('',(1.3E0,1.1E0,-2.1E0));
#3580=VERTEX_POINT('',#3579);
#3581=CARTESIAN_POINT('',(1.7E0,-1.5E-1,-7.214822810073E-1));
#3582=CARTESIAN_POINT('',(1.7E0,-1.5E-1,-1.434875948641E0));
#3583=VERTEX_POINT('',#3581);
#3584=VERTEX_POINT('',#3582);
#3585=CARTESIAN_POINT('',(1.3E0,-1.5E-1,-1.434875948641E0));
#3586=VERTEX_POINT('',#3585);
#3587=CARTESIAN_POINT('',(1.3E0,-1.5E-1,-7.214822810073E-1));
#3588=VERTEX_POINT('',#3587);
#3589=CARTESIAN_POINT('',(1.7E0,1.1E0,-2.11E0));
#3590=CARTESIAN_POINT('',(1.7E0,1.191202365109E0,-2.11E0));
#3591=VERTEX_POINT('',#3589);
#3592=VERTEX_POINT('',#3590);
#3593=CARTESIAN_POINT('',(1.3E0,1.191202365109E0,-2.11E0));
#3594=VERTEX_POINT('',#3593);
#3595=CARTESIAN_POINT('',(1.3E0,1.1E0,-2.11E0));
#3596=VERTEX_POINT('',#3595);
#3597=CARTESIAN_POINT('',(3.7E0,-1.8E0,1.9E0));
#3598=CARTESIAN_POINT('',(3.7E0,-1.8E0,2.1E0));
#3599=VERTEX_POINT('',#3597);
#3600=VERTEX_POINT('',#3598);
#3601=CARTESIAN_POINT('',(3.3E0,-1.8E0,1.9E0));
#3602=VERTEX_POINT('',#3601);
#3603=CARTESIAN_POINT('',(3.3E0,-1.8E0,2.1E0));
#3604=VERTEX_POINT('',#3603);
#3605=CARTESIAN_POINT('',(3.7E0,-1.477333110405E0,2.1E0));
#3606=VERTEX_POINT('',#3605);
#3607=CARTESIAN_POINT('',(3.3E0,-1.477333110405E0,2.1E0));
#3608=VERTEX_POINT('',#3607);
#3609=CARTESIAN_POINT('',(3.7E0,1.1E0,-2.1E0));
#3610=CARTESIAN_POINT('',(3.7E0,1.197722557505E0,-2.1E0));
#3611=VERTEX_POINT('',#3609);
#3612=VERTEX_POINT('',#3610);
#3613=CARTESIAN_POINT('',(3.3E0,1.197722557505E0,-2.1E0));
#3614=VERTEX_POINT('',#3613);
#3615=CARTESIAN_POINT('',(3.3E0,1.1E0,-2.1E0));
#3616=VERTEX_POINT('',#3615);
#3617=CARTESIAN_POINT('',(3.7E0,-1.5E-1,-7.214822810073E-1));
#3618=CARTESIAN_POINT('',(3.7E0,-1.5E-1,-1.434875948641E0));
#3619=VERTEX_POINT('',#3617);
#3620=VERTEX_POINT('',#3618);
#3621=CARTESIAN_POINT('',(3.3E0,-1.5E-1,-1.434875948641E0));
#3622=VERTEX_POINT('',#3621);
#3623=CARTESIAN_POINT('',(3.3E0,-1.5E-1,-7.214822810073E-1));
#3624=VERTEX_POINT('',#3623);
#3625=CARTESIAN_POINT('',(3.7E0,1.1E0,-2.11E0));
#3626=CARTESIAN_POINT('',(3.7E0,1.191202365109E0,-2.11E0));
#3627=VERTEX_POINT('',#3625);
#3628=VERTEX_POINT('',#3626);
#3629=CARTESIAN_POINT('',(3.3E0,1.191202365109E0,-2.11E0));
#3630=VERTEX_POINT('',#3629);
#3631=CARTESIAN_POINT('',(3.3E0,1.1E0,-2.11E0));
#3632=VERTEX_POINT('',#3631);
#3633=CARTESIAN_POINT('',(-3.3E0,1.177351874937E0,-2.1E0));
#3634=CARTESIAN_POINT('',(-3.3E0,1.1E0,-2.1E0));
#3635=VERTEX_POINT('',#3633);
#3636=VERTEX_POINT('',#3634);
#3637=CARTESIAN_POINT('',(-3.7E0,1.177351874937E0,-2.1E0));
#3638=VERTEX_POINT('',#3637);
#3639=CARTESIAN_POINT('',(-3.7E0,1.1E0,-2.1E0));
#3640=VERTEX_POINT('',#3639);
#3641=CARTESIAN_POINT('',(-3.3E0,-1.5E-1,-7.160682143633E-1));
#3642=CARTESIAN_POINT('',(-3.3E0,-1.5E-1,-1.404875948641E0));
#3643=VERTEX_POINT('',#3641);
#3644=VERTEX_POINT('',#3642);
#3645=CARTESIAN_POINT('',(-3.7E0,-1.5E-1,-7.160682143633E-1));
#3646=VERTEX_POINT('',#3645);
#3647=CARTESIAN_POINT('',(-3.7E0,-1.5E-1,-1.404875948641E0));
#3648=VERTEX_POINT('',#3647);
#3649=CARTESIAN_POINT('',(-3.3E0,1.32E0,2.093959457608E0));
#3650=CARTESIAN_POINT('',(-3.3E0,1.32E0,1.747979589711E0));
#3651=VERTEX_POINT('',#3649);
#3652=VERTEX_POINT('',#3650);
#3653=CARTESIAN_POINT('',(-3.7E0,1.32E0,2.093959457608E0));
#3654=VERTEX_POINT('',#3653);
#3655=CARTESIAN_POINT('',(-3.7E0,1.32E0,1.747979589711E0));
#3656=VERTEX_POINT('',#3655);
#3657=CARTESIAN_POINT('',(-3.3E0,1.1E0,-2.11E0));
#3658=CARTESIAN_POINT('',(-3.3E0,1.17E0,-2.11E0));
#3659=VERTEX_POINT('',#3657);
#3660=VERTEX_POINT('',#3658);
#3661=CARTESIAN_POINT('',(-3.7E0,1.17E0,-2.11E0));
#3662=VERTEX_POINT('',#3661);
#3663=CARTESIAN_POINT('',(-3.7E0,1.1E0,-2.11E0));
#3664=VERTEX_POINT('',#3663);
#3665=CARTESIAN_POINT('',(-1.3E0,1.177351874937E0,-2.1E0));
#3666=CARTESIAN_POINT('',(-1.3E0,1.1E0,-2.1E0));
#3667=VERTEX_POINT('',#3665);
#3668=VERTEX_POINT('',#3666);
#3669=CARTESIAN_POINT('',(-1.7E0,1.177351874937E0,-2.1E0));
#3670=VERTEX_POINT('',#3669);
#3671=CARTESIAN_POINT('',(-1.7E0,1.1E0,-2.1E0));
#3672=VERTEX_POINT('',#3671);
#3673=CARTESIAN_POINT('',(-1.3E0,-1.5E-1,-7.160682143633E-1));
#3674=CARTESIAN_POINT('',(-1.3E0,-1.5E-1,-1.404875948641E0));
#3675=VERTEX_POINT('',#3673);
#3676=VERTEX_POINT('',#3674);
#3677=CARTESIAN_POINT('',(-1.7E0,-1.5E-1,-7.160682143633E-1));
#3678=VERTEX_POINT('',#3677);
#3679=CARTESIAN_POINT('',(-1.7E0,-1.5E-1,-1.404875948641E0));
#3680=VERTEX_POINT('',#3679);
#3681=CARTESIAN_POINT('',(-1.3E0,1.32E0,2.093959457608E0));
#3682=CARTESIAN_POINT('',(-1.3E0,1.32E0,1.747979589711E0));
#3683=VERTEX_POINT('',#3681);
#3684=VERTEX_POINT('',#3682);
#3685=CARTESIAN_POINT('',(-1.7E0,1.32E0,2.093959457608E0));
#3686=VERTEX_POINT('',#3685);
#3687=CARTESIAN_POINT('',(-1.7E0,1.32E0,1.747979589711E0));
#3688=VERTEX_POINT('',#3687);
#3689=CARTESIAN_POINT('',(-1.3E0,1.1E0,-2.11E0));
#3690=CARTESIAN_POINT('',(-1.3E0,1.17E0,-2.11E0));
#3691=VERTEX_POINT('',#3689);
#3692=VERTEX_POINT('',#3690);
#3693=CARTESIAN_POINT('',(-1.7E0,1.17E0,-2.11E0));
#3694=VERTEX_POINT('',#3693);
#3695=CARTESIAN_POINT('',(-1.7E0,1.1E0,-2.11E0));
#3696=VERTEX_POINT('',#3695);
#3697=CARTESIAN_POINT('',(7.E-1,1.177351874937E0,-2.1E0));
#3698=CARTESIAN_POINT('',(7.E-1,1.1E0,-2.1E0));
#3699=VERTEX_POINT('',#3697);
#3700=VERTEX_POINT('',#3698);
#3701=CARTESIAN_POINT('',(3.E-1,1.177351874937E0,-2.1E0));
#3702=VERTEX_POINT('',#3701);
#3703=CARTESIAN_POINT('',(3.E-1,1.1E0,-2.1E0));
#3704=VERTEX_POINT('',#3703);
#3705=CARTESIAN_POINT('',(7.E-1,-1.5E-1,-7.160682143633E-1));
#3706=CARTESIAN_POINT('',(7.E-1,-1.5E-1,-1.404875948641E0));
#3707=VERTEX_POINT('',#3705);
#3708=VERTEX_POINT('',#3706);
#3709=CARTESIAN_POINT('',(3.E-1,-1.5E-1,-7.160682143633E-1));
#3710=VERTEX_POINT('',#3709);
#3711=CARTESIAN_POINT('',(3.E-1,-1.5E-1,-1.404875948641E0));
#3712=VERTEX_POINT('',#3711);
#3713=CARTESIAN_POINT('',(7.E-1,1.32E0,2.093959457608E0));
#3714=CARTESIAN_POINT('',(7.E-1,1.32E0,1.747979589711E0));
#3715=VERTEX_POINT('',#3713);
#3716=VERTEX_POINT('',#3714);
#3717=CARTESIAN_POINT('',(3.E-1,1.32E0,2.093959457608E0));
#3718=VERTEX_POINT('',#3717);
#3719=CARTESIAN_POINT('',(3.E-1,1.32E0,1.747979589711E0));
#3720=VERTEX_POINT('',#3719);
#3721=CARTESIAN_POINT('',(7.E-1,1.1E0,-2.11E0));
#3722=CARTESIAN_POINT('',(7.E-1,1.17E0,-2.11E0));
#3723=VERTEX_POINT('',#3721);
#3724=VERTEX_POINT('',#3722);
#3725=CARTESIAN_POINT('',(3.E-1,1.17E0,-2.11E0));
#3726=VERTEX_POINT('',#3725);
#3727=CARTESIAN_POINT('',(3.E-1,1.1E0,-2.11E0));
#3728=VERTEX_POINT('',#3727);
#3729=CARTESIAN_POINT('',(2.7E0,1.177351874937E0,-2.1E0));
#3730=CARTESIAN_POINT('',(2.7E0,1.1E0,-2.1E0));
#3731=VERTEX_POINT('',#3729);
#3732=VERTEX_POINT('',#3730);
#3733=CARTESIAN_POINT('',(2.3E0,1.177351874937E0,-2.1E0));
#3734=VERTEX_POINT('',#3733);
#3735=CARTESIAN_POINT('',(2.3E0,1.1E0,-2.1E0));
#3736=VERTEX_POINT('',#3735);
#3737=CARTESIAN_POINT('',(2.7E0,-1.5E-1,-7.160682143633E-1));
#3738=CARTESIAN_POINT('',(2.7E0,-1.5E-1,-1.404875948641E0));
#3739=VERTEX_POINT('',#3737);
#3740=VERTEX_POINT('',#3738);
#3741=CARTESIAN_POINT('',(2.3E0,-1.5E-1,-7.160682143633E-1));
#3742=VERTEX_POINT('',#3741);
#3743=CARTESIAN_POINT('',(2.3E0,-1.5E-1,-1.404875948641E0));
#3744=VERTEX_POINT('',#3743);
#3745=CARTESIAN_POINT('',(2.7E0,1.32E0,2.093959457608E0));
#3746=CARTESIAN_POINT('',(2.7E0,1.32E0,1.747979589711E0));
#3747=VERTEX_POINT('',#3745);
#3748=VERTEX_POINT('',#3746);
#3749=CARTESIAN_POINT('',(2.3E0,1.32E0,2.093959457608E0));
#3750=VERTEX_POINT('',#3749);
#3751=CARTESIAN_POINT('',(2.3E0,1.32E0,1.747979589711E0));
#3752=VERTEX_POINT('',#3751);
#3753=CARTESIAN_POINT('',(2.7E0,1.1E0,-2.11E0));
#3754=CARTESIAN_POINT('',(2.7E0,1.17E0,-2.11E0));
#3755=VERTEX_POINT('',#3753);
#3756=VERTEX_POINT('',#3754);
#3757=CARTESIAN_POINT('',(2.3E0,1.17E0,-2.11E0));
#3758=VERTEX_POINT('',#3757);
#3759=CARTESIAN_POINT('',(2.3E0,1.1E0,-2.11E0));
#3760=VERTEX_POINT('',#3759);
#3761=CARTESIAN_POINT('',(0.E0,-1.8E0,0.E0));
#3762=DIRECTION('',(0.E0,1.E0,0.E0));
#3763=DIRECTION('',(-1.E0,0.E0,0.E0));
#3764=AXIS2_PLACEMENT_3D('',#3761,#3762,#3763);
#3765=PLANE('',#3764);
#3767=ORIENTED_EDGE('',*,*,#3766,.T.);
#3769=ORIENTED_EDGE('',*,*,#3768,.T.);
#3771=ORIENTED_EDGE('',*,*,#3770,.T.);
#3773=ORIENTED_EDGE('',*,*,#3772,.T.);
#3775=ORIENTED_EDGE('',*,*,#3774,.T.);
#3777=ORIENTED_EDGE('',*,*,#3776,.T.);
#3779=ORIENTED_EDGE('',*,*,#3778,.F.);
#3781=ORIENTED_EDGE('',*,*,#3780,.T.);
#3783=ORIENTED_EDGE('',*,*,#3782,.T.);
#3785=ORIENTED_EDGE('',*,*,#3784,.T.);
#3787=ORIENTED_EDGE('',*,*,#3786,.T.);
#3789=ORIENTED_EDGE('',*,*,#3788,.T.);
#3791=ORIENTED_EDGE('',*,*,#3790,.F.);
#3793=ORIENTED_EDGE('',*,*,#3792,.T.);
#3795=ORIENTED_EDGE('',*,*,#3794,.T.);
#3797=ORIENTED_EDGE('',*,*,#3796,.T.);
#3799=ORIENTED_EDGE('',*,*,#3798,.F.);
#3801=ORIENTED_EDGE('',*,*,#3800,.T.);
#3803=ORIENTED_EDGE('',*,*,#3802,.T.);
#3805=ORIENTED_EDGE('',*,*,#3804,.T.);
#3807=ORIENTED_EDGE('',*,*,#3806,.F.);
#3809=ORIENTED_EDGE('',*,*,#3808,.T.);
#3811=ORIENTED_EDGE('',*,*,#3810,.T.);
#3813=ORIENTED_EDGE('',*,*,#3812,.T.);
#3815=ORIENTED_EDGE('',*,*,#3814,.F.);
#3817=ORIENTED_EDGE('',*,*,#3816,.T.);
#3818=EDGE_LOOP('',(#3767,#3769,#3771,#3773,#3775,#3777,#3779,#3781,#3783,#3785,
#3787,#3789,#3791,#3793,#3795,#3797,#3799,#3801,#3803,#3805,#3807,#3809,#3811,
#3813,#3815,#3817));
#3819=FACE_OUTER_BOUND('',#3818,.F.);
#3820=ADVANCED_FACE('',(#3819),#3765,.F.);
#3821=CARTESIAN_POINT('',(3.7E0,-4.75E-1,-1.251854184287E-1));
#3822=DIRECTION('',(1.E0,0.E0,0.E0));
#3823=DIRECTION('',(0.E0,1.E0,0.E0));
#3824=AXIS2_PLACEMENT_3D('',#3821,#3822,#3823);
#3825=PLANE('',#3824);
#3826=ORIENTED_EDGE('',*,*,#3766,.F.);
#3828=ORIENTED_EDGE('',*,*,#3827,.T.);
#3830=ORIENTED_EDGE('',*,*,#3829,.T.);
#3832=ORIENTED_EDGE('',*,*,#3831,.T.);
#3834=ORIENTED_EDGE('',*,*,#3833,.T.);
#3836=ORIENTED_EDGE('',*,*,#3835,.F.);
#3837=EDGE_LOOP('',(#3826,#3828,#3830,#3832,#3834,#3836));
#3838=FACE_OUTER_BOUND('',#3837,.F.);
#3839=ADVANCED_FACE('',(#3838),#3825,.T.);
#3840=CARTESIAN_POINT('',(3.7E0,-4.75E-1,-1.251854184287E-1));
#3841=DIRECTION('',(1.E0,0.E0,0.E0));
#3842=DIRECTION('',(0.E0,1.E0,0.E0));
#3843=AXIS2_PLACEMENT_3D('',#3840,#3841,#3842);
#3844=PLANE('',#3843);
#3846=ORIENTED_EDGE('',*,*,#3845,.T.);
#3848=ORIENTED_EDGE('',*,*,#3847,.T.);
#3850=ORIENTED_EDGE('',*,*,#3849,.F.);
#3852=ORIENTED_EDGE('',*,*,#3851,.T.);
#3853=EDGE_LOOP('',(#3846,#3848,#3850,#3852));
#3854=FACE_OUTER_BOUND('',#3853,.F.);
#3855=ADVANCED_FACE('',(#3854),#3844,.T.);
#3856=CARTESIAN_POINT('',(3.7E0,-4.75E-1,-1.251854184287E-1));
#3857=DIRECTION('',(1.E0,0.E0,0.E0));
#3858=DIRECTION('',(0.E0,1.E0,0.E0));
#3859=AXIS2_PLACEMENT_3D('',#3856,#3857,#3858);
#3860=PLANE('',#3859);
#3862=ORIENTED_EDGE('',*,*,#3861,.T.);
#3864=ORIENTED_EDGE('',*,*,#3863,.T.);
#3866=ORIENTED_EDGE('',*,*,#3865,.T.);
#3868=ORIENTED_EDGE('',*,*,#3867,.T.);
#3870=ORIENTED_EDGE('',*,*,#3869,.T.);
#3872=ORIENTED_EDGE('',*,*,#3871,.T.);
#3873=EDGE_LOOP('',(#3862,#3864,#3866,#3868,#3870,#3872));
#3874=FACE_OUTER_BOUND('',#3873,.F.);
#3875=ADVANCED_FACE('',(#3874),#3860,.T.);
#3876=CARTESIAN_POINT('',(3.5E0,-1.967734147022E0,1.9E0));
#3877=DIRECTION('',(0.E0,0.E0,1.E0));
#3878=DIRECTION('',(0.E0,-1.E0,0.E0));
#3879=AXIS2_PLACEMENT_3D('',#3876,#3877,#3878);
#3880=PLANE('',#3879);
#3881=ORIENTED_EDGE('',*,*,#3816,.F.);
#3883=ORIENTED_EDGE('',*,*,#3882,.T.);
#3885=ORIENTED_EDGE('',*,*,#3884,.F.);
#3886=ORIENTED_EDGE('',*,*,#3827,.F.);
#3887=EDGE_LOOP('',(#3881,#3883,#3885,#3886));
#3888=FACE_OUTER_BOUND('',#3887,.F.);
#3889=ADVANCED_FACE('',(#3888),#3880,.F.);
#3890=CARTESIAN_POINT('',(3.3E0,-4.75E-1,-1.251854184287E-1));
#3891=DIRECTION('',(1.E0,0.E0,0.E0));
#3892=DIRECTION('',(0.E0,1.E0,0.E0));
#3893=AXIS2_PLACEMENT_3D('',#3890,#3891,#3892);
#3894=PLANE('',#3893);
#3895=ORIENTED_EDGE('',*,*,#3814,.T.);
#3897=ORIENTED_EDGE('',*,*,#3896,.T.);
#3899=ORIENTED_EDGE('',*,*,#3898,.F.);
#3901=ORIENTED_EDGE('',*,*,#3900,.F.);
#3903=ORIENTED_EDGE('',*,*,#3902,.F.);
#3904=ORIENTED_EDGE('',*,*,#3882,.F.);
#3905=EDGE_LOOP('',(#3895,#3897,#3899,#3901,#3903,#3904));
#3906=FACE_OUTER_BOUND('',#3905,.F.);
#3907=ADVANCED_FACE('',(#3906),#3894,.F.);
#3908=CARTESIAN_POINT('',(3.3E0,-4.75E-1,-1.251854184287E-1));
#3909=DIRECTION('',(1.E0,0.E0,0.E0));
#3910=DIRECTION('',(0.E0,1.E0,0.E0));
#3911=AXIS2_PLACEMENT_3D('',#3908,#3909,#3910);
#3912=PLANE('',#3911);
#3914=ORIENTED_EDGE('',*,*,#3913,.F.);
#3916=ORIENTED_EDGE('',*,*,#3915,.F.);
#3918=ORIENTED_EDGE('',*,*,#3917,.T.);
#3920=ORIENTED_EDGE('',*,*,#3919,.F.);
#3921=EDGE_LOOP('',(#3914,#3916,#3918,#3920));
#3922=FACE_OUTER_BOUND('',#3921,.F.);
#3923=ADVANCED_FACE('',(#3922),#3912,.F.);
#3924=CARTESIAN_POINT('',(3.3E0,-4.75E-1,-1.251854184287E-1));
#3925=DIRECTION('',(1.E0,0.E0,0.E0));
#3926=DIRECTION('',(0.E0,1.E0,0.E0));
#3927=AXIS2_PLACEMENT_3D('',#3924,#3925,#3926);
#3928=PLANE('',#3927);
#3930=ORIENTED_EDGE('',*,*,#3929,.F.);
#3932=ORIENTED_EDGE('',*,*,#3931,.F.);
#3934=ORIENTED_EDGE('',*,*,#3933,.F.);
#3936=ORIENTED_EDGE('',*,*,#3935,.F.);
#3938=ORIENTED_EDGE('',*,*,#3937,.F.);
#3940=ORIENTED_EDGE('',*,*,#3939,.F.);
#3941=EDGE_LOOP('',(#3930,#3932,#3934,#3936,#3938,#3940));
#3942=FACE_OUTER_BOUND('',#3941,.F.);
#3943=ADVANCED_FACE('',(#3942),#3928,.F.);
#3944=CARTESIAN_POINT('',(0.E0,-2.4E-1,2.1E0));
#3945=DIRECTION('',(0.E0,0.E0,1.E0));
#3946=DIRECTION('',(1.E0,0.E0,0.E0));
#3947=AXIS2_PLACEMENT_3D('',#3944,#3945,#3946);
#3948=PLANE('',#3947);
#3949=ORIENTED_EDGE('',*,*,#3835,.T.);
#3951=ORIENTED_EDGE('',*,*,#3950,.T.);
#3952=ORIENTED_EDGE('',*,*,#3896,.F.);
#3953=ORIENTED_EDGE('',*,*,#3812,.F.);
#3955=ORIENTED_EDGE('',*,*,#3954,.T.);
#3957=ORIENTED_EDGE('',*,*,#3956,.T.);
#3959=ORIENTED_EDGE('',*,*,#3958,.F.);
#3960=ORIENTED_EDGE('',*,*,#3804,.F.);
#3962=ORIENTED_EDGE('',*,*,#3961,.T.);
#3964=ORIENTED_EDGE('',*,*,#3963,.T.);
#3966=ORIENTED_EDGE('',*,*,#3965,.F.);
#3967=ORIENTED_EDGE('',*,*,#3796,.F.);
#3969=ORIENTED_EDGE('',*,*,#3968,.T.);
#3971=ORIENTED_EDGE('',*,*,#3970,.T.);
#3973=ORIENTED_EDGE('',*,*,#3972,.F.);
#3974=ORIENTED_EDGE('',*,*,#3788,.F.);
#3976=ORIENTED_EDGE('',*,*,#3975,.T.);
#3978=ORIENTED_EDGE('',*,*,#3977,.T.);
#3980=ORIENTED_EDGE('',*,*,#3979,.F.);
#3982=ORIENTED_EDGE('',*,*,#3981,.T.);
#3984=ORIENTED_EDGE('',*,*,#3983,.T.);
#3986=ORIENTED_EDGE('',*,*,#3985,.F.);
#3988=ORIENTED_EDGE('',*,*,#3987,.T.);
#3989=ORIENTED_EDGE('',*,*,#3768,.F.);
#3990=EDGE_LOOP('',(#3949,#3951,#3952,#3953,#3955,#3957,#3959,#3960,#3962,#3964,
#3966,#3967,#3969,#3971,#3973,#3974,#3976,#3978,#3980,#3982,#3984,#3986,#3988,
#3989));
#3991=FACE_OUTER_BOUND('',#3990,.F.);
#3992=ADVANCED_FACE('',(#3991),#3948,.T.);
#3993=CARTESIAN_POINT('',(3.5E0,-3.554630514819E-1,1.775134572252E0));
#3994=DIRECTION('',(0.E0,2.781477940739E-1,9.605382890087E-1));
#3995=DIRECTION('',(0.E0,9.605382890087E-1,-2.781477940739E-1));
#3996=AXIS2_PLACEMENT_3D('',#3993,#3994,#3995);
#3997=PLANE('',#3996);
#3998=ORIENTED_EDGE('',*,*,#3950,.F.);
#3999=ORIENTED_EDGE('',*,*,#3833,.F.);
#4001=ORIENTED_EDGE('',*,*,#4000,.T.);
#4002=ORIENTED_EDGE('',*,*,#3898,.T.);
#4003=EDGE_LOOP('',(#3998,#3999,#4001,#4002));
#4004=FACE_OUTER_BOUND('',#4003,.F.);
#4005=ADVANCED_FACE('',(#4004),#3997,.T.);
#4006=CARTESIAN_POINT('',(3.5E0,-1.95E0,2.15E0));
#4007=DIRECTION('',(0.E0,0.E0,1.E0));
#4008=DIRECTION('',(0.E0,1.E0,0.E0));
#4009=AXIS2_PLACEMENT_3D('',#4006,#4007,#4008);
#4010=PLANE('',#4009);
#4011=ORIENTED_EDGE('',*,*,#3831,.F.);
#4013=ORIENTED_EDGE('',*,*,#4012,.T.);
#4014=ORIENTED_EDGE('',*,*,#3900,.T.);
#4015=ORIENTED_EDGE('',*,*,#4000,.F.);
#4016=EDGE_LOOP('',(#4011,#4013,#4014,#4015));
#4017=FACE_OUTER_BOUND('',#4016,.F.);
#4018=ADVANCED_FACE('',(#4017),#4010,.T.);
#4019=CARTESIAN_POINT('',(3.5E0,-2.25E0,2.025E0));
#4020=DIRECTION('',(0.E0,1.E0,0.E0));
#4021=DIRECTION('',(0.E0,0.E0,1.E0));
#4022=AXIS2_PLACEMENT_3D('',#4019,#4020,#4021);
#4023=PLANE('',#4022);
#4024=ORIENTED_EDGE('',*,*,#3829,.F.);
#4025=ORIENTED_EDGE('',*,*,#3884,.T.);
#4026=ORIENTED_EDGE('',*,*,#3902,.T.);
#4027=ORIENTED_EDGE('',*,*,#4012,.F.);
#4028=EDGE_LOOP('',(#4024,#4025,#4026,#4027));
#4029=FACE_OUTER_BOUND('',#4028,.F.);
#4030=ADVANCED_FACE('',(#4029),#4023,.F.);
#4031=CARTESIAN_POINT('',(1.7E0,-4.75E-1,-1.251854184287E-1));
#4032=DIRECTION('',(1.E0,0.E0,0.E0));
#4033=DIRECTION('',(0.E0,1.E0,0.E0));
#4034=AXIS2_PLACEMENT_3D('',#4031,#4032,#4033);
#4035=PLANE('',#4034);
#4036=ORIENTED_EDGE('',*,*,#3810,.F.);
#4038=ORIENTED_EDGE('',*,*,#4037,.T.);
#4040=ORIENTED_EDGE('',*,*,#4039,.T.);
#4042=ORIENTED_EDGE('',*,*,#4041,.T.);
#4044=ORIENTED_EDGE('',*,*,#4043,.T.);
#4045=ORIENTED_EDGE('',*,*,#3954,.F.);
#4046=EDGE_LOOP('',(#4036,#4038,#4040,#4042,#4044,#4045));
#4047=FACE_OUTER_BOUND('',#4046,.F.);
#4048=ADVANCED_FACE('',(#4047),#4035,.T.);
#4049=CARTESIAN_POINT('',(1.7E0,-4.75E-1,-1.251854184287E-1));
#4050=DIRECTION('',(1.E0,0.E0,0.E0));
#4051=DIRECTION('',(0.E0,1.E0,0.E0));
#4052=AXIS2_PLACEMENT_3D('',#4049,#4050,#4051);
#4053=PLANE('',#4052);
#4055=ORIENTED_EDGE('',*,*,#4054,.T.);
#4057=ORIENTED_EDGE('',*,*,#4056,.T.);
#4059=ORIENTED_EDGE('',*,*,#4058,.F.);
#4061=ORIENTED_EDGE('',*,*,#4060,.T.);
#4062=EDGE_LOOP('',(#4055,#4057,#4059,#4061));
#4063=FACE_OUTER_BOUND('',#4062,.F.);
#4064=ADVANCED_FACE('',(#4063),#4053,.T.);
#4065=CARTESIAN_POINT('',(1.7E0,-4.75E-1,-1.251854184287E-1));
#4066=DIRECTION('',(1.E0,0.E0,0.E0));
#4067=DIRECTION('',(0.E0,1.E0,0.E0));
#4068=AXIS2_PLACEMENT_3D('',#4065,#4066,#4067);
#4069=PLANE('',#4068);
#4071=ORIENTED_EDGE('',*,*,#4070,.T.);
#4073=ORIENTED_EDGE('',*,*,#4072,.T.);
#4075=ORIENTED_EDGE('',*,*,#4074,.T.);
#4077=ORIENTED_EDGE('',*,*,#4076,.T.);
#4079=ORIENTED_EDGE('',*,*,#4078,.T.);
#4081=ORIENTED_EDGE('',*,*,#4080,.T.);
#4082=EDGE_LOOP('',(#4071,#4073,#4075,#4077,#4079,#4081));
#4083=FACE_OUTER_BOUND('',#4082,.F.);
#4084=ADVANCED_FACE('',(#4083),#4069,.T.);
#4085=CARTESIAN_POINT('',(1.5E0,-1.967734147022E0,1.9E0));
#4086=DIRECTION('',(0.E0,0.E0,1.E0));
#4087=DIRECTION('',(0.E0,-1.E0,0.E0));
#4088=AXIS2_PLACEMENT_3D('',#4085,#4086,#4087);
#4089=PLANE('',#4088);
#4090=ORIENTED_EDGE('',*,*,#3808,.F.);
#4092=ORIENTED_EDGE('',*,*,#4091,.T.);
#4094=ORIENTED_EDGE('',*,*,#4093,.F.);
#4095=ORIENTED_EDGE('',*,*,#4037,.F.);
#4096=EDGE_LOOP('',(#4090,#4092,#4094,#4095));
#4097=FACE_OUTER_BOUND('',#4096,.F.);
#4098=ADVANCED_FACE('',(#4097),#4089,.F.);
#4099=CARTESIAN_POINT('',(1.3E0,-4.75E-1,-1.251854184287E-1));
#4100=DIRECTION('',(1.E0,0.E0,0.E0));
#4101=DIRECTION('',(0.E0,1.E0,0.E0));
#4102=AXIS2_PLACEMENT_3D('',#4099,#4100,#4101);
#4103=PLANE('',#4102);
#4104=ORIENTED_EDGE('',*,*,#3806,.T.);
#4105=ORIENTED_EDGE('',*,*,#3958,.T.);
#4107=ORIENTED_EDGE('',*,*,#4106,.F.);
#4109=ORIENTED_EDGE('',*,*,#4108,.F.);
#4111=ORIENTED_EDGE('',*,*,#4110,.F.);
#4112=ORIENTED_EDGE('',*,*,#4091,.F.);
#4113=EDGE_LOOP('',(#4104,#4105,#4107,#4109,#4111,#4112));
#4114=FACE_OUTER_BOUND('',#4113,.F.);
#4115=ADVANCED_FACE('',(#4114),#4103,.F.);
#4116=CARTESIAN_POINT('',(1.3E0,-4.75E-1,-1.251854184287E-1));
#4117=DIRECTION('',(1.E0,0.E0,0.E0));
#4118=DIRECTION('',(0.E0,1.E0,0.E0));
#4119=AXIS2_PLACEMENT_3D('',#4116,#4117,#4118);
#4120=PLANE('',#4119);
#4122=ORIENTED_EDGE('',*,*,#4121,.F.);
#4124=ORIENTED_EDGE('',*,*,#4123,.F.);
#4126=ORIENTED_EDGE('',*,*,#4125,.T.);
#4128=ORIENTED_EDGE('',*,*,#4127,.F.);
#4129=EDGE_LOOP('',(#4122,#4124,#4126,#4128));
#4130=FACE_OUTER_BOUND('',#4129,.F.);
#4131=ADVANCED_FACE('',(#4130),#4120,.F.);
#4132=CARTESIAN_POINT('',(1.3E0,-4.75E-1,-1.251854184287E-1));
#4133=DIRECTION('',(1.E0,0.E0,0.E0));
#4134=DIRECTION('',(0.E0,1.E0,0.E0));
#4135=AXIS2_PLACEMENT_3D('',#4132,#4133,#4134);
#4136=PLANE('',#4135);
#4138=ORIENTED_EDGE('',*,*,#4137,.F.);
#4140=ORIENTED_EDGE('',*,*,#4139,.F.);
#4142=ORIENTED_EDGE('',*,*,#4141,.F.);
#4144=ORIENTED_EDGE('',*,*,#4143,.F.);
#4146=ORIENTED_EDGE('',*,*,#4145,.F.);
#4148=ORIENTED_EDGE('',*,*,#4147,.F.);
#4149=EDGE_LOOP('',(#4138,#4140,#4142,#4144,#4146,#4148));
#4150=FACE_OUTER_BOUND('',#4149,.F.);
#4151=ADVANCED_FACE('',(#4150),#4136,.F.);
#4152=CARTESIAN_POINT('',(1.5E0,-3.554630514819E-1,1.775134572252E0));
#4153=DIRECTION('',(0.E0,2.781477940739E-1,9.605382890087E-1));
#4154=DIRECTION('',(0.E0,9.605382890087E-1,-2.781477940739E-1));
#4155=AXIS2_PLACEMENT_3D('',#4152,#4153,#4154);
#4156=PLANE('',#4155);
#4157=ORIENTED_EDGE('',*,*,#3956,.F.);
#4158=ORIENTED_EDGE('',*,*,#4043,.F.);
#4160=ORIENTED_EDGE('',*,*,#4159,.T.);
#4161=ORIENTED_EDGE('',*,*,#4106,.T.);
#4162=EDGE_LOOP('',(#4157,#4158,#4160,#4161));
#4163=FACE_OUTER_BOUND('',#4162,.F.);
#4164=ADVANCED_FACE('',(#4163),#4156,.T.);
#4165=CARTESIAN_POINT('',(1.5E0,-1.95E0,2.15E0));
#4166=DIRECTION('',(0.E0,0.E0,1.E0));
#4167=DIRECTION('',(0.E0,1.E0,0.E0));
#4168=AXIS2_PLACEMENT_3D('',#4165,#4166,#4167);
#4169=PLANE('',#4168);
#4170=ORIENTED_EDGE('',*,*,#4041,.F.);
#4172=ORIENTED_EDGE('',*,*,#4171,.T.);
#4173=ORIENTED_EDGE('',*,*,#4108,.T.);
#4174=ORIENTED_EDGE('',*,*,#4159,.F.);
#4175=EDGE_LOOP('',(#4170,#4172,#4173,#4174));
#4176=FACE_OUTER_BOUND('',#4175,.F.);
#4177=ADVANCED_FACE('',(#4176),#4169,.T.);
#4178=CARTESIAN_POINT('',(1.5E0,-2.25E0,2.025E0));
#4179=DIRECTION('',(0.E0,1.E0,0.E0));
#4180=DIRECTION('',(0.E0,0.E0,1.E0));
#4181=AXIS2_PLACEMENT_3D('',#4178,#4179,#4180);
#4182=PLANE('',#4181);
#4183=ORIENTED_EDGE('',*,*,#4039,.F.);
#4184=ORIENTED_EDGE('',*,*,#4093,.T.);
#4185=ORIENTED_EDGE('',*,*,#4110,.T.);
#4186=ORIENTED_EDGE('',*,*,#4171,.F.);
#4187=EDGE_LOOP('',(#4183,#4184,#4185,#4186));
#4188=FACE_OUTER_BOUND('',#4187,.F.);
#4189=ADVANCED_FACE('',(#4188),#4182,.F.);
#4190=CARTESIAN_POINT('',(0.E0,0.E0,-2.1E0));
#4191=DIRECTION('',(0.E0,0.E0,1.E0));
#4192=DIRECTION('',(-1.E0,0.E0,0.E0));
#4193=AXIS2_PLACEMENT_3D('',#4190,#4191,#4192);
#4194=PLANE('',#4193);
#4196=ORIENTED_EDGE('',*,*,#4195,.T.);
#4198=ORIENTED_EDGE('',*,*,#4197,.T.);
#4199=ORIENTED_EDGE('',*,*,#3913,.T.);
#4201=ORIENTED_EDGE('',*,*,#4200,.F.);
#4202=ORIENTED_EDGE('',*,*,#3845,.F.);
#4204=ORIENTED_EDGE('',*,*,#4203,.T.);
#4206=ORIENTED_EDGE('',*,*,#4205,.F.);
#4208=ORIENTED_EDGE('',*,*,#4207,.F.);
#4210=ORIENTED_EDGE('',*,*,#4209,.T.);
#4211=ORIENTED_EDGE('',*,*,#3774,.F.);
#4213=ORIENTED_EDGE('',*,*,#4212,.T.);
#4215=ORIENTED_EDGE('',*,*,#4214,.F.);
#4217=ORIENTED_EDGE('',*,*,#4216,.T.);
#4219=ORIENTED_EDGE('',*,*,#4218,.T.);
#4221=ORIENTED_EDGE('',*,*,#4220,.F.);
#4223=ORIENTED_EDGE('',*,*,#4222,.T.);
#4225=ORIENTED_EDGE('',*,*,#4224,.T.);
#4227=ORIENTED_EDGE('',*,*,#4226,.F.);
#4229=ORIENTED_EDGE('',*,*,#4228,.T.);
#4231=ORIENTED_EDGE('',*,*,#4230,.T.);
#4233=ORIENTED_EDGE('',*,*,#4232,.T.);
#4235=ORIENTED_EDGE('',*,*,#4234,.T.);
#4237=ORIENTED_EDGE('',*,*,#4236,.F.);
#4239=ORIENTED_EDGE('',*,*,#4238,.F.);
#4241=ORIENTED_EDGE('',*,*,#4240,.T.);
#4243=ORIENTED_EDGE('',*,*,#4242,.F.);
#4245=ORIENTED_EDGE('',*,*,#4244,.F.);
#4247=ORIENTED_EDGE('',*,*,#4246,.T.);
#4249=ORIENTED_EDGE('',*,*,#4248,.T.);
#4250=ORIENTED_EDGE('',*,*,#3782,.F.);
#4252=ORIENTED_EDGE('',*,*,#4251,.T.);
#4254=ORIENTED_EDGE('',*,*,#4253,.F.);
#4256=ORIENTED_EDGE('',*,*,#4255,.T.);
#4258=ORIENTED_EDGE('',*,*,#4257,.T.);
#4260=ORIENTED_EDGE('',*,*,#4259,.F.);
#4262=ORIENTED_EDGE('',*,*,#4261,.F.);
#4264=ORIENTED_EDGE('',*,*,#4263,.T.);
#4266=ORIENTED_EDGE('',*,*,#4265,.T.);
#4268=ORIENTED_EDGE('',*,*,#4267,.T.);
#4270=ORIENTED_EDGE('',*,*,#4269,.F.);
#4272=ORIENTED_EDGE('',*,*,#4271,.F.);
#4274=ORIENTED_EDGE('',*,*,#4273,.T.);
#4276=ORIENTED_EDGE('',*,*,#4275,.F.);
#4278=ORIENTED_EDGE('',*,*,#4277,.F.);
#4280=ORIENTED_EDGE('',*,*,#4279,.T.);
#4282=ORIENTED_EDGE('',*,*,#4281,.T.);
#4284=ORIENTED_EDGE('',*,*,#4283,.T.);
#4286=ORIENTED_EDGE('',*,*,#4285,.F.);
#4288=ORIENTED_EDGE('',*,*,#4287,.F.);
#4290=ORIENTED_EDGE('',*,*,#4289,.T.);
#4292=ORIENTED_EDGE('',*,*,#4291,.F.);
#4294=ORIENTED_EDGE('',*,*,#4293,.F.);
#4296=ORIENTED_EDGE('',*,*,#4295,.T.);
#4298=ORIENTED_EDGE('',*,*,#4297,.T.);
#4299=ORIENTED_EDGE('',*,*,#4121,.T.);
#4301=ORIENTED_EDGE('',*,*,#4300,.F.);
#4302=ORIENTED_EDGE('',*,*,#4054,.F.);
#4304=ORIENTED_EDGE('',*,*,#4303,.T.);
#4306=ORIENTED_EDGE('',*,*,#4305,.F.);
#4308=ORIENTED_EDGE('',*,*,#4307,.F.);
#4309=EDGE_LOOP('',(#4196,#4198,#4199,#4201,#4202,#4204,#4206,#4208,#4210,#4211,
#4213,#4215,#4217,#4219,#4221,#4223,#4225,#4227,#4229,#4231,#4233,#4235,#4237,
#4239,#4241,#4243,#4245,#4247,#4249,#4250,#4252,#4254,#4256,#4258,#4260,#4262,
#4264,#4266,#4268,#4270,#4272,#4274,#4276,#4278,#4280,#4282,#4284,#4286,#4288,
#4290,#4292,#4294,#4296,#4298,#4299,#4301,#4302,#4304,#4306,#4308));
#4310=FACE_OUTER_BOUND('',#4309,.F.);
#4311=ADVANCED_FACE('',(#4310),#4194,.F.);
#4312=CARTESIAN_POINT('',(2.7E0,8.25E-1,-1.101854184287E-1));
#4313=DIRECTION('',(1.E0,0.E0,0.E0));
#4314=DIRECTION('',(0.E0,1.E0,0.E0));
#4315=AXIS2_PLACEMENT_3D('',#4312,#4313,#4314);
#4316=PLANE('',#4315);
#4317=ORIENTED_EDGE('',*,*,#4195,.F.);
#4319=ORIENTED_EDGE('',*,*,#4318,.T.);
#4321=ORIENTED_EDGE('',*,*,#4320,.F.);
#4323=ORIENTED_EDGE('',*,*,#4322,.T.);
#4324=EDGE_LOOP('',(#4317,#4319,#4321,#4323));
#4325=FACE_OUTER_BOUND('',#4324,.F.);
#4326=ADVANCED_FACE('',(#4325),#4316,.T.);
#4327=CARTESIAN_POINT('',(2.7E0,8.25E-1,-1.101854184287E-1));
#4328=DIRECTION('',(1.E0,0.E0,0.E0));
#4329=DIRECTION('',(0.E0,1.E0,0.E0));
#4330=AXIS2_PLACEMENT_3D('',#4327,#4328,#4329);
#4331=PLANE('',#4330);
#4333=ORIENTED_EDGE('',*,*,#4332,.T.);
#4335=ORIENTED_EDGE('',*,*,#4334,.T.);
#4337=ORIENTED_EDGE('',*,*,#4336,.T.);
#4339=ORIENTED_EDGE('',*,*,#4338,.T.);
#4341=ORIENTED_EDGE('',*,*,#4340,.T.);
#4343=ORIENTED_EDGE('',*,*,#4342,.T.);
#4344=EDGE_LOOP('',(#4333,#4335,#4337,#4339,#4341,#4343));
#4345=FACE_OUTER_BOUND('',#4344,.F.);
#4346=ADVANCED_FACE('',(#4345),#4331,.T.);
#4347=CARTESIAN_POINT('',(2.7E0,8.25E-1,-1.101854184287E-1));
#4348=DIRECTION('',(1.E0,0.E0,0.E0));
#4349=DIRECTION('',(0.E0,1.E0,0.E0));
#4350=AXIS2_PLACEMENT_3D('',#4347,#4348,#4349);
#4351=PLANE('',#4350);
#4353=ORIENTED_EDGE('',*,*,#4352,.F.);
#4355=ORIENTED_EDGE('',*,*,#4354,.T.);
#4357=ORIENTED_EDGE('',*,*,#4356,.T.);
#4359=ORIENTED_EDGE('',*,*,#4358,.T.);
#4361=ORIENTED_EDGE('',*,*,#4360,.T.);
#4363=ORIENTED_EDGE('',*,*,#4362,.T.);
#4364=EDGE_LOOP('',(#4353,#4355,#4357,#4359,#4361,#4363));
#4365=FACE_OUTER_BOUND('',#4364,.F.);
#4366=ADVANCED_FACE('',(#4365),#4351,.T.);
#4367=CARTESIAN_POINT('',(2.708E0,6.5E-1,-1.72E0));
#4368=DIRECTION('',(-1.E0,0.E0,0.E0));
#4369=DIRECTION('',(0.E0,1.E0,0.E0));
#4370=AXIS2_PLACEMENT_3D('',#4367,#4368,#4369);
#4371=CYLINDRICAL_SURFACE('',#4370,6.5E-1);
#4372=ORIENTED_EDGE('',*,*,#4307,.T.);
#4374=ORIENTED_EDGE('',*,*,#4373,.T.);
#4376=ORIENTED_EDGE('',*,*,#4375,.F.);
#4377=ORIENTED_EDGE('',*,*,#4318,.F.);
#4378=EDGE_LOOP('',(#4372,#4374,#4376,#4377));
#4379=FACE_OUTER_BOUND('',#4378,.F.);
#4380=ADVANCED_FACE('',(#4379),#4371,.T.);
#4381=CARTESIAN_POINT('',(2.3E0,8.25E-1,-1.101854184287E-1));
#4382=DIRECTION('',(1.E0,0.E0,0.E0));
#4383=DIRECTION('',(0.E0,1.E0,0.E0));
#4384=AXIS2_PLACEMENT_3D('',#4381,#4382,#4383);
#4385=PLANE('',#4384);
#4386=ORIENTED_EDGE('',*,*,#4305,.T.);
#4388=ORIENTED_EDGE('',*,*,#4387,.F.);
#4390=ORIENTED_EDGE('',*,*,#4389,.T.);
#4391=ORIENTED_EDGE('',*,*,#4373,.F.);
#4392=EDGE_LOOP('',(#4386,#4388,#4390,#4391));
#4393=FACE_OUTER_BOUND('',#4392,.F.);
#4394=ADVANCED_FACE('',(#4393),#4385,.F.);
#4395=CARTESIAN_POINT('',(2.3E0,8.25E-1,-1.101854184287E-1));
#4396=DIRECTION('',(1.E0,0.E0,0.E0));
#4397=DIRECTION('',(0.E0,1.E0,0.E0));
#4398=AXIS2_PLACEMENT_3D('',#4395,#4396,#4397);
#4399=PLANE('',#4398);
#4401=ORIENTED_EDGE('',*,*,#4400,.F.);
#4403=ORIENTED_EDGE('',*,*,#4402,.F.);
#4405=ORIENTED_EDGE('',*,*,#4404,.F.);
#4407=ORIENTED_EDGE('',*,*,#4406,.F.);
#4409=ORIENTED_EDGE('',*,*,#4408,.F.);
#4411=ORIENTED_EDGE('',*,*,#4410,.F.);
#4412=EDGE_LOOP('',(#4401,#4403,#4405,#4407,#4409,#4411));
#4413=FACE_OUTER_BOUND('',#4412,.F.);
#4414=ADVANCED_FACE('',(#4413),#4399,.F.);
#4415=CARTESIAN_POINT('',(2.3E0,8.25E-1,-1.101854184287E-1));
#4416=DIRECTION('',(1.E0,0.E0,0.E0));
#4417=DIRECTION('',(0.E0,1.E0,0.E0));
#4418=AXIS2_PLACEMENT_3D('',#4415,#4416,#4417);
#4419=PLANE('',#4418);
#4421=ORIENTED_EDGE('',*,*,#4420,.T.);
#4423=ORIENTED_EDGE('',*,*,#4422,.F.);
#4425=ORIENTED_EDGE('',*,*,#4424,.F.);
#4427=ORIENTED_EDGE('',*,*,#4426,.F.);
#4429=ORIENTED_EDGE('',*,*,#4428,.F.);
#4431=ORIENTED_EDGE('',*,*,#4430,.F.);
#4432=EDGE_LOOP('',(#4421,#4423,#4425,#4427,#4429,#4431));
#4433=FACE_OUTER_BOUND('',#4432,.F.);
#4434=ADVANCED_FACE('',(#4433),#4419,.F.);
#4435=CARTESIAN_POINT('',(-9.006129175759E-13,1.1E0,-2.105E0));
#4436=DIRECTION('',(0.E0,1.E0,0.E0));
#4437=DIRECTION('',(0.E0,0.E0,1.E0));
#4438=AXIS2_PLACEMENT_3D('',#4435,#4436,#4437);
#4439=PLANE('',#4438);
#4440=ORIENTED_EDGE('',*,*,#3851,.F.);
#4442=ORIENTED_EDGE('',*,*,#4441,.T.);
#4444=ORIENTED_EDGE('',*,*,#4443,.F.);
#4445=ORIENTED_EDGE('',*,*,#4203,.F.);
#4446=EDGE_LOOP('',(#4440,#4442,#4444,#4445));
#4447=FACE_OUTER_BOUND('',#4446,.F.);
#4448=ADVANCED_FACE('',(#4447),#4439,.T.);
#4449=CARTESIAN_POINT('',(-9.006129175759E-13,1.1E0,-2.105E0));
#4450=DIRECTION('',(0.E0,1.E0,0.E0));
#4451=DIRECTION('',(0.E0,0.E0,1.E0));
#4452=AXIS2_PLACEMENT_3D('',#4449,#4450,#4451);
#4453=PLANE('',#4452);
#4455=ORIENTED_EDGE('',*,*,#4454,.F.);
#4457=ORIENTED_EDGE('',*,*,#4456,.T.);
#4459=ORIENTED_EDGE('',*,*,#4458,.T.);
#4460=ORIENTED_EDGE('',*,*,#4265,.F.);
#4461=EDGE_LOOP('',(#4455,#4457,#4459,#4460));
#4462=FACE_OUTER_BOUND('',#4461,.F.);
#4463=ADVANCED_FACE('',(#4462),#4453,.T.);
#4464=CARTESIAN_POINT('',(-9.006129175759E-13,1.1E0,-2.105E0));
#4465=DIRECTION('',(0.E0,1.E0,0.E0));
#4466=DIRECTION('',(0.E0,0.E0,1.E0));
#4467=AXIS2_PLACEMENT_3D('',#4464,#4465,#4466);
#4468=PLANE('',#4467);
#4470=ORIENTED_EDGE('',*,*,#4469,.T.);
#4471=ORIENTED_EDGE('',*,*,#4257,.F.);
#4473=ORIENTED_EDGE('',*,*,#4472,.T.);
#4475=ORIENTED_EDGE('',*,*,#4474,.T.);
#4476=EDGE_LOOP('',(#4470,#4471,#4473,#4475));
#4477=FACE_OUTER_BOUND('',#4476,.F.);
#4478=ADVANCED_FACE('',(#4477),#4468,.T.);
#4479=CARTESIAN_POINT('',(-9.006129175759E-13,1.1E0,-2.105E0));
#4480=DIRECTION('',(0.E0,1.E0,0.E0));
#4481=DIRECTION('',(0.E0,0.E0,1.E0));
#4482=AXIS2_PLACEMENT_3D('',#4479,#4480,#4481);
#4483=PLANE('',#4482);
#4485=ORIENTED_EDGE('',*,*,#4484,.F.);
#4487=ORIENTED_EDGE('',*,*,#4486,.T.);
#4489=ORIENTED_EDGE('',*,*,#4488,.T.);
#4490=ORIENTED_EDGE('',*,*,#4281,.F.);
#4491=EDGE_LOOP('',(#4485,#4487,#4489,#4490));
#4492=FACE_OUTER_BOUND('',#4491,.F.);
#4493=ADVANCED_FACE('',(#4492),#4483,.T.);
#4494=CARTESIAN_POINT('',(-9.006129175759E-13,1.1E0,-2.105E0));
#4495=DIRECTION('',(0.E0,1.E0,0.E0));
#4496=DIRECTION('',(0.E0,0.E0,1.E0));
#4497=AXIS2_PLACEMENT_3D('',#4494,#4495,#4496);
#4498=PLANE('',#4497);
#4500=ORIENTED_EDGE('',*,*,#4499,.T.);
#4501=ORIENTED_EDGE('',*,*,#4273,.F.);
#4503=ORIENTED_EDGE('',*,*,#4502,.F.);
#4505=ORIENTED_EDGE('',*,*,#4504,.T.);
#4506=EDGE_LOOP('',(#4500,#4501,#4503,#4505));
#4507=FACE_OUTER_BOUND('',#4506,.F.);
#4508=ADVANCED_FACE('',(#4507),#4498,.T.);
#4509=CARTESIAN_POINT('',(-9.006129175759E-13,1.1E0,-2.105E0));
#4510=DIRECTION('',(0.E0,1.E0,0.E0));
#4511=DIRECTION('',(0.E0,0.E0,1.E0));
#4512=AXIS2_PLACEMENT_3D('',#4509,#4510,#4511);
#4513=PLANE('',#4512);
#4515=ORIENTED_EDGE('',*,*,#4514,.F.);
#4517=ORIENTED_EDGE('',*,*,#4516,.T.);
#4518=ORIENTED_EDGE('',*,*,#4123,.T.);
#4519=ORIENTED_EDGE('',*,*,#4297,.F.);
#4520=EDGE_LOOP('',(#4515,#4517,#4518,#4519));
#4521=FACE_OUTER_BOUND('',#4520,.F.);
#4522=ADVANCED_FACE('',(#4521),#4513,.T.);
#4523=CARTESIAN_POINT('',(-9.006129175759E-13,1.1E0,-2.105E0));
#4524=DIRECTION('',(0.E0,1.E0,0.E0));
#4525=DIRECTION('',(0.E0,0.E0,1.E0));
#4526=AXIS2_PLACEMENT_3D('',#4523,#4524,#4525);
#4527=PLANE('',#4526);
#4529=ORIENTED_EDGE('',*,*,#4528,.T.);
#4530=ORIENTED_EDGE('',*,*,#4289,.F.);
#4532=ORIENTED_EDGE('',*,*,#4531,.F.);
#4534=ORIENTED_EDGE('',*,*,#4533,.T.);
#4535=EDGE_LOOP('',(#4529,#4530,#4532,#4534));
#4536=FACE_OUTER_BOUND('',#4535,.F.);
#4537=ADVANCED_FACE('',(#4536),#4527,.T.);
#4538=CARTESIAN_POINT('',(-9.006129175759E-13,1.1E0,-2.105E0));
#4539=DIRECTION('',(0.E0,1.E0,0.E0));
#4540=DIRECTION('',(0.E0,0.E0,1.E0));
#4541=AXIS2_PLACEMENT_3D('',#4538,#4539,#4540);
#4542=PLANE('',#4541);
#4543=ORIENTED_EDGE('',*,*,#4322,.F.);
#4545=ORIENTED_EDGE('',*,*,#4544,.T.);
#4546=ORIENTED_EDGE('',*,*,#3915,.T.);
#4547=ORIENTED_EDGE('',*,*,#4197,.F.);
#4548=EDGE_LOOP('',(#4543,#4545,#4546,#4547));
#4549=FACE_OUTER_BOUND('',#4548,.F.);
#4550=ADVANCED_FACE('',(#4549),#4542,.T.);
#4551=CARTESIAN_POINT('',(-9.006129175759E-13,1.1E0,-2.105E0));
#4552=DIRECTION('',(0.E0,1.E0,0.E0));
#4553=DIRECTION('',(0.E0,0.E0,1.E0));
#4554=AXIS2_PLACEMENT_3D('',#4551,#4552,#4553);
#4555=PLANE('',#4554);
#4556=ORIENTED_EDGE('',*,*,#4387,.T.);
#4557=ORIENTED_EDGE('',*,*,#4303,.F.);
#4558=ORIENTED_EDGE('',*,*,#4060,.F.);
#4560=ORIENTED_EDGE('',*,*,#4559,.T.);
#4561=EDGE_LOOP('',(#4556,#4557,#4558,#4560));
#4562=FACE_OUTER_BOUND('',#4561,.F.);
#4563=ADVANCED_FACE('',(#4562),#4555,.T.);
#4564=CARTESIAN_POINT('',(0.E0,8.171875E-1,-2.11E0));
#4565=DIRECTION('',(0.E0,0.E0,1.E0));
#4566=DIRECTION('',(1.E0,0.E0,0.E0));
#4567=AXIS2_PLACEMENT_3D('',#4564,#4565,#4566);
#4568=PLANE('',#4567);
#4569=ORIENTED_EDGE('',*,*,#4320,.T.);
#4570=ORIENTED_EDGE('',*,*,#4375,.T.);
#4571=ORIENTED_EDGE('',*,*,#4389,.F.);
#4572=ORIENTED_EDGE('',*,*,#4559,.F.);
#4573=ORIENTED_EDGE('',*,*,#4058,.T.);
#4575=ORIENTED_EDGE('',*,*,#4574,.T.);
#4576=ORIENTED_EDGE('',*,*,#4125,.F.);
#4577=ORIENTED_EDGE('',*,*,#4516,.F.);
#4579=ORIENTED_EDGE('',*,*,#4578,.T.);
#4581=ORIENTED_EDGE('',*,*,#4580,.T.);
#4583=ORIENTED_EDGE('',*,*,#4582,.F.);
#4584=ORIENTED_EDGE('',*,*,#4533,.F.);
#4586=ORIENTED_EDGE('',*,*,#4585,.T.);
#4588=ORIENTED_EDGE('',*,*,#4587,.T.);
#4590=ORIENTED_EDGE('',*,*,#4589,.F.);
#4591=ORIENTED_EDGE('',*,*,#4486,.F.);
#4593=ORIENTED_EDGE('',*,*,#4592,.T.);
#4595=ORIENTED_EDGE('',*,*,#4594,.T.);
#4597=ORIENTED_EDGE('',*,*,#4596,.F.);
#4598=ORIENTED_EDGE('',*,*,#4504,.F.);
#4600=ORIENTED_EDGE('',*,*,#4599,.T.);
#4602=ORIENTED_EDGE('',*,*,#4601,.T.);
#4604=ORIENTED_EDGE('',*,*,#4603,.F.);
#4605=ORIENTED_EDGE('',*,*,#4456,.F.);
#4607=ORIENTED_EDGE('',*,*,#4606,.T.);
#4609=ORIENTED_EDGE('',*,*,#4608,.T.);
#4611=ORIENTED_EDGE('',*,*,#4610,.F.);
#4612=ORIENTED_EDGE('',*,*,#4474,.F.);
#4614=ORIENTED_EDGE('',*,*,#4613,.T.);
#4616=ORIENTED_EDGE('',*,*,#4615,.F.);
#4618=ORIENTED_EDGE('',*,*,#4617,.T.);
#4620=ORIENTED_EDGE('',*,*,#4619,.F.);
#4622=ORIENTED_EDGE('',*,*,#4621,.T.);
#4624=ORIENTED_EDGE('',*,*,#4623,.F.);
#4626=ORIENTED_EDGE('',*,*,#4625,.F.);
#4628=ORIENTED_EDGE('',*,*,#4627,.F.);
#4630=ORIENTED_EDGE('',*,*,#4629,.F.);
#4632=ORIENTED_EDGE('',*,*,#4631,.F.);
#4634=ORIENTED_EDGE('',*,*,#4633,.F.);
#4636=ORIENTED_EDGE('',*,*,#4635,.F.);
#4638=ORIENTED_EDGE('',*,*,#4637,.F.);
#4640=ORIENTED_EDGE('',*,*,#4639,.F.);
#4642=ORIENTED_EDGE('',*,*,#4641,.F.);
#4643=ORIENTED_EDGE('',*,*,#4441,.F.);
#4644=ORIENTED_EDGE('',*,*,#3849,.T.);
#4646=ORIENTED_EDGE('',*,*,#4645,.T.);
#4647=ORIENTED_EDGE('',*,*,#3917,.F.);
#4648=ORIENTED_EDGE('',*,*,#4544,.F.);
#4649=EDGE_LOOP('',(#4569,#4570,#4571,#4572,#4573,#4575,#4576,#4577,#4579,#4581,
#4583,#4584,#4586,#4588,#4590,#4591,#4593,#4595,#4597,#4598,#4600,#4602,#4604,
#4605,#4607,#4609,#4611,#4612,#4614,#4616,#4618,#4620,#4622,#4624,#4626,#4628,
#4630,#4632,#4634,#4636,#4638,#4640,#4642,#4643,#4644,#4646,#4647,#4648));
#4650=FACE_OUTER_BOUND('',#4649,.F.);
#4651=ADVANCED_FACE('',(#4650),#4568,.T.);
#4652=CARTESIAN_POINT('',(1.708E0,6.5E-1,-1.75E0));
#4653=DIRECTION('',(-1.E0,0.E0,0.E0));
#4654=DIRECTION('',(0.E0,1.E0,0.E0));
#4655=AXIS2_PLACEMENT_3D('',#4652,#4653,#4654);
#4656=CYLINDRICAL_SURFACE('',#4655,6.5E-1);
#4657=ORIENTED_EDGE('',*,*,#4300,.T.);
#4658=ORIENTED_EDGE('',*,*,#4127,.T.);
#4659=ORIENTED_EDGE('',*,*,#4574,.F.);
#4660=ORIENTED_EDGE('',*,*,#4056,.F.);
#4661=EDGE_LOOP('',(#4657,#4658,#4659,#4660));
#4662=FACE_OUTER_BOUND('',#4661,.F.);
#4663=ADVANCED_FACE('',(#4662),#4656,.T.);
#4664=CARTESIAN_POINT('',(7.E-1,8.25E-1,-1.101854184287E-1));
#4665=DIRECTION('',(1.E0,0.E0,0.E0));
#4666=DIRECTION('',(0.E0,1.E0,0.E0));
#4667=AXIS2_PLACEMENT_3D('',#4664,#4665,#4666);
#4668=PLANE('',#4667);
#4669=ORIENTED_EDGE('',*,*,#4295,.F.);
#4671=ORIENTED_EDGE('',*,*,#4670,.T.);
#4672=ORIENTED_EDGE('',*,*,#4578,.F.);
#4673=ORIENTED_EDGE('',*,*,#4514,.T.);
#4674=EDGE_LOOP('',(#4669,#4671,#4672,#4673));
#4675=FACE_OUTER_BOUND('',#4674,.F.);
#4676=ADVANCED_FACE('',(#4675),#4668,.T.);
#4677=CARTESIAN_POINT('',(7.E-1,8.25E-1,-1.101854184287E-1));
#4678=DIRECTION('',(1.E0,0.E0,0.E0));
#4679=DIRECTION('',(0.E0,1.E0,0.E0));
#4680=AXIS2_PLACEMENT_3D('',#4677,#4678,#4679);
#4681=PLANE('',#4680);
#4683=ORIENTED_EDGE('',*,*,#4682,.T.);
#4685=ORIENTED_EDGE('',*,*,#4684,.T.);
#4687=ORIENTED_EDGE('',*,*,#4686,.T.);
#4689=ORIENTED_EDGE('',*,*,#4688,.T.);
#4691=ORIENTED_EDGE('',*,*,#4690,.T.);
#4693=ORIENTED_EDGE('',*,*,#4692,.T.);
#4694=EDGE_LOOP('',(#4683,#4685,#4687,#4689,#4691,#4693));
#4695=FACE_OUTER_BOUND('',#4694,.F.);
#4696=ADVANCED_FACE('',(#4695),#4681,.T.);
#4697=CARTESIAN_POINT('',(7.E-1,8.25E-1,-1.101854184287E-1));
#4698=DIRECTION('',(1.E0,0.E0,0.E0));
#4699=DIRECTION('',(0.E0,1.E0,0.E0));
#4700=AXIS2_PLACEMENT_3D('',#4697,#4698,#4699);
#4701=PLANE('',#4700);
#4703=ORIENTED_EDGE('',*,*,#4702,.F.);
#4705=ORIENTED_EDGE('',*,*,#4704,.T.);
#4707=ORIENTED_EDGE('',*,*,#4706,.T.);
#4709=ORIENTED_EDGE('',*,*,#4708,.T.);
#4711=ORIENTED_EDGE('',*,*,#4710,.T.);
#4713=ORIENTED_EDGE('',*,*,#4712,.T.);
#4714=EDGE_LOOP('',(#4703,#4705,#4707,#4709,#4711,#4713));
#4715=FACE_OUTER_BOUND('',#4714,.F.);
#4716=ADVANCED_FACE('',(#4715),#4701,.T.);
#4717=CARTESIAN_POINT('',(7.08E-1,6.5E-1,-1.72E0));
#4718=DIRECTION('',(-1.E0,0.E0,0.E0));
#4719=DIRECTION('',(0.E0,1.E0,0.E0));
#4720=AXIS2_PLACEMENT_3D('',#4717,#4718,#4719);
#4721=CYLINDRICAL_SURFACE('',#4720,6.5E-1);
#4722=ORIENTED_EDGE('',*,*,#4293,.T.);
#4724=ORIENTED_EDGE('',*,*,#4723,.T.);
#4725=ORIENTED_EDGE('',*,*,#4580,.F.);
#4726=ORIENTED_EDGE('',*,*,#4670,.F.);
#4727=EDGE_LOOP('',(#4722,#4724,#4725,#4726));
#4728=FACE_OUTER_BOUND('',#4727,.F.);
#4729=ADVANCED_FACE('',(#4728),#4721,.T.);
#4730=CARTESIAN_POINT('',(3.E-1,8.25E-1,-1.101854184287E-1));
#4731=DIRECTION('',(1.E0,0.E0,0.E0));
#4732=DIRECTION('',(0.E0,1.E0,0.E0));
#4733=AXIS2_PLACEMENT_3D('',#4730,#4731,#4732);
#4734=PLANE('',#4733);
#4735=ORIENTED_EDGE('',*,*,#4291,.T.);
#4736=ORIENTED_EDGE('',*,*,#4528,.F.);
#4737=ORIENTED_EDGE('',*,*,#4582,.T.);
#4738=ORIENTED_EDGE('',*,*,#4723,.F.);
#4739=EDGE_LOOP('',(#4735,#4736,#4737,#4738));
#4740=FACE_OUTER_BOUND('',#4739,.F.);
#4741=ADVANCED_FACE('',(#4740),#4734,.F.);
#4742=CARTESIAN_POINT('',(3.E-1,8.25E-1,-1.101854184287E-1));
#4743=DIRECTION('',(1.E0,0.E0,0.E0));
#4744=DIRECTION('',(0.E0,1.E0,0.E0));
#4745=AXIS2_PLACEMENT_3D('',#4742,#4743,#4744);
#4746=PLANE('',#4745);
#4748=ORIENTED_EDGE('',*,*,#4747,.F.);
#4750=ORIENTED_EDGE('',*,*,#4749,.F.);
#4752=ORIENTED_EDGE('',*,*,#4751,.F.);
#4754=ORIENTED_EDGE('',*,*,#4753,.F.);
#4756=ORIENTED_EDGE('',*,*,#4755,.F.);
#4758=ORIENTED_EDGE('',*,*,#4757,.F.);
#4759=EDGE_LOOP('',(#4748,#4750,#4752,#4754,#4756,#4758));
#4760=FACE_OUTER_BOUND('',#4759,.F.);
#4761=ADVANCED_FACE('',(#4760),#4746,.F.);
#4762=CARTESIAN_POINT('',(3.E-1,8.25E-1,-1.101854184287E-1));
#4763=DIRECTION('',(1.E0,0.E0,0.E0));
#4764=DIRECTION('',(0.E0,1.E0,0.E0));
#4765=AXIS2_PLACEMENT_3D('',#4762,#4763,#4764);
#4766=PLANE('',#4765);
#4768=ORIENTED_EDGE('',*,*,#4767,.T.);
#4770=ORIENTED_EDGE('',*,*,#4769,.F.);
#4772=ORIENTED_EDGE('',*,*,#4771,.F.);
#4774=ORIENTED_EDGE('',*,*,#4773,.F.);
#4776=ORIENTED_EDGE('',*,*,#4775,.F.);
#4778=ORIENTED_EDGE('',*,*,#4777,.F.);
#4779=EDGE_LOOP('',(#4768,#4770,#4772,#4774,#4776,#4778));
#4780=FACE_OUTER_BOUND('',#4779,.F.);
#4781=ADVANCED_FACE('',(#4780),#4766,.F.);
#4782=CARTESIAN_POINT('',(0.E0,-1.5E-1,-6.5E-1));
#4783=DIRECTION('',(0.E0,1.E0,0.E0));
#4784=DIRECTION('',(0.E0,0.E0,-1.E0));
#4785=AXIS2_PLACEMENT_3D('',#4782,#4783,#4784);
#4786=PLANE('',#4785);
#4788=ORIENTED_EDGE('',*,*,#4787,.F.);
#4789=ORIENTED_EDGE('',*,*,#4253,.T.);
#4791=ORIENTED_EDGE('',*,*,#4790,.T.);
#4793=ORIENTED_EDGE('',*,*,#4792,.T.);
#4795=ORIENTED_EDGE('',*,*,#4794,.F.);
#4797=ORIENTED_EDGE('',*,*,#4796,.F.);
#4799=ORIENTED_EDGE('',*,*,#4798,.F.);
#4801=ORIENTED_EDGE('',*,*,#4800,.T.);
#4803=ORIENTED_EDGE('',*,*,#4802,.T.);
#4804=ORIENTED_EDGE('',*,*,#4207,.T.);
#4805=EDGE_LOOP('',(#4788,#4789,#4791,#4793,#4795,#4797,#4799,#4801,#4803,
#4804));
#4806=FACE_OUTER_BOUND('',#4805,.F.);
#4808=ORIENTED_EDGE('',*,*,#4807,.F.);
#4810=ORIENTED_EDGE('',*,*,#4809,.T.);
#4812=ORIENTED_EDGE('',*,*,#4811,.T.);
#4814=ORIENTED_EDGE('',*,*,#4813,.T.);
#4815=EDGE_LOOP('',(#4808,#4810,#4812,#4814));
#4816=FACE_BOUND('',#4815,.F.);
#4818=ORIENTED_EDGE('',*,*,#4817,.F.);
#4820=ORIENTED_EDGE('',*,*,#4819,.T.);
#4822=ORIENTED_EDGE('',*,*,#4821,.T.);
#4824=ORIENTED_EDGE('',*,*,#4823,.T.);
#4825=EDGE_LOOP('',(#4818,#4820,#4822,#4824));
#4826=FACE_BOUND('',#4825,.F.);
#4827=ORIENTED_EDGE('',*,*,#4070,.F.);
#4829=ORIENTED_EDGE('',*,*,#4828,.T.);
#4830=ORIENTED_EDGE('',*,*,#4137,.T.);
#4832=ORIENTED_EDGE('',*,*,#4831,.T.);
#4833=EDGE_LOOP('',(#4827,#4829,#4830,#4832));
#4834=FACE_BOUND('',#4833,.F.);
#4835=ORIENTED_EDGE('',*,*,#3861,.F.);
#4837=ORIENTED_EDGE('',*,*,#4836,.T.);
#4838=ORIENTED_EDGE('',*,*,#3929,.T.);
#4840=ORIENTED_EDGE('',*,*,#4839,.T.);
#4841=EDGE_LOOP('',(#4835,#4837,#4838,#4840));
#4842=FACE_BOUND('',#4841,.F.);
#4844=ORIENTED_EDGE('',*,*,#4843,.F.);
#4846=ORIENTED_EDGE('',*,*,#4845,.T.);
#4848=ORIENTED_EDGE('',*,*,#4847,.T.);
#4850=ORIENTED_EDGE('',*,*,#4849,.T.);
#4851=EDGE_LOOP('',(#4844,#4846,#4848,#4850));
#4852=FACE_BOUND('',#4851,.F.);
#4854=ORIENTED_EDGE('',*,*,#4853,.F.);
#4856=ORIENTED_EDGE('',*,*,#4855,.T.);
#4858=ORIENTED_EDGE('',*,*,#4857,.T.);
#4860=ORIENTED_EDGE('',*,*,#4859,.T.);
#4861=EDGE_LOOP('',(#4854,#4856,#4858,#4860));
#4862=FACE_BOUND('',#4861,.F.);
#4863=ORIENTED_EDGE('',*,*,#4682,.F.);
#4865=ORIENTED_EDGE('',*,*,#4864,.T.);
#4866=ORIENTED_EDGE('',*,*,#4747,.T.);
#4868=ORIENTED_EDGE('',*,*,#4867,.T.);
#4869=EDGE_LOOP('',(#4863,#4865,#4866,#4868));
#4870=FACE_BOUND('',#4869,.F.);
#4871=ORIENTED_EDGE('',*,*,#4332,.F.);
#4873=ORIENTED_EDGE('',*,*,#4872,.T.);
#4874=ORIENTED_EDGE('',*,*,#4400,.T.);
#4876=ORIENTED_EDGE('',*,*,#4875,.T.);
#4877=EDGE_LOOP('',(#4871,#4873,#4874,#4876));
#4878=FACE_BOUND('',#4877,.F.);
#4879=ADVANCED_FACE('',(#4806,#4816,#4826,#4834,#4842,#4852,#4862,#4870,#4878),
#4786,.F.);
#4880=CARTESIAN_POINT('',(-2.999822612537E-12,4.671875E-1,-2.1E0));
#4881=DIRECTION('',(0.E0,0.E0,1.E0));
#4882=DIRECTION('',(0.E0,-1.E0,0.E0));
#4883=AXIS2_PLACEMENT_3D('',#4880,#4881,#4882);
#4884=PLANE('',#4883);
#4885=ORIENTED_EDGE('',*,*,#4787,.T.);
#4887=ORIENTED_EDGE('',*,*,#4886,.T.);
#4889=ORIENTED_EDGE('',*,*,#4888,.F.);
#4891=ORIENTED_EDGE('',*,*,#4890,.T.);
#4892=EDGE_LOOP('',(#4885,#4887,#4889,#4891));
#4893=FACE_OUTER_BOUND('',#4892,.F.);
#4894=ADVANCED_FACE('',(#4893),#4884,.T.);
#4895=CARTESIAN_POINT('',(4.921916882557E0,4.671875E-1,-2.105E0));
#4896=DIRECTION('',(9.659258262891E-1,0.E0,2.588190451026E-1));
#4897=DIRECTION('',(2.588190451026E-1,0.E0,-9.659258262891E-1));
#4898=AXIS2_PLACEMENT_3D('',#4895,#4896,#4897);
#4899=PLANE('',#4898);
#4900=ORIENTED_EDGE('',*,*,#4205,.T.);
#4901=ORIENTED_EDGE('',*,*,#4443,.T.);
#4902=ORIENTED_EDGE('',*,*,#4641,.T.);
#4904=ORIENTED_EDGE('',*,*,#4903,.F.);
#4905=ORIENTED_EDGE('',*,*,#4886,.F.);
#4906=EDGE_LOOP('',(#4900,#4901,#4902,#4904,#4905));
#4907=FACE_OUTER_BOUND('',#4906,.F.);
#4908=ADVANCED_FACE('',(#4907),#4899,.T.);
#4909=CARTESIAN_POINT('',(-1.514344205589E-13,-1.653125E-1,-2.105E0));
#4910=DIRECTION('',(0.E0,9.980525784829E-1,6.237828615518E-2));
#4911=DIRECTION('',(0.E0,-6.237828615518E-2,9.980525784829E-1));
#4912=AXIS2_PLACEMENT_3D('',#4909,#4910,#4911);
#4913=PLANE('',#4912);
#4915=ORIENTED_EDGE('',*,*,#4914,.T.);
#4917=ORIENTED_EDGE('',*,*,#4916,.T.);
#4918=ORIENTED_EDGE('',*,*,#4888,.T.);
#4919=ORIENTED_EDGE('',*,*,#4903,.T.);
#4920=EDGE_LOOP('',(#4915,#4917,#4918,#4919));
#4921=FACE_OUTER_BOUND('',#4920,.F.);
#4922=ADVANCED_FACE('',(#4921),#4913,.F.);
#4923=CARTESIAN_POINT('',(0.E0,-1.65625E-1,-2.13E0));
#4924=DIRECTION('',(0.E0,1.E0,0.E0));
#4925=DIRECTION('',(0.E0,0.E0,1.E0));
#4926=AXIS2_PLACEMENT_3D('',#4923,#4924,#4925);
#4927=PLANE('',#4926);
#4929=ORIENTED_EDGE('',*,*,#4928,.T.);
#4931=ORIENTED_EDGE('',*,*,#4930,.T.);
#4932=ORIENTED_EDGE('',*,*,#4615,.T.);
#4933=ORIENTED_EDGE('',*,*,#4914,.F.);
#4934=ORIENTED_EDGE('',*,*,#4639,.T.);
#4936=ORIENTED_EDGE('',*,*,#4935,.F.);
#4938=ORIENTED_EDGE('',*,*,#4937,.T.);
#4940=ORIENTED_EDGE('',*,*,#4939,.T.);
#4941=EDGE_LOOP('',(#4929,#4931,#4932,#4933,#4934,#4936,#4938,#4940));
#4942=FACE_OUTER_BOUND('',#4941,.F.);
#4943=ADVANCED_FACE('',(#4942),#4927,.F.);
#4944=CARTESIAN_POINT('',(-5.224999999999E0,-4.328125E-1,-2.15E0));
#4945=DIRECTION('',(0.E0,0.E0,1.E0));
#4946=DIRECTION('',(1.E0,0.E0,0.E0));
#4947=AXIS2_PLACEMENT_3D('',#4944,#4945,#4946);
#4948=PLANE('',#4947);
#4949=ORIENTED_EDGE('',*,*,#4928,.F.);
#4951=ORIENTED_EDGE('',*,*,#4950,.F.);
#4953=ORIENTED_EDGE('',*,*,#4952,.F.);
#4955=ORIENTED_EDGE('',*,*,#4954,.T.);
#4956=EDGE_LOOP('',(#4949,#4951,#4953,#4955));
#4957=FACE_OUTER_BOUND('',#4956,.F.);
#4958=ADVANCED_FACE('',(#4957),#4948,.T.);
#4959=CARTESIAN_POINT('',(-4.95E0,-4.25E-1,-2.25E0));
#4960=DIRECTION('',(1.E0,0.E0,0.E0));
#4961=DIRECTION('',(0.E0,1.E0,0.E0));
#4962=AXIS2_PLACEMENT_3D('',#4959,#4960,#4961);
#4963=PLANE('',#4962);
#4965=ORIENTED_EDGE('',*,*,#4964,.T.);
#4967=ORIENTED_EDGE('',*,*,#4966,.T.);
#4969=ORIENTED_EDGE('',*,*,#4968,.F.);
#4971=ORIENTED_EDGE('',*,*,#4970,.T.);
#4972=ORIENTED_EDGE('',*,*,#4950,.T.);
#4973=EDGE_LOOP('',(#4965,#4967,#4969,#4971,#4972));
#4974=FACE_OUTER_BOUND('',#4973,.F.);
#4975=ADVANCED_FACE('',(#4974),#4963,.T.);
#4976=CARTESIAN_POINT('',(0.E0,-1.640625E-1,-2.15E0));
#4977=DIRECTION('',(0.E0,0.E0,1.E0));
#4978=DIRECTION('',(-1.E0,0.E0,0.E0));
#4979=AXIS2_PLACEMENT_3D('',#4976,#4977,#4978);
#4980=PLANE('',#4979);
#4982=ORIENTED_EDGE('',*,*,#4981,.F.);
#4983=ORIENTED_EDGE('',*,*,#4964,.F.);
#4984=ORIENTED_EDGE('',*,*,#4939,.F.);
#4986=ORIENTED_EDGE('',*,*,#4985,.F.);
#4987=EDGE_LOOP('',(#4982,#4983,#4984,#4986));
#4988=FACE_OUTER_BOUND('',#4987,.F.);
#4989=ADVANCED_FACE('',(#4988),#4980,.F.);
#4990=CARTESIAN_POINT('',(0.E0,-1.3125E-1,-2.65E0));
#4991=DIRECTION('',(0.E0,9.980525784829E-1,6.237828615518E-2));
#4992=DIRECTION('',(0.E0,-6.237828615518E-2,9.980525784829E-1));
#4993=AXIS2_PLACEMENT_3D('',#4990,#4991,#4992);
#4994=PLANE('',#4993);
#4995=ORIENTED_EDGE('',*,*,#4981,.T.);
#4997=ORIENTED_EDGE('',*,*,#4996,.F.);
#4999=ORIENTED_EDGE('',*,*,#4998,.F.);
#5001=ORIENTED_EDGE('',*,*,#5000,.F.);
#5003=ORIENTED_EDGE('',*,*,#5002,.T.);
#5005=ORIENTED_EDGE('',*,*,#5004,.F.);
#5007=ORIENTED_EDGE('',*,*,#5006,.F.);
#5008=ORIENTED_EDGE('',*,*,#4966,.F.);
#5009=EDGE_LOOP('',(#4995,#4997,#4999,#5001,#5003,#5005,#5007,#5008));
#5010=FACE_OUTER_BOUND('',#5009,.F.);
#5011=ADVANCED_FACE('',(#5010),#4994,.F.);
#5012=CARTESIAN_POINT('',(4.95E0,-4.25E-1,-2.25E0));
#5013=DIRECTION('',(1.E0,0.E0,0.E0));
#5014=DIRECTION('',(0.E0,-1.E0,0.E0));
#5015=AXIS2_PLACEMENT_3D('',#5012,#5013,#5014);
#5016=PLANE('',#5015);
#5017=ORIENTED_EDGE('',*,*,#4985,.T.);
#5019=ORIENTED_EDGE('',*,*,#5018,.T.);
#5021=ORIENTED_EDGE('',*,*,#5020,.T.);
#5023=ORIENTED_EDGE('',*,*,#5022,.T.);
#5024=ORIENTED_EDGE('',*,*,#4996,.T.);
#5025=EDGE_LOOP('',(#5017,#5019,#5021,#5023,#5024));
#5026=FACE_OUTER_BOUND('',#5025,.F.);
#5027=ADVANCED_FACE('',(#5026),#5016,.F.);
#5028=CARTESIAN_POINT('',(5.225000000001E0,-4.328125E-1,-2.15E0));
#5029=DIRECTION('',(0.E0,0.E0,1.E0));
#5030=DIRECTION('',(1.E0,0.E0,0.E0));
#5031=AXIS2_PLACEMENT_3D('',#5028,#5029,#5030);
#5032=PLANE('',#5031);
#5033=ORIENTED_EDGE('',*,*,#4937,.F.);
#5035=ORIENTED_EDGE('',*,*,#5034,.F.);
#5037=ORIENTED_EDGE('',*,*,#5036,.F.);
#5038=ORIENTED_EDGE('',*,*,#5018,.F.);
#5039=EDGE_LOOP('',(#5033,#5035,#5037,#5038));
#5040=FACE_OUTER_BOUND('',#5039,.F.);
#5041=ADVANCED_FACE('',(#5040),#5032,.T.);
#5042=CARTESIAN_POINT('',(5.5E0,-2.5E-2,-1.75E-1));
#5043=DIRECTION('',(1.E0,0.E0,0.E0));
#5044=DIRECTION('',(0.E0,0.E0,1.E0));
#5045=AXIS2_PLACEMENT_3D('',#5042,#5043,#5044);
#5046=PLANE('',#5045);
#5048=ORIENTED_EDGE('',*,*,#5047,.F.);
#5050=ORIENTED_EDGE('',*,*,#5049,.T.);
#5051=ORIENTED_EDGE('',*,*,#4220,.T.);
#5053=ORIENTED_EDGE('',*,*,#5052,.T.);
#5055=ORIENTED_EDGE('',*,*,#5054,.T.);
#5057=ORIENTED_EDGE('',*,*,#5056,.T.);
#5058=ORIENTED_EDGE('',*,*,#5034,.T.);
#5059=ORIENTED_EDGE('',*,*,#4935,.T.);
#5060=ORIENTED_EDGE('',*,*,#4637,.T.);
#5062=ORIENTED_EDGE('',*,*,#5061,.T.);
#5063=EDGE_LOOP('',(#5048,#5050,#5051,#5053,#5055,#5057,#5058,#5059,#5060,
#5062));
#5064=FACE_OUTER_BOUND('',#5063,.F.);
#5065=ADVANCED_FACE('',(#5064),#5046,.F.);
#5066=CARTESIAN_POINT('',(5.755302585063E0,8.749999999999E-1,1.18E0));
#5067=DIRECTION('',(0.E0,0.E0,1.E0));
#5068=DIRECTION('',(0.E0,-1.E0,0.E0));
#5069=AXIS2_PLACEMENT_3D('',#5066,#5067,#5068);
#5070=PLANE('',#5069);
#5071=ORIENTED_EDGE('',*,*,#5047,.T.);
#5073=ORIENTED_EDGE('',*,*,#5072,.F.);
#5075=ORIENTED_EDGE('',*,*,#5074,.T.);
#5077=ORIENTED_EDGE('',*,*,#5076,.F.);
#5079=ORIENTED_EDGE('',*,*,#5078,.T.);
#5081=ORIENTED_EDGE('',*,*,#5080,.T.);
#5082=EDGE_LOOP('',(#5071,#5073,#5075,#5077,#5079,#5081));
#5083=FACE_OUTER_BOUND('',#5082,.F.);
#5084=ADVANCED_FACE('',(#5083),#5070,.F.);
#5085=CARTESIAN_POINT('',(6.014045125256E0,1.1E0,-1.55E-1));
#5086=DIRECTION('',(0.E0,1.E0,0.E0));
#5087=DIRECTION('',(0.E0,0.E0,1.E0));
#5088=AXIS2_PLACEMENT_3D('',#5085,#5086,#5087);
#5089=PLANE('',#5088);
#5090=ORIENTED_EDGE('',*,*,#5072,.T.);
#5091=ORIENTED_EDGE('',*,*,#5061,.F.);
#5092=ORIENTED_EDGE('',*,*,#4635,.T.);
#5094=ORIENTED_EDGE('',*,*,#5093,.T.);
#5096=ORIENTED_EDGE('',*,*,#5095,.F.);
#5098=ORIENTED_EDGE('',*,*,#5097,.F.);
#5100=ORIENTED_EDGE('',*,*,#5099,.F.);
#5101=EDGE_LOOP('',(#5090,#5091,#5092,#5094,#5096,#5098,#5100));
#5102=FACE_OUTER_BOUND('',#5101,.F.);
#5103=ADVANCED_FACE('',(#5102),#5089,.T.);
#5104=CARTESIAN_POINT('',(6.442571664872E0,-2.5E-2,-1.625E0));
#5105=DIRECTION('',(9.848077530122E-1,0.E0,1.736481776672E-1));
#5106=DIRECTION('',(1.736481776672E-1,0.E0,-9.848077530122E-1));
#5107=AXIS2_PLACEMENT_3D('',#5104,#5105,#5106);
#5108=PLANE('',#5107);
#5110=ORIENTED_EDGE('',*,*,#5109,.F.);
#5112=ORIENTED_EDGE('',*,*,#5111,.T.);
#5114=ORIENTED_EDGE('',*,*,#5113,.F.);
#5116=ORIENTED_EDGE('',*,*,#5115,.T.);
#5118=ORIENTED_EDGE('',*,*,#5117,.F.);
#5120=ORIENTED_EDGE('',*,*,#5119,.F.);
#5121=ORIENTED_EDGE('',*,*,#5093,.F.);
#5122=ORIENTED_EDGE('',*,*,#4633,.T.);
#5123=EDGE_LOOP('',(#5110,#5112,#5114,#5116,#5118,#5120,#5121,#5122));
#5124=FACE_OUTER_BOUND('',#5123,.F.);
#5125=ADVANCED_FACE('',(#5124),#5108,.T.);
#5126=CARTESIAN_POINT('',(6.864045125258E0,-1.65625E-1,-2.13E0));
#5127=DIRECTION('',(0.E0,1.E0,0.E0));
#5128=DIRECTION('',(0.E0,0.E0,1.E0));
#5129=AXIS2_PLACEMENT_3D('',#5126,#5127,#5128);
#5130=PLANE('',#5129);
#5132=ORIENTED_EDGE('',*,*,#5131,.T.);
#5133=ORIENTED_EDGE('',*,*,#5109,.T.);
#5134=ORIENTED_EDGE('',*,*,#4631,.T.);
#5136=ORIENTED_EDGE('',*,*,#5135,.T.);
#5137=EDGE_LOOP('',(#5132,#5133,#5134,#5136));
#5138=FACE_OUTER_BOUND('',#5137,.F.);
#5139=ADVANCED_FACE('',(#5138),#5130,.F.);
#5140=CARTESIAN_POINT('',(6.867571664872E0,-4.328125E-1,-2.15E0));
#5141=DIRECTION('',(0.E0,0.E0,1.E0));
#5142=DIRECTION('',(1.E0,0.E0,0.E0));
#5143=AXIS2_PLACEMENT_3D('',#5140,#5141,#5142);
#5144=PLANE('',#5143);
#5145=ORIENTED_EDGE('',*,*,#5131,.F.);
#5147=ORIENTED_EDGE('',*,*,#5146,.T.);
#5149=ORIENTED_EDGE('',*,*,#5148,.F.);
#5150=ORIENTED_EDGE('',*,*,#5111,.F.);
#5151=EDGE_LOOP('',(#5145,#5147,#5149,#5150));
#5152=FACE_OUTER_BOUND('',#5151,.F.);
#5153=ADVANCED_FACE('',(#5152),#5144,.T.);
#5154=CARTESIAN_POINT('',(7.2E0,0.E0,-2.63E0));
#5155=DIRECTION('',(1.E0,0.E0,0.E0));
#5156=DIRECTION('',(0.E0,-1.E0,0.E0));
#5157=AXIS2_PLACEMENT_3D('',#5154,#5155,#5156);
#5158=PLANE('',#5157);
#5159=ORIENTED_EDGE('',*,*,#5146,.F.);
#5160=ORIENTED_EDGE('',*,*,#5135,.F.);
#5161=ORIENTED_EDGE('',*,*,#4629,.T.);
#5163=ORIENTED_EDGE('',*,*,#5162,.F.);
#5165=ORIENTED_EDGE('',*,*,#5164,.F.);
#5167=ORIENTED_EDGE('',*,*,#5166,.F.);
#5169=ORIENTED_EDGE('',*,*,#5168,.T.);
#5171=ORIENTED_EDGE('',*,*,#5170,.F.);
#5172=EDGE_LOOP('',(#5159,#5160,#5161,#5163,#5165,#5167,#5169,#5171));
#5173=FACE_OUTER_BOUND('',#5172,.F.);
#5174=ADVANCED_FACE('',(#5173),#5158,.T.);
#5175=CARTESIAN_POINT('',(0.E0,1.8E0,-2.63E0));
#5176=DIRECTION('',(0.E0,1.E0,0.E0));
#5177=DIRECTION('',(1.E0,0.E0,0.E0));
#5178=AXIS2_PLACEMENT_3D('',#5175,#5176,#5177);
#5179=PLANE('',#5178);
#5180=ORIENTED_EDGE('',*,*,#5162,.T.);
#5181=ORIENTED_EDGE('',*,*,#4627,.T.);
#5183=ORIENTED_EDGE('',*,*,#5182,.F.);
#5185=ORIENTED_EDGE('',*,*,#5184,.F.);
#5186=EDGE_LOOP('',(#5180,#5181,#5183,#5185));
#5187=FACE_OUTER_BOUND('',#5186,.F.);
#5188=ADVANCED_FACE('',(#5187),#5179,.T.);
#5189=CARTESIAN_POINT('',(-7.2E0,0.E0,-2.63E0));
#5190=DIRECTION('',(1.E0,0.E0,0.E0));
#5191=DIRECTION('',(0.E0,1.E0,0.E0));
#5192=AXIS2_PLACEMENT_3D('',#5189,#5190,#5191);
#5193=PLANE('',#5192);
#5194=ORIENTED_EDGE('',*,*,#5182,.T.);
#5195=ORIENTED_EDGE('',*,*,#4625,.T.);
#5197=ORIENTED_EDGE('',*,*,#5196,.F.);
#5199=ORIENTED_EDGE('',*,*,#5198,.F.);
#5201=ORIENTED_EDGE('',*,*,#5200,.F.);
#5203=ORIENTED_EDGE('',*,*,#5202,.T.);
#5205=ORIENTED_EDGE('',*,*,#5204,.F.);
#5207=ORIENTED_EDGE('',*,*,#5206,.F.);
#5208=EDGE_LOOP('',(#5194,#5195,#5197,#5199,#5201,#5203,#5205,#5207));
#5209=FACE_OUTER_BOUND('',#5208,.F.);
#5210=ADVANCED_FACE('',(#5209),#5193,.F.);
#5211=CARTESIAN_POINT('',(-6.864045125258E0,-1.65625E-1,-2.13E0));
#5212=DIRECTION('',(0.E0,1.E0,0.E0));
#5213=DIRECTION('',(0.E0,0.E0,1.E0));
#5214=AXIS2_PLACEMENT_3D('',#5211,#5212,#5213);
#5215=PLANE('',#5214);
#5217=ORIENTED_EDGE('',*,*,#5216,.T.);
#5218=ORIENTED_EDGE('',*,*,#5196,.T.);
#5219=ORIENTED_EDGE('',*,*,#4623,.T.);
#5221=ORIENTED_EDGE('',*,*,#5220,.T.);
#5222=EDGE_LOOP('',(#5217,#5218,#5219,#5221));
#5223=FACE_OUTER_BOUND('',#5222,.F.);
#5224=ADVANCED_FACE('',(#5223),#5215,.F.);
#5225=CARTESIAN_POINT('',(-6.867571664870E0,-4.328125E-1,-2.15E0));
#5226=DIRECTION('',(0.E0,0.E0,1.E0));
#5227=DIRECTION('',(1.E0,0.E0,0.E0));
#5228=AXIS2_PLACEMENT_3D('',#5225,#5226,#5227);
#5229=PLANE('',#5228);
#5230=ORIENTED_EDGE('',*,*,#5216,.F.);
#5232=ORIENTED_EDGE('',*,*,#5231,.T.);
#5234=ORIENTED_EDGE('',*,*,#5233,.F.);
#5235=ORIENTED_EDGE('',*,*,#5198,.T.);
#5236=EDGE_LOOP('',(#5230,#5232,#5234,#5235));
#5237=FACE_OUTER_BOUND('',#5236,.F.);
#5238=ADVANCED_FACE('',(#5237),#5229,.T.);
#5239=CARTESIAN_POINT('',(-6.442571664872E0,-2.5E-2,-1.625E0));
#5240=DIRECTION('',(9.848077530122E-1,0.E0,-1.736481776672E-1));
#5241=DIRECTION('',(-1.736481776672E-1,0.E0,-9.848077530122E-1));
#5242=AXIS2_PLACEMENT_3D('',#5239,#5240,#5241);
#5243=PLANE('',#5242);
#5244=ORIENTED_EDGE('',*,*,#5220,.F.);
#5245=ORIENTED_EDGE('',*,*,#4621,.F.);
#5247=ORIENTED_EDGE('',*,*,#5246,.F.);
#5249=ORIENTED_EDGE('',*,*,#5248,.T.);
#5251=ORIENTED_EDGE('',*,*,#5250,.F.);
#5253=ORIENTED_EDGE('',*,*,#5252,.T.);
#5255=ORIENTED_EDGE('',*,*,#5254,.F.);
#5256=ORIENTED_EDGE('',*,*,#5231,.F.);
#5257=EDGE_LOOP('',(#5244,#5245,#5247,#5249,#5251,#5253,#5255,#5256));
#5258=FACE_OUTER_BOUND('',#5257,.F.);
#5259=ADVANCED_FACE('',(#5258),#5243,.F.);
#5260=CARTESIAN_POINT('',(-6.014045125258E0,1.1E0,-1.55E-1));
#5261=DIRECTION('',(0.E0,1.E0,0.E0));
#5262=DIRECTION('',(0.E0,0.E0,1.E0));
#5263=AXIS2_PLACEMENT_3D('',#5260,#5261,#5262);
#5264=PLANE('',#5263);
#5266=ORIENTED_EDGE('',*,*,#5265,.T.);
#5268=ORIENTED_EDGE('',*,*,#5267,.F.);
#5270=ORIENTED_EDGE('',*,*,#5269,.T.);
#5271=ORIENTED_EDGE('',*,*,#5246,.T.);
#5272=ORIENTED_EDGE('',*,*,#4619,.T.);
#5274=ORIENTED_EDGE('',*,*,#5273,.T.);
#5276=ORIENTED_EDGE('',*,*,#5275,.F.);
#5277=EDGE_LOOP('',(#5266,#5268,#5270,#5271,#5272,#5274,#5276));
#5278=FACE_OUTER_BOUND('',#5277,.F.);
#5279=ADVANCED_FACE('',(#5278),#5264,.T.);
#5280=CARTESIAN_POINT('',(-6.040605170123E0,6.E-2,0.E0));
#5281=DIRECTION('',(1.E0,0.E0,0.E0));
#5282=DIRECTION('',(0.E0,0.E0,-1.E0));
#5283=AXIS2_PLACEMENT_3D('',#5280,#5281,#5282);
#5284=PLANE('',#5283);
#5286=ORIENTED_EDGE('',*,*,#5285,.T.);
#5288=ORIENTED_EDGE('',*,*,#5287,.T.);
#5289=ORIENTED_EDGE('',*,*,#5265,.F.);
#5291=ORIENTED_EDGE('',*,*,#5290,.T.);
#5293=ORIENTED_EDGE('',*,*,#5292,.F.);
#5295=ORIENTED_EDGE('',*,*,#5294,.T.);
#5296=ORIENTED_EDGE('',*,*,#3979,.T.);
#5298=ORIENTED_EDGE('',*,*,#5297,.T.);
#5299=ORIENTED_EDGE('',*,*,#4244,.T.);
#5300=EDGE_LOOP('',(#5286,#5288,#5289,#5291,#5293,#5295,#5296,#5298,#5299));
#5301=FACE_OUTER_BOUND('',#5300,.F.);
#5302=ADVANCED_FACE('',(#5301),#5284,.F.);
#5303=CARTESIAN_POINT('',(-6.014045125258E0,-1.15E0,-1.55E-1));
#5304=DIRECTION('',(0.E0,1.E0,0.E0));
#5305=DIRECTION('',(0.E0,0.E0,-1.E0));
#5306=AXIS2_PLACEMENT_3D('',#5303,#5304,#5305);
#5307=PLANE('',#5306);
#5308=ORIENTED_EDGE('',*,*,#5285,.F.);
#5309=ORIENTED_EDGE('',*,*,#4242,.T.);
#5311=ORIENTED_EDGE('',*,*,#5310,.T.);
#5313=ORIENTED_EDGE('',*,*,#5312,.T.);
#5314=ORIENTED_EDGE('',*,*,#5250,.T.);
#5316=ORIENTED_EDGE('',*,*,#5315,.T.);
#5318=ORIENTED_EDGE('',*,*,#5317,.T.);
#5319=EDGE_LOOP('',(#5308,#5309,#5311,#5313,#5314,#5316,#5318));
#5320=FACE_OUTER_BOUND('',#5319,.F.);
#5321=ADVANCED_FACE('',(#5320),#5307,.F.);
#5322=CARTESIAN_POINT('',(-5.5E0,-2.5E-2,-1.75E-1));
#5323=DIRECTION('',(1.E0,0.E0,0.E0));
#5324=DIRECTION('',(0.E0,0.E0,1.E0));
#5325=AXIS2_PLACEMENT_3D('',#5322,#5323,#5324);
#5326=PLANE('',#5325);
#5328=ORIENTED_EDGE('',*,*,#5327,.T.);
#5330=ORIENTED_EDGE('',*,*,#5329,.T.);
#5331=ORIENTED_EDGE('',*,*,#5273,.F.);
#5332=ORIENTED_EDGE('',*,*,#4617,.F.);
#5333=ORIENTED_EDGE('',*,*,#4930,.F.);
#5334=ORIENTED_EDGE('',*,*,#4954,.F.);
#5336=ORIENTED_EDGE('',*,*,#5335,.F.);
#5338=ORIENTED_EDGE('',*,*,#5337,.F.);
#5339=ORIENTED_EDGE('',*,*,#5310,.F.);
#5340=ORIENTED_EDGE('',*,*,#4240,.F.);
#5341=EDGE_LOOP('',(#5328,#5330,#5331,#5332,#5333,#5334,#5336,#5338,#5339,
#5340));
#5342=FACE_OUTER_BOUND('',#5341,.F.);
#5343=ADVANCED_FACE('',(#5342),#5326,.T.);
#5344=CARTESIAN_POINT('',(-5.755302585062E0,6.E-1,-4.6E-1));
#5345=DIRECTION('',(0.E0,1.E0,0.E0));
#5346=DIRECTION('',(-1.E0,0.E0,0.E0));
#5347=AXIS2_PLACEMENT_3D('',#5344,#5345,#5346);
#5348=PLANE('',#5347);
#5349=ORIENTED_EDGE('',*,*,#5327,.F.);
#5350=ORIENTED_EDGE('',*,*,#4238,.T.);
#5352=ORIENTED_EDGE('',*,*,#5351,.F.);
#5354=ORIENTED_EDGE('',*,*,#5353,.T.);
#5355=EDGE_LOOP('',(#5349,#5350,#5352,#5354));
#5356=FACE_OUTER_BOUND('',#5355,.F.);
#5357=ADVANCED_FACE('',(#5356),#5348,.T.);
#5358=CARTESIAN_POINT('',(-5.47E0,8.75E-1,-4.6E-1));
#5359=DIRECTION('',(1.E0,0.E0,0.E0));
#5360=DIRECTION('',(0.E0,0.E0,-1.E0));
#5361=AXIS2_PLACEMENT_3D('',#5358,#5359,#5360);
#5362=PLANE('',#5361);
#5364=ORIENTED_EDGE('',*,*,#5363,.T.);
#5365=ORIENTED_EDGE('',*,*,#5351,.T.);
#5366=ORIENTED_EDGE('',*,*,#4236,.T.);
#5368=ORIENTED_EDGE('',*,*,#5367,.T.);
#5369=EDGE_LOOP('',(#5364,#5365,#5366,#5368));
#5370=FACE_OUTER_BOUND('',#5369,.F.);
#5371=ADVANCED_FACE('',(#5370),#5362,.F.);
#5372=CARTESIAN_POINT('',(-5.755302585062E0,8.749999999999E-1,1.18E0));
#5373=DIRECTION('',(0.E0,0.E0,1.E0));
#5374=DIRECTION('',(0.E0,-1.E0,0.E0));
#5375=AXIS2_PLACEMENT_3D('',#5372,#5373,#5374);
#5376=PLANE('',#5375);
#5377=ORIENTED_EDGE('',*,*,#5329,.F.);
#5378=ORIENTED_EDGE('',*,*,#5353,.F.);
#5379=ORIENTED_EDGE('',*,*,#5363,.F.);
#5381=ORIENTED_EDGE('',*,*,#5380,.T.);
#5382=ORIENTED_EDGE('',*,*,#5290,.F.);
#5383=ORIENTED_EDGE('',*,*,#5275,.T.);
#5384=EDGE_LOOP('',(#5377,#5378,#5379,#5381,#5382,#5383));
#5385=FACE_OUTER_BOUND('',#5384,.F.);
#5386=ADVANCED_FACE('',(#5385),#5376,.F.);
#5387=CARTESIAN_POINT('',(-5.985E0,1.15E0,-4.6E-1));
#5388=DIRECTION('',(0.E0,1.E0,0.E0));
#5389=DIRECTION('',(-1.E0,0.E0,0.E0));
#5390=AXIS2_PLACEMENT_3D('',#5387,#5388,#5389);
#5391=PLANE('',#5390);
#5392=ORIENTED_EDGE('',*,*,#5380,.F.);
#5393=ORIENTED_EDGE('',*,*,#5367,.F.);
#5394=ORIENTED_EDGE('',*,*,#4234,.F.);
#5396=ORIENTED_EDGE('',*,*,#5395,.F.);
#5398=ORIENTED_EDGE('',*,*,#5397,.T.);
#5400=ORIENTED_EDGE('',*,*,#5399,.F.);
#5401=EDGE_LOOP('',(#5392,#5393,#5394,#5396,#5398,#5400));
#5402=FACE_OUTER_BOUND('',#5401,.F.);
#5403=ADVANCED_FACE('',(#5402),#5391,.F.);
#5404=CARTESIAN_POINT('',(-6.4E0,1.475E0,-2.E0));
#5405=DIRECTION('',(7.071067811865E-1,0.E0,7.071067811865E-1));
#5406=DIRECTION('',(0.E0,-1.E0,0.E0));
#5407=AXIS2_PLACEMENT_3D('',#5404,#5405,#5406);
#5408=PLANE('',#5407);
#5409=ORIENTED_EDGE('',*,*,#5395,.T.);
#5410=ORIENTED_EDGE('',*,*,#4232,.F.);
#5412=ORIENTED_EDGE('',*,*,#5411,.T.);
#5414=ORIENTED_EDGE('',*,*,#5413,.T.);
#5415=EDGE_LOOP('',(#5409,#5410,#5412,#5414));
#5416=FACE_OUTER_BOUND('',#5415,.F.);
#5417=ADVANCED_FACE('',(#5416),#5408,.F.);
#5418=CARTESIAN_POINT('',(0.E0,1.8E0,-4.6E-1));
#5419=DIRECTION('',(0.E0,1.E0,0.E0));
#5420=DIRECTION('',(-1.E0,0.E0,0.E0));
#5421=AXIS2_PLACEMENT_3D('',#5418,#5419,#5420);
#5422=PLANE('',#5421);
#5424=ORIENTED_EDGE('',*,*,#5423,.F.);
#5426=ORIENTED_EDGE('',*,*,#5425,.F.);
#5427=ORIENTED_EDGE('',*,*,#5411,.F.);
#5428=ORIENTED_EDGE('',*,*,#4230,.F.);
#5430=ORIENTED_EDGE('',*,*,#5429,.F.);
#5432=ORIENTED_EDGE('',*,*,#5431,.T.);
#5433=EDGE_LOOP('',(#5424,#5426,#5427,#5428,#5430,#5432));
#5434=FACE_OUTER_BOUND('',#5433,.F.);
#5435=ADVANCED_FACE('',(#5434),#5422,.T.);
#5436=CARTESIAN_POINT('',(0.E0,1.475E0,1.18E0));
#5437=DIRECTION('',(0.E0,0.E0,1.E0));
#5438=DIRECTION('',(0.E0,-1.E0,0.E0));
#5439=AXIS2_PLACEMENT_3D('',#5436,#5437,#5438);
#5440=PLANE('',#5439);
#5441=ORIENTED_EDGE('',*,*,#5292,.T.);
#5442=ORIENTED_EDGE('',*,*,#5399,.T.);
#5444=ORIENTED_EDGE('',*,*,#5443,.T.);
#5445=ORIENTED_EDGE('',*,*,#5423,.T.);
#5447=ORIENTED_EDGE('',*,*,#5446,.T.);
#5449=ORIENTED_EDGE('',*,*,#5448,.F.);
#5451=ORIENTED_EDGE('',*,*,#5450,.T.);
#5453=ORIENTED_EDGE('',*,*,#5452,.T.);
#5454=EDGE_LOOP('',(#5441,#5442,#5444,#5445,#5447,#5449,#5451,#5453));
#5455=FACE_OUTER_BOUND('',#5454,.F.);
#5456=ADVANCED_FACE('',(#5455),#5440,.T.);
#5457=CARTESIAN_POINT('',(-6.5E0,1.475E0,-3.6E-1));
#5458=DIRECTION('',(1.E0,0.E0,0.E0));
#5459=DIRECTION('',(0.E0,0.E0,1.E0));
#5460=AXIS2_PLACEMENT_3D('',#5457,#5458,#5459);
#5461=PLANE('',#5460);
#5462=ORIENTED_EDGE('',*,*,#5397,.F.);
#5463=ORIENTED_EDGE('',*,*,#5413,.F.);
#5464=ORIENTED_EDGE('',*,*,#5425,.T.);
#5465=ORIENTED_EDGE('',*,*,#5443,.F.);
#5466=EDGE_LOOP('',(#5462,#5463,#5464,#5465));
#5467=FACE_OUTER_BOUND('',#5466,.F.);
#5468=ADVANCED_FACE('',(#5467),#5461,.F.);
#5469=CARTESIAN_POINT('',(6.5E0,1.475E0,-3.6E-1));
#5470=DIRECTION('',(1.E0,0.E0,0.E0));
#5471=DIRECTION('',(0.E0,0.E0,-1.E0));
#5472=AXIS2_PLACEMENT_3D('',#5469,#5470,#5471);
#5473=PLANE('',#5472);
#5475=ORIENTED_EDGE('',*,*,#5474,.F.);
#5476=ORIENTED_EDGE('',*,*,#5446,.F.);
#5477=ORIENTED_EDGE('',*,*,#5431,.F.);
#5479=ORIENTED_EDGE('',*,*,#5478,.F.);
#5480=EDGE_LOOP('',(#5475,#5476,#5477,#5479));
#5481=FACE_OUTER_BOUND('',#5480,.F.);
#5482=ADVANCED_FACE('',(#5481),#5473,.T.);
#5483=CARTESIAN_POINT('',(5.985E0,1.15E0,-4.6E-1));
#5484=DIRECTION('',(0.E0,1.E0,0.E0));
#5485=DIRECTION('',(1.E0,0.E0,0.E0));
#5486=AXIS2_PLACEMENT_3D('',#5483,#5484,#5485);
#5487=PLANE('',#5486);
#5488=ORIENTED_EDGE('',*,*,#5076,.T.);
#5489=ORIENTED_EDGE('',*,*,#5448,.T.);
#5490=ORIENTED_EDGE('',*,*,#5474,.T.);
#5492=ORIENTED_EDGE('',*,*,#5491,.T.);
#5493=ORIENTED_EDGE('',*,*,#4226,.T.);
#5495=ORIENTED_EDGE('',*,*,#5494,.T.);
#5496=EDGE_LOOP('',(#5488,#5489,#5490,#5492,#5493,#5495));
#5497=FACE_OUTER_BOUND('',#5496,.F.);
#5498=ADVANCED_FACE('',(#5497),#5487,.F.);
#5499=CARTESIAN_POINT('',(6.4E0,1.475E0,-2.E0));
#5500=DIRECTION('',(7.071067811865E-1,0.E0,-7.071067811865E-1));
#5501=DIRECTION('',(0.E0,-1.E0,0.E0));
#5502=AXIS2_PLACEMENT_3D('',#5499,#5500,#5501);
#5503=PLANE('',#5502);
#5504=ORIENTED_EDGE('',*,*,#5491,.F.);
#5505=ORIENTED_EDGE('',*,*,#5478,.T.);
#5506=ORIENTED_EDGE('',*,*,#5429,.T.);
#5507=ORIENTED_EDGE('',*,*,#4228,.F.);
#5508=EDGE_LOOP('',(#5504,#5505,#5506,#5507));
#5509=FACE_OUTER_BOUND('',#5508,.F.);
#5510=ADVANCED_FACE('',(#5509),#5503,.T.);
#5511=CARTESIAN_POINT('',(5.47E0,8.75E-1,-4.6E-1));
#5512=DIRECTION('',(1.E0,0.E0,0.E0));
#5513=DIRECTION('',(0.E0,0.E0,-1.E0));
#5514=AXIS2_PLACEMENT_3D('',#5511,#5512,#5513);
#5515=PLANE('',#5514);
#5516=ORIENTED_EDGE('',*,*,#5078,.F.);
#5517=ORIENTED_EDGE('',*,*,#5494,.F.);
#5518=ORIENTED_EDGE('',*,*,#4224,.F.);
#5520=ORIENTED_EDGE('',*,*,#5519,.T.);
#5521=EDGE_LOOP('',(#5516,#5517,#5518,#5520));
#5522=FACE_OUTER_BOUND('',#5521,.F.);
#5523=ADVANCED_FACE('',(#5522),#5515,.T.);
#5524=CARTESIAN_POINT('',(5.755302585062E0,6.E-1,-4.6E-1));
#5525=DIRECTION('',(0.E0,1.E0,0.E0));
#5526=DIRECTION('',(1.E0,0.E0,0.E0));
#5527=AXIS2_PLACEMENT_3D('',#5524,#5525,#5526);
#5528=PLANE('',#5527);
#5529=ORIENTED_EDGE('',*,*,#5049,.F.);
#5530=ORIENTED_EDGE('',*,*,#5080,.F.);
#5531=ORIENTED_EDGE('',*,*,#5519,.F.);
#5532=ORIENTED_EDGE('',*,*,#4222,.F.);
#5533=EDGE_LOOP('',(#5529,#5530,#5531,#5532));
#5534=FACE_OUTER_BOUND('',#5533,.F.);
#5535=ADVANCED_FACE('',(#5534),#5528,.T.);
#5536=CARTESIAN_POINT('',(6.040605170123E0,6.E-2,0.E0));
#5537=DIRECTION('',(1.E0,0.E0,0.E0));
#5538=DIRECTION('',(0.E0,0.E0,-1.E0));
#5539=AXIS2_PLACEMENT_3D('',#5536,#5537,#5538);
#5540=PLANE('',#5539);
#5542=ORIENTED_EDGE('',*,*,#5541,.F.);
#5543=ORIENTED_EDGE('',*,*,#4216,.F.);
#5545=ORIENTED_EDGE('',*,*,#5544,.F.);
#5546=ORIENTED_EDGE('',*,*,#3983,.F.);
#5548=ORIENTED_EDGE('',*,*,#5547,.T.);
#5549=ORIENTED_EDGE('',*,*,#5450,.F.);
#5550=ORIENTED_EDGE('',*,*,#5074,.F.);
#5551=ORIENTED_EDGE('',*,*,#5099,.T.);
#5553=ORIENTED_EDGE('',*,*,#5552,.F.);
#5554=EDGE_LOOP('',(#5542,#5543,#5545,#5546,#5548,#5549,#5550,#5551,#5553));
#5555=FACE_OUTER_BOUND('',#5554,.F.);
#5556=ADVANCED_FACE('',(#5555),#5540,.T.);
#5557=CARTESIAN_POINT('',(6.014045125256E0,-1.15E0,-1.55E-1));
#5558=DIRECTION('',(0.E0,1.E0,0.E0));
#5559=DIRECTION('',(0.E0,0.E0,-1.E0));
#5560=AXIS2_PLACEMENT_3D('',#5557,#5558,#5559);
#5561=PLANE('',#5560);
#5562=ORIENTED_EDGE('',*,*,#4218,.F.);
#5563=ORIENTED_EDGE('',*,*,#5541,.T.);
#5565=ORIENTED_EDGE('',*,*,#5564,.T.);
#5567=ORIENTED_EDGE('',*,*,#5566,.T.);
#5568=ORIENTED_EDGE('',*,*,#5117,.T.);
#5570=ORIENTED_EDGE('',*,*,#5569,.T.);
#5571=ORIENTED_EDGE('',*,*,#5052,.F.);
#5572=EDGE_LOOP('',(#5562,#5563,#5565,#5567,#5568,#5570,#5571));
#5573=FACE_OUTER_BOUND('',#5572,.F.);
#5574=ADVANCED_FACE('',(#5573),#5561,.F.);
#5575=CARTESIAN_POINT('',(5.925E0,-2.5E-2,1.8E0));
#5576=DIRECTION('',(0.E0,0.E0,1.E0));
#5577=DIRECTION('',(1.E0,0.E0,0.E0));
#5578=AXIS2_PLACEMENT_3D('',#5575,#5576,#5577);
#5579=PLANE('',#5578);
#5580=ORIENTED_EDGE('',*,*,#5552,.T.);
#5581=ORIENTED_EDGE('',*,*,#5097,.T.);
#5583=ORIENTED_EDGE('',*,*,#5582,.F.);
#5584=ORIENTED_EDGE('',*,*,#5564,.F.);
#5585=EDGE_LOOP('',(#5580,#5581,#5583,#5584));
#5586=FACE_OUTER_BOUND('',#5585,.F.);
#5587=ADVANCED_FACE('',(#5586),#5579,.T.);
#5588=CARTESIAN_POINT('',(6.35E0,-2.5E-2,3.5E-1));
#5589=DIRECTION('',(1.E0,0.E0,0.E0));
#5590=DIRECTION('',(0.E0,0.E0,-1.E0));
#5591=AXIS2_PLACEMENT_3D('',#5588,#5589,#5590);
#5592=PLANE('',#5591);
#5593=ORIENTED_EDGE('',*,*,#5582,.T.);
#5594=ORIENTED_EDGE('',*,*,#5095,.T.);
#5595=ORIENTED_EDGE('',*,*,#5119,.T.);
#5596=ORIENTED_EDGE('',*,*,#5566,.F.);
#5597=EDGE_LOOP('',(#5593,#5594,#5595,#5596));
#5598=FACE_OUTER_BOUND('',#5597,.F.);
#5599=ADVANCED_FACE('',(#5598),#5592,.T.);
#5600=CARTESIAN_POINT('',(6.061628314259E0,-1.25E0,-2.11E0));
#5601=DIRECTION('',(0.E0,0.E0,1.E0));
#5602=DIRECTION('',(-1.E0,0.E0,0.E0));
#5603=AXIS2_PLACEMENT_3D('',#5600,#5601,#5602);
#5604=PLANE('',#5603);
#5605=ORIENTED_EDGE('',*,*,#5569,.F.);
#5606=ORIENTED_EDGE('',*,*,#5115,.F.);
#5608=ORIENTED_EDGE('',*,*,#5607,.F.);
#5609=ORIENTED_EDGE('',*,*,#5168,.F.);
#5611=ORIENTED_EDGE('',*,*,#5610,.F.);
#5613=ORIENTED_EDGE('',*,*,#5612,.F.);
#5615=ORIENTED_EDGE('',*,*,#5614,.F.);
#5616=ORIENTED_EDGE('',*,*,#5054,.F.);
#5617=EDGE_LOOP('',(#5605,#5606,#5608,#5609,#5611,#5613,#5615,#5616));
#5618=FACE_OUTER_BOUND('',#5617,.F.);
#5619=ADVANCED_FACE('',(#5618),#5604,.T.);
#5620=CARTESIAN_POINT('',(6.864045125258E0,-7.E-1,-2.13E0));
#5621=DIRECTION('',(0.E0,1.E0,0.E0));
#5622=DIRECTION('',(0.E0,0.E0,-1.E0));
#5623=AXIS2_PLACEMENT_3D('',#5620,#5621,#5622);
#5624=PLANE('',#5623);
#5625=ORIENTED_EDGE('',*,*,#5170,.T.);
#5626=ORIENTED_EDGE('',*,*,#5607,.T.);
#5627=ORIENTED_EDGE('',*,*,#5113,.T.);
#5628=ORIENTED_EDGE('',*,*,#5148,.T.);
#5629=EDGE_LOOP('',(#5625,#5626,#5627,#5628));
#5630=FACE_OUTER_BOUND('',#5629,.F.);
#5631=ADVANCED_FACE('',(#5630),#5624,.T.);
#5632=CARTESIAN_POINT('',(0.E0,-1.8E0,-2.45E0));
#5633=DIRECTION('',(0.E0,1.E0,0.E0));
#5634=DIRECTION('',(-1.E0,0.E0,0.E0));
#5635=AXIS2_PLACEMENT_3D('',#5632,#5633,#5634);
#5636=PLANE('',#5635);
#5637=ORIENTED_EDGE('',*,*,#5204,.T.);
#5639=ORIENTED_EDGE('',*,*,#5638,.T.);
#5641=ORIENTED_EDGE('',*,*,#5640,.F.);
#5643=ORIENTED_EDGE('',*,*,#5642,.F.);
#5645=ORIENTED_EDGE('',*,*,#5644,.F.);
#5647=ORIENTED_EDGE('',*,*,#5646,.T.);
#5649=ORIENTED_EDGE('',*,*,#5648,.F.);
#5651=ORIENTED_EDGE('',*,*,#5650,.F.);
#5653=ORIENTED_EDGE('',*,*,#5652,.F.);
#5654=ORIENTED_EDGE('',*,*,#5610,.T.);
#5655=ORIENTED_EDGE('',*,*,#5166,.T.);
#5657=ORIENTED_EDGE('',*,*,#5656,.F.);
#5658=EDGE_LOOP('',(#5637,#5639,#5641,#5643,#5645,#5647,#5649,#5651,#5653,#5654,
#5655,#5657));
#5659=FACE_OUTER_BOUND('',#5658,.F.);
#5660=ADVANCED_FACE('',(#5659),#5636,.F.);
#5661=CARTESIAN_POINT('',(-6.061628314260E0,-1.25E0,-2.11E0));
#5662=DIRECTION('',(0.E0,0.E0,1.E0));
#5663=DIRECTION('',(-1.E0,0.E0,0.E0));
#5664=AXIS2_PLACEMENT_3D('',#5661,#5662,#5663);
#5665=PLANE('',#5664);
#5666=ORIENTED_EDGE('',*,*,#5312,.F.);
#5667=ORIENTED_EDGE('',*,*,#5337,.T.);
#5669=ORIENTED_EDGE('',*,*,#5668,.F.);
#5671=ORIENTED_EDGE('',*,*,#5670,.T.);
#5672=ORIENTED_EDGE('',*,*,#5638,.F.);
#5673=ORIENTED_EDGE('',*,*,#5202,.F.);
#5675=ORIENTED_EDGE('',*,*,#5674,.F.);
#5676=ORIENTED_EDGE('',*,*,#5252,.F.);
#5677=EDGE_LOOP('',(#5666,#5667,#5669,#5671,#5672,#5673,#5675,#5676));
#5678=FACE_OUTER_BOUND('',#5677,.F.);
#5679=ADVANCED_FACE('',(#5678),#5665,.T.);
#5680=CARTESIAN_POINT('',(0.E0,-7.E-1,-2.225E0));
#5681=DIRECTION('',(0.E0,1.E0,0.E0));
#5682=DIRECTION('',(0.E0,0.E0,-1.E0));
#5683=AXIS2_PLACEMENT_3D('',#5680,#5681,#5682);
#5684=PLANE('',#5683);
#5686=ORIENTED_EDGE('',*,*,#5685,.T.);
#5687=ORIENTED_EDGE('',*,*,#5668,.T.);
#5688=ORIENTED_EDGE('',*,*,#5335,.T.);
#5689=ORIENTED_EDGE('',*,*,#4952,.T.);
#5690=ORIENTED_EDGE('',*,*,#4970,.F.);
#5692=ORIENTED_EDGE('',*,*,#5691,.F.);
#5694=ORIENTED_EDGE('',*,*,#5693,.F.);
#5696=ORIENTED_EDGE('',*,*,#5695,.F.);
#5697=ORIENTED_EDGE('',*,*,#5020,.F.);
#5698=ORIENTED_EDGE('',*,*,#5036,.T.);
#5699=ORIENTED_EDGE('',*,*,#5056,.F.);
#5700=ORIENTED_EDGE('',*,*,#5614,.T.);
#5702=ORIENTED_EDGE('',*,*,#5701,.F.);
#5704=ORIENTED_EDGE('',*,*,#5703,.F.);
#5705=EDGE_LOOP('',(#5686,#5687,#5688,#5689,#5690,#5692,#5694,#5696,#5697,#5698,
#5699,#5700,#5702,#5704));
#5706=FACE_OUTER_BOUND('',#5705,.F.);
#5707=ADVANCED_FACE('',(#5706),#5684,.T.);
#5708=CARTESIAN_POINT('',(-4.861628314259E0,-1.225E0,-1.88E0));
#5709=DIRECTION('',(9.659258262891E-1,0.E0,-2.588190451026E-1));
#5710=DIRECTION('',(-2.588190451026E-1,0.E0,-9.659258262891E-1));
#5711=AXIS2_PLACEMENT_3D('',#5708,#5709,#5710);
#5712=PLANE('',#5711);
#5714=ORIENTED_EDGE('',*,*,#5713,.F.);
#5716=ORIENTED_EDGE('',*,*,#5715,.F.);
#5718=ORIENTED_EDGE('',*,*,#5717,.F.);
#5719=ORIENTED_EDGE('',*,*,#5640,.T.);
#5720=ORIENTED_EDGE('',*,*,#5670,.F.);
#5721=ORIENTED_EDGE('',*,*,#5685,.F.);
#5723=ORIENTED_EDGE('',*,*,#5722,.F.);
#5725=ORIENTED_EDGE('',*,*,#5724,.F.);
#5726=EDGE_LOOP('',(#5714,#5716,#5718,#5719,#5720,#5721,#5723,#5725));
#5727=FACE_OUTER_BOUND('',#5726,.F.);
#5728=ADVANCED_FACE('',(#5727),#5712,.F.);
#5729=CARTESIAN_POINT('',(0.E0,-9.75E-1,-1.65E0));
#5730=DIRECTION('',(0.E0,0.E0,1.E0));
#5731=DIRECTION('',(0.E0,1.E0,0.E0));
#5732=AXIS2_PLACEMENT_3D('',#5729,#5730,#5731);
#5733=PLANE('',#5732);
#5734=ORIENTED_EDGE('',*,*,#5713,.T.);
#5736=ORIENTED_EDGE('',*,*,#5735,.F.);
#5738=ORIENTED_EDGE('',*,*,#5737,.F.);
#5739=ORIENTED_EDGE('',*,*,#4792,.F.);
#5741=ORIENTED_EDGE('',*,*,#5740,.T.);
#5742=ORIENTED_EDGE('',*,*,#3778,.T.);
#5744=ORIENTED_EDGE('',*,*,#5743,.T.);
#5745=ORIENTED_EDGE('',*,*,#4800,.F.);
#5747=ORIENTED_EDGE('',*,*,#5746,.F.);
#5749=ORIENTED_EDGE('',*,*,#5748,.F.);
#5751=ORIENTED_EDGE('',*,*,#5750,.F.);
#5753=ORIENTED_EDGE('',*,*,#5752,.T.);
#5754=EDGE_LOOP('',(#5734,#5736,#5738,#5739,#5741,#5742,#5744,#5745,#5747,#5749,
#5751,#5753));
#5755=FACE_OUTER_BOUND('',#5754,.F.);
#5756=ADVANCED_FACE('',(#5755),#5733,.F.);
#5757=CARTESIAN_POINT('',(1.104005775687E-12,-6.5E-1,-7.E-1));
#5758=DIRECTION('',(0.E0,1.E0,0.E0));
#5759=DIRECTION('',(0.E0,0.E0,-1.E0));
#5760=AXIS2_PLACEMENT_3D('',#5757,#5758,#5759);
#5761=PLANE('',#5760);
#5762=ORIENTED_EDGE('',*,*,#5748,.T.);
#5764=ORIENTED_EDGE('',*,*,#5763,.F.);
#5766=ORIENTED_EDGE('',*,*,#5765,.F.);
#5768=ORIENTED_EDGE('',*,*,#5767,.F.);
#5770=ORIENTED_EDGE('',*,*,#5769,.T.);
#5772=ORIENTED_EDGE('',*,*,#5771,.F.);
#5773=ORIENTED_EDGE('',*,*,#5735,.T.);
#5774=ORIENTED_EDGE('',*,*,#5724,.T.);
#5776=ORIENTED_EDGE('',*,*,#5775,.T.);
#5778=ORIENTED_EDGE('',*,*,#5777,.T.);
#5779=EDGE_LOOP('',(#5762,#5764,#5766,#5768,#5770,#5772,#5773,#5774,#5776,
#5778));
#5780=FACE_OUTER_BOUND('',#5779,.F.);
#5781=ADVANCED_FACE('',(#5780),#5761,.T.);
#5782=CARTESIAN_POINT('',(4.6E0,-9.000000000001E-1,-1.65E0));
#5783=DIRECTION('',(0.E0,0.E0,1.E0));
#5784=DIRECTION('',(0.E0,-1.E0,0.E0));
#5785=AXIS2_PLACEMENT_3D('',#5782,#5783,#5784);
#5786=PLANE('',#5785);
#5788=ORIENTED_EDGE('',*,*,#5787,.T.);
#5790=ORIENTED_EDGE('',*,*,#5789,.T.);
#5791=ORIENTED_EDGE('',*,*,#5763,.T.);
#5793=ORIENTED_EDGE('',*,*,#5792,.F.);
#5794=EDGE_LOOP('',(#5788,#5790,#5791,#5793));
#5795=FACE_OUTER_BOUND('',#5794,.F.);
#5796=ADVANCED_FACE('',(#5795),#5786,.T.);
#5797=CARTESIAN_POINT('',(0.E0,-1.15E0,-9.75E-1));
#5798=DIRECTION('',(0.E0,1.E0,0.E0));
#5799=DIRECTION('',(0.E0,0.E0,1.E0));
#5800=AXIS2_PLACEMENT_3D('',#5797,#5798,#5799);
#5801=PLANE('',#5800);
#5803=ORIENTED_EDGE('',*,*,#5802,.T.);
#5805=ORIENTED_EDGE('',*,*,#5804,.T.);
#5807=ORIENTED_EDGE('',*,*,#5806,.F.);
#5809=ORIENTED_EDGE('',*,*,#5808,.T.);
#5810=EDGE_LOOP('',(#5803,#5805,#5807,#5809));
#5811=FACE_OUTER_BOUND('',#5810,.F.);
#5812=ADVANCED_FACE('',(#5811),#5801,.T.);
#5813=CARTESIAN_POINT('',(0.E0,-1.15E0,-9.75E-1));
#5814=DIRECTION('',(0.E0,1.E0,0.E0));
#5815=DIRECTION('',(0.E0,0.E0,1.E0));
#5816=AXIS2_PLACEMENT_3D('',#5813,#5814,#5815);
#5817=PLANE('',#5816);
#5819=ORIENTED_EDGE('',*,*,#5818,.F.);
#5820=ORIENTED_EDGE('',*,*,#5787,.F.);
#5822=ORIENTED_EDGE('',*,*,#5821,.F.);
#5824=ORIENTED_EDGE('',*,*,#5823,.F.);
#5825=EDGE_LOOP('',(#5819,#5820,#5822,#5824));
#5826=FACE_OUTER_BOUND('',#5825,.F.);
#5827=ADVANCED_FACE('',(#5826),#5817,.T.);
#5828=CARTESIAN_POINT('',(-4.6E0,-9.000000000001E-1,-1.65E0));
#5829=DIRECTION('',(0.E0,0.E0,1.E0));
#5830=DIRECTION('',(0.E0,-1.E0,0.E0));
#5831=AXIS2_PLACEMENT_3D('',#5828,#5829,#5830);
#5832=PLANE('',#5831);
#5834=ORIENTED_EDGE('',*,*,#5833,.T.);
#5835=ORIENTED_EDGE('',*,*,#5771,.T.);
#5837=ORIENTED_EDGE('',*,*,#5836,.T.);
#5838=ORIENTED_EDGE('',*,*,#5802,.F.);
#5839=EDGE_LOOP('',(#5834,#5835,#5837,#5838));
#5840=FACE_OUTER_BOUND('',#5839,.F.);
#5841=ADVANCED_FACE('',(#5840),#5832,.T.);
#5842=CARTESIAN_POINT('',(-4.57E0,-6.5E-1,-4.25E-1));
#5843=DIRECTION('',(1.E0,0.E0,0.E0));
#5844=DIRECTION('',(0.E0,0.E0,1.E0));
#5845=AXIS2_PLACEMENT_3D('',#5842,#5843,#5844);
#5846=PLANE('',#5845);
#5847=ORIENTED_EDGE('',*,*,#5833,.F.);
#5848=ORIENTED_EDGE('',*,*,#5808,.F.);
#5850=ORIENTED_EDGE('',*,*,#5849,.T.);
#5852=ORIENTED_EDGE('',*,*,#5851,.T.);
#5854=ORIENTED_EDGE('',*,*,#5853,.F.);
#5856=ORIENTED_EDGE('',*,*,#5855,.T.);
#5858=ORIENTED_EDGE('',*,*,#5857,.F.);
#5859=ORIENTED_EDGE('',*,*,#4794,.T.);
#5860=ORIENTED_EDGE('',*,*,#5737,.T.);
#5861=EDGE_LOOP('',(#5847,#5848,#5850,#5852,#5854,#5856,#5858,#5859,#5860));
#5862=FACE_OUTER_BOUND('',#5861,.F.);
#5863=ADVANCED_FACE('',(#5862),#5846,.T.);
#5864=CARTESIAN_POINT('',(0.E0,-1.117037086856E0,-1.769807333792E-1));
#5865=DIRECTION('',(0.E0,9.659258262890E-1,-2.588190451029E-1));
#5866=DIRECTION('',(0.E0,2.588190451029E-1,9.659258262890E-1));
#5867=AXIS2_PLACEMENT_3D('',#5864,#5865,#5866);
#5868=PLANE('',#5867);
#5870=ORIENTED_EDGE('',*,*,#5869,.F.);
#5871=ORIENTED_EDGE('',*,*,#5823,.T.);
#5873=ORIENTED_EDGE('',*,*,#5872,.F.);
#5875=ORIENTED_EDGE('',*,*,#5874,.F.);
#5876=EDGE_LOOP('',(#5870,#5871,#5873,#5875));
#5877=FACE_OUTER_BOUND('',#5876,.F.);
#5878=ADVANCED_FACE('',(#5877),#5868,.T.);
#5879=CARTESIAN_POINT('',(0.E0,-1.117037086856E0,-1.769807333792E-1));
#5880=DIRECTION('',(0.E0,9.659258262890E-1,-2.588190451029E-1));
#5881=DIRECTION('',(0.E0,2.588190451029E-1,9.659258262890E-1));
#5882=AXIS2_PLACEMENT_3D('',#5879,#5880,#5881);
#5883=PLANE('',#5882);
#5885=ORIENTED_EDGE('',*,*,#5884,.T.);
#5887=ORIENTED_EDGE('',*,*,#5886,.F.);
#5888=ORIENTED_EDGE('',*,*,#5849,.F.);
#5889=ORIENTED_EDGE('',*,*,#5806,.T.);
#5890=EDGE_LOOP('',(#5885,#5887,#5888,#5889));
#5891=FACE_OUTER_BOUND('',#5890,.F.);
#5892=ADVANCED_FACE('',(#5891),#5883,.T.);
#5893=CARTESIAN_POINT('',(4.4E0,-9.000000000001E-1,-4.75E-1));
#5894=DIRECTION('',(1.E0,0.E0,0.E0));
#5895=DIRECTION('',(0.E0,0.E0,-1.E0));
#5896=AXIS2_PLACEMENT_3D('',#5893,#5894,#5895);
#5897=PLANE('',#5896);
#5898=ORIENTED_EDGE('',*,*,#5818,.T.);
#5899=ORIENTED_EDGE('',*,*,#5869,.T.);
#5901=ORIENTED_EDGE('',*,*,#5900,.F.);
#5903=ORIENTED_EDGE('',*,*,#5902,.T.);
#5905=ORIENTED_EDGE('',*,*,#5904,.F.);
#5907=ORIENTED_EDGE('',*,*,#5906,.F.);
#5908=ORIENTED_EDGE('',*,*,#5765,.T.);
#5909=ORIENTED_EDGE('',*,*,#5789,.F.);
#5910=EDGE_LOOP('',(#5898,#5899,#5901,#5903,#5905,#5907,#5908,#5909));
#5911=FACE_OUTER_BOUND('',#5910,.F.);
#5912=ADVANCED_FACE('',(#5911),#5897,.T.);
#5913=CARTESIAN_POINT('',(4.7528E0,-2.05E0,2.048575783443E-1));
#5914=DIRECTION('',(-1.E0,0.E0,0.E0));
#5915=DIRECTION('',(0.E0,1.E0,0.E0));
#5916=AXIS2_PLACEMENT_3D('',#5913,#5914,#5915);
#5917=CYLINDRICAL_SURFACE('',#5916,1.E0);
#5918=ORIENTED_EDGE('',*,*,#5900,.T.);
#5919=ORIENTED_EDGE('',*,*,#5874,.T.);
#5921=ORIENTED_EDGE('',*,*,#5920,.F.);
#5923=ORIENTED_EDGE('',*,*,#5922,.T.);
#5924=EDGE_LOOP('',(#5918,#5919,#5921,#5923));
#5925=FACE_OUTER_BOUND('',#5924,.F.);
#5926=ADVANCED_FACE('',(#5925),#5917,.T.);
#5927=CARTESIAN_POINT('',(4.7528E0,-2.05E0,2.048575783443E-1));
#5928=DIRECTION('',(-1.E0,0.E0,0.E0));
#5929=DIRECTION('',(0.E0,1.E0,0.E0));
#5930=AXIS2_PLACEMENT_3D('',#5927,#5928,#5929);
#5931=CYLINDRICAL_SURFACE('',#5930,1.E0);
#5933=ORIENTED_EDGE('',*,*,#5932,.F.);
#5935=ORIENTED_EDGE('',*,*,#5934,.T.);
#5936=ORIENTED_EDGE('',*,*,#5851,.F.);
#5937=ORIENTED_EDGE('',*,*,#5886,.T.);
#5938=EDGE_LOOP('',(#5933,#5935,#5936,#5937));
#5939=FACE_OUTER_BOUND('',#5938,.F.);
#5940=ADVANCED_FACE('',(#5939),#5931,.T.);
#5941=CARTESIAN_POINT('',(4.57E0,-6.5E-1,-4.25E-1));
#5942=DIRECTION('',(1.E0,0.E0,0.E0));
#5943=DIRECTION('',(0.E0,0.E0,-1.E0));
#5944=AXIS2_PLACEMENT_3D('',#5941,#5942,#5943);
#5945=PLANE('',#5944);
#5946=ORIENTED_EDGE('',*,*,#5792,.T.);
#5947=ORIENTED_EDGE('',*,*,#5746,.T.);
#5948=ORIENTED_EDGE('',*,*,#4798,.T.);
#5950=ORIENTED_EDGE('',*,*,#5949,.F.);
#5952=ORIENTED_EDGE('',*,*,#5951,.T.);
#5954=ORIENTED_EDGE('',*,*,#5953,.F.);
#5955=ORIENTED_EDGE('',*,*,#5920,.T.);
#5956=ORIENTED_EDGE('',*,*,#5872,.T.);
#5957=ORIENTED_EDGE('',*,*,#5821,.T.);
#5958=EDGE_LOOP('',(#5946,#5947,#5948,#5950,#5952,#5954,#5955,#5956,#5957));
#5959=FACE_OUTER_BOUND('',#5958,.F.);
#5960=ADVANCED_FACE('',(#5959),#5945,.F.);
#5961=CARTESIAN_POINT('',(0.E0,-4.5E-1,8.E-1));
#5962=DIRECTION('',(0.E0,0.E0,1.E0));
#5963=DIRECTION('',(0.E0,1.E0,0.E0));
#5964=AXIS2_PLACEMENT_3D('',#5961,#5962,#5963);
#5965=PLANE('',#5964);
#5966=ORIENTED_EDGE('',*,*,#4796,.T.);
#5967=ORIENTED_EDGE('',*,*,#5857,.T.);
#5969=ORIENTED_EDGE('',*,*,#5968,.T.);
#5970=ORIENTED_EDGE('',*,*,#5949,.T.);
#5971=EDGE_LOOP('',(#5966,#5967,#5969,#5970));
#5972=FACE_OUTER_BOUND('',#5971,.F.);
#5973=ADVANCED_FACE('',(#5972),#5965,.F.);
#5974=CARTESIAN_POINT('',(-4.7528E0,-7.5E-1,5.E-1));
#5975=DIRECTION('',(1.E0,0.E0,0.E0));
#5976=DIRECTION('',(0.E0,0.E0,1.E0));
#5977=AXIS2_PLACEMENT_3D('',#5974,#5975,#5976);
#5978=CYLINDRICAL_SURFACE('',#5977,3.E-1);
#5979=ORIENTED_EDGE('',*,*,#5904,.T.);
#5981=ORIENTED_EDGE('',*,*,#5980,.F.);
#5982=ORIENTED_EDGE('',*,*,#5951,.F.);
#5983=ORIENTED_EDGE('',*,*,#5968,.F.);
#5984=ORIENTED_EDGE('',*,*,#5855,.F.);
#5986=ORIENTED_EDGE('',*,*,#5985,.F.);
#5988=ORIENTED_EDGE('',*,*,#5987,.F.);
#5990=ORIENTED_EDGE('',*,*,#5989,.T.);
#5991=EDGE_LOOP('',(#5979,#5981,#5982,#5983,#5984,#5986,#5988,#5990));
#5992=FACE_OUTER_BOUND('',#5991,.F.);
#5993=ADVANCED_FACE('',(#5992),#5978,.F.);
#5994=CARTESIAN_POINT('',(0.E0,-1.05E0,3.524287891721E-1));
#5995=DIRECTION('',(0.E0,1.E0,0.E0));
#5996=DIRECTION('',(0.E0,0.E0,1.E0));
#5997=AXIS2_PLACEMENT_3D('',#5994,#5995,#5996);
#5998=PLANE('',#5997);
#5999=ORIENTED_EDGE('',*,*,#5902,.F.);
#6000=ORIENTED_EDGE('',*,*,#5922,.F.);
#6001=ORIENTED_EDGE('',*,*,#5953,.T.);
#6002=ORIENTED_EDGE('',*,*,#5980,.T.);
#6003=EDGE_LOOP('',(#5999,#6000,#6001,#6002));
#6004=FACE_OUTER_BOUND('',#6003,.F.);
#6005=ADVANCED_FACE('',(#6004),#5998,.T.);
#6006=CARTESIAN_POINT('',(0.E0,-1.05E0,3.524287891721E-1));
#6007=DIRECTION('',(0.E0,1.E0,0.E0));
#6008=DIRECTION('',(0.E0,0.E0,1.E0));
#6009=AXIS2_PLACEMENT_3D('',#6006,#6007,#6008);
#6010=PLANE('',#6009);
#6012=ORIENTED_EDGE('',*,*,#6011,.T.);
#6013=ORIENTED_EDGE('',*,*,#5985,.T.);
#6014=ORIENTED_EDGE('',*,*,#5853,.T.);
#6015=ORIENTED_EDGE('',*,*,#5934,.F.);
#6016=EDGE_LOOP('',(#6012,#6013,#6014,#6015));
#6017=FACE_OUTER_BOUND('',#6016,.F.);
#6018=ADVANCED_FACE('',(#6017),#6010,.T.);
#6019=CARTESIAN_POINT('',(-4.4E0,-9.000000000001E-1,-4.75E-1));
#6020=DIRECTION('',(1.E0,0.E0,0.E0));
#6021=DIRECTION('',(0.E0,0.E0,-1.E0));
#6022=AXIS2_PLACEMENT_3D('',#6019,#6020,#6021);
#6023=PLANE('',#6022);
#6024=ORIENTED_EDGE('',*,*,#5804,.F.);
#6025=ORIENTED_EDGE('',*,*,#5836,.F.);
#6026=ORIENTED_EDGE('',*,*,#5769,.F.);
#6028=ORIENTED_EDGE('',*,*,#6027,.F.);
#6029=ORIENTED_EDGE('',*,*,#5987,.T.);
#6030=ORIENTED_EDGE('',*,*,#6011,.F.);
#6031=ORIENTED_EDGE('',*,*,#5932,.T.);
#6032=ORIENTED_EDGE('',*,*,#5884,.F.);
#6033=EDGE_LOOP('',(#6024,#6025,#6026,#6028,#6029,#6030,#6031,#6032));
#6034=FACE_OUTER_BOUND('',#6033,.F.);
#6035=ADVANCED_FACE('',(#6034),#6023,.F.);
#6036=CARTESIAN_POINT('',(0.E0,-9.000000000001E-1,7.E-1));
#6037=DIRECTION('',(0.E0,0.E0,1.E0));
#6038=DIRECTION('',(0.E0,1.E0,0.E0));
#6039=AXIS2_PLACEMENT_3D('',#6036,#6037,#6038);
#6040=PLANE('',#6039);
#6041=ORIENTED_EDGE('',*,*,#5989,.F.);
#6042=ORIENTED_EDGE('',*,*,#6027,.T.);
#6043=ORIENTED_EDGE('',*,*,#5767,.T.);
#6044=ORIENTED_EDGE('',*,*,#5906,.T.);
#6045=EDGE_LOOP('',(#6041,#6042,#6043,#6044));
#6046=FACE_OUTER_BOUND('',#6045,.F.);
#6047=ADVANCED_FACE('',(#6046),#6040,.T.);
#6048=CARTESIAN_POINT('',(1.104005775687E-12,-6.75E-1,-2.1E0));
#6049=DIRECTION('',(0.E0,0.E0,1.E0));
#6050=DIRECTION('',(0.E0,-1.E0,0.E0));
#6051=AXIS2_PLACEMENT_3D('',#6048,#6049,#6050);
#6052=PLANE('',#6051);
#6053=ORIENTED_EDGE('',*,*,#5722,.T.);
#6054=ORIENTED_EDGE('',*,*,#5703,.T.);
#6056=ORIENTED_EDGE('',*,*,#6055,.T.);
#6057=ORIENTED_EDGE('',*,*,#5775,.F.);
#6058=EDGE_LOOP('',(#6053,#6054,#6056,#6057));
#6059=FACE_OUTER_BOUND('',#6058,.F.);
#6060=ADVANCED_FACE('',(#6059),#6052,.F.);
#6061=CARTESIAN_POINT('',(4.861628314259E0,-1.225E0,-1.88E0));
#6062=DIRECTION('',(9.659258262891E-1,0.E0,2.588190451026E-1));
#6063=DIRECTION('',(2.588190451026E-1,0.E0,-9.659258262891E-1));
#6064=AXIS2_PLACEMENT_3D('',#6061,#6062,#6063);
#6065=PLANE('',#6064);
#6066=ORIENTED_EDGE('',*,*,#5750,.T.);
#6067=ORIENTED_EDGE('',*,*,#5777,.F.);
#6068=ORIENTED_EDGE('',*,*,#6055,.F.);
#6069=ORIENTED_EDGE('',*,*,#5701,.T.);
#6070=ORIENTED_EDGE('',*,*,#5612,.T.);
#6071=ORIENTED_EDGE('',*,*,#5652,.T.);
#6073=ORIENTED_EDGE('',*,*,#6072,.F.);
#6075=ORIENTED_EDGE('',*,*,#6074,.F.);
#6076=EDGE_LOOP('',(#6066,#6067,#6068,#6069,#6070,#6071,#6073,#6075));
#6077=FACE_OUTER_BOUND('',#6076,.F.);
#6078=ADVANCED_FACE('',(#6077),#6065,.T.);
#6079=CARTESIAN_POINT('',(3.288397459621E0,-1.475E0,-1.75E0));
#6080=DIRECTION('',(0.E0,0.E0,1.E0));
#6081=DIRECTION('',(1.E0,0.E0,0.E0));
#6082=AXIS2_PLACEMENT_3D('',#6079,#6080,#6081);
#6083=PLANE('',#6082);
#6084=ORIENTED_EDGE('',*,*,#5650,.T.);
#6086=ORIENTED_EDGE('',*,*,#6085,.F.);
#6088=ORIENTED_EDGE('',*,*,#6087,.T.);
#6089=ORIENTED_EDGE('',*,*,#6072,.T.);
#6090=EDGE_LOOP('',(#6084,#6086,#6088,#6089));
#6091=FACE_OUTER_BOUND('',#6090,.F.);
#6092=ADVANCED_FACE('',(#6091),#6083,.T.);
#6093=CARTESIAN_POINT('',(1.75E0,-1.475E0,-1.93E0));
#6094=DIRECTION('',(1.E0,0.E0,0.E0));
#6095=DIRECTION('',(0.E0,0.E0,1.E0));
#6096=AXIS2_PLACEMENT_3D('',#6093,#6094,#6095);
#6097=PLANE('',#6096);
#6099=ORIENTED_EDGE('',*,*,#6098,.T.);
#6101=ORIENTED_EDGE('',*,*,#6100,.T.);
#6102=ORIENTED_EDGE('',*,*,#6085,.T.);
#6103=ORIENTED_EDGE('',*,*,#5648,.T.);
#6104=EDGE_LOOP('',(#6099,#6101,#6102,#6103));
#6105=FACE_OUTER_BOUND('',#6104,.F.);
#6106=ADVANCED_FACE('',(#6105),#6097,.F.);
#6107=CARTESIAN_POINT('',(0.E0,-1.475E0,-2.11E0));
#6108=DIRECTION('',(0.E0,0.E0,1.E0));
#6109=DIRECTION('',(-1.E0,0.E0,0.E0));
#6110=AXIS2_PLACEMENT_3D('',#6107,#6108,#6109);
#6111=PLANE('',#6110);
#6113=ORIENTED_EDGE('',*,*,#6112,.F.);
#6114=ORIENTED_EDGE('',*,*,#6098,.F.);
#6115=ORIENTED_EDGE('',*,*,#5646,.F.);
#6117=ORIENTED_EDGE('',*,*,#6116,.F.);
#6118=EDGE_LOOP('',(#6113,#6114,#6115,#6117));
#6119=FACE_OUTER_BOUND('',#6118,.F.);
#6120=ADVANCED_FACE('',(#6119),#6111,.T.);
#6121=CARTESIAN_POINT('',(-3.399058812192E-12,-1.15E0,-7.05E-1));
#6122=DIRECTION('',(0.E0,1.E0,0.E0));
#6123=DIRECTION('',(0.E0,0.E0,-1.E0));
#6124=AXIS2_PLACEMENT_3D('',#6121,#6122,#6123);
#6125=PLANE('',#6124);
#6126=ORIENTED_EDGE('',*,*,#5752,.F.);
#6127=ORIENTED_EDGE('',*,*,#6074,.T.);
#6128=ORIENTED_EDGE('',*,*,#6087,.F.);
#6129=ORIENTED_EDGE('',*,*,#6100,.F.);
#6130=ORIENTED_EDGE('',*,*,#6112,.T.);
#6132=ORIENTED_EDGE('',*,*,#6131,.F.);
#6134=ORIENTED_EDGE('',*,*,#6133,.F.);
#6135=ORIENTED_EDGE('',*,*,#5715,.T.);
#6136=EDGE_LOOP('',(#6126,#6127,#6128,#6129,#6130,#6132,#6134,#6135));
#6137=FACE_OUTER_BOUND('',#6136,.F.);
#6138=ADVANCED_FACE('',(#6137),#6125,.F.);
#6139=CARTESIAN_POINT('',(-1.75E0,-1.475E0,-1.93E0));
#6140=DIRECTION('',(1.E0,0.E0,0.E0));
#6141=DIRECTION('',(0.E0,0.E0,-1.E0));
#6142=AXIS2_PLACEMENT_3D('',#6139,#6140,#6141);
#6143=PLANE('',#6142);
#6144=ORIENTED_EDGE('',*,*,#6116,.T.);
#6145=ORIENTED_EDGE('',*,*,#5644,.T.);
#6147=ORIENTED_EDGE('',*,*,#6146,.T.);
#6148=ORIENTED_EDGE('',*,*,#6131,.T.);
#6149=EDGE_LOOP('',(#6144,#6145,#6147,#6148));
#6150=FACE_OUTER_BOUND('',#6149,.F.);
#6151=ADVANCED_FACE('',(#6150),#6143,.T.);
#6152=CARTESIAN_POINT('',(-3.288397459622E0,-1.475E0,-1.75E0));
#6153=DIRECTION('',(0.E0,0.E0,1.E0));
#6154=DIRECTION('',(1.E0,0.E0,0.E0));
#6155=AXIS2_PLACEMENT_3D('',#6152,#6153,#6154);
#6156=PLANE('',#6155);
#6157=ORIENTED_EDGE('',*,*,#5642,.T.);
#6158=ORIENTED_EDGE('',*,*,#5717,.T.);
#6159=ORIENTED_EDGE('',*,*,#6133,.T.);
#6160=ORIENTED_EDGE('',*,*,#6146,.F.);
#6161=EDGE_LOOP('',(#6157,#6158,#6159,#6160));
#6162=FACE_OUTER_BOUND('',#6161,.F.);
#6163=ADVANCED_FACE('',(#6162),#6156,.T.);
#6164=CARTESIAN_POINT('',(-4.925E0,-9.75E-1,-1.875E0));
#6165=DIRECTION('',(9.607141828410E-1,0.E0,-2.775396528213E-1));
#6166=DIRECTION('',(0.E0,-1.E0,0.E0));
#6167=AXIS2_PLACEMENT_3D('',#6164,#6165,#6166);
#6168=PLANE('',#6167);
#6169=ORIENTED_EDGE('',*,*,#3780,.F.);
#6170=ORIENTED_EDGE('',*,*,#5740,.F.);
#6171=ORIENTED_EDGE('',*,*,#4790,.F.);
#6172=ORIENTED_EDGE('',*,*,#4251,.F.);
#6173=EDGE_LOOP('',(#6169,#6170,#6171,#6172));
#6174=FACE_OUTER_BOUND('',#6173,.F.);
#6175=ADVANCED_FACE('',(#6174),#6168,.T.);
#6176=CARTESIAN_POINT('',(4.925E0,-9.75E-1,-1.875E0));
#6177=DIRECTION('',(9.607141828410E-1,0.E0,2.775396528213E-1));
#6178=DIRECTION('',(0.E0,-1.E0,0.E0));
#6179=AXIS2_PLACEMENT_3D('',#6176,#6177,#6178);
#6180=PLANE('',#6179);
#6181=ORIENTED_EDGE('',*,*,#5743,.F.);
#6182=ORIENTED_EDGE('',*,*,#3776,.F.);
#6183=ORIENTED_EDGE('',*,*,#4209,.F.);
#6184=ORIENTED_EDGE('',*,*,#4802,.F.);
#6185=EDGE_LOOP('',(#6181,#6182,#6183,#6184));
#6186=FACE_OUTER_BOUND('',#6185,.F.);
#6187=ADVANCED_FACE('',(#6186),#6180,.F.);
#6188=CARTESIAN_POINT('',(-4.785E0,-4.25E-1,-2.35E0));
#6189=DIRECTION('',(0.E0,0.E0,1.E0));
#6190=DIRECTION('',(0.E0,1.E0,0.E0));
#6191=AXIS2_PLACEMENT_3D('',#6188,#6189,#6190);
#6192=PLANE('',#6191);
#6193=ORIENTED_EDGE('',*,*,#5691,.T.);
#6194=ORIENTED_EDGE('',*,*,#4968,.T.);
#6195=ORIENTED_EDGE('',*,*,#5006,.T.);
#6197=ORIENTED_EDGE('',*,*,#6196,.F.);
#6198=EDGE_LOOP('',(#6193,#6194,#6195,#6197));
#6199=FACE_OUTER_BOUND('',#6198,.F.);
#6200=ADVANCED_FACE('',(#6199),#6192,.T.);
#6201=CARTESIAN_POINT('',(-4.62E0,-6.25E-1,-2.75E0));
#6202=DIRECTION('',(1.E0,0.E0,0.E0));
#6203=DIRECTION('',(0.E0,1.E0,0.E0));
#6204=AXIS2_PLACEMENT_3D('',#6201,#6202,#6203);
#6205=PLANE('',#6204);
#6206=ORIENTED_EDGE('',*,*,#5004,.T.);
#6208=ORIENTED_EDGE('',*,*,#6207,.T.);
#6210=ORIENTED_EDGE('',*,*,#6209,.T.);
#6211=ORIENTED_EDGE('',*,*,#6196,.T.);
#6212=EDGE_LOOP('',(#6206,#6208,#6210,#6211));
#6213=FACE_OUTER_BOUND('',#6212,.F.);
#6214=ADVANCED_FACE('',(#6213),#6205,.T.);
#6215=CARTESIAN_POINT('',(0.E0,0.E0,-3.15E0));
#6216=DIRECTION('',(0.E0,0.E0,1.E0));
#6217=DIRECTION('',(1.E0,0.E0,0.E0));
#6218=AXIS2_PLACEMENT_3D('',#6215,#6216,#6217);
#6219=PLANE('',#6218);
#6220=ORIENTED_EDGE('',*,*,#5656,.T.);
#6221=ORIENTED_EDGE('',*,*,#5164,.T.);
#6222=ORIENTED_EDGE('',*,*,#5184,.T.);
#6223=ORIENTED_EDGE('',*,*,#5206,.T.);
#6224=EDGE_LOOP('',(#6220,#6221,#6222,#6223));
#6225=FACE_OUTER_BOUND('',#6224,.F.);
#6226=ORIENTED_EDGE('',*,*,#5002,.F.);
#6228=ORIENTED_EDGE('',*,*,#6227,.F.);
#6230=ORIENTED_EDGE('',*,*,#6229,.F.);
#6231=ORIENTED_EDGE('',*,*,#6207,.F.);
#6232=EDGE_LOOP('',(#6226,#6228,#6230,#6231));
#6233=FACE_BOUND('',#6232,.F.);
#6235=ORIENTED_EDGE('',*,*,#6234,.F.);
#6237=ORIENTED_EDGE('',*,*,#6236,.F.);
#6239=ORIENTED_EDGE('',*,*,#6238,.F.);
#6240=EDGE_LOOP('',(#6235,#6237,#6239));
#6241=FACE_BOUND('',#6240,.F.);
#6242=ADVANCED_FACE('',(#6225,#6233,#6241),#6219,.F.);
#6243=CARTESIAN_POINT('',(4.62E0,-6.25E-1,-2.75E0));
#6244=DIRECTION('',(1.E0,0.E0,0.E0));
#6245=DIRECTION('',(0.E0,-1.E0,0.E0));
#6246=AXIS2_PLACEMENT_3D('',#6243,#6244,#6245);
#6247=PLANE('',#6246);
#6248=ORIENTED_EDGE('',*,*,#5000,.T.);
#6250=ORIENTED_EDGE('',*,*,#6249,.T.);
#6252=ORIENTED_EDGE('',*,*,#6251,.T.);
#6253=ORIENTED_EDGE('',*,*,#6227,.T.);
#6254=EDGE_LOOP('',(#6248,#6250,#6252,#6253));
#6255=FACE_OUTER_BOUND('',#6254,.F.);
#6256=ADVANCED_FACE('',(#6255),#6247,.F.);
#6257=CARTESIAN_POINT('',(4.785E0,-4.25E-1,-2.35E0));
#6258=DIRECTION('',(0.E0,0.E0,1.E0));
#6259=DIRECTION('',(0.E0,1.E0,0.E0));
#6260=AXIS2_PLACEMENT_3D('',#6257,#6258,#6259);
#6261=PLANE('',#6260);
#6262=ORIENTED_EDGE('',*,*,#5695,.T.);
#6263=ORIENTED_EDGE('',*,*,#6249,.F.);
#6264=ORIENTED_EDGE('',*,*,#4998,.T.);
#6265=ORIENTED_EDGE('',*,*,#5022,.F.);
#6266=EDGE_LOOP('',(#6262,#6263,#6264,#6265));
#6267=FACE_OUTER_BOUND('',#6266,.F.);
#6268=ADVANCED_FACE('',(#6267),#6261,.T.);
#6269=CARTESIAN_POINT('',(0.E0,-9.250000000002E-1,-2.75E0));
#6270=DIRECTION('',(0.E0,8.715755371242E-1,-4.902612396332E-1));
#6271=DIRECTION('',(0.E0,-4.902612396332E-1,-8.715755371242E-1));
#6272=AXIS2_PLACEMENT_3D('',#6269,#6270,#6271);
#6273=PLANE('',#6272);
#6274=ORIENTED_EDGE('',*,*,#5693,.T.);
#6275=ORIENTED_EDGE('',*,*,#6209,.F.);
#6276=ORIENTED_EDGE('',*,*,#6229,.T.);
#6277=ORIENTED_EDGE('',*,*,#6251,.F.);
#6278=EDGE_LOOP('',(#6274,#6275,#6276,#6277));
#6279=FACE_OUTER_BOUND('',#6278,.F.);
#6280=ADVANCED_FACE('',(#6279),#6273,.T.);
#6281=CARTESIAN_POINT('',(4.75E0,1.166987298108E0,-3.1E0));
#6282=DIRECTION('',(8.660254037845E-1,-4.999999999999E-1,0.E0));
#6283=DIRECTION('',(-4.999999999999E-1,-8.660254037845E-1,0.E0));
#6284=AXIS2_PLACEMENT_3D('',#6281,#6282,#6283);
#6285=PLANE('',#6284);
#6286=ORIENTED_EDGE('',*,*,#6234,.T.);
#6288=ORIENTED_EDGE('',*,*,#6287,.F.);
#6290=ORIENTED_EDGE('',*,*,#6289,.T.);
#6292=ORIENTED_EDGE('',*,*,#6291,.F.);
#6293=EDGE_LOOP('',(#6286,#6288,#6290,#6292));
#6294=FACE_OUTER_BOUND('',#6293,.F.);
#6295=ADVANCED_FACE('',(#6294),#6285,.F.);
#6296=CARTESIAN_POINT('',(4.5E0,1.6E0,-3.1E0));
#6297=DIRECTION('',(0.E0,1.E0,0.E0));
#6298=DIRECTION('',(1.E0,0.E0,0.E0));
#6299=AXIS2_PLACEMENT_3D('',#6296,#6297,#6298);
#6300=PLANE('',#6299);
#6301=ORIENTED_EDGE('',*,*,#6238,.T.);
#6303=ORIENTED_EDGE('',*,*,#6302,.F.);
#6305=ORIENTED_EDGE('',*,*,#6304,.T.);
#6306=ORIENTED_EDGE('',*,*,#6287,.T.);
#6307=EDGE_LOOP('',(#6301,#6303,#6305,#6306));
#6308=FACE_OUTER_BOUND('',#6307,.F.);
#6309=ADVANCED_FACE('',(#6308),#6300,.F.);
#6310=CARTESIAN_POINT('',(4.25E0,1.166987298108E0,-3.1E0));
#6311=DIRECTION('',(8.660254037845E-1,4.999999999999E-1,0.E0));
#6312=DIRECTION('',(-4.999999999999E-1,8.660254037845E-1,0.E0));
#6313=AXIS2_PLACEMENT_3D('',#6310,#6311,#6312);
#6314=PLANE('',#6313);
#6315=ORIENTED_EDGE('',*,*,#6236,.T.);
#6316=ORIENTED_EDGE('',*,*,#6291,.T.);
#6318=ORIENTED_EDGE('',*,*,#6317,.T.);
#6319=ORIENTED_EDGE('',*,*,#6302,.T.);
#6320=EDGE_LOOP('',(#6315,#6316,#6318,#6319));
#6321=FACE_OUTER_BOUND('',#6320,.F.);
#6322=ADVANCED_FACE('',(#6321),#6314,.T.);
#6323=CARTESIAN_POINT('',(4.5E0,1.166987298108E0,-3.05E0));
#6324=DIRECTION('',(0.E0,0.E0,1.E0));
#6325=DIRECTION('',(-1.E0,0.E0,0.E0));
#6326=AXIS2_PLACEMENT_3D('',#6323,#6324,#6325);
#6327=PLANE('',#6326);
#6328=ORIENTED_EDGE('',*,*,#6289,.F.);
#6329=ORIENTED_EDGE('',*,*,#6304,.F.);
#6330=ORIENTED_EDGE('',*,*,#6317,.F.);
#6331=EDGE_LOOP('',(#6328,#6329,#6330));
#6332=FACE_OUTER_BOUND('',#6331,.F.);
#6333=ADVANCED_FACE('',(#6332),#6327,.F.);
#6334=CARTESIAN_POINT('',(-6.864045125260E0,-7.E-1,-2.13E0));
#6335=DIRECTION('',(0.E0,1.E0,0.E0));
#6336=DIRECTION('',(0.E0,0.E0,-1.E0));
#6337=AXIS2_PLACEMENT_3D('',#6334,#6335,#6336);
#6338=PLANE('',#6337);
#6339=ORIENTED_EDGE('',*,*,#5200,.T.);
#6340=ORIENTED_EDGE('',*,*,#5233,.T.);
#6341=ORIENTED_EDGE('',*,*,#5254,.T.);
#6342=ORIENTED_EDGE('',*,*,#5674,.T.);
#6343=EDGE_LOOP('',(#6339,#6340,#6341,#6342));
#6344=FACE_OUTER_BOUND('',#6343,.F.);
#6345=ADVANCED_FACE('',(#6344),#6338,.T.);
#6346=CARTESIAN_POINT('',(6.270302585062E0,-1.2E0,0.E0));
#6347=DIRECTION('',(0.E0,1.E0,0.E0));
#6348=DIRECTION('',(-1.E0,0.E0,0.E0));
#6349=AXIS2_PLACEMENT_3D('',#6346,#6347,#6348);
#6350=PLANE('',#6349);
#6351=ORIENTED_EDGE('',*,*,#5544,.T.);
#6352=ORIENTED_EDGE('',*,*,#4214,.T.);
#6354=ORIENTED_EDGE('',*,*,#6353,.T.);
#6356=ORIENTED_EDGE('',*,*,#6355,.T.);
#6357=ORIENTED_EDGE('',*,*,#3985,.T.);
#6358=EDGE_LOOP('',(#6351,#6352,#6354,#6356,#6357));
#6359=FACE_OUTER_BOUND('',#6358,.F.);
#6360=ADVANCED_FACE('',(#6359),#6350,.T.);
#6361=CARTESIAN_POINT('',(6.4E0,-1.5E0,-2.E0));
#6362=DIRECTION('',(7.071067811865E-1,0.E0,-7.071067811865E-1));
#6363=DIRECTION('',(0.E0,-1.E0,0.E0));
#6364=AXIS2_PLACEMENT_3D('',#6361,#6362,#6363);
#6365=PLANE('',#6364);
#6366=ORIENTED_EDGE('',*,*,#6353,.F.);
#6367=ORIENTED_EDGE('',*,*,#4212,.F.);
#6368=ORIENTED_EDGE('',*,*,#3772,.F.);
#6370=ORIENTED_EDGE('',*,*,#6369,.T.);
#6371=EDGE_LOOP('',(#6366,#6367,#6368,#6370));
#6372=FACE_OUTER_BOUND('',#6371,.F.);
#6373=ADVANCED_FACE('',(#6372),#6365,.T.);
#6374=CARTESIAN_POINT('',(6.5E0,-1.5E0,1.E-1));
#6375=DIRECTION('',(1.E0,0.E0,0.E0));
#6376=DIRECTION('',(0.E0,0.E0,-1.E0));
#6377=AXIS2_PLACEMENT_3D('',#6374,#6375,#6376);
#6378=PLANE('',#6377);
#6379=ORIENTED_EDGE('',*,*,#6355,.F.);
#6380=ORIENTED_EDGE('',*,*,#6369,.F.);
#6381=ORIENTED_EDGE('',*,*,#3770,.F.);
#6382=ORIENTED_EDGE('',*,*,#3987,.F.);
#6383=EDGE_LOOP('',(#6379,#6380,#6381,#6382));
#6384=FACE_OUTER_BOUND('',#6383,.F.);
#6385=ADVANCED_FACE('',(#6384),#6378,.T.);
#6386=CARTESIAN_POINT('',(2.449596081533E-12,1.32E0,1.64E0));
#6387=DIRECTION('',(0.E0,1.E0,0.E0));
#6388=DIRECTION('',(0.E0,0.E0,-1.E0));
#6389=AXIS2_PLACEMENT_3D('',#6386,#6387,#6388);
#6390=PLANE('',#6389);
#6391=ORIENTED_EDGE('',*,*,#5452,.F.);
#6392=ORIENTED_EDGE('',*,*,#5547,.F.);
#6393=ORIENTED_EDGE('',*,*,#3981,.F.);
#6394=ORIENTED_EDGE('',*,*,#5294,.F.);
#6395=EDGE_LOOP('',(#6391,#6392,#6393,#6394));
#6396=FACE_OUTER_BOUND('',#6395,.F.);
#6398=ORIENTED_EDGE('',*,*,#6397,.T.);
#6400=ORIENTED_EDGE('',*,*,#6399,.T.);
#6402=ORIENTED_EDGE('',*,*,#6401,.F.);
#6404=ORIENTED_EDGE('',*,*,#6403,.F.);
#6405=EDGE_LOOP('',(#6398,#6400,#6402,#6404));
#6406=FACE_BOUND('',#6405,.F.);
#6408=ORIENTED_EDGE('',*,*,#6407,.T.);
#6410=ORIENTED_EDGE('',*,*,#6409,.T.);
#6412=ORIENTED_EDGE('',*,*,#6411,.F.);
#6414=ORIENTED_EDGE('',*,*,#6413,.F.);
#6415=EDGE_LOOP('',(#6408,#6410,#6412,#6414));
#6416=FACE_BOUND('',#6415,.F.);
#6417=ORIENTED_EDGE('',*,*,#4702,.T.);
#6419=ORIENTED_EDGE('',*,*,#6418,.T.);
#6420=ORIENTED_EDGE('',*,*,#4767,.F.);
#6422=ORIENTED_EDGE('',*,*,#6421,.F.);
#6423=EDGE_LOOP('',(#6417,#6419,#6420,#6422));
#6424=FACE_BOUND('',#6423,.F.);
#6425=ORIENTED_EDGE('',*,*,#4352,.T.);
#6427=ORIENTED_EDGE('',*,*,#6426,.T.);
#6428=ORIENTED_EDGE('',*,*,#4420,.F.);
#6430=ORIENTED_EDGE('',*,*,#6429,.F.);
#6431=EDGE_LOOP('',(#6425,#6427,#6428,#6430));
#6432=FACE_BOUND('',#6431,.F.);
#6433=ADVANCED_FACE('',(#6396,#6406,#6416,#6424,#6432),#6390,.T.);
#6434=CARTESIAN_POINT('',(-3.3E0,8.25E-1,-1.101854184287E-1));
#6435=DIRECTION('',(1.E0,0.E0,0.E0));
#6436=DIRECTION('',(0.E0,1.E0,0.E0));
#6437=AXIS2_PLACEMENT_3D('',#6434,#6435,#6436);
#6438=PLANE('',#6437);
#6439=ORIENTED_EDGE('',*,*,#4263,.F.);
#6441=ORIENTED_EDGE('',*,*,#6440,.T.);
#6442=ORIENTED_EDGE('',*,*,#4606,.F.);
#6443=ORIENTED_EDGE('',*,*,#4454,.T.);
#6444=EDGE_LOOP('',(#6439,#6441,#6442,#6443));
#6445=FACE_OUTER_BOUND('',#6444,.F.);
#6446=ADVANCED_FACE('',(#6445),#6438,.T.);
#6447=CARTESIAN_POINT('',(-3.3E0,8.25E-1,-1.101854184287E-1));
#6448=DIRECTION('',(1.E0,0.E0,0.E0));
#6449=DIRECTION('',(0.E0,1.E0,0.E0));
#6450=AXIS2_PLACEMENT_3D('',#6447,#6448,#6449);
#6451=PLANE('',#6450);
#6452=ORIENTED_EDGE('',*,*,#4843,.T.);
#6454=ORIENTED_EDGE('',*,*,#6453,.T.);
#6456=ORIENTED_EDGE('',*,*,#6455,.T.);
#6458=ORIENTED_EDGE('',*,*,#6457,.T.);
#6460=ORIENTED_EDGE('',*,*,#6459,.T.);
#6462=ORIENTED_EDGE('',*,*,#6461,.T.);
#6463=EDGE_LOOP('',(#6452,#6454,#6456,#6458,#6460,#6462));
#6464=FACE_OUTER_BOUND('',#6463,.F.);
#6465=ADVANCED_FACE('',(#6464),#6451,.T.);
#6466=CARTESIAN_POINT('',(-3.3E0,8.25E-1,-1.101854184287E-1));
#6467=DIRECTION('',(1.E0,0.E0,0.E0));
#6468=DIRECTION('',(0.E0,1.E0,0.E0));
#6469=AXIS2_PLACEMENT_3D('',#6466,#6467,#6468);
#6470=PLANE('',#6469);
#6471=ORIENTED_EDGE('',*,*,#6397,.F.);
#6473=ORIENTED_EDGE('',*,*,#6472,.T.);
#6475=ORIENTED_EDGE('',*,*,#6474,.T.);
#6477=ORIENTED_EDGE('',*,*,#6476,.T.);
#6479=ORIENTED_EDGE('',*,*,#6478,.T.);
#6481=ORIENTED_EDGE('',*,*,#6480,.T.);
#6482=EDGE_LOOP('',(#6471,#6473,#6475,#6477,#6479,#6481));
#6483=FACE_OUTER_BOUND('',#6482,.F.);
#6484=ADVANCED_FACE('',(#6483),#6470,.T.);
#6485=CARTESIAN_POINT('',(-3.292E0,6.5E-1,-1.72E0));
#6486=DIRECTION('',(-1.E0,0.E0,0.E0));
#6487=DIRECTION('',(0.E0,1.E0,0.E0));
#6488=AXIS2_PLACEMENT_3D('',#6485,#6486,#6487);
#6489=CYLINDRICAL_SURFACE('',#6488,6.5E-1);
#6490=ORIENTED_EDGE('',*,*,#4261,.T.);
#6492=ORIENTED_EDGE('',*,*,#6491,.T.);
#6493=ORIENTED_EDGE('',*,*,#4608,.F.);
#6494=ORIENTED_EDGE('',*,*,#6440,.F.);
#6495=EDGE_LOOP('',(#6490,#6492,#6493,#6494));
#6496=FACE_OUTER_BOUND('',#6495,.F.);
#6497=ADVANCED_FACE('',(#6496),#6489,.T.);
#6498=CARTESIAN_POINT('',(-3.7E0,8.25E-1,-1.101854184287E-1));
#6499=DIRECTION('',(1.E0,0.E0,0.E0));
#6500=DIRECTION('',(0.E0,1.E0,0.E0));
#6501=AXIS2_PLACEMENT_3D('',#6498,#6499,#6500);
#6502=PLANE('',#6501);
#6503=ORIENTED_EDGE('',*,*,#4259,.T.);
#6504=ORIENTED_EDGE('',*,*,#4469,.F.);
#6505=ORIENTED_EDGE('',*,*,#4610,.T.);
#6506=ORIENTED_EDGE('',*,*,#6491,.F.);
#6507=EDGE_LOOP('',(#6503,#6504,#6505,#6506));
#6508=FACE_OUTER_BOUND('',#6507,.F.);
#6509=ADVANCED_FACE('',(#6508),#6502,.F.);
#6510=CARTESIAN_POINT('',(-3.7E0,8.25E-1,-1.101854184287E-1));
#6511=DIRECTION('',(1.E0,0.E0,0.E0));
#6512=DIRECTION('',(0.E0,1.E0,0.E0));
#6513=AXIS2_PLACEMENT_3D('',#6510,#6511,#6512);
#6514=PLANE('',#6513);
#6515=ORIENTED_EDGE('',*,*,#4847,.F.);
#6517=ORIENTED_EDGE('',*,*,#6516,.F.);
#6519=ORIENTED_EDGE('',*,*,#6518,.F.);
#6521=ORIENTED_EDGE('',*,*,#6520,.F.);
#6523=ORIENTED_EDGE('',*,*,#6522,.F.);
#6525=ORIENTED_EDGE('',*,*,#6524,.F.);
#6526=EDGE_LOOP('',(#6515,#6517,#6519,#6521,#6523,#6525));
#6527=FACE_OUTER_BOUND('',#6526,.F.);
#6528=ADVANCED_FACE('',(#6527),#6514,.F.);
#6529=CARTESIAN_POINT('',(-3.7E0,8.25E-1,-1.101854184287E-1));
#6530=DIRECTION('',(1.E0,0.E0,0.E0));
#6531=DIRECTION('',(0.E0,1.E0,0.E0));
#6532=AXIS2_PLACEMENT_3D('',#6529,#6530,#6531);
#6533=PLANE('',#6532);
#6534=ORIENTED_EDGE('',*,*,#6401,.T.);
#6536=ORIENTED_EDGE('',*,*,#6535,.F.);
#6538=ORIENTED_EDGE('',*,*,#6537,.F.);
#6540=ORIENTED_EDGE('',*,*,#6539,.F.);
#6542=ORIENTED_EDGE('',*,*,#6541,.F.);
#6544=ORIENTED_EDGE('',*,*,#6543,.F.);
#6545=EDGE_LOOP('',(#6534,#6536,#6538,#6540,#6542,#6544));
#6546=FACE_OUTER_BOUND('',#6545,.F.);
#6547=ADVANCED_FACE('',(#6546),#6533,.F.);
#6548=CARTESIAN_POINT('',(-3.5E0,-2.164356570068E-1,-5.668512856276E-1));
#6549=DIRECTION('',(0.E0,9.135454576426E-1,4.067366430758E-1));
#6550=DIRECTION('',(0.E0,4.067366430758E-1,-9.135454576426E-1));
#6551=AXIS2_PLACEMENT_3D('',#6548,#6549,#6550);
#6552=PLANE('',#6551);
#6553=ORIENTED_EDGE('',*,*,#4845,.F.);
#6554=ORIENTED_EDGE('',*,*,#6461,.F.);
#6556=ORIENTED_EDGE('',*,*,#6555,.T.);
#6557=ORIENTED_EDGE('',*,*,#6516,.T.);
#6558=EDGE_LOOP('',(#6553,#6554,#6556,#6557));
#6559=FACE_OUTER_BOUND('',#6558,.F.);
#6560=ADVANCED_FACE('',(#6559),#6552,.T.);
#6561=CARTESIAN_POINT('',(-3.5E0,-4.753697698094E-1,-2.130381615721E-1));
#6562=DIRECTION('',(0.E0,-4.067366430757E-1,9.135454576426E-1));
#6563=DIRECTION('',(0.E0,9.135454576426E-1,4.067366430757E-1));
#6564=AXIS2_PLACEMENT_3D('',#6561,#6562,#6563);
#6565=PLANE('',#6564);
#6566=ORIENTED_EDGE('',*,*,#6459,.F.);
#6568=ORIENTED_EDGE('',*,*,#6567,.F.);
#6569=ORIENTED_EDGE('',*,*,#6518,.T.);
#6570=ORIENTED_EDGE('',*,*,#6555,.F.);
#6571=EDGE_LOOP('',(#6566,#6568,#6569,#6570));
#6572=FACE_OUTER_BOUND('',#6571,.F.);
#6573=ADVANCED_FACE('',(#6572),#6565,.T.);
#6574=CARTESIAN_POINT('',(-3.5E0,-5.8E-1,-2.853589838486E-1));
#6575=DIRECTION('',(0.E0,8.660254037844E-1,-5.E-1));
#6576=DIRECTION('',(0.E0,5.E-1,8.660254037844E-1));
#6577=AXIS2_PLACEMENT_3D('',#6574,#6575,#6576);
#6578=PLANE('',#6577);
#6579=ORIENTED_EDGE('',*,*,#6457,.F.);
#6581=ORIENTED_EDGE('',*,*,#6580,.T.);
#6582=ORIENTED_EDGE('',*,*,#6520,.T.);
#6583=ORIENTED_EDGE('',*,*,#6567,.T.);
#6584=EDGE_LOOP('',(#6579,#6581,#6582,#6583));
#6585=FACE_OUTER_BOUND('',#6584,.F.);
#6586=ADVANCED_FACE('',(#6585),#6578,.F.);
#6587=CARTESIAN_POINT('',(-3.5E0,-4.373053427696E-1,-6.854181830568E-1));
#6588=DIRECTION('',(0.E0,9.135454576425E-1,4.067366430760E-1));
#6589=DIRECTION('',(0.E0,-4.067366430760E-1,9.135454576425E-1));
#6590=AXIS2_PLACEMENT_3D('',#6587,#6588,#6589);
#6591=PLANE('',#6590);
#6592=ORIENTED_EDGE('',*,*,#6455,.F.);
#6594=ORIENTED_EDGE('',*,*,#6593,.T.);
#6595=ORIENTED_EDGE('',*,*,#6522,.T.);
#6596=ORIENTED_EDGE('',*,*,#6580,.F.);
#6597=EDGE_LOOP('',(#6592,#6594,#6595,#6596));
#6598=FACE_OUTER_BOUND('',#6597,.F.);
#6599=ADVANCED_FACE('',(#6598),#6591,.F.);
#6600=CARTESIAN_POINT('',(-3.5E0,-1.188706977439E-1,-1.493319448710E0));
#6601=DIRECTION('',(0.E0,9.432780153053E-1,3.320038943172E-1));
#6602=DIRECTION('',(0.E0,-3.320038943172E-1,9.432780153053E-1));
#6603=AXIS2_PLACEMENT_3D('',#6600,#6601,#6602);
#6604=PLANE('',#6603);
#6605=ORIENTED_EDGE('',*,*,#4849,.F.);
#6606=ORIENTED_EDGE('',*,*,#6524,.T.);
#6607=ORIENTED_EDGE('',*,*,#6593,.F.);
#6608=ORIENTED_EDGE('',*,*,#6453,.F.);
#6609=EDGE_LOOP('',(#6605,#6606,#6607,#6608));
#6610=FACE_OUTER_BOUND('',#6609,.F.);
#6611=ADVANCED_FACE('',(#6610),#6604,.F.);
#6612=CARTESIAN_POINT('',(-3.292E0,1.55E0,1.65E0));
#6613=DIRECTION('',(-1.E0,0.E0,0.E0));
#6614=DIRECTION('',(0.E0,1.E0,0.E0));
#6615=AXIS2_PLACEMENT_3D('',#6612,#6613,#6614);
#6616=CYLINDRICAL_SURFACE('',#6615,2.5E-1);
#6617=ORIENTED_EDGE('',*,*,#6399,.F.);
#6618=ORIENTED_EDGE('',*,*,#6480,.F.);
#6620=ORIENTED_EDGE('',*,*,#6619,.F.);
#6621=ORIENTED_EDGE('',*,*,#6535,.T.);
#6622=EDGE_LOOP('',(#6617,#6618,#6620,#6621));
#6623=FACE_OUTER_BOUND('',#6622,.F.);
#6624=ADVANCED_FACE('',(#6623),#6616,.F.);
#6625=CARTESIAN_POINT('',(-3.5E0,1.9E0,1.9E0));
#6626=DIRECTION('',(0.E0,0.E0,1.E0));
#6627=DIRECTION('',(0.E0,-1.E0,0.E0));
#6628=AXIS2_PLACEMENT_3D('',#6625,#6626,#6627);
#6629=PLANE('',#6628);
#6630=ORIENTED_EDGE('',*,*,#6478,.F.);
#6632=ORIENTED_EDGE('',*,*,#6631,.T.);
#6633=ORIENTED_EDGE('',*,*,#6537,.T.);
#6634=ORIENTED_EDGE('',*,*,#6619,.T.);
#6635=EDGE_LOOP('',(#6630,#6632,#6633,#6634));
#6636=FACE_OUTER_BOUND('',#6635,.F.);
#6637=ADVANCED_FACE('',(#6636),#6629,.F.);
#6638=CARTESIAN_POINT('',(-3.5E0,2.25E0,2.025E0));
#6639=DIRECTION('',(0.E0,1.E0,0.E0));
#6640=DIRECTION('',(0.E0,0.E0,-1.E0));
#6641=AXIS2_PLACEMENT_3D('',#6638,#6639,#6640);
#6642=PLANE('',#6641);
#6643=ORIENTED_EDGE('',*,*,#6476,.F.);
#6645=ORIENTED_EDGE('',*,*,#6644,.T.);
#6646=ORIENTED_EDGE('',*,*,#6539,.T.);
#6647=ORIENTED_EDGE('',*,*,#6631,.F.);
#6648=EDGE_LOOP('',(#6643,#6645,#6646,#6647));
#6649=FACE_OUTER_BOUND('',#6648,.F.);
#6650=ADVANCED_FACE('',(#6649),#6642,.T.);
#6651=CARTESIAN_POINT('',(-3.5E0,1.9E0,2.15E0));
#6652=DIRECTION('',(0.E0,0.E0,1.E0));
#6653=DIRECTION('',(0.E0,1.E0,0.E0));
#6654=AXIS2_PLACEMENT_3D('',#6651,#6652,#6653);
#6655=PLANE('',#6654);
#6656=ORIENTED_EDGE('',*,*,#6474,.F.);
#6658=ORIENTED_EDGE('',*,*,#6657,.F.);
#6659=ORIENTED_EDGE('',*,*,#6541,.T.);
#6660=ORIENTED_EDGE('',*,*,#6644,.F.);
#6661=EDGE_LOOP('',(#6656,#6658,#6659,#6660));
#6662=FACE_OUTER_BOUND('',#6661,.F.);
#6663=ADVANCED_FACE('',(#6662),#6655,.T.);
#6664=CARTESIAN_POINT('',(-3.292E0,1.55E0,1.65E0));
#6665=DIRECTION('',(-1.E0,0.E0,0.E0));
#6666=DIRECTION('',(0.E0,1.E0,0.E0));
#6667=AXIS2_PLACEMENT_3D('',#6664,#6665,#6666);
#6668=CYLINDRICAL_SURFACE('',#6667,5.E-1);
#6669=ORIENTED_EDGE('',*,*,#6403,.T.);
#6670=ORIENTED_EDGE('',*,*,#6543,.T.);
#6671=ORIENTED_EDGE('',*,*,#6657,.T.);
#6672=ORIENTED_EDGE('',*,*,#6472,.F.);
#6673=EDGE_LOOP('',(#6669,#6670,#6671,#6672));
#6674=FACE_OUTER_BOUND('',#6673,.F.);
#6675=ADVANCED_FACE('',(#6674),#6668,.T.);
#6676=CARTESIAN_POINT('',(-1.3E0,8.25E-1,-1.101854184287E-1));
#6677=DIRECTION('',(1.E0,0.E0,0.E0));
#6678=DIRECTION('',(0.E0,1.E0,0.E0));
#6679=AXIS2_PLACEMENT_3D('',#6676,#6677,#6678);
#6680=PLANE('',#6679);
#6681=ORIENTED_EDGE('',*,*,#4279,.F.);
#6683=ORIENTED_EDGE('',*,*,#6682,.T.);
#6684=ORIENTED_EDGE('',*,*,#4592,.F.);
#6685=ORIENTED_EDGE('',*,*,#4484,.T.);
#6686=EDGE_LOOP('',(#6681,#6683,#6684,#6685));
#6687=FACE_OUTER_BOUND('',#6686,.F.);
#6688=ADVANCED_FACE('',(#6687),#6680,.T.);
#6689=CARTESIAN_POINT('',(-1.3E0,8.25E-1,-1.101854184287E-1));
#6690=DIRECTION('',(1.E0,0.E0,0.E0));
#6691=DIRECTION('',(0.E0,1.E0,0.E0));
#6692=AXIS2_PLACEMENT_3D('',#6689,#6690,#6691);
#6693=PLANE('',#6692);
#6694=ORIENTED_EDGE('',*,*,#4853,.T.);
#6696=ORIENTED_EDGE('',*,*,#6695,.T.);
#6698=ORIENTED_EDGE('',*,*,#6697,.T.);
#6700=ORIENTED_EDGE('',*,*,#6699,.T.);
#6702=ORIENTED_EDGE('',*,*,#6701,.T.);
#6704=ORIENTED_EDGE('',*,*,#6703,.T.);
#6705=EDGE_LOOP('',(#6694,#6696,#6698,#6700,#6702,#6704));
#6706=FACE_OUTER_BOUND('',#6705,.F.);
#6707=ADVANCED_FACE('',(#6706),#6693,.T.);
#6708=CARTESIAN_POINT('',(-1.3E0,8.25E-1,-1.101854184287E-1));
#6709=DIRECTION('',(1.E0,0.E0,0.E0));
#6710=DIRECTION('',(0.E0,1.E0,0.E0));
#6711=AXIS2_PLACEMENT_3D('',#6708,#6709,#6710);
#6712=PLANE('',#6711);
#6713=ORIENTED_EDGE('',*,*,#6407,.F.);
#6715=ORIENTED_EDGE('',*,*,#6714,.T.);
#6717=ORIENTED_EDGE('',*,*,#6716,.T.);
#6719=ORIENTED_EDGE('',*,*,#6718,.T.);
#6721=ORIENTED_EDGE('',*,*,#6720,.T.);
#6723=ORIENTED_EDGE('',*,*,#6722,.T.);
#6724=EDGE_LOOP('',(#6713,#6715,#6717,#6719,#6721,#6723));
#6725=FACE_OUTER_BOUND('',#6724,.F.);
#6726=ADVANCED_FACE('',(#6725),#6712,.T.);
#6727=CARTESIAN_POINT('',(-1.292E0,6.5E-1,-1.72E0));
#6728=DIRECTION('',(-1.E0,0.E0,0.E0));
#6729=DIRECTION('',(0.E0,1.E0,0.E0));
#6730=AXIS2_PLACEMENT_3D('',#6727,#6728,#6729);
#6731=CYLINDRICAL_SURFACE('',#6730,6.5E-1);
#6732=ORIENTED_EDGE('',*,*,#4277,.T.);
#6734=ORIENTED_EDGE('',*,*,#6733,.T.);
#6735=ORIENTED_EDGE('',*,*,#4594,.F.);
#6736=ORIENTED_EDGE('',*,*,#6682,.F.);
#6737=EDGE_LOOP('',(#6732,#6734,#6735,#6736));
#6738=FACE_OUTER_BOUND('',#6737,.F.);
#6739=ADVANCED_FACE('',(#6738),#6731,.T.);
#6740=CARTESIAN_POINT('',(-1.7E0,8.25E-1,-1.101854184287E-1));
#6741=DIRECTION('',(1.E0,0.E0,0.E0));
#6742=DIRECTION('',(0.E0,1.E0,0.E0));
#6743=AXIS2_PLACEMENT_3D('',#6740,#6741,#6742);
#6744=PLANE('',#6743);
#6745=ORIENTED_EDGE('',*,*,#4275,.T.);
#6746=ORIENTED_EDGE('',*,*,#4499,.F.);
#6747=ORIENTED_EDGE('',*,*,#4596,.T.);
#6748=ORIENTED_EDGE('',*,*,#6733,.F.);
#6749=EDGE_LOOP('',(#6745,#6746,#6747,#6748));
#6750=FACE_OUTER_BOUND('',#6749,.F.);
#6751=ADVANCED_FACE('',(#6750),#6744,.F.);
#6752=CARTESIAN_POINT('',(-1.7E0,8.25E-1,-1.101854184287E-1));
#6753=DIRECTION('',(1.E0,0.E0,0.E0));
#6754=DIRECTION('',(0.E0,1.E0,0.E0));
#6755=AXIS2_PLACEMENT_3D('',#6752,#6753,#6754);
#6756=PLANE('',#6755);
#6757=ORIENTED_EDGE('',*,*,#4857,.F.);
#6759=ORIENTED_EDGE('',*,*,#6758,.F.);
#6761=ORIENTED_EDGE('',*,*,#6760,.F.);
#6763=ORIENTED_EDGE('',*,*,#6762,.F.);
#6765=ORIENTED_EDGE('',*,*,#6764,.F.);
#6767=ORIENTED_EDGE('',*,*,#6766,.F.);
#6768=EDGE_LOOP('',(#6757,#6759,#6761,#6763,#6765,#6767));
#6769=FACE_OUTER_BOUND('',#6768,.F.);
#6770=ADVANCED_FACE('',(#6769),#6756,.F.);
#6771=CARTESIAN_POINT('',(-1.7E0,8.25E-1,-1.101854184287E-1));
#6772=DIRECTION('',(1.E0,0.E0,0.E0));
#6773=DIRECTION('',(0.E0,1.E0,0.E0));
#6774=AXIS2_PLACEMENT_3D('',#6771,#6772,#6773);
#6775=PLANE('',#6774);
#6776=ORIENTED_EDGE('',*,*,#6411,.T.);
#6778=ORIENTED_EDGE('',*,*,#6777,.F.);
#6780=ORIENTED_EDGE('',*,*,#6779,.F.);
#6782=ORIENTED_EDGE('',*,*,#6781,.F.);
#6784=ORIENTED_EDGE('',*,*,#6783,.F.);
#6786=ORIENTED_EDGE('',*,*,#6785,.F.);
#6787=EDGE_LOOP('',(#6776,#6778,#6780,#6782,#6784,#6786));
#6788=FACE_OUTER_BOUND('',#6787,.F.);
#6789=ADVANCED_FACE('',(#6788),#6775,.F.);
#6790=CARTESIAN_POINT('',(-1.5E0,-2.164356570068E-1,-5.668512856276E-1));
#6791=DIRECTION('',(0.E0,9.135454576426E-1,4.067366430758E-1));
#6792=DIRECTION('',(0.E0,4.067366430758E-1,-9.135454576426E-1));
#6793=AXIS2_PLACEMENT_3D('',#6790,#6791,#6792);
#6794=PLANE('',#6793);
#6795=ORIENTED_EDGE('',*,*,#4855,.F.);
#6796=ORIENTED_EDGE('',*,*,#6703,.F.);
#6798=ORIENTED_EDGE('',*,*,#6797,.T.);
#6799=ORIENTED_EDGE('',*,*,#6758,.T.);
#6800=EDGE_LOOP('',(#6795,#6796,#6798,#6799));
#6801=FACE_OUTER_BOUND('',#6800,.F.);
#6802=ADVANCED_FACE('',(#6801),#6794,.T.);
#6803=CARTESIAN_POINT('',(-1.5E0,-4.753697698094E-1,-2.130381615721E-1));
#6804=DIRECTION('',(0.E0,-4.067366430757E-1,9.135454576426E-1));
#6805=DIRECTION('',(0.E0,9.135454576426E-1,4.067366430757E-1));
#6806=AXIS2_PLACEMENT_3D('',#6803,#6804,#6805);
#6807=PLANE('',#6806);
#6808=ORIENTED_EDGE('',*,*,#6701,.F.);
#6810=ORIENTED_EDGE('',*,*,#6809,.F.);
#6811=ORIENTED_EDGE('',*,*,#6760,.T.);
#6812=ORIENTED_EDGE('',*,*,#6797,.F.);
#6813=EDGE_LOOP('',(#6808,#6810,#6811,#6812));
#6814=FACE_OUTER_BOUND('',#6813,.F.);
#6815=ADVANCED_FACE('',(#6814),#6807,.T.);
#6816=CARTESIAN_POINT('',(-1.5E0,-5.8E-1,-2.853589838486E-1));
#6817=DIRECTION('',(0.E0,8.660254037844E-1,-5.E-1));
#6818=DIRECTION('',(0.E0,5.E-1,8.660254037844E-1));
#6819=AXIS2_PLACEMENT_3D('',#6816,#6817,#6818);
#6820=PLANE('',#6819);
#6821=ORIENTED_EDGE('',*,*,#6699,.F.);
#6823=ORIENTED_EDGE('',*,*,#6822,.T.);
#6824=ORIENTED_EDGE('',*,*,#6762,.T.);
#6825=ORIENTED_EDGE('',*,*,#6809,.T.);
#6826=EDGE_LOOP('',(#6821,#6823,#6824,#6825));
#6827=FACE_OUTER_BOUND('',#6826,.F.);
#6828=ADVANCED_FACE('',(#6827),#6820,.F.);
#6829=CARTESIAN_POINT('',(-1.5E0,-4.373053427696E-1,-6.854181830568E-1));
#6830=DIRECTION('',(0.E0,9.135454576425E-1,4.067366430760E-1));
#6831=DIRECTION('',(0.E0,-4.067366430760E-1,9.135454576425E-1));
#6832=AXIS2_PLACEMENT_3D('',#6829,#6830,#6831);
#6833=PLANE('',#6832);
#6834=ORIENTED_EDGE('',*,*,#6697,.F.);
#6836=ORIENTED_EDGE('',*,*,#6835,.T.);
#6837=ORIENTED_EDGE('',*,*,#6764,.T.);
#6838=ORIENTED_EDGE('',*,*,#6822,.F.);
#6839=EDGE_LOOP('',(#6834,#6836,#6837,#6838));
#6840=FACE_OUTER_BOUND('',#6839,.F.);
#6841=ADVANCED_FACE('',(#6840),#6833,.F.);
#6842=CARTESIAN_POINT('',(-1.5E0,-1.188706977439E-1,-1.493319448710E0));
#6843=DIRECTION('',(0.E0,9.432780153053E-1,3.320038943172E-1));
#6844=DIRECTION('',(0.E0,-3.320038943172E-1,9.432780153053E-1));
#6845=AXIS2_PLACEMENT_3D('',#6842,#6843,#6844);
#6846=PLANE('',#6845);
#6847=ORIENTED_EDGE('',*,*,#4859,.F.);
#6848=ORIENTED_EDGE('',*,*,#6766,.T.);
#6849=ORIENTED_EDGE('',*,*,#6835,.F.);
#6850=ORIENTED_EDGE('',*,*,#6695,.F.);
#6851=EDGE_LOOP('',(#6847,#6848,#6849,#6850));
#6852=FACE_OUTER_BOUND('',#6851,.F.);
#6853=ADVANCED_FACE('',(#6852),#6846,.F.);
#6854=CARTESIAN_POINT('',(-1.292E0,1.55E0,1.65E0));
#6855=DIRECTION('',(-1.E0,0.E0,0.E0));
#6856=DIRECTION('',(0.E0,1.E0,0.E0));
#6857=AXIS2_PLACEMENT_3D('',#6854,#6855,#6856);
#6858=CYLINDRICAL_SURFACE('',#6857,2.5E-1);
#6859=ORIENTED_EDGE('',*,*,#6409,.F.);
#6860=ORIENTED_EDGE('',*,*,#6722,.F.);
#6862=ORIENTED_EDGE('',*,*,#6861,.F.);
#6863=ORIENTED_EDGE('',*,*,#6777,.T.);
#6864=EDGE_LOOP('',(#6859,#6860,#6862,#6863));
#6865=FACE_OUTER_BOUND('',#6864,.F.);
#6866=ADVANCED_FACE('',(#6865),#6858,.F.);
#6867=CARTESIAN_POINT('',(-1.5E0,1.9E0,1.9E0));
#6868=DIRECTION('',(0.E0,0.E0,1.E0));
#6869=DIRECTION('',(0.E0,-1.E0,0.E0));
#6870=AXIS2_PLACEMENT_3D('',#6867,#6868,#6869);
#6871=PLANE('',#6870);
#6872=ORIENTED_EDGE('',*,*,#6720,.F.);
#6874=ORIENTED_EDGE('',*,*,#6873,.T.);
#6875=ORIENTED_EDGE('',*,*,#6779,.T.);
#6876=ORIENTED_EDGE('',*,*,#6861,.T.);
#6877=EDGE_LOOP('',(#6872,#6874,#6875,#6876));
#6878=FACE_OUTER_BOUND('',#6877,.F.);
#6879=ADVANCED_FACE('',(#6878),#6871,.F.);
#6880=CARTESIAN_POINT('',(-1.5E0,2.25E0,2.025E0));
#6881=DIRECTION('',(0.E0,1.E0,0.E0));
#6882=DIRECTION('',(0.E0,0.E0,-1.E0));
#6883=AXIS2_PLACEMENT_3D('',#6880,#6881,#6882);
#6884=PLANE('',#6883);
#6885=ORIENTED_EDGE('',*,*,#6718,.F.);
#6887=ORIENTED_EDGE('',*,*,#6886,.T.);
#6888=ORIENTED_EDGE('',*,*,#6781,.T.);
#6889=ORIENTED_EDGE('',*,*,#6873,.F.);
#6890=EDGE_LOOP('',(#6885,#6887,#6888,#6889));
#6891=FACE_OUTER_BOUND('',#6890,.F.);
#6892=ADVANCED_FACE('',(#6891),#6884,.T.);
#6893=CARTESIAN_POINT('',(-1.5E0,1.9E0,2.15E0));
#6894=DIRECTION('',(0.E0,0.E0,1.E0));
#6895=DIRECTION('',(0.E0,1.E0,0.E0));
#6896=AXIS2_PLACEMENT_3D('',#6893,#6894,#6895);
#6897=PLANE('',#6896);
#6898=ORIENTED_EDGE('',*,*,#6716,.F.);
#6900=ORIENTED_EDGE('',*,*,#6899,.F.);
#6901=ORIENTED_EDGE('',*,*,#6783,.T.);
#6902=ORIENTED_EDGE('',*,*,#6886,.F.);
#6903=EDGE_LOOP('',(#6898,#6900,#6901,#6902));
#6904=FACE_OUTER_BOUND('',#6903,.F.);
#6905=ADVANCED_FACE('',(#6904),#6897,.T.);
#6906=CARTESIAN_POINT('',(-1.292E0,1.55E0,1.65E0));
#6907=DIRECTION('',(-1.E0,0.E0,0.E0));
#6908=DIRECTION('',(0.E0,1.E0,0.E0));
#6909=AXIS2_PLACEMENT_3D('',#6906,#6907,#6908);
#6910=CYLINDRICAL_SURFACE('',#6909,5.E-1);
#6911=ORIENTED_EDGE('',*,*,#6413,.T.);
#6912=ORIENTED_EDGE('',*,*,#6785,.T.);
#6913=ORIENTED_EDGE('',*,*,#6899,.T.);
#6914=ORIENTED_EDGE('',*,*,#6714,.F.);
#6915=EDGE_LOOP('',(#6911,#6912,#6913,#6914));
#6916=FACE_OUTER_BOUND('',#6915,.F.);
#6917=ADVANCED_FACE('',(#6916),#6910,.T.);
#6918=CARTESIAN_POINT('',(7.08E-1,1.55E0,1.65E0));
#6919=DIRECTION('',(-1.E0,0.E0,0.E0));
#6920=DIRECTION('',(0.E0,1.E0,0.E0));
#6921=AXIS2_PLACEMENT_3D('',#6918,#6919,#6920);
#6922=CYLINDRICAL_SURFACE('',#6921,2.5E-1);
#6923=ORIENTED_EDGE('',*,*,#6418,.F.);
#6924=ORIENTED_EDGE('',*,*,#4712,.F.);
#6926=ORIENTED_EDGE('',*,*,#6925,.F.);
#6927=ORIENTED_EDGE('',*,*,#4769,.T.);
#6928=EDGE_LOOP('',(#6923,#6924,#6926,#6927));
#6929=FACE_OUTER_BOUND('',#6928,.F.);
#6930=ADVANCED_FACE('',(#6929),#6922,.F.);
#6931=CARTESIAN_POINT('',(5.E-1,1.9E0,1.9E0));
#6932=DIRECTION('',(0.E0,0.E0,1.E0));
#6933=DIRECTION('',(0.E0,-1.E0,0.E0));
#6934=AXIS2_PLACEMENT_3D('',#6931,#6932,#6933);
#6935=PLANE('',#6934);
#6936=ORIENTED_EDGE('',*,*,#4710,.F.);
#6938=ORIENTED_EDGE('',*,*,#6937,.T.);
#6939=ORIENTED_EDGE('',*,*,#4771,.T.);
#6940=ORIENTED_EDGE('',*,*,#6925,.T.);
#6941=EDGE_LOOP('',(#6936,#6938,#6939,#6940));
#6942=FACE_OUTER_BOUND('',#6941,.F.);
#6943=ADVANCED_FACE('',(#6942),#6935,.F.);
#6944=CARTESIAN_POINT('',(5.E-1,2.25E0,2.025E0));
#6945=DIRECTION('',(0.E0,1.E0,0.E0));
#6946=DIRECTION('',(0.E0,0.E0,-1.E0));
#6947=AXIS2_PLACEMENT_3D('',#6944,#6945,#6946);
#6948=PLANE('',#6947);
#6949=ORIENTED_EDGE('',*,*,#4708,.F.);
#6951=ORIENTED_EDGE('',*,*,#6950,.T.);
#6952=ORIENTED_EDGE('',*,*,#4773,.T.);
#6953=ORIENTED_EDGE('',*,*,#6937,.F.);
#6954=EDGE_LOOP('',(#6949,#6951,#6952,#6953));
#6955=FACE_OUTER_BOUND('',#6954,.F.);
#6956=ADVANCED_FACE('',(#6955),#6948,.T.);
#6957=CARTESIAN_POINT('',(5.E-1,1.9E0,2.15E0));
#6958=DIRECTION('',(0.E0,0.E0,1.E0));
#6959=DIRECTION('',(0.E0,1.E0,0.E0));
#6960=AXIS2_PLACEMENT_3D('',#6957,#6958,#6959);
#6961=PLANE('',#6960);
#6962=ORIENTED_EDGE('',*,*,#4706,.F.);
#6964=ORIENTED_EDGE('',*,*,#6963,.F.);
#6965=ORIENTED_EDGE('',*,*,#4775,.T.);
#6966=ORIENTED_EDGE('',*,*,#6950,.F.);
#6967=EDGE_LOOP('',(#6962,#6964,#6965,#6966));
#6968=FACE_OUTER_BOUND('',#6967,.F.);
#6969=ADVANCED_FACE('',(#6968),#6961,.T.);
#6970=CARTESIAN_POINT('',(7.08E-1,1.55E0,1.65E0));
#6971=DIRECTION('',(-1.E0,0.E0,0.E0));
#6972=DIRECTION('',(0.E0,1.E0,0.E0));
#6973=AXIS2_PLACEMENT_3D('',#6970,#6971,#6972);
#6974=CYLINDRICAL_SURFACE('',#6973,5.E-1);
#6975=ORIENTED_EDGE('',*,*,#6421,.T.);
#6976=ORIENTED_EDGE('',*,*,#4777,.T.);
#6977=ORIENTED_EDGE('',*,*,#6963,.T.);
#6978=ORIENTED_EDGE('',*,*,#4704,.F.);
#6979=EDGE_LOOP('',(#6975,#6976,#6977,#6978));
#6980=FACE_OUTER_BOUND('',#6979,.F.);
#6981=ADVANCED_FACE('',(#6980),#6974,.T.);
#6982=CARTESIAN_POINT('',(2.708E0,1.55E0,1.65E0));
#6983=DIRECTION('',(-1.E0,0.E0,0.E0));
#6984=DIRECTION('',(0.E0,1.E0,0.E0));
#6985=AXIS2_PLACEMENT_3D('',#6982,#6983,#6984);
#6986=CYLINDRICAL_SURFACE('',#6985,2.5E-1);
#6987=ORIENTED_EDGE('',*,*,#6426,.F.);
#6988=ORIENTED_EDGE('',*,*,#4362,.F.);
#6990=ORIENTED_EDGE('',*,*,#6989,.F.);
#6991=ORIENTED_EDGE('',*,*,#4422,.T.);
#6992=EDGE_LOOP('',(#6987,#6988,#6990,#6991));
#6993=FACE_OUTER_BOUND('',#6992,.F.);
#6994=ADVANCED_FACE('',(#6993),#6986,.F.);
#6995=CARTESIAN_POINT('',(2.5E0,1.9E0,1.9E0));
#6996=DIRECTION('',(0.E0,0.E0,1.E0));
#6997=DIRECTION('',(0.E0,-1.E0,0.E0));
#6998=AXIS2_PLACEMENT_3D('',#6995,#6996,#6997);
#6999=PLANE('',#6998);
#7000=ORIENTED_EDGE('',*,*,#4360,.F.);
#7002=ORIENTED_EDGE('',*,*,#7001,.T.);
#7003=ORIENTED_EDGE('',*,*,#4424,.T.);
#7004=ORIENTED_EDGE('',*,*,#6989,.T.);
#7005=EDGE_LOOP('',(#7000,#7002,#7003,#7004));
#7006=FACE_OUTER_BOUND('',#7005,.F.);
#7007=ADVANCED_FACE('',(#7006),#6999,.F.);
#7008=CARTESIAN_POINT('',(2.5E0,2.25E0,2.025E0));
#7009=DIRECTION('',(0.E0,1.E0,0.E0));
#7010=DIRECTION('',(0.E0,0.E0,-1.E0));
#7011=AXIS2_PLACEMENT_3D('',#7008,#7009,#7010);
#7012=PLANE('',#7011);
#7013=ORIENTED_EDGE('',*,*,#4358,.F.);
#7015=ORIENTED_EDGE('',*,*,#7014,.T.);
#7016=ORIENTED_EDGE('',*,*,#4426,.T.);
#7017=ORIENTED_EDGE('',*,*,#7001,.F.);
#7018=EDGE_LOOP('',(#7013,#7015,#7016,#7017));
#7019=FACE_OUTER_BOUND('',#7018,.F.);
#7020=ADVANCED_FACE('',(#7019),#7012,.T.);
#7021=CARTESIAN_POINT('',(2.5E0,1.9E0,2.15E0));
#7022=DIRECTION('',(0.E0,0.E0,1.E0));
#7023=DIRECTION('',(0.E0,1.E0,0.E0));
#7024=AXIS2_PLACEMENT_3D('',#7021,#7022,#7023);
#7025=PLANE('',#7024);
#7026=ORIENTED_EDGE('',*,*,#4356,.F.);
#7028=ORIENTED_EDGE('',*,*,#7027,.F.);
#7029=ORIENTED_EDGE('',*,*,#4428,.T.);
#7030=ORIENTED_EDGE('',*,*,#7014,.F.);
#7031=EDGE_LOOP('',(#7026,#7028,#7029,#7030));
#7032=FACE_OUTER_BOUND('',#7031,.F.);
#7033=ADVANCED_FACE('',(#7032),#7025,.T.);
#7034=CARTESIAN_POINT('',(2.708E0,1.55E0,1.65E0));
#7035=DIRECTION('',(-1.E0,0.E0,0.E0));
#7036=DIRECTION('',(0.E0,1.E0,0.E0));
#7037=AXIS2_PLACEMENT_3D('',#7034,#7035,#7036);
#7038=CYLINDRICAL_SURFACE('',#7037,5.E-1);
#7039=ORIENTED_EDGE('',*,*,#6429,.T.);
#7040=ORIENTED_EDGE('',*,*,#4430,.T.);
#7041=ORIENTED_EDGE('',*,*,#7027,.T.);
#7042=ORIENTED_EDGE('',*,*,#4354,.F.);
#7043=EDGE_LOOP('',(#7039,#7040,#7041,#7042));
#7044=FACE_OUTER_BOUND('',#7043,.F.);
#7045=ADVANCED_FACE('',(#7044),#7038,.T.);
#7046=CARTESIAN_POINT('',(-6.35E0,-2.5E-2,3.5E-1));
#7047=DIRECTION('',(1.E0,0.E0,0.E0));
#7048=DIRECTION('',(0.E0,0.E0,-1.E0));
#7049=AXIS2_PLACEMENT_3D('',#7046,#7047,#7048);
#7050=PLANE('',#7049);
#7052=ORIENTED_EDGE('',*,*,#7051,.F.);
#7053=ORIENTED_EDGE('',*,*,#5315,.F.);
#7054=ORIENTED_EDGE('',*,*,#5248,.F.);
#7055=ORIENTED_EDGE('',*,*,#5269,.F.);
#7056=EDGE_LOOP('',(#7052,#7053,#7054,#7055));
#7057=FACE_OUTER_BOUND('',#7056,.F.);
#7058=ADVANCED_FACE('',(#7057),#7050,.F.);
#7059=CARTESIAN_POINT('',(-5.925E0,-2.5E-2,1.8E0));
#7060=DIRECTION('',(0.E0,0.E0,1.E0));
#7061=DIRECTION('',(1.E0,0.E0,0.E0));
#7062=AXIS2_PLACEMENT_3D('',#7059,#7060,#7061);
#7063=PLANE('',#7062);
#7064=ORIENTED_EDGE('',*,*,#5287,.F.);
#7065=ORIENTED_EDGE('',*,*,#5317,.F.);
#7066=ORIENTED_EDGE('',*,*,#7051,.T.);
#7067=ORIENTED_EDGE('',*,*,#5267,.T.);
#7068=EDGE_LOOP('',(#7064,#7065,#7066,#7067));
#7069=FACE_OUTER_BOUND('',#7068,.F.);
#7070=ADVANCED_FACE('',(#7069),#7063,.T.);
#7071=CARTESIAN_POINT('',(-6.270302585062E0,-1.2E0,0.E0));
#7072=DIRECTION('',(0.E0,1.E0,0.E0));
#7073=DIRECTION('',(1.E0,0.E0,0.E0));
#7074=AXIS2_PLACEMENT_3D('',#7071,#7072,#7073);
#7075=PLANE('',#7074);
#7076=ORIENTED_EDGE('',*,*,#5297,.F.);
#7077=ORIENTED_EDGE('',*,*,#3977,.F.);
#7079=ORIENTED_EDGE('',*,*,#7078,.T.);
#7081=ORIENTED_EDGE('',*,*,#7080,.F.);
#7082=ORIENTED_EDGE('',*,*,#4246,.F.);
#7083=EDGE_LOOP('',(#7076,#7077,#7079,#7081,#7082));
#7084=FACE_OUTER_BOUND('',#7083,.F.);
#7085=ADVANCED_FACE('',(#7084),#7075,.T.);
#7086=CARTESIAN_POINT('',(-6.5E0,-1.5E0,1.E-1));
#7087=DIRECTION('',(1.E0,0.E0,0.E0));
#7088=DIRECTION('',(0.E0,0.E0,1.E0));
#7089=AXIS2_PLACEMENT_3D('',#7086,#7087,#7088);
#7090=PLANE('',#7089);
#7091=ORIENTED_EDGE('',*,*,#7078,.F.);
#7092=ORIENTED_EDGE('',*,*,#3975,.F.);
#7093=ORIENTED_EDGE('',*,*,#3786,.F.);
#7095=ORIENTED_EDGE('',*,*,#7094,.F.);
#7096=EDGE_LOOP('',(#7091,#7092,#7093,#7095));
#7097=FACE_OUTER_BOUND('',#7096,.F.);
#7098=ADVANCED_FACE('',(#7097),#7090,.F.);
#7099=CARTESIAN_POINT('',(-6.4E0,-1.5E0,-2.E0));
#7100=DIRECTION('',(7.071067811865E-1,0.E0,7.071067811865E-1));
#7101=DIRECTION('',(0.E0,-1.E0,0.E0));
#7102=AXIS2_PLACEMENT_3D('',#7099,#7100,#7101);
#7103=PLANE('',#7102);
#7104=ORIENTED_EDGE('',*,*,#7080,.T.);
#7105=ORIENTED_EDGE('',*,*,#7094,.T.);
#7106=ORIENTED_EDGE('',*,*,#3784,.F.);
#7107=ORIENTED_EDGE('',*,*,#4248,.F.);
#7108=EDGE_LOOP('',(#7104,#7105,#7106,#7107));
#7109=FACE_OUTER_BOUND('',#7108,.F.);
#7110=ADVANCED_FACE('',(#7109),#7103,.F.);
#7111=CARTESIAN_POINT('',(-4.921916882557E0,4.671875E-1,-2.105E0));
#7112=DIRECTION('',(9.659258262891E-1,0.E0,-2.588190451026E-1));
#7113=DIRECTION('',(-2.588190451026E-1,0.E0,-9.659258262891E-1));
#7114=AXIS2_PLACEMENT_3D('',#7111,#7112,#7113);
#7115=PLANE('',#7114);
#7116=ORIENTED_EDGE('',*,*,#4255,.F.);
#7117=ORIENTED_EDGE('',*,*,#4890,.F.);
#7118=ORIENTED_EDGE('',*,*,#4916,.F.);
#7119=ORIENTED_EDGE('',*,*,#4613,.F.);
#7120=ORIENTED_EDGE('',*,*,#4472,.F.);
#7121=EDGE_LOOP('',(#7116,#7117,#7118,#7119,#7120));
#7122=FACE_OUTER_BOUND('',#7121,.F.);
#7123=ADVANCED_FACE('',(#7122),#7115,.F.);
#7124=CARTESIAN_POINT('',(-2.3E0,-4.75E-1,-1.251854184287E-1));
#7125=DIRECTION('',(1.E0,0.E0,0.E0));
#7126=DIRECTION('',(0.E0,1.E0,0.E0));
#7127=AXIS2_PLACEMENT_3D('',#7124,#7125,#7126);
#7128=PLANE('',#7127);
#7129=ORIENTED_EDGE('',*,*,#3794,.F.);
#7131=ORIENTED_EDGE('',*,*,#7130,.T.);
#7133=ORIENTED_EDGE('',*,*,#7132,.T.);
#7135=ORIENTED_EDGE('',*,*,#7134,.T.);
#7137=ORIENTED_EDGE('',*,*,#7136,.T.);
#7138=ORIENTED_EDGE('',*,*,#3968,.F.);
#7139=EDGE_LOOP('',(#7129,#7131,#7133,#7135,#7137,#7138));
#7140=FACE_OUTER_BOUND('',#7139,.F.);
#7141=ADVANCED_FACE('',(#7140),#7128,.T.);
#7142=CARTESIAN_POINT('',(-2.3E0,-4.75E-1,-1.251854184287E-1));
#7143=DIRECTION('',(1.E0,0.E0,0.E0));
#7144=DIRECTION('',(0.E0,1.E0,0.E0));
#7145=AXIS2_PLACEMENT_3D('',#7142,#7143,#7144);
#7146=PLANE('',#7145);
#7147=ORIENTED_EDGE('',*,*,#4271,.T.);
#7149=ORIENTED_EDGE('',*,*,#7148,.T.);
#7150=ORIENTED_EDGE('',*,*,#4599,.F.);
#7151=ORIENTED_EDGE('',*,*,#4502,.T.);
#7152=EDGE_LOOP('',(#7147,#7149,#7150,#7151));
#7153=FACE_OUTER_BOUND('',#7152,.F.);
#7154=ADVANCED_FACE('',(#7153),#7146,.T.);
#7155=CARTESIAN_POINT('',(-2.3E0,-4.75E-1,-1.251854184287E-1));
#7156=DIRECTION('',(1.E0,0.E0,0.E0));
#7157=DIRECTION('',(0.E0,1.E0,0.E0));
#7158=AXIS2_PLACEMENT_3D('',#7155,#7156,#7157);
#7159=PLANE('',#7158);
#7160=ORIENTED_EDGE('',*,*,#4807,.T.);
#7162=ORIENTED_EDGE('',*,*,#7161,.T.);
#7164=ORIENTED_EDGE('',*,*,#7163,.T.);
#7166=ORIENTED_EDGE('',*,*,#7165,.T.);
#7168=ORIENTED_EDGE('',*,*,#7167,.T.);
#7170=ORIENTED_EDGE('',*,*,#7169,.T.);
#7171=EDGE_LOOP('',(#7160,#7162,#7164,#7166,#7168,#7170));
#7172=FACE_OUTER_BOUND('',#7171,.F.);
#7173=ADVANCED_FACE('',(#7172),#7159,.T.);
#7174=CARTESIAN_POINT('',(-2.5E0,-1.967734147022E0,1.9E0));
#7175=DIRECTION('',(0.E0,0.E0,1.E0));
#7176=DIRECTION('',(0.E0,-1.E0,0.E0));
#7177=AXIS2_PLACEMENT_3D('',#7174,#7175,#7176);
#7178=PLANE('',#7177);
#7179=ORIENTED_EDGE('',*,*,#3792,.F.);
#7181=ORIENTED_EDGE('',*,*,#7180,.T.);
#7183=ORIENTED_EDGE('',*,*,#7182,.F.);
#7184=ORIENTED_EDGE('',*,*,#7130,.F.);
#7185=EDGE_LOOP('',(#7179,#7181,#7183,#7184));
#7186=FACE_OUTER_BOUND('',#7185,.F.);
#7187=ADVANCED_FACE('',(#7186),#7178,.F.);
#7188=CARTESIAN_POINT('',(-2.7E0,-4.75E-1,-1.251854184287E-1));
#7189=DIRECTION('',(1.E0,0.E0,0.E0));
#7190=DIRECTION('',(0.E0,1.E0,0.E0));
#7191=AXIS2_PLACEMENT_3D('',#7188,#7189,#7190);
#7192=PLANE('',#7191);
#7193=ORIENTED_EDGE('',*,*,#3790,.T.);
#7194=ORIENTED_EDGE('',*,*,#3972,.T.);
#7196=ORIENTED_EDGE('',*,*,#7195,.F.);
#7198=ORIENTED_EDGE('',*,*,#7197,.F.);
#7200=ORIENTED_EDGE('',*,*,#7199,.F.);
#7201=ORIENTED_EDGE('',*,*,#7180,.F.);
#7202=EDGE_LOOP('',(#7193,#7194,#7196,#7198,#7200,#7201));
#7203=FACE_OUTER_BOUND('',#7202,.F.);
#7204=ADVANCED_FACE('',(#7203),#7192,.F.);
#7205=CARTESIAN_POINT('',(-2.7E0,-4.75E-1,-1.251854184287E-1));
#7206=DIRECTION('',(1.E0,0.E0,0.E0));
#7207=DIRECTION('',(0.E0,1.E0,0.E0));
#7208=AXIS2_PLACEMENT_3D('',#7205,#7206,#7207);
#7209=PLANE('',#7208);
#7210=ORIENTED_EDGE('',*,*,#4267,.F.);
#7211=ORIENTED_EDGE('',*,*,#4458,.F.);
#7212=ORIENTED_EDGE('',*,*,#4603,.T.);
#7214=ORIENTED_EDGE('',*,*,#7213,.F.);
#7215=EDGE_LOOP('',(#7210,#7211,#7212,#7214));
#7216=FACE_OUTER_BOUND('',#7215,.F.);
#7217=ADVANCED_FACE('',(#7216),#7209,.F.);
#7218=CARTESIAN_POINT('',(-2.7E0,-4.75E-1,-1.251854184287E-1));
#7219=DIRECTION('',(1.E0,0.E0,0.E0));
#7220=DIRECTION('',(0.E0,1.E0,0.E0));
#7221=AXIS2_PLACEMENT_3D('',#7218,#7219,#7220);
#7222=PLANE('',#7221);
#7223=ORIENTED_EDGE('',*,*,#4811,.F.);
#7225=ORIENTED_EDGE('',*,*,#7224,.F.);
#7227=ORIENTED_EDGE('',*,*,#7226,.F.);
#7229=ORIENTED_EDGE('',*,*,#7228,.F.);
#7231=ORIENTED_EDGE('',*,*,#7230,.F.);
#7233=ORIENTED_EDGE('',*,*,#7232,.F.);
#7234=EDGE_LOOP('',(#7223,#7225,#7227,#7229,#7231,#7233));
#7235=FACE_OUTER_BOUND('',#7234,.F.);
#7236=ADVANCED_FACE('',(#7235),#7222,.F.);
#7237=CARTESIAN_POINT('',(-2.5E0,-3.554630514819E-1,1.775134572252E0));
#7238=DIRECTION('',(0.E0,2.781477940739E-1,9.605382890087E-1));
#7239=DIRECTION('',(0.E0,9.605382890087E-1,-2.781477940739E-1));
#7240=AXIS2_PLACEMENT_3D('',#7237,#7238,#7239);
#7241=PLANE('',#7240);
#7242=ORIENTED_EDGE('',*,*,#3970,.F.);
#7243=ORIENTED_EDGE('',*,*,#7136,.F.);
#7245=ORIENTED_EDGE('',*,*,#7244,.T.);
#7246=ORIENTED_EDGE('',*,*,#7195,.T.);
#7247=EDGE_LOOP('',(#7242,#7243,#7245,#7246));
#7248=FACE_OUTER_BOUND('',#7247,.F.);
#7249=ADVANCED_FACE('',(#7248),#7241,.T.);
#7250=CARTESIAN_POINT('',(-2.5E0,-1.95E0,2.15E0));
#7251=DIRECTION('',(0.E0,0.E0,1.E0));
#7252=DIRECTION('',(0.E0,1.E0,0.E0));
#7253=AXIS2_PLACEMENT_3D('',#7250,#7251,#7252);
#7254=PLANE('',#7253);
#7255=ORIENTED_EDGE('',*,*,#7134,.F.);
#7257=ORIENTED_EDGE('',*,*,#7256,.T.);
#7258=ORIENTED_EDGE('',*,*,#7197,.T.);
#7259=ORIENTED_EDGE('',*,*,#7244,.F.);
#7260=EDGE_LOOP('',(#7255,#7257,#7258,#7259));
#7261=FACE_OUTER_BOUND('',#7260,.F.);
#7262=ADVANCED_FACE('',(#7261),#7254,.T.);
#7263=CARTESIAN_POINT('',(-2.5E0,-2.25E0,2.025E0));
#7264=DIRECTION('',(0.E0,1.E0,0.E0));
#7265=DIRECTION('',(0.E0,0.E0,1.E0));
#7266=AXIS2_PLACEMENT_3D('',#7263,#7264,#7265);
#7267=PLANE('',#7266);
#7268=ORIENTED_EDGE('',*,*,#7132,.F.);
#7269=ORIENTED_EDGE('',*,*,#7182,.T.);
#7270=ORIENTED_EDGE('',*,*,#7199,.T.);
#7271=ORIENTED_EDGE('',*,*,#7256,.F.);
#7272=EDGE_LOOP('',(#7268,#7269,#7270,#7271));
#7273=FACE_OUTER_BOUND('',#7272,.F.);
#7274=ADVANCED_FACE('',(#7273),#7267,.F.);
#7275=CARTESIAN_POINT('',(-2.292E0,6.5E-1,-1.75E0));
#7276=DIRECTION('',(-1.E0,0.E0,0.E0));
#7277=DIRECTION('',(0.E0,1.E0,0.E0));
#7278=AXIS2_PLACEMENT_3D('',#7275,#7276,#7277);
#7279=CYLINDRICAL_SURFACE('',#7278,6.5E-1);
#7280=ORIENTED_EDGE('',*,*,#4269,.T.);
#7281=ORIENTED_EDGE('',*,*,#7213,.T.);
#7282=ORIENTED_EDGE('',*,*,#4601,.F.);
#7283=ORIENTED_EDGE('',*,*,#7148,.F.);
#7284=EDGE_LOOP('',(#7280,#7281,#7282,#7283));
#7285=FACE_OUTER_BOUND('',#7284,.F.);
#7286=ADVANCED_FACE('',(#7285),#7279,.T.);
#7287=CARTESIAN_POINT('',(-2.5E0,-2.310956894042E-1,-5.393383804004E-1));
#7288=DIRECTION('',(0.E0,9.135454576425E-1,4.067366430759E-1));
#7289=DIRECTION('',(0.E0,4.067366430759E-1,-9.135454576425E-1));
#7290=AXIS2_PLACEMENT_3D('',#7287,#7288,#7289);
#7291=PLANE('',#7290);
#7292=ORIENTED_EDGE('',*,*,#4809,.F.);
#7293=ORIENTED_EDGE('',*,*,#7169,.F.);
#7295=ORIENTED_EDGE('',*,*,#7294,.T.);
#7296=ORIENTED_EDGE('',*,*,#7224,.T.);
#7297=EDGE_LOOP('',(#7292,#7293,#7295,#7296));
#7298=FACE_OUTER_BOUND('',#7297,.F.);
#7299=ADVANCED_FACE('',(#7298),#7291,.T.);
#7300=CARTESIAN_POINT('',(-2.5E0,-4.658624132763E-1,-2.464926474723E-1));
#7301=DIRECTION('',(0.E0,-4.067366430760E-1,9.135454576425E-1));
#7302=DIRECTION('',(0.E0,9.135454576425E-1,4.067366430760E-1));
#7303=AXIS2_PLACEMENT_3D('',#7300,#7301,#7302);
#7304=PLANE('',#7303);
#7305=ORIENTED_EDGE('',*,*,#7167,.F.);
#7307=ORIENTED_EDGE('',*,*,#7306,.T.);
#7308=ORIENTED_EDGE('',*,*,#7226,.T.);
#7309=ORIENTED_EDGE('',*,*,#7294,.F.);
#7310=EDGE_LOOP('',(#7305,#7307,#7308,#7309));
#7311=FACE_OUTER_BOUND('',#7310,.F.);
#7312=ADVANCED_FACE('',(#7311),#7304,.T.);
#7313=CARTESIAN_POINT('',(-2.5E0,-5.764885899082E-1,-3.176393202250E-1));
#7314=DIRECTION('',(0.E0,8.090169943746E-1,-5.877852522929E-1));
#7315=DIRECTION('',(0.E0,5.877852522929E-1,8.090169943746E-1));
#7316=AXIS2_PLACEMENT_3D('',#7313,#7314,#7315);
#7317=PLANE('',#7316);
#7318=ORIENTED_EDGE('',*,*,#7165,.F.);
#7320=ORIENTED_EDGE('',*,*,#7319,.T.);
#7321=ORIENTED_EDGE('',*,*,#7228,.T.);
#7322=ORIENTED_EDGE('',*,*,#7306,.F.);
#7323=EDGE_LOOP('',(#7318,#7320,#7321,#7322));
#7324=FACE_OUTER_BOUND('',#7323,.F.);
#7325=ADVANCED_FACE('',(#7324),#7317,.F.);
#7326=CARTESIAN_POINT('',(-2.5E0,-4.373053427696E-1,-7.154181830568E-1));
#7327=DIRECTION('',(0.E0,9.135454576425E-1,4.067366430761E-1));
#7328=DIRECTION('',(0.E0,-4.067366430761E-1,9.135454576425E-1));
#7329=AXIS2_PLACEMENT_3D('',#7326,#7327,#7328);
#7330=PLANE('',#7329);
#7331=ORIENTED_EDGE('',*,*,#7163,.F.);
#7333=ORIENTED_EDGE('',*,*,#7332,.T.);
#7334=ORIENTED_EDGE('',*,*,#7230,.T.);
#7335=ORIENTED_EDGE('',*,*,#7319,.F.);
#7336=EDGE_LOOP('',(#7331,#7333,#7334,#7335));
#7337=FACE_OUTER_BOUND('',#7336,.F.);
#7338=ADVANCED_FACE('',(#7337),#7330,.F.);
#7339=CARTESIAN_POINT('',(-2.5E0,-1.188706977438E-1,-1.523319448710E0));
#7340=DIRECTION('',(0.E0,9.432780153053E-1,3.320038943170E-1));
#7341=DIRECTION('',(0.E0,-3.320038943170E-1,9.432780153053E-1));
#7342=AXIS2_PLACEMENT_3D('',#7339,#7340,#7341);
#7343=PLANE('',#7342);
#7344=ORIENTED_EDGE('',*,*,#4813,.F.);
#7345=ORIENTED_EDGE('',*,*,#7232,.T.);
#7346=ORIENTED_EDGE('',*,*,#7332,.F.);
#7347=ORIENTED_EDGE('',*,*,#7161,.F.);
#7348=EDGE_LOOP('',(#7344,#7345,#7346,#7347));
#7349=FACE_OUTER_BOUND('',#7348,.F.);
#7350=ADVANCED_FACE('',(#7349),#7343,.F.);
#7351=CARTESIAN_POINT('',(-3.E-1,-4.75E-1,-1.251854184287E-1));
#7352=DIRECTION('',(1.E0,0.E0,0.E0));
#7353=DIRECTION('',(0.E0,1.E0,0.E0));
#7354=AXIS2_PLACEMENT_3D('',#7351,#7352,#7353);
#7355=PLANE('',#7354);
#7356=ORIENTED_EDGE('',*,*,#3802,.F.);
#7358=ORIENTED_EDGE('',*,*,#7357,.T.);
#7360=ORIENTED_EDGE('',*,*,#7359,.T.);
#7362=ORIENTED_EDGE('',*,*,#7361,.T.);
#7364=ORIENTED_EDGE('',*,*,#7363,.T.);
#7365=ORIENTED_EDGE('',*,*,#3961,.F.);
#7366=EDGE_LOOP('',(#7356,#7358,#7360,#7362,#7364,#7365));
#7367=FACE_OUTER_BOUND('',#7366,.F.);
#7368=ADVANCED_FACE('',(#7367),#7355,.T.);
#7369=CARTESIAN_POINT('',(-3.E-1,-4.75E-1,-1.251854184287E-1));
#7370=DIRECTION('',(1.E0,0.E0,0.E0));
#7371=DIRECTION('',(0.E0,1.E0,0.E0));
#7372=AXIS2_PLACEMENT_3D('',#7369,#7370,#7371);
#7373=PLANE('',#7372);
#7374=ORIENTED_EDGE('',*,*,#4287,.T.);
#7376=ORIENTED_EDGE('',*,*,#7375,.T.);
#7377=ORIENTED_EDGE('',*,*,#4585,.F.);
#7378=ORIENTED_EDGE('',*,*,#4531,.T.);
#7379=EDGE_LOOP('',(#7374,#7376,#7377,#7378));
#7380=FACE_OUTER_BOUND('',#7379,.F.);
#7381=ADVANCED_FACE('',(#7380),#7373,.T.);
#7382=CARTESIAN_POINT('',(-3.E-1,-4.75E-1,-1.251854184287E-1));
#7383=DIRECTION('',(1.E0,0.E0,0.E0));
#7384=DIRECTION('',(0.E0,1.E0,0.E0));
#7385=AXIS2_PLACEMENT_3D('',#7382,#7383,#7384);
#7386=PLANE('',#7385);
#7387=ORIENTED_EDGE('',*,*,#4817,.T.);
#7389=ORIENTED_EDGE('',*,*,#7388,.T.);
#7391=ORIENTED_EDGE('',*,*,#7390,.T.);
#7393=ORIENTED_EDGE('',*,*,#7392,.T.);
#7395=ORIENTED_EDGE('',*,*,#7394,.T.);
#7397=ORIENTED_EDGE('',*,*,#7396,.T.);
#7398=EDGE_LOOP('',(#7387,#7389,#7391,#7393,#7395,#7397));
#7399=FACE_OUTER_BOUND('',#7398,.F.);
#7400=ADVANCED_FACE('',(#7399),#7386,.T.);
#7401=CARTESIAN_POINT('',(-5.E-1,-1.967734147022E0,1.9E0));
#7402=DIRECTION('',(0.E0,0.E0,1.E0));
#7403=DIRECTION('',(0.E0,-1.E0,0.E0));
#7404=AXIS2_PLACEMENT_3D('',#7401,#7402,#7403);
#7405=PLANE('',#7404);
#7406=ORIENTED_EDGE('',*,*,#3800,.F.);
#7408=ORIENTED_EDGE('',*,*,#7407,.T.);
#7410=ORIENTED_EDGE('',*,*,#7409,.F.);
#7411=ORIENTED_EDGE('',*,*,#7357,.F.);
#7412=EDGE_LOOP('',(#7406,#7408,#7410,#7411));
#7413=FACE_OUTER_BOUND('',#7412,.F.);
#7414=ADVANCED_FACE('',(#7413),#7405,.F.);
#7415=CARTESIAN_POINT('',(-7.E-1,-4.75E-1,-1.251854184287E-1));
#7416=DIRECTION('',(1.E0,0.E0,0.E0));
#7417=DIRECTION('',(0.E0,1.E0,0.E0));
#7418=AXIS2_PLACEMENT_3D('',#7415,#7416,#7417);
#7419=PLANE('',#7418);
#7420=ORIENTED_EDGE('',*,*,#3798,.T.);
#7421=ORIENTED_EDGE('',*,*,#3965,.T.);
#7423=ORIENTED_EDGE('',*,*,#7422,.F.);
#7425=ORIENTED_EDGE('',*,*,#7424,.F.);
#7427=ORIENTED_EDGE('',*,*,#7426,.F.);
#7428=ORIENTED_EDGE('',*,*,#7407,.F.);
#7429=EDGE_LOOP('',(#7420,#7421,#7423,#7425,#7427,#7428));
#7430=FACE_OUTER_BOUND('',#7429,.F.);
#7431=ADVANCED_FACE('',(#7430),#7419,.F.);
#7432=CARTESIAN_POINT('',(-7.E-1,-4.75E-1,-1.251854184287E-1));
#7433=DIRECTION('',(1.E0,0.E0,0.E0));
#7434=DIRECTION('',(0.E0,1.E0,0.E0));
#7435=AXIS2_PLACEMENT_3D('',#7432,#7433,#7434);
#7436=PLANE('',#7435);
#7437=ORIENTED_EDGE('',*,*,#4283,.F.);
#7438=ORIENTED_EDGE('',*,*,#4488,.F.);
#7439=ORIENTED_EDGE('',*,*,#4589,.T.);
#7441=ORIENTED_EDGE('',*,*,#7440,.F.);
#7442=EDGE_LOOP('',(#7437,#7438,#7439,#7441));
#7443=FACE_OUTER_BOUND('',#7442,.F.);
#7444=ADVANCED_FACE('',(#7443),#7436,.F.);
#7445=CARTESIAN_POINT('',(-7.E-1,-4.75E-1,-1.251854184287E-1));
#7446=DIRECTION('',(1.E0,0.E0,0.E0));
#7447=DIRECTION('',(0.E0,1.E0,0.E0));
#7448=AXIS2_PLACEMENT_3D('',#7445,#7446,#7447);
#7449=PLANE('',#7448);
#7450=ORIENTED_EDGE('',*,*,#4821,.F.);
#7452=ORIENTED_EDGE('',*,*,#7451,.F.);
#7454=ORIENTED_EDGE('',*,*,#7453,.F.);
#7456=ORIENTED_EDGE('',*,*,#7455,.F.);
#7458=ORIENTED_EDGE('',*,*,#7457,.F.);
#7460=ORIENTED_EDGE('',*,*,#7459,.F.);
#7461=EDGE_LOOP('',(#7450,#7452,#7454,#7456,#7458,#7460));
#7462=FACE_OUTER_BOUND('',#7461,.F.);
#7463=ADVANCED_FACE('',(#7462),#7449,.F.);
#7464=CARTESIAN_POINT('',(-5.E-1,-3.554630514819E-1,1.775134572252E0));
#7465=DIRECTION('',(0.E0,2.781477940739E-1,9.605382890087E-1));
#7466=DIRECTION('',(0.E0,9.605382890087E-1,-2.781477940739E-1));
#7467=AXIS2_PLACEMENT_3D('',#7464,#7465,#7466);
#7468=PLANE('',#7467);
#7469=ORIENTED_EDGE('',*,*,#3963,.F.);
#7470=ORIENTED_EDGE('',*,*,#7363,.F.);
#7472=ORIENTED_EDGE('',*,*,#7471,.T.);
#7473=ORIENTED_EDGE('',*,*,#7422,.T.);
#7474=EDGE_LOOP('',(#7469,#7470,#7472,#7473));
#7475=FACE_OUTER_BOUND('',#7474,.F.);
#7476=ADVANCED_FACE('',(#7475),#7468,.T.);
#7477=CARTESIAN_POINT('',(-5.E-1,-1.95E0,2.15E0));
#7478=DIRECTION('',(0.E0,0.E0,1.E0));
#7479=DIRECTION('',(0.E0,1.E0,0.E0));
#7480=AXIS2_PLACEMENT_3D('',#7477,#7478,#7479);
#7481=PLANE('',#7480);
#7482=ORIENTED_EDGE('',*,*,#7361,.F.);
#7484=ORIENTED_EDGE('',*,*,#7483,.T.);
#7485=ORIENTED_EDGE('',*,*,#7424,.T.);
#7486=ORIENTED_EDGE('',*,*,#7471,.F.);
#7487=EDGE_LOOP('',(#7482,#7484,#7485,#7486));
#7488=FACE_OUTER_BOUND('',#7487,.F.);
#7489=ADVANCED_FACE('',(#7488),#7481,.T.);
#7490=CARTESIAN_POINT('',(-5.E-1,-2.25E0,2.025E0));
#7491=DIRECTION('',(0.E0,1.E0,0.E0));
#7492=DIRECTION('',(0.E0,0.E0,1.E0));
#7493=AXIS2_PLACEMENT_3D('',#7490,#7491,#7492);
#7494=PLANE('',#7493);
#7495=ORIENTED_EDGE('',*,*,#7359,.F.);
#7496=ORIENTED_EDGE('',*,*,#7409,.T.);
#7497=ORIENTED_EDGE('',*,*,#7426,.T.);
#7498=ORIENTED_EDGE('',*,*,#7483,.F.);
#7499=EDGE_LOOP('',(#7495,#7496,#7497,#7498));
#7500=FACE_OUTER_BOUND('',#7499,.F.);
#7501=ADVANCED_FACE('',(#7500),#7494,.F.);
#7502=CARTESIAN_POINT('',(-2.92E-1,6.5E-1,-1.75E0));
#7503=DIRECTION('',(-1.E0,0.E0,0.E0));
#7504=DIRECTION('',(0.E0,1.E0,0.E0));
#7505=AXIS2_PLACEMENT_3D('',#7502,#7503,#7504);
#7506=CYLINDRICAL_SURFACE('',#7505,6.5E-1);
#7507=ORIENTED_EDGE('',*,*,#4285,.T.);
#7508=ORIENTED_EDGE('',*,*,#7440,.T.);
#7509=ORIENTED_EDGE('',*,*,#4587,.F.);
#7510=ORIENTED_EDGE('',*,*,#7375,.F.);
#7511=EDGE_LOOP('',(#7507,#7508,#7509,#7510));
#7512=FACE_OUTER_BOUND('',#7511,.F.);
#7513=ADVANCED_FACE('',(#7512),#7506,.T.);
#7514=CARTESIAN_POINT('',(-5.E-1,-2.310956894042E-1,-5.393383804004E-1));
#7515=DIRECTION('',(0.E0,9.135454576425E-1,4.067366430759E-1));
#7516=DIRECTION('',(0.E0,4.067366430759E-1,-9.135454576425E-1));
#7517=AXIS2_PLACEMENT_3D('',#7514,#7515,#7516);
#7518=PLANE('',#7517);
#7519=ORIENTED_EDGE('',*,*,#4819,.F.);
#7520=ORIENTED_EDGE('',*,*,#7396,.F.);
#7522=ORIENTED_EDGE('',*,*,#7521,.T.);
#7523=ORIENTED_EDGE('',*,*,#7451,.T.);
#7524=EDGE_LOOP('',(#7519,#7520,#7522,#7523));
#7525=FACE_OUTER_BOUND('',#7524,.F.);
#7526=ADVANCED_FACE('',(#7525),#7518,.T.);
#7527=CARTESIAN_POINT('',(-5.E-1,-4.658624132763E-1,-2.464926474723E-1));
#7528=DIRECTION('',(0.E0,-4.067366430760E-1,9.135454576425E-1));
#7529=DIRECTION('',(0.E0,9.135454576425E-1,4.067366430760E-1));
#7530=AXIS2_PLACEMENT_3D('',#7527,#7528,#7529);
#7531=PLANE('',#7530);
#7532=ORIENTED_EDGE('',*,*,#7394,.F.);
#7534=ORIENTED_EDGE('',*,*,#7533,.T.);
#7535=ORIENTED_EDGE('',*,*,#7453,.T.);
#7536=ORIENTED_EDGE('',*,*,#7521,.F.);
#7537=EDGE_LOOP('',(#7532,#7534,#7535,#7536));
#7538=FACE_OUTER_BOUND('',#7537,.F.);
#7539=ADVANCED_FACE('',(#7538),#7531,.T.);
#7540=CARTESIAN_POINT('',(-5.E-1,-5.764885899082E-1,-3.176393202250E-1));
#7541=DIRECTION('',(0.E0,8.090169943746E-1,-5.877852522929E-1));
#7542=DIRECTION('',(0.E0,5.877852522929E-1,8.090169943746E-1));
#7543=AXIS2_PLACEMENT_3D('',#7540,#7541,#7542);
#7544=PLANE('',#7543);
#7545=ORIENTED_EDGE('',*,*,#7392,.F.);
#7547=ORIENTED_EDGE('',*,*,#7546,.T.);
#7548=ORIENTED_EDGE('',*,*,#7455,.T.);
#7549=ORIENTED_EDGE('',*,*,#7533,.F.);
#7550=EDGE_LOOP('',(#7545,#7547,#7548,#7549));
#7551=FACE_OUTER_BOUND('',#7550,.F.);
#7552=ADVANCED_FACE('',(#7551),#7544,.F.);
#7553=CARTESIAN_POINT('',(-5.E-1,-4.373053427696E-1,-7.154181830568E-1));
#7554=DIRECTION('',(0.E0,9.135454576425E-1,4.067366430761E-1));
#7555=DIRECTION('',(0.E0,-4.067366430761E-1,9.135454576425E-1));
#7556=AXIS2_PLACEMENT_3D('',#7553,#7554,#7555);
#7557=PLANE('',#7556);
#7558=ORIENTED_EDGE('',*,*,#7390,.F.);
#7560=ORIENTED_EDGE('',*,*,#7559,.T.);
#7561=ORIENTED_EDGE('',*,*,#7457,.T.);
#7562=ORIENTED_EDGE('',*,*,#7546,.F.);
#7563=EDGE_LOOP('',(#7558,#7560,#7561,#7562));
#7564=FACE_OUTER_BOUND('',#7563,.F.);
#7565=ADVANCED_FACE('',(#7564),#7557,.F.);
#7566=CARTESIAN_POINT('',(-5.E-1,-1.188706977438E-1,-1.523319448710E0));
#7567=DIRECTION('',(0.E0,9.432780153053E-1,3.320038943170E-1));
#7568=DIRECTION('',(0.E0,-3.320038943170E-1,9.432780153053E-1));
#7569=AXIS2_PLACEMENT_3D('',#7566,#7567,#7568);
#7570=PLANE('',#7569);
#7571=ORIENTED_EDGE('',*,*,#4823,.F.);
#7572=ORIENTED_EDGE('',*,*,#7459,.T.);
#7573=ORIENTED_EDGE('',*,*,#7559,.F.);
#7574=ORIENTED_EDGE('',*,*,#7388,.F.);
#7575=EDGE_LOOP('',(#7571,#7572,#7573,#7574));
#7576=FACE_OUTER_BOUND('',#7575,.F.);
#7577=ADVANCED_FACE('',(#7576),#7570,.F.);
#7578=CARTESIAN_POINT('',(1.5E0,-2.310956894042E-1,-5.393383804004E-1));
#7579=DIRECTION('',(0.E0,9.135454576425E-1,4.067366430759E-1));
#7580=DIRECTION('',(0.E0,4.067366430759E-1,-9.135454576425E-1));
#7581=AXIS2_PLACEMENT_3D('',#7578,#7579,#7580);
#7582=PLANE('',#7581);
#7583=ORIENTED_EDGE('',*,*,#4828,.F.);
#7584=ORIENTED_EDGE('',*,*,#4080,.F.);
#7586=ORIENTED_EDGE('',*,*,#7585,.T.);
#7587=ORIENTED_EDGE('',*,*,#4139,.T.);
#7588=EDGE_LOOP('',(#7583,#7584,#7586,#7587));
#7589=FACE_OUTER_BOUND('',#7588,.F.);
#7590=ADVANCED_FACE('',(#7589),#7582,.T.);
#7591=CARTESIAN_POINT('',(1.5E0,-4.658624132763E-1,-2.464926474723E-1));
#7592=DIRECTION('',(0.E0,-4.067366430760E-1,9.135454576425E-1));
#7593=DIRECTION('',(0.E0,9.135454576425E-1,4.067366430760E-1));
#7594=AXIS2_PLACEMENT_3D('',#7591,#7592,#7593);
#7595=PLANE('',#7594);
#7596=ORIENTED_EDGE('',*,*,#4078,.F.);
#7598=ORIENTED_EDGE('',*,*,#7597,.T.);
#7599=ORIENTED_EDGE('',*,*,#4141,.T.);
#7600=ORIENTED_EDGE('',*,*,#7585,.F.);
#7601=EDGE_LOOP('',(#7596,#7598,#7599,#7600));
#7602=FACE_OUTER_BOUND('',#7601,.F.);
#7603=ADVANCED_FACE('',(#7602),#7595,.T.);
#7604=CARTESIAN_POINT('',(1.5E0,-5.764885899082E-1,-3.176393202250E-1));
#7605=DIRECTION('',(0.E0,8.090169943746E-1,-5.877852522929E-1));
#7606=DIRECTION('',(0.E0,5.877852522929E-1,8.090169943746E-1));
#7607=AXIS2_PLACEMENT_3D('',#7604,#7605,#7606);
#7608=PLANE('',#7607);
#7609=ORIENTED_EDGE('',*,*,#4076,.F.);
#7611=ORIENTED_EDGE('',*,*,#7610,.T.);
#7612=ORIENTED_EDGE('',*,*,#4143,.T.);
#7613=ORIENTED_EDGE('',*,*,#7597,.F.);
#7614=EDGE_LOOP('',(#7609,#7611,#7612,#7613));
#7615=FACE_OUTER_BOUND('',#7614,.F.);
#7616=ADVANCED_FACE('',(#7615),#7608,.F.);
#7617=CARTESIAN_POINT('',(1.5E0,-4.373053427696E-1,-7.154181830568E-1));
#7618=DIRECTION('',(0.E0,9.135454576425E-1,4.067366430761E-1));
#7619=DIRECTION('',(0.E0,-4.067366430761E-1,9.135454576425E-1));
#7620=AXIS2_PLACEMENT_3D('',#7617,#7618,#7619);
#7621=PLANE('',#7620);
#7622=ORIENTED_EDGE('',*,*,#4074,.F.);
#7624=ORIENTED_EDGE('',*,*,#7623,.T.);
#7625=ORIENTED_EDGE('',*,*,#4145,.T.);
#7626=ORIENTED_EDGE('',*,*,#7610,.F.);
#7627=EDGE_LOOP('',(#7622,#7624,#7625,#7626));
#7628=FACE_OUTER_BOUND('',#7627,.F.);
#7629=ADVANCED_FACE('',(#7628),#7621,.F.);
#7630=CARTESIAN_POINT('',(1.5E0,-1.188706977438E-1,-1.523319448710E0));
#7631=DIRECTION('',(0.E0,9.432780153053E-1,3.320038943170E-1));
#7632=DIRECTION('',(0.E0,-3.320038943170E-1,9.432780153053E-1));
#7633=AXIS2_PLACEMENT_3D('',#7630,#7631,#7632);
#7634=PLANE('',#7633);
#7635=ORIENTED_EDGE('',*,*,#4831,.F.);
#7636=ORIENTED_EDGE('',*,*,#4147,.T.);
#7637=ORIENTED_EDGE('',*,*,#7623,.F.);
#7638=ORIENTED_EDGE('',*,*,#4072,.F.);
#7639=EDGE_LOOP('',(#7635,#7636,#7637,#7638));
#7640=FACE_OUTER_BOUND('',#7639,.F.);
#7641=ADVANCED_FACE('',(#7640),#7634,.F.);
#7642=CARTESIAN_POINT('',(3.5E0,-2.310956894042E-1,-5.393383804004E-1));
#7643=DIRECTION('',(0.E0,9.135454576425E-1,4.067366430759E-1));
#7644=DIRECTION('',(0.E0,4.067366430759E-1,-9.135454576425E-1));
#7645=AXIS2_PLACEMENT_3D('',#7642,#7643,#7644);
#7646=PLANE('',#7645);
#7647=ORIENTED_EDGE('',*,*,#4836,.F.);
#7648=ORIENTED_EDGE('',*,*,#3871,.F.);
#7650=ORIENTED_EDGE('',*,*,#7649,.T.);
#7651=ORIENTED_EDGE('',*,*,#3931,.T.);
#7652=EDGE_LOOP('',(#7647,#7648,#7650,#7651));
#7653=FACE_OUTER_BOUND('',#7652,.F.);
#7654=ADVANCED_FACE('',(#7653),#7646,.T.);
#7655=CARTESIAN_POINT('',(3.5E0,-4.658624132763E-1,-2.464926474723E-1));
#7656=DIRECTION('',(0.E0,-4.067366430760E-1,9.135454576425E-1));
#7657=DIRECTION('',(0.E0,9.135454576425E-1,4.067366430760E-1));
#7658=AXIS2_PLACEMENT_3D('',#7655,#7656,#7657);
#7659=PLANE('',#7658);
#7660=ORIENTED_EDGE('',*,*,#3869,.F.);
#7662=ORIENTED_EDGE('',*,*,#7661,.T.);
#7663=ORIENTED_EDGE('',*,*,#3933,.T.);
#7664=ORIENTED_EDGE('',*,*,#7649,.F.);
#7665=EDGE_LOOP('',(#7660,#7662,#7663,#7664));
#7666=FACE_OUTER_BOUND('',#7665,.F.);
#7667=ADVANCED_FACE('',(#7666),#7659,.T.);
#7668=CARTESIAN_POINT('',(3.5E0,-5.764885899082E-1,-3.176393202250E-1));
#7669=DIRECTION('',(0.E0,8.090169943746E-1,-5.877852522929E-1));
#7670=DIRECTION('',(0.E0,5.877852522929E-1,8.090169943746E-1));
#7671=AXIS2_PLACEMENT_3D('',#7668,#7669,#7670);
#7672=PLANE('',#7671);
#7673=ORIENTED_EDGE('',*,*,#3867,.F.);
#7675=ORIENTED_EDGE('',*,*,#7674,.T.);
#7676=ORIENTED_EDGE('',*,*,#3935,.T.);
#7677=ORIENTED_EDGE('',*,*,#7661,.F.);
#7678=EDGE_LOOP('',(#7673,#7675,#7676,#7677));
#7679=FACE_OUTER_BOUND('',#7678,.F.);
#7680=ADVANCED_FACE('',(#7679),#7672,.F.);
#7681=CARTESIAN_POINT('',(3.5E0,-4.373053427696E-1,-7.154181830568E-1));
#7682=DIRECTION('',(0.E0,9.135454576425E-1,4.067366430761E-1));
#7683=DIRECTION('',(0.E0,-4.067366430761E-1,9.135454576425E-1));
#7684=AXIS2_PLACEMENT_3D('',#7681,#7682,#7683);
#7685=PLANE('',#7684);
#7686=ORIENTED_EDGE('',*,*,#3865,.F.);
#7688=ORIENTED_EDGE('',*,*,#7687,.T.);
#7689=ORIENTED_EDGE('',*,*,#3937,.T.);
#7690=ORIENTED_EDGE('',*,*,#7674,.F.);
#7691=EDGE_LOOP('',(#7686,#7688,#7689,#7690));
#7692=FACE_OUTER_BOUND('',#7691,.F.);
#7693=ADVANCED_FACE('',(#7692),#7685,.F.);
#7694=CARTESIAN_POINT('',(3.5E0,-1.188706977438E-1,-1.523319448710E0));
#7695=DIRECTION('',(0.E0,9.432780153053E-1,3.320038943170E-1));
#7696=DIRECTION('',(0.E0,-3.320038943170E-1,9.432780153053E-1));
#7697=AXIS2_PLACEMENT_3D('',#7694,#7695,#7696);
#7698=PLANE('',#7697);
#7699=ORIENTED_EDGE('',*,*,#4839,.F.);
#7700=ORIENTED_EDGE('',*,*,#3939,.T.);
#7701=ORIENTED_EDGE('',*,*,#7687,.F.);
#7702=ORIENTED_EDGE('',*,*,#3863,.F.);
#7703=EDGE_LOOP('',(#7699,#7700,#7701,#7702));
#7704=FACE_OUTER_BOUND('',#7703,.F.);
#7705=ADVANCED_FACE('',(#7704),#7698,.F.);
#7706=CARTESIAN_POINT('',(5.E-1,-2.164356570068E-1,-5.668512856276E-1));
#7707=DIRECTION('',(0.E0,9.135454576426E-1,4.067366430758E-1));
#7708=DIRECTION('',(0.E0,4.067366430758E-1,-9.135454576426E-1));
#7709=AXIS2_PLACEMENT_3D('',#7706,#7707,#7708);
#7710=PLANE('',#7709);
#7711=ORIENTED_EDGE('',*,*,#4864,.F.);
#7712=ORIENTED_EDGE('',*,*,#4692,.F.);
#7714=ORIENTED_EDGE('',*,*,#7713,.T.);
#7715=ORIENTED_EDGE('',*,*,#4749,.T.);
#7716=EDGE_LOOP('',(#7711,#7712,#7714,#7715));
#7717=FACE_OUTER_BOUND('',#7716,.F.);
#7718=ADVANCED_FACE('',(#7717),#7710,.T.);
#7719=CARTESIAN_POINT('',(5.E-1,-4.753697698094E-1,-2.130381615721E-1));
#7720=DIRECTION('',(0.E0,-4.067366430757E-1,9.135454576426E-1));
#7721=DIRECTION('',(0.E0,9.135454576426E-1,4.067366430757E-1));
#7722=AXIS2_PLACEMENT_3D('',#7719,#7720,#7721);
#7723=PLANE('',#7722);
#7724=ORIENTED_EDGE('',*,*,#4690,.F.);
#7726=ORIENTED_EDGE('',*,*,#7725,.F.);
#7727=ORIENTED_EDGE('',*,*,#4751,.T.);
#7728=ORIENTED_EDGE('',*,*,#7713,.F.);
#7729=EDGE_LOOP('',(#7724,#7726,#7727,#7728));
#7730=FACE_OUTER_BOUND('',#7729,.F.);
#7731=ADVANCED_FACE('',(#7730),#7723,.T.);
#7732=CARTESIAN_POINT('',(5.E-1,-5.8E-1,-2.853589838486E-1));
#7733=DIRECTION('',(0.E0,8.660254037844E-1,-5.E-1));
#7734=DIRECTION('',(0.E0,5.E-1,8.660254037844E-1));
#7735=AXIS2_PLACEMENT_3D('',#7732,#7733,#7734);
#7736=PLANE('',#7735);
#7737=ORIENTED_EDGE('',*,*,#4688,.F.);
#7739=ORIENTED_EDGE('',*,*,#7738,.T.);
#7740=ORIENTED_EDGE('',*,*,#4753,.T.);
#7741=ORIENTED_EDGE('',*,*,#7725,.T.);
#7742=EDGE_LOOP('',(#7737,#7739,#7740,#7741));
#7743=FACE_OUTER_BOUND('',#7742,.F.);
#7744=ADVANCED_FACE('',(#7743),#7736,.F.);
#7745=CARTESIAN_POINT('',(5.E-1,-4.373053427696E-1,-6.854181830568E-1));
#7746=DIRECTION('',(0.E0,9.135454576425E-1,4.067366430760E-1));
#7747=DIRECTION('',(0.E0,-4.067366430760E-1,9.135454576425E-1));
#7748=AXIS2_PLACEMENT_3D('',#7745,#7746,#7747);
#7749=PLANE('',#7748);
#7750=ORIENTED_EDGE('',*,*,#4686,.F.);
#7752=ORIENTED_EDGE('',*,*,#7751,.T.);
#7753=ORIENTED_EDGE('',*,*,#4755,.T.);
#7754=ORIENTED_EDGE('',*,*,#7738,.F.);
#7755=EDGE_LOOP('',(#7750,#7752,#7753,#7754));
#7756=FACE_OUTER_BOUND('',#7755,.F.);
#7757=ADVANCED_FACE('',(#7756),#7749,.F.);
#7758=CARTESIAN_POINT('',(5.E-1,-1.188706977439E-1,-1.493319448710E0));
#7759=DIRECTION('',(0.E0,9.432780153053E-1,3.320038943172E-1));
#7760=DIRECTION('',(0.E0,-3.320038943172E-1,9.432780153053E-1));
#7761=AXIS2_PLACEMENT_3D('',#7758,#7759,#7760);
#7762=PLANE('',#7761);
#7763=ORIENTED_EDGE('',*,*,#4867,.F.);
#7764=ORIENTED_EDGE('',*,*,#4757,.T.);
#7765=ORIENTED_EDGE('',*,*,#7751,.F.);
#7766=ORIENTED_EDGE('',*,*,#4684,.F.);
#7767=EDGE_LOOP('',(#7763,#7764,#7765,#7766));
#7768=FACE_OUTER_BOUND('',#7767,.F.);
#7769=ADVANCED_FACE('',(#7768),#7762,.F.);
#7770=CARTESIAN_POINT('',(2.5E0,-2.164356570068E-1,-5.668512856276E-1));
#7771=DIRECTION('',(0.E0,9.135454576426E-1,4.067366430758E-1));
#7772=DIRECTION('',(0.E0,4.067366430758E-1,-9.135454576426E-1));
#7773=AXIS2_PLACEMENT_3D('',#7770,#7771,#7772);
#7774=PLANE('',#7773);
#7775=ORIENTED_EDGE('',*,*,#4872,.F.);
#7776=ORIENTED_EDGE('',*,*,#4342,.F.);
#7778=ORIENTED_EDGE('',*,*,#7777,.T.);
#7779=ORIENTED_EDGE('',*,*,#4402,.T.);
#7780=EDGE_LOOP('',(#7775,#7776,#7778,#7779));
#7781=FACE_OUTER_BOUND('',#7780,.F.);
#7782=ADVANCED_FACE('',(#7781),#7774,.T.);
#7783=CARTESIAN_POINT('',(2.5E0,-4.753697698094E-1,-2.130381615721E-1));
#7784=DIRECTION('',(0.E0,-4.067366430757E-1,9.135454576426E-1));
#7785=DIRECTION('',(0.E0,9.135454576426E-1,4.067366430757E-1));
#7786=AXIS2_PLACEMENT_3D('',#7783,#7784,#7785);
#7787=PLANE('',#7786);
#7788=ORIENTED_EDGE('',*,*,#4340,.F.);
#7790=ORIENTED_EDGE('',*,*,#7789,.F.);
#7791=ORIENTED_EDGE('',*,*,#4404,.T.);
#7792=ORIENTED_EDGE('',*,*,#7777,.F.);
#7793=EDGE_LOOP('',(#7788,#7790,#7791,#7792));
#7794=FACE_OUTER_BOUND('',#7793,.F.);
#7795=ADVANCED_FACE('',(#7794),#7787,.T.);
#7796=CARTESIAN_POINT('',(2.5E0,-5.8E-1,-2.853589838486E-1));
#7797=DIRECTION('',(0.E0,8.660254037844E-1,-5.E-1));
#7798=DIRECTION('',(0.E0,5.E-1,8.660254037844E-1));
#7799=AXIS2_PLACEMENT_3D('',#7796,#7797,#7798);
#7800=PLANE('',#7799);
#7801=ORIENTED_EDGE('',*,*,#4338,.F.);
#7803=ORIENTED_EDGE('',*,*,#7802,.T.);
#7804=ORIENTED_EDGE('',*,*,#4406,.T.);
#7805=ORIENTED_EDGE('',*,*,#7789,.T.);
#7806=EDGE_LOOP('',(#7801,#7803,#7804,#7805));
#7807=FACE_OUTER_BOUND('',#7806,.F.);
#7808=ADVANCED_FACE('',(#7807),#7800,.F.);
#7809=CARTESIAN_POINT('',(2.5E0,-4.373053427696E-1,-6.854181830568E-1));
#7810=DIRECTION('',(0.E0,9.135454576425E-1,4.067366430760E-1));
#7811=DIRECTION('',(0.E0,-4.067366430760E-1,9.135454576425E-1));
#7812=AXIS2_PLACEMENT_3D('',#7809,#7810,#7811);
#7813=PLANE('',#7812);
#7814=ORIENTED_EDGE('',*,*,#4336,.F.);
#7816=ORIENTED_EDGE('',*,*,#7815,.T.);
#7817=ORIENTED_EDGE('',*,*,#4408,.T.);
#7818=ORIENTED_EDGE('',*,*,#7802,.F.);
#7819=EDGE_LOOP('',(#7814,#7816,#7817,#7818));
#7820=FACE_OUTER_BOUND('',#7819,.F.);
#7821=ADVANCED_FACE('',(#7820),#7813,.F.);
#7822=CARTESIAN_POINT('',(2.5E0,-1.188706977439E-1,-1.493319448710E0));
#7823=DIRECTION('',(0.E0,9.432780153053E-1,3.320038943172E-1));
#7824=DIRECTION('',(0.E0,-3.320038943172E-1,9.432780153053E-1));
#7825=AXIS2_PLACEMENT_3D('',#7822,#7823,#7824);
#7826=PLANE('',#7825);
#7827=ORIENTED_EDGE('',*,*,#4875,.F.);
#7828=ORIENTED_EDGE('',*,*,#4410,.T.);
#7829=ORIENTED_EDGE('',*,*,#7815,.F.);
#7830=ORIENTED_EDGE('',*,*,#4334,.F.);
#7831=EDGE_LOOP('',(#7827,#7828,#7829,#7830));
#7832=FACE_OUTER_BOUND('',#7831,.F.);
#7833=ADVANCED_FACE('',(#7832),#7826,.F.);
#7834=CARTESIAN_POINT('',(3.708E0,6.5E-1,-1.75E0));
#7835=DIRECTION('',(-1.E0,0.E0,0.E0));
#7836=DIRECTION('',(0.E0,1.E0,0.E0));
#7837=AXIS2_PLACEMENT_3D('',#7834,#7835,#7836);
#7838=CYLINDRICAL_SURFACE('',#7837,6.5E-1);
#7839=ORIENTED_EDGE('',*,*,#4200,.T.);
#7840=ORIENTED_EDGE('',*,*,#3919,.T.);
#7841=ORIENTED_EDGE('',*,*,#4645,.F.);
#7842=ORIENTED_EDGE('',*,*,#3847,.F.);
#7843=EDGE_LOOP('',(#7839,#7840,#7841,#7842));
#7844=FACE_OUTER_BOUND('',#7843,.F.);
#7845=ADVANCED_FACE('',(#7844),#7838,.T.);
#7846=CLOSED_SHELL('',(#3820,#3839,#3855,#3875,#3889,#3907,#3923,#3943,#3992,
#4005,#4018,#4030,#4048,#4064,#4084,#4098,#4115,#4131,#4151,#4164,#4177,#4189,
#4311,#4326,#4346,#4366,#4380,#4394,#4414,#4434,#4448,#4463,#4478,#4493,#4508,
#4522,#4537,#4550,#4563,#4651,#4663,#4676,#4696,#4716,#4729,#4741,#4761,#4781,
#4879,#4894,#4908,#4922,#4943,#4958,#4975,#4989,#5011,#5027,#5041,#5065,#5084,
#5103,#5125,#5139,#5153,#5174,#5188,#5210,#5224,#5238,#5259,#5279,#5302,#5321,
#5343,#5357,#5371,#5386,#5403,#5417,#5435,#5456,#5468,#5482,#5498,#5510,#5523,
#5535,#5556,#5574,#5587,#5599,#5619,#5631,#5660,#5679,#5707,#5728,#5756,#5781,
#5796,#5812,#5827,#5841,#5863,#5878,#5892,#5912,#5926,#5940,#5960,#5973,#5993,
#6005,#6018,#6035,#6047,#6060,#6078,#6092,#6106,#6120,#6138,#6151,#6163,#6175,
#6187,#6200,#6214,#6242,#6256,#6268,#6280,#6295,#6309,#6322,#6333,#6345,#6360,
#6373,#6385,#6433,#6446,#6465,#6484,#6497,#6509,#6528,#6547,#6560,#6573,#6586,
#6599,#6611,#6624,#6637,#6650,#6663,#6675,#6688,#6707,#6726,#6739,#6751,#6770,
#6789,#6802,#6815,#6828,#6841,#6853,#6866,#6879,#6892,#6905,#6917,#6930,#6943,
#6956,#6969,#6981,#6994,#7007,#7020,#7033,#7045,#7058,#7070,#7085,#7098,#7110,
#7123,#7141,#7154,#7173,#7187,#7204,#7217,#7236,#7249,#7262,#7274,#7286,#7299,
#7312,#7325,#7338,#7350,#7368,#7381,#7400,#7414,#7431,#7444,#7463,#7476,#7489,
#7501,#7513,#7526,#7539,#7552,#7565,#7577,#7590,#7603,#7616,#7629,#7641,#7654,
#7667,#7680,#7693,#7705,#7718,#7731,#7744,#7757,#7769,#7782,#7795,#7808,#7821,
#7833,#7845));
#7847=MANIFOLD_SOLID_BREP('',#7846);
#7848=(LENGTH_UNIT()NAMED_UNIT(*)SI_UNIT(.MILLI.,.METRE.));
#7849=DIMENSIONAL_EXPONENTS(0.E0,0.E0,0.E0,0.E0,0.E0,0.E0,0.E0);
#7850=(NAMED_UNIT(*)PLANE_ANGLE_UNIT()SI_UNIT($,.RADIAN.));
#7851=PLANE_ANGLE_MEASURE_WITH_UNIT(PLANE_ANGLE_MEASURE(1.745329251994E-2),
#7850);
#7852=(CONVERSION_BASED_UNIT('DEGREE',#7851)NAMED_UNIT(#7849)PLANE_ANGLE_UNIT(
));
#7853=(NAMED_UNIT(*)SI_UNIT($,.STERADIAN.)SOLID_ANGLE_UNIT());
#7854=UNCERTAINTY_MEASURE_WITH_UNIT(LENGTH_MEASURE(1.598998262692E-3),#7848,
'closure',
'Maximum model space distance between geometric entities at asserted connectivities');
#7855=(GEOMETRIC_REPRESENTATION_CONTEXT(3)GLOBAL_UNCERTAINTY_ASSIGNED_CONTEXT((
#7854))GLOBAL_UNIT_ASSIGNED_CONTEXT((#7848,#7852,#7853))REPRESENTATION_CONTEXT(
'ID1','3'));
#7857=APPLICATION_CONTEXT(
'CONFIGURATION CONTROLLED 3D DESIGNS OF MECHANICAL PARTS AND ASSEMBLIES');
#7858=APPLICATION_PROTOCOL_DEFINITION('international standard',
'config_control_design',1994,#7857);
#7859=DESIGN_CONTEXT('',#7857,'design');
#7860=MECHANICAL_CONTEXT('',#7857,'mechanical');
#7861=PRODUCT('ISFW8S-2STLF','ISFW8S-2STLF','NOT SPECIFIED',(#7860));
#7862=PRODUCT_DEFINITION_FORMATION_WITH_SPECIFIED_SOURCE('','LAST_VERSION',
#7861,.MADE.);
#7866=PRODUCT_CATEGORY('part','');
#7867=PRODUCT_RELATED_PRODUCT_CATEGORY('detail','',(#7861));
#7868=PRODUCT_CATEGORY_RELATIONSHIP('','',#7866,#7867);
#7869=SECURITY_CLASSIFICATION_LEVEL('unclassified');
#7870=SECURITY_CLASSIFICATION('','',#7869);
#7871=CC_DESIGN_SECURITY_CLASSIFICATION(#7870,(#7862));
#7872=APPROVAL_STATUS('approved');
#7873=APPROVAL(#7872,'');
#7874=CC_DESIGN_APPROVAL(#7873,(#7870,#7862,#7863));
#7875=CALENDAR_DATE(107,10,9);
#7876=COORDINATED_UNIVERSAL_TIME_OFFSET(9,0,.AHEAD.);
#7877=LOCAL_TIME(11,43,8.E0,#7876);
#7878=DATE_AND_TIME(#7875,#7877);
#7879=APPROVAL_DATE_TIME(#7878,#7873);
#7880=DATE_TIME_ROLE('creation_date');
#7881=CC_DESIGN_DATE_AND_TIME_ASSIGNMENT(#7878,#7880,(#7863));
#7882=DATE_TIME_ROLE('classification_date');
#7883=CC_DESIGN_DATE_AND_TIME_ASSIGNMENT(#7878,#7882,(#7870));
#7884=PERSON('UNSPECIFIED','UNSPECIFIED',$,$,$,$);
#7885=ORGANIZATION('UNSPECIFIED','UNSPECIFIED','UNSPECIFIED');
#7886=PERSON_AND_ORGANIZATION(#7884,#7885);
#7887=APPROVAL_ROLE('approver');
#7888=APPROVAL_PERSON_ORGANIZATION(#7886,#7873,#7887);
#7889=PERSON_AND_ORGANIZATION_ROLE('creator');
#7890=CC_DESIGN_PERSON_AND_ORGANIZATION_ASSIGNMENT(#7886,#7889,(#7862,#7863));
#7891=PERSON_AND_ORGANIZATION_ROLE('design_supplier');
#7892=CC_DESIGN_PERSON_AND_ORGANIZATION_ASSIGNMENT(#7886,#7891,(#7862));
#7893=PERSON_AND_ORGANIZATION_ROLE('classification_officer');
#7894=CC_DESIGN_PERSON_AND_ORGANIZATION_ASSIGNMENT(#7886,#7893,(#7870));
#7895=PERSON_AND_ORGANIZATION_ROLE('design_owner');
#7896=CC_DESIGN_PERSON_AND_ORGANIZATION_ASSIGNMENT(#7886,#7895,(#7861));
#73=CIRCLE('',#72,6.5E-1);
#122=CIRCLE('',#121,6.5E-1);
#235=CIRCLE('',#234,6.5E-1);
#284=CIRCLE('',#283,6.5E-1);
#501=CIRCLE('',#500,6.5E-1);
#526=CIRCLE('',#525,5.E-1);
#531=CIRCLE('',#530,2.5E-1);
#536=CIRCLE('',#535,6.5E-1);
#561=CIRCLE('',#560,2.5E-1);
#578=CIRCLE('',#577,5.E-1);
#807=CIRCLE('',#806,6.5E-1);
#832=CIRCLE('',#831,5.E-1);
#837=CIRCLE('',#836,2.5E-1);
#842=CIRCLE('',#841,6.5E-1);
#867=CIRCLE('',#866,2.5E-1);
#884=CIRCLE('',#883,5.E-1);
#1705=CIRCLE('',#1704,1.E0);
#1710=CIRCLE('',#1709,3.E-1);
#1743=CIRCLE('',#1742,1.E0);
#1756=CIRCLE('',#1755,1.E0);
#1781=CIRCLE('',#1780,3.E-1);
#1786=CIRCLE('',#1785,1.E0);
#1811=CIRCLE('',#1810,3.E-1);
#1828=CIRCLE('',#1827,3.E-1);
#2189=CIRCLE('',#2188,6.5E-1);
#2214=CIRCLE('',#2213,5.E-1);
#2219=CIRCLE('',#2218,2.5E-1);
#2224=CIRCLE('',#2223,6.5E-1);
#2249=CIRCLE('',#2248,2.5E-1);
#2266=CIRCLE('',#2265,5.E-1);
#2315=CIRCLE('',#2314,6.5E-1);
#2340=CIRCLE('',#2339,5.E-1);
#2345=CIRCLE('',#2344,2.5E-1);
#2350=CIRCLE('',#2349,6.5E-1);
#2375=CIRCLE('',#2374,2.5E-1);
#2392=CIRCLE('',#2391,5.E-1);
#2561=CIRCLE('',#2560,6.5E-1);
#2610=CIRCLE('',#2609,6.5E-1);
#2671=CIRCLE('',#2670,6.5E-1);
#2720=CIRCLE('',#2719,6.5E-1);
#3766=EDGE_CURVE('',#3599,#3600,#4,.T.);
#3768=EDGE_CURVE('',#3600,#3096,#210,.T.);
#3770=EDGE_CURVE('',#3096,#3094,#2104,.T.);
#3772=EDGE_CURVE('',#3094,#3092,#8,.T.);
#3774=EDGE_CURVE('',#3092,#3090,#352,.T.);
#3776=EDGE_CURVE('',#3090,#3088,#12,.T.);
#3778=EDGE_CURVE('',#3086,#3088,#1636,.T.);
#3780=EDGE_CURVE('',#3086,#3084,#16,.T.);
#3782=EDGE_CURVE('',#3084,#3082,#384,.T.);
#3784=EDGE_CURVE('',#3082,#3079,#20,.T.);
#3786=EDGE_CURVE('',#3079,#3080,#2536,.T.);
#3788=EDGE_CURVE('',#3080,#3496,#206,.T.);
#3790=EDGE_CURVE('',#3494,#3496,#24,.T.);
#3792=EDGE_CURVE('',#3494,#3491,#28,.T.);
#3794=EDGE_CURVE('',#3491,#3492,#32,.T.);
#3796=EDGE_CURVE('',#3492,#3532,#190,.T.);
#3798=EDGE_CURVE('',#3530,#3532,#36,.T.);
#3800=EDGE_CURVE('',#3530,#3527,#40,.T.);
#3802=EDGE_CURVE('',#3527,#3528,#44,.T.);
#3804=EDGE_CURVE('',#3528,#3568,#174,.T.);
#3806=EDGE_CURVE('',#3566,#3568,#48,.T.);
#3808=EDGE_CURVE('',#3566,#3563,#52,.T.);
#3810=EDGE_CURVE('',#3563,#3564,#56,.T.);
#3812=EDGE_CURVE('',#3564,#3604,#158,.T.);
#3814=EDGE_CURVE('',#3602,#3604,#60,.T.);
#3816=EDGE_CURVE('',#3602,#3599,#64,.T.);
#3827=EDGE_CURVE('',#3599,#3054,#101,.T.);
#3829=EDGE_CURVE('',#3054,#3051,#222,.T.);
#3831=EDGE_CURVE('',#3051,#3052,#214,.T.);
#3833=EDGE_CURVE('',#3052,#3606,#68,.T.);
#3835=EDGE_CURVE('',#3600,#3606,#146,.T.);
#3845=EDGE_CURVE('',#3611,#3612,#340,.T.);
#3847=EDGE_CURVE('',#3612,#3628,#73,.T.);
#3849=EDGE_CURVE('',#3627,#3628,#794,.T.);
#3851=EDGE_CURVE('',#3627,#3611,#582,.T.);
#3861=EDGE_CURVE('',#3619,#3620,#964,.T.);
#3863=EDGE_CURVE('',#3620,#3062,#77,.T.);
#3865=EDGE_CURVE('',#3062,#3060,#81,.T.);
#3867=EDGE_CURVE('',#3060,#3057,#85,.T.);
#3869=EDGE_CURVE('',#3057,#3058,#89,.T.);
#3871=EDGE_CURVE('',#3058,#3619,#93,.T.);
#3882=EDGE_CURVE('',#3602,#3068,#117,.T.);
#3884=EDGE_CURVE('',#3054,#3068,#97,.T.);
#3896=EDGE_CURVE('',#3604,#3608,#154,.T.);
#3898=EDGE_CURVE('',#3064,#3608,#105,.T.);
#3900=EDGE_CURVE('',#3066,#3064,#109,.T.);
#3902=EDGE_CURVE('',#3068,#3066,#113,.T.);
#3913=EDGE_CURVE('',#3616,#3614,#332,.T.);
#3915=EDGE_CURVE('',#3632,#3616,#666,.T.);
#3917=EDGE_CURVE('',#3632,#3630,#802,.T.);
#3919=EDGE_CURVE('',#3614,#3630,#122,.T.);
#3929=EDGE_CURVE('',#3624,#3622,#972,.T.);
#3931=EDGE_CURVE('',#3070,#3624,#126,.T.);
#3933=EDGE_CURVE('',#3072,#3070,#130,.T.);
#3935=EDGE_CURVE('',#3074,#3072,#134,.T.);
#3937=EDGE_CURVE('',#3076,#3074,#138,.T.);
#3939=EDGE_CURVE('',#3622,#3076,#142,.T.);
#3950=EDGE_CURVE('',#3606,#3608,#150,.T.);
#3954=EDGE_CURVE('',#3564,#3570,#162,.T.);
#3956=EDGE_CURVE('',#3570,#3572,#166,.T.);
#3958=EDGE_CURVE('',#3568,#3572,#170,.T.);
#3961=EDGE_CURVE('',#3528,#3534,#178,.T.);
#3963=EDGE_CURVE('',#3534,#3536,#182,.T.);
#3965=EDGE_CURVE('',#3532,#3536,#186,.T.);
#3968=EDGE_CURVE('',#3492,#3498,#194,.T.);
#3970=EDGE_CURVE('',#3498,#3500,#198,.T.);
#3972=EDGE_CURVE('',#3496,#3500,#202,.T.);
#3975=EDGE_CURVE('',#3080,#3108,#2532,.T.);
#3977=EDGE_CURVE('',#3108,#3100,#2516,.T.);
#3979=EDGE_CURVE('',#3099,#3100,#1272,.T.);
#3981=EDGE_CURVE('',#3099,#3102,#2116,.T.);
#3983=EDGE_CURVE('',#3102,#3104,#1488,.T.);
#3985=EDGE_CURVE('',#3106,#3104,#2088,.T.);
#3987=EDGE_CURVE('',#3106,#3096,#2108,.T.);
#4000=EDGE_CURVE('',#3052,#3064,#218,.T.);
#4012=EDGE_CURVE('',#3051,#3066,#226,.T.);
#4037=EDGE_CURVE('',#3563,#3026,#263,.T.);
#4039=EDGE_CURVE('',#3026,#3023,#316,.T.);
#4041=EDGE_CURVE('',#3023,#3024,#308,.T.);
#4043=EDGE_CURVE('',#3024,#3570,#230,.T.);
#4054=EDGE_CURVE('',#3575,#3576,#484,.T.);
#4056=EDGE_CURVE('',#3576,#3592,#235,.T.);
#4058=EDGE_CURVE('',#3591,#3592,#694,.T.);
#4060=EDGE_CURVE('',#3591,#3575,#674,.T.);
#4070=EDGE_CURVE('',#3583,#3584,#948,.T.);
#4072=EDGE_CURVE('',#3584,#3034,#239,.T.);
#4074=EDGE_CURVE('',#3034,#3032,#243,.T.);
#4076=EDGE_CURVE('',#3032,#3029,#247,.T.);
#4078=EDGE_CURVE('',#3029,#3030,#251,.T.);
#4080=EDGE_CURVE('',#3030,#3583,#255,.T.);
#4091=EDGE_CURVE('',#3566,#3040,#279,.T.);
#4093=EDGE_CURVE('',#3026,#3040,#259,.T.);
#4106=EDGE_CURVE('',#3036,#3572,#267,.T.);
#4108=EDGE_CURVE('',#3038,#3036,#271,.T.);
#4110=EDGE_CURVE('',#3040,#3038,#275,.T.);
#4121=EDGE_CURVE('',#3580,#3578,#476,.T.);
#4123=EDGE_CURVE('',#3596,#3580,#642,.T.);
#4125=EDGE_CURVE('',#3596,#3594,#702,.T.);
#4127=EDGE_CURVE('',#3578,#3594,#284,.T.);
#4137=EDGE_CURVE('',#3588,#3586,#956,.T.);
#4139=EDGE_CURVE('',#3042,#3588,#288,.T.);
#4141=EDGE_CURVE('',#3044,#3042,#292,.T.);
#4143=EDGE_CURVE('',#3046,#3044,#296,.T.);
#4145=EDGE_CURVE('',#3048,#3046,#300,.T.);
#4147=EDGE_CURVE('',#3586,#3048,#304,.T.);
#4159=EDGE_CURVE('',#3024,#3036,#312,.T.);
#4171=EDGE_CURVE('',#3023,#3038,#320,.T.);
#4195=EDGE_CURVE('',#3731,#3732,#324,.T.);
#4197=EDGE_CURVE('',#3732,#3616,#328,.T.);
#4200=EDGE_CURVE('',#3612,#3614,#336,.T.);
#4203=EDGE_CURVE('',#3611,#3440,#344,.T.);
#4205=EDGE_CURVE('',#3439,#3440,#348,.T.);
#4207=EDGE_CURVE('',#3132,#3439,#912,.T.);
#4209=EDGE_CURVE('',#3132,#3090,#1968,.T.);
#4212=EDGE_CURVE('',#3092,#3134,#2092,.T.);
#4214=EDGE_CURVE('',#3136,#3134,#2080,.T.);
#4216=EDGE_CURVE('',#3136,#3431,#1480,.T.);
#4218=EDGE_CURVE('',#3431,#3432,#356,.T.);
#4220=EDGE_CURVE('',#3434,#3432,#360,.T.);
#4222=EDGE_CURVE('',#3434,#3139,#1472,.T.);
#4224=EDGE_CURVE('',#3139,#3140,#1456,.T.);
#4226=EDGE_CURVE('',#3142,#3140,#1440,.T.);
#4228=EDGE_CURVE('',#3142,#3144,#1444,.T.);
#4230=EDGE_CURVE('',#3144,#3146,#1380,.T.);
#4232=EDGE_CURVE('',#3146,#3148,#1364,.T.);
#4234=EDGE_CURVE('',#3148,#3128,#1352,.T.);
#4236=EDGE_CURVE('',#3118,#3128,#364,.T.);
#4238=EDGE_CURVE('',#3419,#3118,#368,.T.);
#4240=EDGE_CURVE('',#3419,#3436,#372,.T.);
#4242=EDGE_CURVE('',#3411,#3436,#376,.T.);
#4244=EDGE_CURVE('',#3110,#3411,#380,.T.);
#4246=EDGE_CURVE('',#3110,#3150,#2524,.T.);
#4248=EDGE_CURVE('',#3150,#3082,#2544,.T.);
#4251=EDGE_CURVE('',#3084,#3130,#1960,.T.);
#4253=EDGE_CURVE('',#3443,#3130,#892,.T.);
#4255=EDGE_CURVE('',#3443,#3444,#388,.T.);
#4257=EDGE_CURVE('',#3444,#3640,#392,.T.);
#4259=EDGE_CURVE('',#3638,#3640,#396,.T.);
#4261=EDGE_CURVE('',#3635,#3638,#400,.T.);
#4263=EDGE_CURVE('',#3635,#3636,#404,.T.);
#4265=EDGE_CURVE('',#3636,#3508,#408,.T.);
#4267=EDGE_CURVE('',#3508,#3506,#412,.T.);
#4269=EDGE_CURVE('',#3504,#3506,#416,.T.);
#4271=EDGE_CURVE('',#3503,#3504,#420,.T.);
#4273=EDGE_CURVE('',#3503,#3672,#424,.T.);
#4275=EDGE_CURVE('',#3670,#3672,#428,.T.);
#4277=EDGE_CURVE('',#3667,#3670,#432,.T.);
#4279=EDGE_CURVE('',#3667,#3668,#436,.T.);
#4281=EDGE_CURVE('',#3668,#3544,#440,.T.);
#4283=EDGE_CURVE('',#3544,#3542,#444,.T.);
#4285=EDGE_CURVE('',#3540,#3542,#448,.T.);
#4287=EDGE_CURVE('',#3539,#3540,#452,.T.);
#4289=EDGE_CURVE('',#3539,#3704,#456,.T.);
#4291=EDGE_CURVE('',#3702,#3704,#460,.T.);
#4293=EDGE_CURVE('',#3699,#3702,#464,.T.);
#4295=EDGE_CURVE('',#3699,#3700,#468,.T.);
#4297=EDGE_CURVE('',#3700,#3580,#472,.T.);
#4300=EDGE_CURVE('',#3576,#3578,#480,.T.);
#4303=EDGE_CURVE('',#3575,#3736,#488,.T.);
#4305=EDGE_CURVE('',#3734,#3736,#492,.T.);
#4307=EDGE_CURVE('',#3731,#3734,#496,.T.);
#4318=EDGE_CURVE('',#3731,#3756,#501,.T.);
#4320=EDGE_CURVE('',#3755,#3756,#682,.T.);
#4322=EDGE_CURVE('',#3755,#3732,#658,.T.);
#4332=EDGE_CURVE('',#3739,#3740,#1028,.T.);
#4334=EDGE_CURVE('',#3740,#2842,#505,.T.);
#4336=EDGE_CURVE('',#2842,#2839,#509,.T.);
#4338=EDGE_CURVE('',#2839,#2840,#513,.T.);
#4340=EDGE_CURVE('',#2840,#2852,#517,.T.);
#4342=EDGE_CURVE('',#2852,#3739,#521,.T.);
#4352=EDGE_CURVE('',#3747,#3748,#2172,.T.);
#4354=EDGE_CURVE('',#3747,#2850,#526,.T.);
#4356=EDGE_CURVE('',#2850,#2848,#2484,.T.);
#4358=EDGE_CURVE('',#2848,#2845,#2476,.T.);
#4360=EDGE_CURVE('',#2845,#2846,#2472,.T.);
#4362=EDGE_CURVE('',#2846,#3748,#531,.T.);
#4373=EDGE_CURVE('',#3734,#3758,#536,.T.);
#4375=EDGE_CURVE('',#3756,#3758,#686,.T.);
#4387=EDGE_CURVE('',#3760,#3736,#670,.T.);
#4389=EDGE_CURVE('',#3760,#3758,#690,.T.);
#4400=EDGE_CURVE('',#3742,#3744,#1036,.T.);
#4402=EDGE_CURVE('',#2868,#3742,#540,.T.);
#4404=EDGE_CURVE('',#2856,#2868,#544,.T.);
#4406=EDGE_CURVE('',#2854,#2856,#548,.T.);
#4408=EDGE_CURVE('',#2858,#2854,#552,.T.);
#4410=EDGE_CURVE('',#3744,#2858,#556,.T.);
#4420=EDGE_CURVE('',#3750,#3752,#2180,.T.);
#4422=EDGE_CURVE('',#2860,#3752,#561,.T.);
#4424=EDGE_CURVE('',#2862,#2860,#565,.T.);
#4426=EDGE_CURVE('',#2864,#2862,#569,.T.);
#4428=EDGE_CURVE('',#2866,#2864,#573,.T.);
#4430=EDGE_CURVE('',#3750,#2866,#578,.T.);
#4441=EDGE_CURVE('',#3627,#3308,#586,.T.);
#4443=EDGE_CURVE('',#3440,#3308,#1052,.T.);
#4454=EDGE_CURVE('',#3659,#3636,#590,.T.);
#4456=EDGE_CURVE('',#3659,#3524,#594,.T.);
#4458=EDGE_CURVE('',#3524,#3508,#598,.T.);
#4469=EDGE_CURVE('',#3664,#3640,#602,.T.);
#4472=EDGE_CURVE('',#3444,#3310,#2552,.T.);
#4474=EDGE_CURVE('',#3310,#3664,#606,.T.);
#4484=EDGE_CURVE('',#3691,#3668,#610,.T.);
#4486=EDGE_CURVE('',#3691,#3560,#614,.T.);
#4488=EDGE_CURVE('',#3560,#3544,#618,.T.);
#4499=EDGE_CURVE('',#3696,#3672,#622,.T.);
#4502=EDGE_CURVE('',#3519,#3503,#626,.T.);
#4504=EDGE_CURVE('',#3519,#3696,#630,.T.);
#4514=EDGE_CURVE('',#3723,#3700,#634,.T.);
#4516=EDGE_CURVE('',#3723,#3596,#638,.T.);
#4528=EDGE_CURVE('',#3728,#3704,#646,.T.);
#4531=EDGE_CURVE('',#3555,#3539,#650,.T.);
#4533=EDGE_CURVE('',#3555,#3728,#654,.T.);
#4544=EDGE_CURVE('',#3755,#3632,#662,.T.);
#4559=EDGE_CURVE('',#3591,#3760,#678,.T.);
#4574=EDGE_CURVE('',#3592,#3594,#698,.T.);
#4578=EDGE_CURVE('',#3723,#3724,#706,.T.);
#4580=EDGE_CURVE('',#3724,#3726,#710,.T.);
#4582=EDGE_CURVE('',#3728,#3726,#714,.T.);
#4585=EDGE_CURVE('',#3555,#3556,#718,.T.);
#4587=EDGE_CURVE('',#3556,#3558,#722,.T.);
#4589=EDGE_CURVE('',#3560,#3558,#726,.T.);
#4592=EDGE_CURVE('',#3691,#3692,#730,.T.);
#4594=EDGE_CURVE('',#3692,#3694,#734,.T.);
#4596=EDGE_CURVE('',#3696,#3694,#738,.T.);
#4599=EDGE_CURVE('',#3519,#3520,#742,.T.);
#4601=EDGE_CURVE('',#3520,#3522,#746,.T.);
#4603=EDGE_CURVE('',#3524,#3522,#750,.T.);
#4606=EDGE_CURVE('',#3659,#3660,#754,.T.);
#4608=EDGE_CURVE('',#3660,#3662,#758,.T.);
#4610=EDGE_CURVE('',#3664,#3662,#762,.T.);
#4613=EDGE_CURVE('',#3310,#3298,#2548,.T.);
#4615=EDGE_CURVE('',#3300,#3298,#766,.T.);
#4617=EDGE_CURVE('',#3300,#3312,#1292,.T.);
#4619=EDGE_CURVE('',#3314,#3312,#1256,.T.);
#4621=EDGE_CURVE('',#3314,#3292,#1244,.T.);
#4623=EDGE_CURVE('',#3250,#3292,#770,.T.);
#4625=EDGE_CURVE('',#3248,#3250,#774,.T.);
#4627=EDGE_CURVE('',#3258,#3248,#778,.T.);
#4629=EDGE_CURVE('',#3264,#3258,#782,.T.);
#4631=EDGE_CURVE('',#3302,#3264,#786,.T.);
#4633=EDGE_CURVE('',#3306,#3302,#1180,.T.);
#4635=EDGE_CURVE('',#3305,#3306,#1168,.T.);
#4637=EDGE_CURVE('',#3294,#3305,#1152,.T.);
#4639=EDGE_CURVE('',#3296,#3294,#790,.T.);
#4641=EDGE_CURVE('',#3308,#3296,#1056,.T.);
#4645=EDGE_CURVE('',#3628,#3630,#798,.T.);
#4670=EDGE_CURVE('',#3699,#3724,#807,.T.);
#4682=EDGE_CURVE('',#3707,#3708,#1012,.T.);
#4684=EDGE_CURVE('',#3708,#2874,#811,.T.);
#4686=EDGE_CURVE('',#2874,#2871,#815,.T.);
#4688=EDGE_CURVE('',#2871,#2872,#819,.T.);
#4690=EDGE_CURVE('',#2872,#2884,#823,.T.);
#4692=EDGE_CURVE('',#2884,#3707,#827,.T.);
#4702=EDGE_CURVE('',#3715,#3716,#2156,.T.);
#4704=EDGE_CURVE('',#3715,#2882,#832,.T.);
#4706=EDGE_CURVE('',#2882,#2880,#2456,.T.);
#4708=EDGE_CURVE('',#2880,#2877,#2448,.T.);
#4710=EDGE_CURVE('',#2877,#2878,#2444,.T.);
#4712=EDGE_CURVE('',#2878,#3716,#837,.T.);
#4723=EDGE_CURVE('',#3702,#3726,#842,.T.);
#4747=EDGE_CURVE('',#3710,#3712,#1020,.T.);
#4749=EDGE_CURVE('',#2900,#3710,#846,.T.);
#4751=EDGE_CURVE('',#2888,#2900,#850,.T.);
#4753=EDGE_CURVE('',#2886,#2888,#854,.T.);
#4755=EDGE_CURVE('',#2890,#2886,#858,.T.);
#4757=EDGE_CURVE('',#3712,#2890,#862,.T.);
#4767=EDGE_CURVE('',#3718,#3720,#2164,.T.);
#4769=EDGE_CURVE('',#2892,#3720,#867,.T.);
#4771=EDGE_CURVE('',#2894,#2892,#871,.T.);
#4773=EDGE_CURVE('',#2896,#2894,#875,.T.);
#4775=EDGE_CURVE('',#2898,#2896,#879,.T.);
#4777=EDGE_CURVE('',#3718,#2898,#884,.T.);
#4787=EDGE_CURVE('',#3443,#3439,#888,.T.);
#4790=EDGE_CURVE('',#3130,#3152,#896,.T.);
#4792=EDGE_CURVE('',#3152,#3154,#900,.T.);
#4794=EDGE_CURVE('',#3162,#3154,#1714,.T.);
#4796=EDGE_CURVE('',#3160,#3162,#1798,.T.);
#4798=EDGE_CURVE('',#3157,#3160,#1776,.T.);
#4800=EDGE_CURVE('',#3157,#3158,#904,.T.);
#4802=EDGE_CURVE('',#3158,#3132,#908,.T.);
#4807=EDGE_CURVE('',#3511,#3512,#916,.T.);
#4809=EDGE_CURVE('',#3511,#3516,#920,.T.);
#4811=EDGE_CURVE('',#3516,#3514,#924,.T.);
#4813=EDGE_CURVE('',#3514,#3512,#928,.T.);
#4817=EDGE_CURVE('',#3547,#3548,#932,.T.);
#4819=EDGE_CURVE('',#3547,#3552,#936,.T.);
#4821=EDGE_CURVE('',#3552,#3550,#940,.T.);
#4823=EDGE_CURVE('',#3550,#3548,#944,.T.);
#4828=EDGE_CURVE('',#3583,#3588,#952,.T.);
#4831=EDGE_CURVE('',#3586,#3584,#960,.T.);
#4836=EDGE_CURVE('',#3619,#3624,#968,.T.);
#4839=EDGE_CURVE('',#3622,#3620,#976,.T.);
#4843=EDGE_CURVE('',#3643,#3644,#980,.T.);
#4845=EDGE_CURVE('',#3643,#3646,#984,.T.);
#4847=EDGE_CURVE('',#3646,#3648,#988,.T.);
#4849=EDGE_CURVE('',#3648,#3644,#992,.T.);
#4853=EDGE_CURVE('',#3675,#3676,#996,.T.);
#4855=EDGE_CURVE('',#3675,#3678,#1000,.T.);
#4857=EDGE_CURVE('',#3678,#3680,#1004,.T.);
#4859=EDGE_CURVE('',#3680,#3676,#1008,.T.);
#4864=EDGE_CURVE('',#3707,#3710,#1016,.T.);
#4867=EDGE_CURVE('',#3712,#3708,#1024,.T.);
#4872=EDGE_CURVE('',#3739,#3742,#1032,.T.);
#4875=EDGE_CURVE('',#3744,#3740,#1040,.T.);
#4886=EDGE_CURVE('',#3439,#3378,#1044,.T.);
#4888=EDGE_CURVE('',#3382,#3378,#1068,.T.);
#4890=EDGE_CURVE('',#3382,#3443,#1048,.T.);
#4903=EDGE_CURVE('',#3378,#3296,#1072,.T.);
#4914=EDGE_CURVE('',#3296,#3298,#1060,.T.);
#4916=EDGE_CURVE('',#3298,#3382,#1064,.T.);
#4928=EDGE_CURVE('',#3273,#3274,#1076,.T.);
#4930=EDGE_CURVE('',#3274,#3300,#1296,.T.);
#4935=EDGE_CURVE('',#3281,#3294,#1148,.T.);
#4937=EDGE_CURVE('',#3281,#3282,#1080,.T.);
#4939=EDGE_CURVE('',#3282,#3273,#1104,.T.);
#4950=EDGE_CURVE('',#3278,#3273,#1096,.T.);
#4952=EDGE_CURVE('',#3276,#3278,#1604,.T.);
#4954=EDGE_CURVE('',#3276,#3274,#1300,.T.);
#4964=EDGE_CURVE('',#3273,#3393,#1084,.T.);
#4966=EDGE_CURVE('',#3393,#3394,#1088,.T.);
#4968=EDGE_CURVE('',#3348,#3394,#1976,.T.);
#4970=EDGE_CURVE('',#3348,#3278,#1092,.T.);
#4981=EDGE_CURVE('',#3393,#3402,#1100,.T.);
#4985=EDGE_CURVE('',#3402,#3282,#1112,.T.);
#4996=EDGE_CURVE('',#3400,#3402,#1128,.T.);
#4998=EDGE_CURVE('',#3398,#3400,#2028,.T.);
#5000=EDGE_CURVE('',#3215,#3398,#2008,.T.);
#5002=EDGE_CURVE('',#3215,#3216,#1108,.T.);
#5004=EDGE_CURVE('',#3396,#3216,#1984,.T.);
#5006=EDGE_CURVE('',#3394,#3396,#1980,.T.);
#5018=EDGE_CURVE('',#3282,#3284,#1116,.T.);
#5020=EDGE_CURVE('',#3284,#3342,#1120,.T.);
#5022=EDGE_CURVE('',#3342,#3400,#1124,.T.);
#5034=EDGE_CURVE('',#3286,#3281,#1144,.T.);
#5036=EDGE_CURVE('',#3284,#3286,#1608,.T.);
#5047=EDGE_CURVE('',#3425,#3426,#1160,.T.);
#5049=EDGE_CURVE('',#3425,#3434,#1460,.T.);
#5052=EDGE_CURVE('',#3432,#3360,#1132,.T.);
#5054=EDGE_CURVE('',#3360,#3340,#1136,.T.);
#5056=EDGE_CURVE('',#3340,#3286,#1140,.T.);
#5061=EDGE_CURVE('',#3305,#3426,#1156,.T.);
#5072=EDGE_CURVE('',#3428,#3426,#1164,.T.);
#5074=EDGE_CURVE('',#3428,#3126,#1492,.T.);
#5076=EDGE_CURVE('',#3123,#3126,#1424,.T.);
#5078=EDGE_CURVE('',#3123,#3124,#1448,.T.);
#5080=EDGE_CURVE('',#3124,#3425,#1464,.T.);
#5093=EDGE_CURVE('',#3306,#3318,#1172,.T.);
#5095=EDGE_CURVE('',#3317,#3318,#1524,.T.);
#5097=EDGE_CURVE('',#3488,#3317,#1516,.T.);
#5099=EDGE_CURVE('',#3428,#3488,#1496,.T.);
#5109=EDGE_CURVE('',#3288,#3302,#1188,.T.);
#5111=EDGE_CURVE('',#3288,#3290,#1176,.T.);
#5113=EDGE_CURVE('',#3328,#3290,#1560,.T.);
#5115=EDGE_CURVE('',#3328,#3326,#1536,.T.);
#5117=EDGE_CURVE('',#3324,#3326,#1512,.T.);
#5119=EDGE_CURVE('',#3318,#3324,#1528,.T.);
#5131=EDGE_CURVE('',#3261,#3288,#1184,.T.);
#5135=EDGE_CURVE('',#3264,#3261,#1192,.T.);
#5146=EDGE_CURVE('',#3261,#3262,#1196,.T.);
#5148=EDGE_CURVE('',#3290,#3262,#1564,.T.);
#5162=EDGE_CURVE('',#3210,#3258,#1200,.T.);
#5164=EDGE_CURVE('',#3208,#3210,#1204,.T.);
#5166=EDGE_CURVE('',#3246,#3208,#1208,.T.);
#5168=EDGE_CURVE('',#3246,#3266,#1544,.T.);
#5170=EDGE_CURVE('',#3262,#3266,#1556,.T.);
#5182=EDGE_CURVE('',#3212,#3248,#1212,.T.);
#5184=EDGE_CURVE('',#3210,#3212,#1216,.T.);
#5196=EDGE_CURVE('',#3252,#3250,#1232,.T.);
#5198=EDGE_CURVE('',#3254,#3252,#1240,.T.);
#5200=EDGE_CURVE('',#3256,#3254,#2068,.T.);
#5202=EDGE_CURVE('',#3256,#3228,#1592,.T.);
#5204=EDGE_CURVE('',#3207,#3228,#1220,.T.);
#5206=EDGE_CURVE('',#3212,#3207,#1224,.T.);
#5216=EDGE_CURVE('',#3268,#3252,#1228,.T.);
#5220=EDGE_CURVE('',#3292,#3268,#1236,.T.);
#5231=EDGE_CURVE('',#3268,#3270,#1248,.T.);
#5233=EDGE_CURVE('',#3254,#3270,#2072,.T.);
#5246=EDGE_CURVE('',#3320,#3314,#1252,.T.);
#5248=EDGE_CURVE('',#3320,#3352,#2496,.T.);
#5250=EDGE_CURVE('',#3354,#3352,#1276,.T.);
#5252=EDGE_CURVE('',#3354,#3330,#1600,.T.);
#5254=EDGE_CURVE('',#3270,#3330,#2076,.T.);
#5265=EDGE_CURVE('',#3416,#3414,#1268,.T.);
#5267=EDGE_CURVE('',#3322,#3414,#2508,.T.);
#5269=EDGE_CURVE('',#3322,#3320,#2500,.T.);
#5273=EDGE_CURVE('',#3312,#3422,#1288,.T.);
#5275=EDGE_CURVE('',#3416,#3422,#1340,.T.);
#5285=EDGE_CURVE('',#3411,#3412,#1260,.T.);
#5287=EDGE_CURVE('',#3412,#3414,#1264,.T.);
#5290=EDGE_CURVE('',#3416,#3114,#1336,.T.);
#5292=EDGE_CURVE('',#3112,#3114,#1388,.T.);
#5294=EDGE_CURVE('',#3112,#3099,#2120,.T.);
#5297=EDGE_CURVE('',#3100,#3110,#2512,.T.);
#5310=EDGE_CURVE('',#3436,#3374,#1312,.T.);
#5312=EDGE_CURVE('',#3374,#3354,#1580,.T.);
#5315=EDGE_CURVE('',#3352,#3356,#1280,.T.);
#5317=EDGE_CURVE('',#3356,#3412,#1284,.T.);
#5327=EDGE_CURVE('',#3419,#3420,#1316,.T.);
#5329=EDGE_CURVE('',#3420,#3422,#1328,.T.);
#5335=EDGE_CURVE('',#3350,#3276,#1304,.T.);
#5337=EDGE_CURVE('',#3374,#3350,#1308,.T.);
#5351=EDGE_CURVE('',#3117,#3118,#1324,.T.);
#5353=EDGE_CURVE('',#3117,#3420,#1332,.T.);
#5363=EDGE_CURVE('',#3120,#3117,#1320,.T.);
#5367=EDGE_CURVE('',#3128,#3120,#1348,.T.);
#5380=EDGE_CURVE('',#3120,#3114,#1344,.T.);
#5395=EDGE_CURVE('',#3200,#3148,#1356,.T.);
#5397=EDGE_CURVE('',#3200,#3198,#1400,.T.);
#5399=EDGE_CURVE('',#3114,#3198,#1360,.T.);
#5411=EDGE_CURVE('',#3146,#3204,#1376,.T.);
#5413=EDGE_CURVE('',#3204,#3200,#1404,.T.);
#5423=EDGE_CURVE('',#3196,#3194,#1368,.T.);
#5425=EDGE_CURVE('',#3204,#3196,#1372,.T.);
#5429=EDGE_CURVE('',#3188,#3144,#1384,.T.);
#5431=EDGE_CURVE('',#3188,#3194,#1416,.T.);
#5443=EDGE_CURVE('',#3198,#3196,#1408,.T.);
#5446=EDGE_CURVE('',#3194,#3192,#1412,.T.);
#5448=EDGE_CURVE('',#3126,#3192,#1428,.T.);
#5450=EDGE_CURVE('',#3126,#3190,#1392,.T.);
#5452=EDGE_CURVE('',#3190,#3112,#1396,.T.);
#5474=EDGE_CURVE('',#3192,#3186,#1432,.T.);
#5478=EDGE_CURVE('',#3186,#3188,#1420,.T.);
#5491=EDGE_CURVE('',#3186,#3142,#1436,.T.);
#5494=EDGE_CURVE('',#3140,#3123,#1452,.T.);
#5519=EDGE_CURVE('',#3139,#3124,#1468,.T.);
#5541=EDGE_CURVE('',#3431,#3486,#1476,.T.);
#5544=EDGE_CURVE('',#3104,#3136,#1484,.T.);
#5547=EDGE_CURVE('',#3102,#3190,#2112,.T.);
#5552=EDGE_CURVE('',#3486,#3488,#1500,.T.);
#5564=EDGE_CURVE('',#3486,#3358,#1504,.T.);
#5566=EDGE_CURVE('',#3358,#3324,#1508,.T.);
#5569=EDGE_CURVE('',#3326,#3360,#1532,.T.);
#5582=EDGE_CURVE('',#3358,#3317,#1520,.T.);
#5607=EDGE_CURVE('',#3266,#3328,#1540,.T.);
#5610=EDGE_CURVE('',#3244,#3246,#1548,.T.);
#5612=EDGE_CURVE('',#3338,#3244,#1888,.T.);
#5614=EDGE_CURVE('',#3340,#3338,#1552,.T.);
#5638=EDGE_CURVE('',#3228,#3230,#1588,.T.);
#5640=EDGE_CURVE('',#3232,#3230,#1568,.T.);
#5642=EDGE_CURVE('',#3234,#3232,#1952,.T.);
#5644=EDGE_CURVE('',#3236,#3234,#1940,.T.);
#5646=EDGE_CURVE('',#3236,#3238,#1924,.T.);
#5648=EDGE_CURVE('',#3240,#3238,#1916,.T.);
#5650=EDGE_CURVE('',#3242,#3240,#1892,.T.);
#5652=EDGE_CURVE('',#3244,#3242,#1572,.T.);
#5656=EDGE_CURVE('',#3207,#3208,#1576,.T.);
#5668=EDGE_CURVE('',#3334,#3350,#1584,.T.);
#5670=EDGE_CURVE('',#3334,#3230,#1616,.T.);
#5674=EDGE_CURVE('',#3330,#3256,#1596,.T.);
#5685=EDGE_CURVE('',#3333,#3334,#1620,.T.);
#5691=EDGE_CURVE('',#3346,#3348,#1972,.T.);
#5693=EDGE_CURVE('',#3344,#3346,#2032,.T.);
#5695=EDGE_CURVE('',#3342,#3344,#2024,.T.);
#5701=EDGE_CURVE('',#3336,#3338,#1884,.T.);
#5703=EDGE_CURVE('',#3333,#3336,#1876,.T.);
#5713=EDGE_CURVE('',#3447,#3448,#1624,.T.);
#5715=EDGE_CURVE('',#3371,#3447,#1932,.T.);
#5717=EDGE_CURVE('',#3232,#3371,#1612,.T.);
#5722=EDGE_CURVE('',#3380,#3333,#1872,.T.);
#5724=EDGE_CURVE('',#3448,#3380,#1652,.T.);
#5735=EDGE_CURVE('',#3456,#3448,#1628,.T.);
#5737=EDGE_CURVE('',#3154,#3456,#1718,.T.);
#5740=EDGE_CURVE('',#3152,#3086,#1632,.T.);
#5743=EDGE_CURVE('',#3088,#3158,#1964,.T.);
#5746=EDGE_CURVE('',#3454,#3157,#1772,.T.);
#5748=EDGE_CURVE('',#3452,#3454,#1640,.T.);
#5750=EDGE_CURVE('',#3451,#3452,#1644,.T.);
#5752=EDGE_CURVE('',#3451,#3447,#1648,.T.);
#5763=EDGE_CURVE('',#3386,#3454,#1668,.T.);
#5765=EDGE_CURVE('',#3385,#3386,#1738,.T.);
#5767=EDGE_CURVE('',#3389,#3385,#1864,.T.);
#5769=EDGE_CURVE('',#3389,#3390,#1856,.T.);
#5771=EDGE_CURVE('',#3456,#3390,#1692,.T.);
#5775=EDGE_CURVE('',#3380,#3376,#1656,.T.);
#5777=EDGE_CURVE('',#3376,#3452,#1660,.T.);
#5787=EDGE_CURVE('',#3466,#3463,#1688,.T.);
#5789=EDGE_CURVE('',#3463,#3386,#1664,.T.);
#5792=EDGE_CURVE('',#3466,#3454,#1768,.T.);
#5802=EDGE_CURVE('',#3458,#3460,#1672,.T.);
#5804=EDGE_CURVE('',#3460,#3468,#1676,.T.);
#5806=EDGE_CURVE('',#3172,#3468,#1734,.T.);
#5808=EDGE_CURVE('',#3172,#3458,#1680,.T.);
#5818=EDGE_CURVE('',#3463,#3464,#1684,.T.);
#5821=EDGE_CURVE('',#3176,#3466,#1794,.T.);
#5823=EDGE_CURVE('',#3464,#3176,#1726,.T.);
#5833=EDGE_CURVE('',#3458,#3456,#1696,.T.);
#5836=EDGE_CURVE('',#3390,#3460,#1852,.T.);
#5849=EDGE_CURVE('',#3172,#3170,#1700,.T.);
#5851=EDGE_CURVE('',#3170,#3168,#1705,.T.);
#5853=EDGE_CURVE('',#3166,#3168,#1848,.T.);
#5855=EDGE_CURVE('',#3166,#3164,#1710,.T.);
#5857=EDGE_CURVE('',#3162,#3164,#1802,.T.);
#5869=EDGE_CURVE('',#3464,#3482,#1722,.T.);
#5872=EDGE_CURVE('',#3175,#3176,#1790,.T.);
#5874=EDGE_CURVE('',#3482,#3175,#1747,.T.);
#5884=EDGE_CURVE('',#3468,#3484,#1730,.T.);
#5886=EDGE_CURVE('',#3170,#3484,#1764,.T.);
#5900=EDGE_CURVE('',#3478,#3482,#1743,.T.);
#5902=EDGE_CURVE('',#3478,#3472,#1836,.T.);
#5904=EDGE_CURVE('',#3471,#3472,#1811,.T.);
#5906=EDGE_CURVE('',#3385,#3471,#1868,.T.);
#5920=EDGE_CURVE('',#3178,#3175,#1786,.T.);
#5922=EDGE_CURVE('',#3178,#3478,#1751,.T.);
#5932=EDGE_CURVE('',#3480,#3484,#1756,.T.);
#5934=EDGE_CURVE('',#3480,#3168,#1760,.T.);
#5949=EDGE_CURVE('',#3182,#3160,#1806,.T.);
#5951=EDGE_CURVE('',#3182,#3180,#1781,.T.);
#5953=EDGE_CURVE('',#3178,#3180,#1840,.T.);
#5968=EDGE_CURVE('',#3164,#3182,#1819,.T.);
#5980=EDGE_CURVE('',#3180,#3472,#1815,.T.);
#5985=EDGE_CURVE('',#3476,#3166,#1823,.T.);
#5987=EDGE_CURVE('',#3474,#3476,#1828,.T.);
#5989=EDGE_CURVE('',#3474,#3471,#1832,.T.);
#6011=EDGE_CURVE('',#3480,#3476,#1844,.T.);
#6027=EDGE_CURVE('',#3474,#3389,#1860,.T.);
#6055=EDGE_CURVE('',#3336,#3376,#1880,.T.);
#6072=EDGE_CURVE('',#3368,#3242,#1900,.T.);
#6074=EDGE_CURVE('',#3451,#3368,#1928,.T.);
#6085=EDGE_CURVE('',#3366,#3240,#1912,.T.);
#6087=EDGE_CURVE('',#3366,#3368,#1896,.T.);
#6098=EDGE_CURVE('',#3238,#3363,#1904,.T.);
#6100=EDGE_CURVE('',#3363,#3366,#1908,.T.);
#6112=EDGE_CURVE('',#3363,#3364,#1920,.T.);
#6116=EDGE_CURVE('',#3364,#3236,#1936,.T.);
#6131=EDGE_CURVE('',#3372,#3364,#1948,.T.);
#6133=EDGE_CURVE('',#3371,#3372,#1956,.T.);
#6146=EDGE_CURVE('',#3234,#3372,#1944,.T.);
#6196=EDGE_CURVE('',#3346,#3396,#1996,.T.);
#6207=EDGE_CURVE('',#3216,#3220,#1988,.T.);
#6209=EDGE_CURVE('',#3220,#3346,#1992,.T.);
#6227=EDGE_CURVE('',#3218,#3215,#2020,.T.);
#6229=EDGE_CURVE('',#3220,#3218,#2036,.T.);
#6234=EDGE_CURVE('',#3223,#3224,#2000,.T.);
#6236=EDGE_CURVE('',#3226,#3223,#2004,.T.);
#6238=EDGE_CURVE('',#3224,#3226,#2040,.T.);
#6249=EDGE_CURVE('',#3398,#3344,#2012,.T.);
#6251=EDGE_CURVE('',#3344,#3218,#2016,.T.);
#6287=EDGE_CURVE('',#3406,#3224,#2044,.T.);
#6289=EDGE_CURVE('',#3406,#3404,#2056,.T.);
#6291=EDGE_CURVE('',#3223,#3404,#2048,.T.);
#6302=EDGE_CURVE('',#3408,#3226,#2052,.T.);
#6304=EDGE_CURVE('',#3408,#3406,#2060,.T.);
#6317=EDGE_CURVE('',#3404,#3408,#2064,.T.);
#6353=EDGE_CURVE('',#3134,#3184,#2084,.T.);
#6355=EDGE_CURVE('',#3184,#3106,#2096,.T.);
#6369=EDGE_CURVE('',#3094,#3184,#2100,.T.);
#6397=EDGE_CURVE('',#3651,#3652,#2124,.T.);
#6399=EDGE_CURVE('',#3652,#3656,#2128,.T.);
#6401=EDGE_CURVE('',#3654,#3656,#2132,.T.);
#6403=EDGE_CURVE('',#3651,#3654,#2136,.T.);
#6407=EDGE_CURVE('',#3683,#3684,#2140,.T.);
#6409=EDGE_CURVE('',#3684,#3688,#2144,.T.);
#6411=EDGE_CURVE('',#3686,#3688,#2148,.T.);
#6413=EDGE_CURVE('',#3683,#3686,#2152,.T.);
#6418=EDGE_CURVE('',#3716,#3720,#2160,.T.);
#6421=EDGE_CURVE('',#3715,#3718,#2168,.T.);
#6426=EDGE_CURVE('',#3748,#3752,#2176,.T.);
#6429=EDGE_CURVE('',#3747,#3750,#2184,.T.);
#6440=EDGE_CURVE('',#3635,#3660,#2189,.T.);
#6453=EDGE_CURVE('',#3644,#2938,#2193,.T.);
#6455=EDGE_CURVE('',#2938,#2935,#2197,.T.);
#6457=EDGE_CURVE('',#2935,#2936,#2201,.T.);
#6459=EDGE_CURVE('',#2936,#2948,#2205,.T.);
#6461=EDGE_CURVE('',#2948,#3643,#2209,.T.);
#6472=EDGE_CURVE('',#3651,#2946,#2214,.T.);
#6474=EDGE_CURVE('',#2946,#2944,#2302,.T.);
#6476=EDGE_CURVE('',#2944,#2941,#2294,.T.);
#6478=EDGE_CURVE('',#2941,#2942,#2290,.T.);
#6480=EDGE_CURVE('',#2942,#3652,#2219,.T.);
#6491=EDGE_CURVE('',#3638,#3662,#2224,.T.);
#6516=EDGE_CURVE('',#2964,#3646,#2228,.T.);
#6518=EDGE_CURVE('',#2952,#2964,#2232,.T.);
#6520=EDGE_CURVE('',#2950,#2952,#2236,.T.);
#6522=EDGE_CURVE('',#2954,#2950,#2240,.T.);
#6524=EDGE_CURVE('',#3648,#2954,#2244,.T.);
#6535=EDGE_CURVE('',#2956,#3656,#2249,.T.);
#6537=EDGE_CURVE('',#2958,#2956,#2253,.T.);
#6539=EDGE_CURVE('',#2960,#2958,#2257,.T.);
#6541=EDGE_CURVE('',#2962,#2960,#2261,.T.);
#6543=EDGE_CURVE('',#3654,#2962,#2266,.T.);
#6555=EDGE_CURVE('',#2948,#2964,#2274,.T.);
#6567=EDGE_CURVE('',#2952,#2936,#2270,.T.);
#6580=EDGE_CURVE('',#2935,#2950,#2278,.T.);
#6593=EDGE_CURVE('',#2938,#2954,#2282,.T.);
#6619=EDGE_CURVE('',#2956,#2942,#2286,.T.);
#6631=EDGE_CURVE('',#2941,#2958,#2298,.T.);
#6644=EDGE_CURVE('',#2944,#2960,#2306,.T.);
#6657=EDGE_CURVE('',#2962,#2946,#2310,.T.);
#6682=EDGE_CURVE('',#3667,#3692,#2315,.T.);
#6695=EDGE_CURVE('',#3676,#2906,#2319,.T.);
#6697=EDGE_CURVE('',#2906,#2903,#2323,.T.);
#6699=EDGE_CURVE('',#2903,#2904,#2327,.T.);
#6701=EDGE_CURVE('',#2904,#2916,#2331,.T.);
#6703=EDGE_CURVE('',#2916,#3675,#2335,.T.);
#6714=EDGE_CURVE('',#3683,#2914,#2340,.T.);
#6716=EDGE_CURVE('',#2914,#2912,#2428,.T.);
#6718=EDGE_CURVE('',#2912,#2909,#2420,.T.);
#6720=EDGE_CURVE('',#2909,#2910,#2416,.T.);
#6722=EDGE_CURVE('',#2910,#3684,#2345,.T.);
#6733=EDGE_CURVE('',#3670,#3694,#2350,.T.);
#6758=EDGE_CURVE('',#2932,#3678,#2354,.T.);
#6760=EDGE_CURVE('',#2920,#2932,#2358,.T.);
#6762=EDGE_CURVE('',#2918,#2920,#2362,.T.);
#6764=EDGE_CURVE('',#2922,#2918,#2366,.T.);
#6766=EDGE_CURVE('',#3680,#2922,#2370,.T.);
#6777=EDGE_CURVE('',#2924,#3688,#2375,.T.);
#6779=EDGE_CURVE('',#2926,#2924,#2379,.T.);
#6781=EDGE_CURVE('',#2928,#2926,#2383,.T.);
#6783=EDGE_CURVE('',#2930,#2928,#2387,.T.);
#6785=EDGE_CURVE('',#3686,#2930,#2392,.T.);
#6797=EDGE_CURVE('',#2916,#2932,#2400,.T.);
#6809=EDGE_CURVE('',#2920,#2904,#2396,.T.);
#6822=EDGE_CURVE('',#2903,#2918,#2404,.T.);
#6835=EDGE_CURVE('',#2906,#2922,#2408,.T.);
#6861=EDGE_CURVE('',#2924,#2910,#2412,.T.);
#6873=EDGE_CURVE('',#2909,#2926,#2424,.T.);
#6886=EDGE_CURVE('',#2912,#2928,#2432,.T.);
#6899=EDGE_CURVE('',#2930,#2914,#2436,.T.);
#6925=EDGE_CURVE('',#2892,#2878,#2440,.T.);
#6937=EDGE_CURVE('',#2877,#2894,#2452,.T.);
#6950=EDGE_CURVE('',#2880,#2896,#2460,.T.);
#6963=EDGE_CURVE('',#2898,#2882,#2464,.T.);
#6989=EDGE_CURVE('',#2860,#2846,#2468,.T.);
#7001=EDGE_CURVE('',#2845,#2862,#2480,.T.);
#7014=EDGE_CURVE('',#2848,#2864,#2488,.T.);
#7027=EDGE_CURVE('',#2866,#2850,#2492,.T.);
#7051=EDGE_CURVE('',#3356,#3322,#2504,.T.);
#7078=EDGE_CURVE('',#3108,#3202,#2528,.T.);
#7080=EDGE_CURVE('',#3150,#3202,#2520,.T.);
#7094=EDGE_CURVE('',#3202,#3079,#2540,.T.);
#7130=EDGE_CURVE('',#3491,#2970,#2589,.T.);
#7132=EDGE_CURVE('',#2970,#2967,#2642,.T.);
#7134=EDGE_CURVE('',#2967,#2968,#2634,.T.);
#7136=EDGE_CURVE('',#2968,#3498,#2556,.T.);
#7148=EDGE_CURVE('',#3504,#3520,#2561,.T.);
#7161=EDGE_CURVE('',#3512,#2978,#2565,.T.);
#7163=EDGE_CURVE('',#2978,#2976,#2569,.T.);
#7165=EDGE_CURVE('',#2976,#2973,#2573,.T.);
#7167=EDGE_CURVE('',#2973,#2974,#2577,.T.);
#7169=EDGE_CURVE('',#2974,#3511,#2581,.T.);
#7180=EDGE_CURVE('',#3494,#2984,#2605,.T.);
#7182=EDGE_CURVE('',#2970,#2984,#2585,.T.);
#7195=EDGE_CURVE('',#2980,#3500,#2593,.T.);
#7197=EDGE_CURVE('',#2982,#2980,#2597,.T.);
#7199=EDGE_CURVE('',#2984,#2982,#2601,.T.);
#7213=EDGE_CURVE('',#3506,#3522,#2610,.T.);
#7224=EDGE_CURVE('',#2986,#3516,#2614,.T.);
#7226=EDGE_CURVE('',#2988,#2986,#2618,.T.);
#7228=EDGE_CURVE('',#2990,#2988,#2622,.T.);
#7230=EDGE_CURVE('',#2992,#2990,#2626,.T.);
#7232=EDGE_CURVE('',#3514,#2992,#2630,.T.);
#7244=EDGE_CURVE('',#2968,#2980,#2638,.T.);
#7256=EDGE_CURVE('',#2967,#2982,#2646,.T.);
#7294=EDGE_CURVE('',#2974,#2986,#2650,.T.);
#7306=EDGE_CURVE('',#2973,#2988,#2654,.T.);
#7319=EDGE_CURVE('',#2976,#2990,#2658,.T.);
#7332=EDGE_CURVE('',#2978,#2992,#2662,.T.);
#7357=EDGE_CURVE('',#3527,#2998,#2699,.T.);
#7359=EDGE_CURVE('',#2998,#2995,#2752,.T.);
#7361=EDGE_CURVE('',#2995,#2996,#2744,.T.);
#7363=EDGE_CURVE('',#2996,#3534,#2666,.T.);
#7375=EDGE_CURVE('',#3540,#3556,#2671,.T.);
#7388=EDGE_CURVE('',#3548,#3006,#2675,.T.);
#7390=EDGE_CURVE('',#3006,#3004,#2679,.T.);
#7392=EDGE_CURVE('',#3004,#3001,#2683,.T.);
#7394=EDGE_CURVE('',#3001,#3002,#2687,.T.);
#7396=EDGE_CURVE('',#3002,#3547,#2691,.T.);
#7407=EDGE_CURVE('',#3530,#3012,#2715,.T.);
#7409=EDGE_CURVE('',#2998,#3012,#2695,.T.);
#7422=EDGE_CURVE('',#3008,#3536,#2703,.T.);
#7424=EDGE_CURVE('',#3010,#3008,#2707,.T.);
#7426=EDGE_CURVE('',#3012,#3010,#2711,.T.);
#7440=EDGE_CURVE('',#3542,#3558,#2720,.T.);
#7451=EDGE_CURVE('',#3014,#3552,#2724,.T.);
#7453=EDGE_CURVE('',#3016,#3014,#2728,.T.);
#7455=EDGE_CURVE('',#3018,#3016,#2732,.T.);
#7457=EDGE_CURVE('',#3020,#3018,#2736,.T.);
#7459=EDGE_CURVE('',#3550,#3020,#2740,.T.);
#7471=EDGE_CURVE('',#2996,#3008,#2748,.T.);
#7483=EDGE_CURVE('',#2995,#3010,#2756,.T.);
#7521=EDGE_CURVE('',#3002,#3014,#2760,.T.);
#7533=EDGE_CURVE('',#3001,#3016,#2764,.T.);
#7546=EDGE_CURVE('',#3004,#3018,#2768,.T.);
#7559=EDGE_CURVE('',#3006,#3020,#2772,.T.);
#7585=EDGE_CURVE('',#3030,#3042,#2776,.T.);
#7597=EDGE_CURVE('',#3029,#3044,#2780,.T.);
#7610=EDGE_CURVE('',#3032,#3046,#2784,.T.);
#7623=EDGE_CURVE('',#3034,#3048,#2788,.T.);
#7649=EDGE_CURVE('',#3058,#3070,#2792,.T.);
#7661=EDGE_CURVE('',#3057,#3072,#2796,.T.);
#7674=EDGE_CURVE('',#3060,#3074,#2800,.T.);
#7687=EDGE_CURVE('',#3062,#3076,#2804,.T.);
#7713=EDGE_CURVE('',#2884,#2900,#2812,.T.);
#7725=EDGE_CURVE('',#2888,#2872,#2808,.T.);
#7738=EDGE_CURVE('',#2871,#2886,#2816,.T.);
#7751=EDGE_CURVE('',#2874,#2890,#2820,.T.);
#7777=EDGE_CURVE('',#2852,#2868,#2828,.T.);
#7789=EDGE_CURVE('',#2856,#2840,#2824,.T.);
#7802=EDGE_CURVE('',#2839,#2854,#2832,.T.);
#7815=EDGE_CURVE('',#2842,#2858,#2836,.T.);
#7856=ADVANCED_BREP_SHAPE_REPRESENTATION('',(#7847),#7855);
#7863=PRODUCT_DEFINITION('design','',#7862,#7859);
#7864=PRODUCT_DEFINITION_SHAPE('','SHAPE FOR ISFW8S-2STLF.',#7863);
#7865=SHAPE_DEFINITION_REPRESENTATION(#7864,#7856);
ENDSEC;
END-ISO-10303-21;

