ISO-10303-21;
HEADER;
FILE_DESCRIPTION(('FreeCAD Model'),'2;1');
FILE_NAME('Open CASCADE Shape Model','2025-09-13T00:56:18',(''),(''),
  'Open CASCADE STEP processor 7.8','FreeCAD','Unknown');
FILE_SCHEMA(('AUTOMOTIVE_DESIGN { 1 0 10303 214 1 1 1 1 }'));
ENDSEC;
DATA;
#1 = APPLICATION_PROTOCOL_DEFINITION('international standard',
  'automotive_design',2000,#2);
#2 = APPLICATION_CONTEXT(
  'core data for automotive mechanical design processes');
#3 = SHAPE_DEFINITION_REPRESENTATION(#4,#10);
#4 = PRODUCT_DEFINITION_SHAPE('','',#5);
#5 = PRODUCT_DEFINITION('design','',#6,#9);
#6 = PRODUCT_DEFINITION_FORMATION('','',#7);
#7 = PRODUCT('BGA_Test','BGA_Test','',(#8));
#8 = PRODUCT_CONTEXT('',#2,'mechanical');
#9 = PRODUCT_DEFINITION_CONTEXT('part definition',#2,'design');
#10 = SHAPE_REPRESENTATION('',(#11,#15,#19,#23,#27,#31,#35,#39,#43,#47,
    #51,#55,#59,#63,#67,#71,#75,#79,#83,#87,#91,#95,#99,#103,#107,#111,
    #115),#119);
#11 = AXIS2_PLACEMENT_3D('',#12,#13,#14);
#12 = CARTESIAN_POINT('',(0.,0.,0.));
#13 = DIRECTION('',(0.,0.,1.));
#14 = DIRECTION('',(1.,0.,-0.));
#15 = AXIS2_PLACEMENT_3D('',#16,#17,#18);
#16 = CARTESIAN_POINT('',(0.,0.,0.));
#17 = DIRECTION('',(0.,0.,1.));
#18 = DIRECTION('',(1.,0.,0.));
#19 = AXIS2_PLACEMENT_3D('',#20,#21,#22);
#20 = CARTESIAN_POINT('',(0.,0.,0.));
#21 = DIRECTION('',(0.,0.,1.));
#22 = DIRECTION('',(1.,0.,0.));
#23 = AXIS2_PLACEMENT_3D('',#24,#25,#26);
#24 = CARTESIAN_POINT('',(1.,0.,0.));
#25 = DIRECTION('',(0.,0.,1.));
#26 = DIRECTION('',(1.,0.,0.));
#27 = AXIS2_PLACEMENT_3D('',#28,#29,#30);
#28 = CARTESIAN_POINT('',(2.,0.,0.));
#29 = DIRECTION('',(0.,0.,1.));
#30 = DIRECTION('',(1.,0.,0.));
#31 = AXIS2_PLACEMENT_3D('',#32,#33,#34);
#32 = CARTESIAN_POINT('',(3.,0.,0.));
#33 = DIRECTION('',(0.,0.,1.));
#34 = DIRECTION('',(1.,0.,0.));
#35 = AXIS2_PLACEMENT_3D('',#36,#37,#38);
#36 = CARTESIAN_POINT('',(4.,0.,0.));
#37 = DIRECTION('',(0.,0.,1.));
#38 = DIRECTION('',(1.,0.,0.));
#39 = AXIS2_PLACEMENT_3D('',#40,#41,#42);
#40 = CARTESIAN_POINT('',(0.,0.,1.));
#41 = DIRECTION('',(0.,0.,1.));
#42 = DIRECTION('',(1.,0.,0.));
#43 = AXIS2_PLACEMENT_3D('',#44,#45,#46);
#44 = CARTESIAN_POINT('',(1.,0.,1.));
#45 = DIRECTION('',(0.,0.,1.));
#46 = DIRECTION('',(1.,0.,0.));
#47 = AXIS2_PLACEMENT_3D('',#48,#49,#50);
#48 = CARTESIAN_POINT('',(2.,0.,1.));
#49 = DIRECTION('',(0.,0.,1.));
#50 = DIRECTION('',(1.,0.,0.));
#51 = AXIS2_PLACEMENT_3D('',#52,#53,#54);
#52 = CARTESIAN_POINT('',(3.,0.,1.));
#53 = DIRECTION('',(0.,0.,1.));
#54 = DIRECTION('',(1.,0.,0.));
#55 = AXIS2_PLACEMENT_3D('',#56,#57,#58);
#56 = CARTESIAN_POINT('',(4.,0.,1.));
#57 = DIRECTION('',(0.,0.,1.));
#58 = DIRECTION('',(1.,0.,0.));
#59 = AXIS2_PLACEMENT_3D('',#60,#61,#62);
#60 = CARTESIAN_POINT('',(0.,0.,2.));
#61 = DIRECTION('',(0.,0.,1.));
#62 = DIRECTION('',(1.,0.,0.));
#63 = AXIS2_PLACEMENT_3D('',#64,#65,#66);
#64 = CARTESIAN_POINT('',(1.,0.,2.));
#65 = DIRECTION('',(0.,0.,1.));
#66 = DIRECTION('',(1.,0.,0.));
#67 = AXIS2_PLACEMENT_3D('',#68,#69,#70);
#68 = CARTESIAN_POINT('',(2.,0.,2.));
#69 = DIRECTION('',(0.,0.,1.));
#70 = DIRECTION('',(1.,0.,0.));
#71 = AXIS2_PLACEMENT_3D('',#72,#73,#74);
#72 = CARTESIAN_POINT('',(3.,0.,2.));
#73 = DIRECTION('',(0.,0.,1.));
#74 = DIRECTION('',(1.,0.,0.));
#75 = AXIS2_PLACEMENT_3D('',#76,#77,#78);
#76 = CARTESIAN_POINT('',(4.,0.,2.));
#77 = DIRECTION('',(0.,0.,1.));
#78 = DIRECTION('',(1.,0.,0.));
#79 = AXIS2_PLACEMENT_3D('',#80,#81,#82);
#80 = CARTESIAN_POINT('',(0.,0.,3.));
#81 = DIRECTION('',(0.,0.,1.));
#82 = DIRECTION('',(1.,0.,0.));
#83 = AXIS2_PLACEMENT_3D('',#84,#85,#86);
#84 = CARTESIAN_POINT('',(1.,0.,3.));
#85 = DIRECTION('',(0.,0.,1.));
#86 = DIRECTION('',(1.,0.,0.));
#87 = AXIS2_PLACEMENT_3D('',#88,#89,#90);
#88 = CARTESIAN_POINT('',(2.,0.,3.));
#89 = DIRECTION('',(0.,0.,1.));
#90 = DIRECTION('',(1.,0.,0.));
#91 = AXIS2_PLACEMENT_3D('',#92,#93,#94);
#92 = CARTESIAN_POINT('',(3.,0.,3.));
#93 = DIRECTION('',(0.,0.,1.));
#94 = DIRECTION('',(1.,0.,0.));
#95 = AXIS2_PLACEMENT_3D('',#96,#97,#98);
#96 = CARTESIAN_POINT('',(4.,0.,3.));
#97 = DIRECTION('',(0.,0.,1.));
#98 = DIRECTION('',(1.,0.,0.));
#99 = AXIS2_PLACEMENT_3D('',#100,#101,#102);
#100 = CARTESIAN_POINT('',(0.,0.,4.));
#101 = DIRECTION('',(0.,0.,1.));
#102 = DIRECTION('',(1.,0.,0.));
#103 = AXIS2_PLACEMENT_3D('',#104,#105,#106);
#104 = CARTESIAN_POINT('',(1.,0.,4.));
#105 = DIRECTION('',(0.,0.,1.));
#106 = DIRECTION('',(1.,0.,0.));
#107 = AXIS2_PLACEMENT_3D('',#108,#109,#110);
#108 = CARTESIAN_POINT('',(2.,0.,4.));
#109 = DIRECTION('',(0.,0.,1.));
#110 = DIRECTION('',(1.,0.,0.));
#111 = AXIS2_PLACEMENT_3D('',#112,#113,#114);
#112 = CARTESIAN_POINT('',(3.,0.,4.));
#113 = DIRECTION('',(0.,0.,1.));
#114 = DIRECTION('',(1.,0.,0.));
#115 = AXIS2_PLACEMENT_3D('',#116,#117,#118);
#116 = CARTESIAN_POINT('',(4.,0.,4.));
#117 = DIRECTION('',(0.,0.,1.));
#118 = DIRECTION('',(1.,0.,0.));
#119 = ( GEOMETRIC_REPRESENTATION_CONTEXT(3) 
GLOBAL_UNCERTAINTY_ASSIGNED_CONTEXT((#123)) GLOBAL_UNIT_ASSIGNED_CONTEXT
((#120,#121,#122)) REPRESENTATION_CONTEXT('Context #1',
  '3D Context with UNIT and UNCERTAINTY') );
#120 = ( LENGTH_UNIT() NAMED_UNIT(*) SI_UNIT(.MILLI.,.METRE.) );
#121 = ( NAMED_UNIT(*) PLANE_ANGLE_UNIT() SI_UNIT($,.RADIAN.) );
#122 = ( NAMED_UNIT(*) SI_UNIT($,.STERADIAN.) SOLID_ANGLE_UNIT() );
#123 = UNCERTAINTY_MEASURE_WITH_UNIT(LENGTH_MEASURE(1.E-07),#120,
  'distance_accuracy_value','confusion accuracy');
#124 = PRODUCT_RELATED_PRODUCT_CATEGORY('part',$,(#7));
#125 = SHAPE_DEFINITION_REPRESENTATION(#126,#132);
#126 = PRODUCT_DEFINITION_SHAPE('','',#127);
#127 = PRODUCT_DEFINITION('design','',#128,#131);
#128 = PRODUCT_DEFINITION_FORMATION('','',#129);
#129 = PRODUCT('Body_Solid1','Body_Solid1','',(#130));
#130 = PRODUCT_CONTEXT('',#2,'mechanical');
#131 = PRODUCT_DEFINITION_CONTEXT('part definition',#2,'design');
#132 = ADVANCED_BREP_SHAPE_REPRESENTATION('',(#11,#133),#328);
#133 = MANIFOLD_SOLID_BREP('',#134);
#134 = CLOSED_SHELL('',(#135,#175,#206,#230,#265,#282,#294,#319));
#135 = ADVANCED_FACE('',(#136),#170,.T.);
#136 = FACE_BOUND('',#137,.T.);
#137 = EDGE_LOOP('',(#138,#148,#156,#164));
#138 = ORIENTED_EDGE('',*,*,#139,.F.);
#139 = EDGE_CURVE('',#140,#142,#144,.T.);
#140 = VERTEX_POINT('',#141);
#141 = CARTESIAN_POINT('',(-3.,0.2368,4.));
#142 = VERTEX_POINT('',#143);
#143 = CARTESIAN_POINT('',(-3.,0.2368,-4.));
#144 = LINE('',#145,#146);
#145 = CARTESIAN_POINT('',(-3.,0.2368,4.));
#146 = VECTOR('',#147,1.);
#147 = DIRECTION('',(0.,-2.22044604925E-16,-1.));
#148 = ORIENTED_EDGE('',*,*,#149,.T.);
#149 = EDGE_CURVE('',#140,#150,#152,.T.);
#150 = VERTEX_POINT('',#151);
#151 = CARTESIAN_POINT('',(-3.,1.,4.));
#152 = LINE('',#153,#154);
#153 = CARTESIAN_POINT('',(-3.,8.881784197001E-16,4.));
#154 = VECTOR('',#155,1.);
#155 = DIRECTION('',(0.,1.,-2.22044604925E-16));
#156 = ORIENTED_EDGE('',*,*,#157,.T.);
#157 = EDGE_CURVE('',#150,#158,#160,.T.);
#158 = VERTEX_POINT('',#159);
#159 = CARTESIAN_POINT('',(-3.,1.,-4.));
#160 = LINE('',#161,#162);
#161 = CARTESIAN_POINT('',(-3.,1.,4.));
#162 = VECTOR('',#163,1.);
#163 = DIRECTION('',(0.,-2.22044604925E-16,-1.));
#164 = ORIENTED_EDGE('',*,*,#165,.F.);
#165 = EDGE_CURVE('',#142,#158,#166,.T.);
#166 = LINE('',#167,#168);
#167 = CARTESIAN_POINT('',(-3.,-8.881784197001E-16,-4.));
#168 = VECTOR('',#169,1.);
#169 = DIRECTION('',(0.,1.,-2.22044604925E-16));
#170 = PLANE('',#171);
#171 = AXIS2_PLACEMENT_3D('',#172,#173,#174);
#172 = CARTESIAN_POINT('',(-3.,8.881784197001E-16,4.));
#173 = DIRECTION('',(-1.,0.,0.));
#174 = DIRECTION('',(0.,-2.22044604925E-16,-1.));
#175 = ADVANCED_FACE('',(#176),#201,.F.);
#176 = FACE_BOUND('',#177,.T.);
#177 = EDGE_LOOP('',(#178,#179,#187,#195));
#178 = ORIENTED_EDGE('',*,*,#139,.T.);
#179 = ORIENTED_EDGE('',*,*,#180,.T.);
#180 = EDGE_CURVE('',#142,#181,#183,.T.);
#181 = VERTEX_POINT('',#182);
#182 = CARTESIAN_POINT('',(3.,0.2368,-4.));
#183 = LINE('',#184,#185);
#184 = CARTESIAN_POINT('',(-3.,0.2368,-4.));
#185 = VECTOR('',#186,1.);
#186 = DIRECTION('',(1.,0.,0.));
#187 = ORIENTED_EDGE('',*,*,#188,.T.);
#188 = EDGE_CURVE('',#181,#189,#191,.T.);
#189 = VERTEX_POINT('',#190);
#190 = CARTESIAN_POINT('',(3.,0.2368,4.));
#191 = LINE('',#192,#193);
#192 = CARTESIAN_POINT('',(3.,0.2368,-4.));
#193 = VECTOR('',#194,1.);
#194 = DIRECTION('',(0.,2.22044604925E-16,1.));
#195 = ORIENTED_EDGE('',*,*,#196,.T.);
#196 = EDGE_CURVE('',#189,#140,#197,.T.);
#197 = LINE('',#198,#199);
#198 = CARTESIAN_POINT('',(3.,0.2368,4.));
#199 = VECTOR('',#200,1.);
#200 = DIRECTION('',(-1.,0.,0.));
#201 = PLANE('',#202);
#202 = AXIS2_PLACEMENT_3D('',#203,#204,#205);
#203 = CARTESIAN_POINT('',(0.,0.2368,-5.551115123126E-17));
#204 = DIRECTION('',(0.,1.,0.));
#205 = DIRECTION('',(0.,0.,1.));
#206 = ADVANCED_FACE('',(#207),#225,.T.);
#207 = FACE_BOUND('',#208,.T.);
#208 = EDGE_LOOP('',(#209,#210,#211,#219));
#209 = ORIENTED_EDGE('',*,*,#180,.F.);
#210 = ORIENTED_EDGE('',*,*,#165,.T.);
#211 = ORIENTED_EDGE('',*,*,#212,.T.);
#212 = EDGE_CURVE('',#158,#213,#215,.T.);
#213 = VERTEX_POINT('',#214);
#214 = CARTESIAN_POINT('',(3.,1.,-4.));
#215 = LINE('',#216,#217);
#216 = CARTESIAN_POINT('',(-3.,1.,-4.));
#217 = VECTOR('',#218,1.);
#218 = DIRECTION('',(1.,0.,0.));
#219 = ORIENTED_EDGE('',*,*,#220,.F.);
#220 = EDGE_CURVE('',#181,#213,#221,.T.);
#221 = LINE('',#222,#223);
#222 = CARTESIAN_POINT('',(3.,-8.881784197001E-16,-4.));
#223 = VECTOR('',#224,1.);
#224 = DIRECTION('',(0.,1.,-2.22044604925E-16));
#225 = PLANE('',#226);
#226 = AXIS2_PLACEMENT_3D('',#227,#228,#229);
#227 = CARTESIAN_POINT('',(-3.,-8.881784197001E-16,-4.));
#228 = DIRECTION('',(0.,-2.22044604925E-16,-1.));
#229 = DIRECTION('',(1.,0.,0.));
#230 = ADVANCED_FACE('',(#231,#249),#260,.T.);
#231 = FACE_BOUND('',#232,.T.);
#232 = EDGE_LOOP('',(#233,#234,#242,#248));
#233 = ORIENTED_EDGE('',*,*,#157,.F.);
#234 = ORIENTED_EDGE('',*,*,#235,.F.);
#235 = EDGE_CURVE('',#236,#150,#238,.T.);
#236 = VERTEX_POINT('',#237);
#237 = CARTESIAN_POINT('',(3.,1.,4.));
#238 = LINE('',#239,#240);
#239 = CARTESIAN_POINT('',(3.,1.,4.));
#240 = VECTOR('',#241,1.);
#241 = DIRECTION('',(-1.,0.,0.));
#242 = ORIENTED_EDGE('',*,*,#243,.F.);
#243 = EDGE_CURVE('',#213,#236,#244,.T.);
#244 = LINE('',#245,#246);
#245 = CARTESIAN_POINT('',(3.,1.,-4.));
#246 = VECTOR('',#247,1.);
#247 = DIRECTION('',(0.,2.22044604925E-16,1.));
#248 = ORIENTED_EDGE('',*,*,#212,.F.);
#249 = FACE_BOUND('',#250,.T.);
#250 = EDGE_LOOP('',(#251));
#251 = ORIENTED_EDGE('',*,*,#252,.F.);
#252 = EDGE_CURVE('',#253,#253,#255,.T.);
#253 = VERTEX_POINT('',#254);
#254 = CARTESIAN_POINT('',(-1.789915966387,1.,-3.142857142857));
#255 = CIRCLE('',#256,0.352941176471);
#256 = AXIS2_PLACEMENT_3D('',#257,#258,#259);
#257 = CARTESIAN_POINT('',(-2.142857142857,1.,-3.142857142857));
#258 = DIRECTION('',(-0.,1.,2.22044604925E-16));
#259 = DIRECTION('',(1.,0.,0.));
#260 = PLANE('',#261);
#261 = AXIS2_PLACEMENT_3D('',#262,#263,#264);
#262 = CARTESIAN_POINT('',(0.,1.,-2.22044604925E-16));
#263 = DIRECTION('',(0.,1.,0.));
#264 = DIRECTION('',(0.,0.,1.));
#265 = ADVANCED_FACE('',(#266),#277,.T.);
#266 = FACE_BOUND('',#267,.T.);
#267 = EDGE_LOOP('',(#268,#269,#275,#276));
#268 = ORIENTED_EDGE('',*,*,#196,.F.);
#269 = ORIENTED_EDGE('',*,*,#270,.T.);
#270 = EDGE_CURVE('',#189,#236,#271,.T.);
#271 = LINE('',#272,#273);
#272 = CARTESIAN_POINT('',(3.,8.881784197001E-16,4.));
#273 = VECTOR('',#274,1.);
#274 = DIRECTION('',(0.,1.,-2.22044604925E-16));
#275 = ORIENTED_EDGE('',*,*,#235,.T.);
#276 = ORIENTED_EDGE('',*,*,#149,.F.);
#277 = PLANE('',#278);
#278 = AXIS2_PLACEMENT_3D('',#279,#280,#281);
#279 = CARTESIAN_POINT('',(3.,8.881784197001E-16,4.));
#280 = DIRECTION('',(0.,2.22044604925E-16,1.));
#281 = DIRECTION('',(-1.,0.,0.));
#282 = ADVANCED_FACE('',(#283),#289,.T.);
#283 = FACE_BOUND('',#284,.T.);
#284 = EDGE_LOOP('',(#285,#286,#287,#288));
#285 = ORIENTED_EDGE('',*,*,#188,.F.);
#286 = ORIENTED_EDGE('',*,*,#220,.T.);
#287 = ORIENTED_EDGE('',*,*,#243,.T.);
#288 = ORIENTED_EDGE('',*,*,#270,.F.);
#289 = PLANE('',#290);
#290 = AXIS2_PLACEMENT_3D('',#291,#292,#293);
#291 = CARTESIAN_POINT('',(3.,-8.881784197001E-16,-4.));
#292 = DIRECTION('',(1.,0.,0.));
#293 = DIRECTION('',(0.,2.22044604925E-16,1.));
#294 = ADVANCED_FACE('',(#295),#314,.F.);
#295 = FACE_BOUND('',#296,.F.);
#296 = EDGE_LOOP('',(#297,#305,#312,#313));
#297 = ORIENTED_EDGE('',*,*,#298,.T.);
#298 = EDGE_CURVE('',#253,#299,#301,.T.);
#299 = VERTEX_POINT('',#300);
#300 = CARTESIAN_POINT('',(-1.789915966387,0.92368,-3.142857142857));
#301 = LINE('',#302,#303);
#302 = CARTESIAN_POINT('',(-1.789915966387,1.,-3.142857142857));
#303 = VECTOR('',#304,1.);
#304 = DIRECTION('',(0.,-1.,-2.22044604925E-16));
#305 = ORIENTED_EDGE('',*,*,#306,.T.);
#306 = EDGE_CURVE('',#299,#299,#307,.T.);
#307 = CIRCLE('',#308,0.352941176471);
#308 = AXIS2_PLACEMENT_3D('',#309,#310,#311);
#309 = CARTESIAN_POINT('',(-2.142857142857,0.92368,-3.142857142857));
#310 = DIRECTION('',(-0.,1.,2.22044604925E-16));
#311 = DIRECTION('',(1.,0.,0.));
#312 = ORIENTED_EDGE('',*,*,#298,.F.);
#313 = ORIENTED_EDGE('',*,*,#252,.F.);
#314 = CYLINDRICAL_SURFACE('',#315,0.352941176471);
#315 = AXIS2_PLACEMENT_3D('',#316,#317,#318);
#316 = CARTESIAN_POINT('',(-2.142857142857,1.,-3.142857142857));
#317 = DIRECTION('',(0.,1.,2.22044604925E-16));
#318 = DIRECTION('',(1.,0.,0.));
#319 = ADVANCED_FACE('',(#320),#323,.T.);
#320 = FACE_BOUND('',#321,.T.);
#321 = EDGE_LOOP('',(#322));
#322 = ORIENTED_EDGE('',*,*,#306,.T.);
#323 = PLANE('',#324);
#324 = AXIS2_PLACEMENT_3D('',#325,#326,#327);
#325 = CARTESIAN_POINT('',(-2.142857142857,0.92368,-3.142857142857));
#326 = DIRECTION('',(0.,1.,0.));
#327 = DIRECTION('',(0.,0.,1.));
#328 = ( GEOMETRIC_REPRESENTATION_CONTEXT(3) 
GLOBAL_UNCERTAINTY_ASSIGNED_CONTEXT((#332)) GLOBAL_UNIT_ASSIGNED_CONTEXT
((#329,#330,#331)) REPRESENTATION_CONTEXT('Context #1',
  '3D Context with UNIT and UNCERTAINTY') );
#329 = ( LENGTH_UNIT() NAMED_UNIT(*) SI_UNIT(.MILLI.,.METRE.) );
#330 = ( NAMED_UNIT(*) PLANE_ANGLE_UNIT() SI_UNIT($,.RADIAN.) );
#331 = ( NAMED_UNIT(*) SI_UNIT($,.STERADIAN.) SOLID_ANGLE_UNIT() );
#332 = UNCERTAINTY_MEASURE_WITH_UNIT(LENGTH_MEASURE(1.E-07),#329,
  'distance_accuracy_value','confusion accuracy');
#333 = CONTEXT_DEPENDENT_SHAPE_REPRESENTATION(#334,#336);
#334 = ( REPRESENTATION_RELATIONSHIP('','',#132,#10) 
REPRESENTATION_RELATIONSHIP_WITH_TRANSFORMATION(#335) 
SHAPE_REPRESENTATION_RELATIONSHIP() );
#335 = ITEM_DEFINED_TRANSFORMATION('','',#11,#15);
#336 = PRODUCT_DEFINITION_SHAPE('Placement','Placement of an item',#337
  );
#337 = NEXT_ASSEMBLY_USAGE_OCCURRENCE('25332','Body_Solid1','',#5,#127,$
  );
#338 = PRODUCT_RELATED_PRODUCT_CATEGORY('part',$,(#129));
#339 = SHAPE_DEFINITION_REPRESENTATION(#340,#346);
#340 = PRODUCT_DEFINITION_SHAPE('','',#341);
#341 = PRODUCT_DEFINITION('design','',#342,#345);
#342 = PRODUCT_DEFINITION_FORMATION('','',#343);
#343 = PRODUCT('Body002_Solid1','Body002_Solid1','',(#344));
#344 = PRODUCT_CONTEXT('',#2,'mechanical');
#345 = PRODUCT_DEFINITION_CONTEXT('part definition',#2,'design');
#346 = ADVANCED_BREP_SHAPE_REPRESENTATION('',(#11,#347),#400);
#347 = MANIFOLD_SOLID_BREP('',#348);
#348 = CLOSED_SHELL('',(#349,#382,#391));
#349 = ADVANCED_FACE('',(#350),#377,.T.);
#350 = FACE_BOUND('',#351,.F.);
#351 = EDGE_LOOP('',(#352,#362,#369,#370));
#352 = ORIENTED_EDGE('',*,*,#353,.T.);
#353 = EDGE_CURVE('',#354,#356,#358,.T.);
#354 = VERTEX_POINT('',#355);
#355 = CARTESIAN_POINT('',(-2.495798319328,0.92368,-3.142857142857));
#356 = VERTEX_POINT('',#357);
#357 = CARTESIAN_POINT('',(-2.495798319328,1.,-3.142857142857));
#358 = LINE('',#359,#360);
#359 = CARTESIAN_POINT('',(-2.495798319328,0.92368,-3.142857142857));
#360 = VECTOR('',#361,1.);
#361 = DIRECTION('',(0.,1.,-2.22044604925E-16));
#362 = ORIENTED_EDGE('',*,*,#363,.T.);
#363 = EDGE_CURVE('',#356,#356,#364,.T.);
#364 = CIRCLE('',#365,0.352941176471);
#365 = AXIS2_PLACEMENT_3D('',#366,#367,#368);
#366 = CARTESIAN_POINT('',(-2.142857142857,1.,-3.142857142857));
#367 = DIRECTION('',(0.,1.,-2.22044604925E-16));
#368 = DIRECTION('',(-1.,0.,0.));
#369 = ORIENTED_EDGE('',*,*,#353,.F.);
#370 = ORIENTED_EDGE('',*,*,#371,.F.);
#371 = EDGE_CURVE('',#354,#354,#372,.T.);
#372 = CIRCLE('',#373,0.352941176471);
#373 = AXIS2_PLACEMENT_3D('',#374,#375,#376);
#374 = CARTESIAN_POINT('',(-2.142857142857,0.92368,-3.142857142857));
#375 = DIRECTION('',(0.,1.,-2.22044604925E-16));
#376 = DIRECTION('',(-1.,0.,0.));
#377 = CYLINDRICAL_SURFACE('',#378,0.352941176471);
#378 = AXIS2_PLACEMENT_3D('',#379,#380,#381);
#379 = CARTESIAN_POINT('',(-2.142857142857,0.92368,-3.142857142857));
#380 = DIRECTION('',(0.,-1.,2.22044604925E-16));
#381 = DIRECTION('',(-1.,0.,0.));
#382 = ADVANCED_FACE('',(#383),#386,.F.);
#383 = FACE_BOUND('',#384,.F.);
#384 = EDGE_LOOP('',(#385));
#385 = ORIENTED_EDGE('',*,*,#371,.T.);
#386 = PLANE('',#387);
#387 = AXIS2_PLACEMENT_3D('',#388,#389,#390);
#388 = CARTESIAN_POINT('',(-2.142857142857,0.92368,-3.142857142857));
#389 = DIRECTION('',(0.,1.,0.));
#390 = DIRECTION('',(0.,0.,1.));
#391 = ADVANCED_FACE('',(#392),#395,.T.);
#392 = FACE_BOUND('',#393,.T.);
#393 = EDGE_LOOP('',(#394));
#394 = ORIENTED_EDGE('',*,*,#363,.T.);
#395 = PLANE('',#396);
#396 = AXIS2_PLACEMENT_3D('',#397,#398,#399);
#397 = CARTESIAN_POINT('',(-2.142857142857,1.,-3.142857142857));
#398 = DIRECTION('',(0.,1.,0.));
#399 = DIRECTION('',(0.,0.,1.));
#400 = ( GEOMETRIC_REPRESENTATION_CONTEXT(3) 
GLOBAL_UNCERTAINTY_ASSIGNED_CONTEXT((#404)) GLOBAL_UNIT_ASSIGNED_CONTEXT
((#401,#402,#403)) REPRESENTATION_CONTEXT('Context #1',
  '3D Context with UNIT and UNCERTAINTY') );
#401 = ( LENGTH_UNIT() NAMED_UNIT(*) SI_UNIT(.MILLI.,.METRE.) );
#402 = ( NAMED_UNIT(*) PLANE_ANGLE_UNIT() SI_UNIT($,.RADIAN.) );
#403 = ( NAMED_UNIT(*) SI_UNIT($,.STERADIAN.) SOLID_ANGLE_UNIT() );
#404 = UNCERTAINTY_MEASURE_WITH_UNIT(LENGTH_MEASURE(1.E-07),#401,
  'distance_accuracy_value','confusion accuracy');
#405 = CONTEXT_DEPENDENT_SHAPE_REPRESENTATION(#406,#408);
#406 = ( REPRESENTATION_RELATIONSHIP('','',#346,#10) 
REPRESENTATION_RELATIONSHIP_WITH_TRANSFORMATION(#407) 
SHAPE_REPRESENTATION_RELATIONSHIP() );
#407 = ITEM_DEFINED_TRANSFORMATION('','',#11,#19);
#408 = PRODUCT_DEFINITION_SHAPE('Placement','Placement of an item',#409
  );
#409 = NEXT_ASSEMBLY_USAGE_OCCURRENCE('25333','Body002_Solid1','',#5,
  #341,$);
#410 = PRODUCT_RELATED_PRODUCT_CATEGORY('part',$,(#343));
#411 = SHAPE_DEFINITION_REPRESENTATION(#412,#418);
#412 = PRODUCT_DEFINITION_SHAPE('','',#413);
#413 = PRODUCT_DEFINITION('design','',#414,#417);
#414 = PRODUCT_DEFINITION_FORMATION('','',#415);
#415 = PRODUCT('BALL_0001','BALL_0001','',(#416));
#416 = PRODUCT_CONTEXT('',#2,'mechanical');
#417 = PRODUCT_DEFINITION_CONTEXT('part definition',#2,'design');
#418 = ADVANCED_BREP_SHAPE_REPRESENTATION('',(#11,#419),#457);
#419 = MANIFOLD_SOLID_BREP('',#420);
#420 = CLOSED_SHELL('',(#421,#448));
#421 = ADVANCED_FACE('',(#422),#443,.T.);
#422 = FACE_BOUND('',#423,.T.);
#423 = EDGE_LOOP('',(#424,#433,#442));
#424 = ORIENTED_EDGE('',*,*,#425,.T.);
#425 = EDGE_CURVE('',#426,#426,#428,.T.);
#426 = VERTEX_POINT('',#427);
#427 = CARTESIAN_POINT('',(-2.,0.2368,-1.8816));
#428 = CIRCLE('',#429,0.1184);
#429 = AXIS2_PLACEMENT_3D('',#430,#431,#432);
#430 = CARTESIAN_POINT('',(-2.,0.2368,-2.));
#431 = DIRECTION('',(-5.551115123126E-17,-1.,0.));
#432 = DIRECTION('',(-3.123129639547E-31,1.733685217357E-47,1.));
#433 = ORIENTED_EDGE('',*,*,#434,.T.);
#434 = EDGE_CURVE('',#426,#435,#437,.T.);
#435 = VERTEX_POINT('',#436);
#436 = CARTESIAN_POINT('',(-2.,-7.777611105202E-16,-2.));
#437 = CIRCLE('',#438,0.148);
#438 = AXIS2_PLACEMENT_3D('',#439,#440,#441);
#439 = CARTESIAN_POINT('',(-2.,0.148,-2.));
#440 = DIRECTION('',(1.,-1.110223024625E-16,-5.551115123126E-17));
#441 = DIRECTION('',(1.110223024625E-16,1.,5.551115123126E-17));
#442 = ORIENTED_EDGE('',*,*,#434,.F.);
#443 = SPHERICAL_SURFACE('',#444,0.148);
#444 = AXIS2_PLACEMENT_3D('',#445,#446,#447);
#445 = CARTESIAN_POINT('',(-2.,0.148,-2.));
#446 = DIRECTION('',(-5.551115123126E-17,-1.,-0.));
#447 = DIRECTION('',(-2.825070740762E-31,1.568229291294E-47,1.));
#448 = ADVANCED_FACE('',(#449),#452,.F.);
#449 = FACE_BOUND('',#450,.F.);
#450 = EDGE_LOOP('',(#451));
#451 = ORIENTED_EDGE('',*,*,#425,.T.);
#452 = PLANE('',#453);
#453 = AXIS2_PLACEMENT_3D('',#454,#455,#456);
#454 = CARTESIAN_POINT('',(-2.,0.2368,-2.));
#455 = DIRECTION('',(-5.551115123126E-17,-1.,-0.));
#456 = DIRECTION('',(-3.123129639547E-31,1.733685217357E-47,1.));
#457 = ( GEOMETRIC_REPRESENTATION_CONTEXT(3) 
GLOBAL_UNCERTAINTY_ASSIGNED_CONTEXT((#461)) GLOBAL_UNIT_ASSIGNED_CONTEXT
((#458,#459,#460)) REPRESENTATION_CONTEXT('Context #1',
  '3D Context with UNIT and UNCERTAINTY') );
#458 = ( LENGTH_UNIT() NAMED_UNIT(*) SI_UNIT(.MILLI.,.METRE.) );
#459 = ( NAMED_UNIT(*) PLANE_ANGLE_UNIT() SI_UNIT($,.RADIAN.) );
#460 = ( NAMED_UNIT(*) SI_UNIT($,.STERADIAN.) SOLID_ANGLE_UNIT() );
#461 = UNCERTAINTY_MEASURE_WITH_UNIT(LENGTH_MEASURE(1.E-07),#458,
  'distance_accuracy_value','confusion accuracy');
#462 = CONTEXT_DEPENDENT_SHAPE_REPRESENTATION(#463,#465);
#463 = ( REPRESENTATION_RELATIONSHIP('','',#418,#10) 
REPRESENTATION_RELATIONSHIP_WITH_TRANSFORMATION(#464) 
SHAPE_REPRESENTATION_RELATIONSHIP() );
#464 = ITEM_DEFINED_TRANSFORMATION('','',#11,#23);
#465 = PRODUCT_DEFINITION_SHAPE('Placement','Placement of an item',#466
  );
#466 = NEXT_ASSEMBLY_USAGE_OCCURRENCE('25334','BALL_0001','',#5,#413,$);
#467 = PRODUCT_RELATED_PRODUCT_CATEGORY('part',$,(#415));
#468 = SHAPE_DEFINITION_REPRESENTATION(#469,#475);
#469 = PRODUCT_DEFINITION_SHAPE('','',#470);
#470 = PRODUCT_DEFINITION('design','',#471,#474);
#471 = PRODUCT_DEFINITION_FORMATION('','',#472);
#472 = PRODUCT('BALL_0002','BALL_0002','',(#473));
#473 = PRODUCT_CONTEXT('',#2,'mechanical');
#474 = PRODUCT_DEFINITION_CONTEXT('part definition',#2,'design');
#475 = ADVANCED_BREP_SHAPE_REPRESENTATION('',(#11,#476),#514);
#476 = MANIFOLD_SOLID_BREP('',#477);
#477 = CLOSED_SHELL('',(#478,#505));
#478 = ADVANCED_FACE('',(#479),#500,.T.);
#479 = FACE_BOUND('',#480,.T.);
#480 = EDGE_LOOP('',(#481,#490,#499));
#481 = ORIENTED_EDGE('',*,*,#482,.T.);
#482 = EDGE_CURVE('',#483,#483,#485,.T.);
#483 = VERTEX_POINT('',#484);
#484 = CARTESIAN_POINT('',(-2.,0.2368,-1.8816));
#485 = CIRCLE('',#486,0.1184);
#486 = AXIS2_PLACEMENT_3D('',#487,#488,#489);
#487 = CARTESIAN_POINT('',(-2.,0.2368,-2.));
#488 = DIRECTION('',(-5.551115123126E-17,-1.,0.));
#489 = DIRECTION('',(-3.123129639547E-31,1.733685217357E-47,1.));
#490 = ORIENTED_EDGE('',*,*,#491,.T.);
#491 = EDGE_CURVE('',#483,#492,#494,.T.);
#492 = VERTEX_POINT('',#493);
#493 = CARTESIAN_POINT('',(-2.,-7.777611105202E-16,-2.));
#494 = CIRCLE('',#495,0.148);
#495 = AXIS2_PLACEMENT_3D('',#496,#497,#498);
#496 = CARTESIAN_POINT('',(-2.,0.148,-2.));
#497 = DIRECTION('',(1.,-1.110223024625E-16,-5.551115123126E-17));
#498 = DIRECTION('',(1.110223024625E-16,1.,5.551115123126E-17));
#499 = ORIENTED_EDGE('',*,*,#491,.F.);
#500 = SPHERICAL_SURFACE('',#501,0.148);
#501 = AXIS2_PLACEMENT_3D('',#502,#503,#504);
#502 = CARTESIAN_POINT('',(-2.,0.148,-2.));
#503 = DIRECTION('',(-5.551115123126E-17,-1.,-0.));
#504 = DIRECTION('',(-2.825070740762E-31,1.568229291294E-47,1.));
#505 = ADVANCED_FACE('',(#506),#509,.F.);
#506 = FACE_BOUND('',#507,.F.);
#507 = EDGE_LOOP('',(#508));
#508 = ORIENTED_EDGE('',*,*,#482,.T.);
#509 = PLANE('',#510);
#510 = AXIS2_PLACEMENT_3D('',#511,#512,#513);
#511 = CARTESIAN_POINT('',(-2.,0.2368,-2.));
#512 = DIRECTION('',(-5.551115123126E-17,-1.,-0.));
#513 = DIRECTION('',(-3.123129639547E-31,1.733685217357E-47,1.));
#514 = ( GEOMETRIC_REPRESENTATION_CONTEXT(3) 
GLOBAL_UNCERTAINTY_ASSIGNED_CONTEXT((#518)) GLOBAL_UNIT_ASSIGNED_CONTEXT
((#515,#516,#517)) REPRESENTATION_CONTEXT('Context #1',
  '3D Context with UNIT and UNCERTAINTY') );
#515 = ( LENGTH_UNIT() NAMED_UNIT(*) SI_UNIT(.MILLI.,.METRE.) );
#516 = ( NAMED_UNIT(*) PLANE_ANGLE_UNIT() SI_UNIT($,.RADIAN.) );
#517 = ( NAMED_UNIT(*) SI_UNIT($,.STERADIAN.) SOLID_ANGLE_UNIT() );
#518 = UNCERTAINTY_MEASURE_WITH_UNIT(LENGTH_MEASURE(1.E-07),#515,
  'distance_accuracy_value','confusion accuracy');
#519 = CONTEXT_DEPENDENT_SHAPE_REPRESENTATION(#520,#522);
#520 = ( REPRESENTATION_RELATIONSHIP('','',#475,#10) 
REPRESENTATION_RELATIONSHIP_WITH_TRANSFORMATION(#521) 
SHAPE_REPRESENTATION_RELATIONSHIP() );
#521 = ITEM_DEFINED_TRANSFORMATION('','',#11,#27);
#522 = PRODUCT_DEFINITION_SHAPE('Placement','Placement of an item',#523
  );
#523 = NEXT_ASSEMBLY_USAGE_OCCURRENCE('25335','BALL_0002','',#5,#470,$);
#524 = PRODUCT_RELATED_PRODUCT_CATEGORY('part',$,(#472));
#525 = SHAPE_DEFINITION_REPRESENTATION(#526,#532);
#526 = PRODUCT_DEFINITION_SHAPE('','',#527);
#527 = PRODUCT_DEFINITION('design','',#528,#531);
#528 = PRODUCT_DEFINITION_FORMATION('','',#529);
#529 = PRODUCT('BALL_0003','BALL_0003','',(#530));
#530 = PRODUCT_CONTEXT('',#2,'mechanical');
#531 = PRODUCT_DEFINITION_CONTEXT('part definition',#2,'design');
#532 = ADVANCED_BREP_SHAPE_REPRESENTATION('',(#11,#533),#571);
#533 = MANIFOLD_SOLID_BREP('',#534);
#534 = CLOSED_SHELL('',(#535,#562));
#535 = ADVANCED_FACE('',(#536),#557,.T.);
#536 = FACE_BOUND('',#537,.T.);
#537 = EDGE_LOOP('',(#538,#547,#556));
#538 = ORIENTED_EDGE('',*,*,#539,.T.);
#539 = EDGE_CURVE('',#540,#540,#542,.T.);
#540 = VERTEX_POINT('',#541);
#541 = CARTESIAN_POINT('',(-2.,0.2368,-1.8816));
#542 = CIRCLE('',#543,0.1184);
#543 = AXIS2_PLACEMENT_3D('',#544,#545,#546);
#544 = CARTESIAN_POINT('',(-2.,0.2368,-2.));
#545 = DIRECTION('',(-5.551115123126E-17,-1.,0.));
#546 = DIRECTION('',(-3.123129639547E-31,1.733685217357E-47,1.));
#547 = ORIENTED_EDGE('',*,*,#548,.T.);
#548 = EDGE_CURVE('',#540,#549,#551,.T.);
#549 = VERTEX_POINT('',#550);
#550 = CARTESIAN_POINT('',(-2.,-7.777611105202E-16,-2.));
#551 = CIRCLE('',#552,0.148);
#552 = AXIS2_PLACEMENT_3D('',#553,#554,#555);
#553 = CARTESIAN_POINT('',(-2.,0.148,-2.));
#554 = DIRECTION('',(1.,-1.110223024625E-16,-5.551115123126E-17));
#555 = DIRECTION('',(1.110223024625E-16,1.,5.551115123126E-17));
#556 = ORIENTED_EDGE('',*,*,#548,.F.);
#557 = SPHERICAL_SURFACE('',#558,0.148);
#558 = AXIS2_PLACEMENT_3D('',#559,#560,#561);
#559 = CARTESIAN_POINT('',(-2.,0.148,-2.));
#560 = DIRECTION('',(-5.551115123126E-17,-1.,-0.));
#561 = DIRECTION('',(-2.825070740762E-31,1.568229291294E-47,1.));
#562 = ADVANCED_FACE('',(#563),#566,.F.);
#563 = FACE_BOUND('',#564,.F.);
#564 = EDGE_LOOP('',(#565));
#565 = ORIENTED_EDGE('',*,*,#539,.T.);
#566 = PLANE('',#567);
#567 = AXIS2_PLACEMENT_3D('',#568,#569,#570);
#568 = CARTESIAN_POINT('',(-2.,0.2368,-2.));
#569 = DIRECTION('',(-5.551115123126E-17,-1.,-0.));
#570 = DIRECTION('',(-3.123129639547E-31,1.733685217357E-47,1.));
#571 = ( GEOMETRIC_REPRESENTATION_CONTEXT(3) 
GLOBAL_UNCERTAINTY_ASSIGNED_CONTEXT((#575)) GLOBAL_UNIT_ASSIGNED_CONTEXT
((#572,#573,#574)) REPRESENTATION_CONTEXT('Context #1',
  '3D Context with UNIT and UNCERTAINTY') );
#572 = ( LENGTH_UNIT() NAMED_UNIT(*) SI_UNIT(.MILLI.,.METRE.) );
#573 = ( NAMED_UNIT(*) PLANE_ANGLE_UNIT() SI_UNIT($,.RADIAN.) );
#574 = ( NAMED_UNIT(*) SI_UNIT($,.STERADIAN.) SOLID_ANGLE_UNIT() );
#575 = UNCERTAINTY_MEASURE_WITH_UNIT(LENGTH_MEASURE(1.E-07),#572,
  'distance_accuracy_value','confusion accuracy');
#576 = CONTEXT_DEPENDENT_SHAPE_REPRESENTATION(#577,#579);
#577 = ( REPRESENTATION_RELATIONSHIP('','',#532,#10) 
REPRESENTATION_RELATIONSHIP_WITH_TRANSFORMATION(#578) 
SHAPE_REPRESENTATION_RELATIONSHIP() );
#578 = ITEM_DEFINED_TRANSFORMATION('','',#11,#31);
#579 = PRODUCT_DEFINITION_SHAPE('Placement','Placement of an item',#580
  );
#580 = NEXT_ASSEMBLY_USAGE_OCCURRENCE('25336','BALL_0003','',#5,#527,$);
#581 = PRODUCT_RELATED_PRODUCT_CATEGORY('part',$,(#529));
#582 = SHAPE_DEFINITION_REPRESENTATION(#583,#589);
#583 = PRODUCT_DEFINITION_SHAPE('','',#584);
#584 = PRODUCT_DEFINITION('design','',#585,#588);
#585 = PRODUCT_DEFINITION_FORMATION('','',#586);
#586 = PRODUCT('BALL_0004','BALL_0004','',(#587));
#587 = PRODUCT_CONTEXT('',#2,'mechanical');
#588 = PRODUCT_DEFINITION_CONTEXT('part definition',#2,'design');
#589 = ADVANCED_BREP_SHAPE_REPRESENTATION('',(#11,#590),#628);
#590 = MANIFOLD_SOLID_BREP('',#591);
#591 = CLOSED_SHELL('',(#592,#619));
#592 = ADVANCED_FACE('',(#593),#614,.T.);
#593 = FACE_BOUND('',#594,.T.);
#594 = EDGE_LOOP('',(#595,#604,#613));
#595 = ORIENTED_EDGE('',*,*,#596,.T.);
#596 = EDGE_CURVE('',#597,#597,#599,.T.);
#597 = VERTEX_POINT('',#598);
#598 = CARTESIAN_POINT('',(-2.,0.2368,-1.8816));
#599 = CIRCLE('',#600,0.1184);
#600 = AXIS2_PLACEMENT_3D('',#601,#602,#603);
#601 = CARTESIAN_POINT('',(-2.,0.2368,-2.));
#602 = DIRECTION('',(-5.551115123126E-17,-1.,0.));
#603 = DIRECTION('',(-3.123129639547E-31,1.733685217357E-47,1.));
#604 = ORIENTED_EDGE('',*,*,#605,.T.);
#605 = EDGE_CURVE('',#597,#606,#608,.T.);
#606 = VERTEX_POINT('',#607);
#607 = CARTESIAN_POINT('',(-2.,-7.777611105202E-16,-2.));
#608 = CIRCLE('',#609,0.148);
#609 = AXIS2_PLACEMENT_3D('',#610,#611,#612);
#610 = CARTESIAN_POINT('',(-2.,0.148,-2.));
#611 = DIRECTION('',(1.,-1.110223024625E-16,-5.551115123126E-17));
#612 = DIRECTION('',(1.110223024625E-16,1.,5.551115123126E-17));
#613 = ORIENTED_EDGE('',*,*,#605,.F.);
#614 = SPHERICAL_SURFACE('',#615,0.148);
#615 = AXIS2_PLACEMENT_3D('',#616,#617,#618);
#616 = CARTESIAN_POINT('',(-2.,0.148,-2.));
#617 = DIRECTION('',(-5.551115123126E-17,-1.,-0.));
#618 = DIRECTION('',(-2.825070740762E-31,1.568229291294E-47,1.));
#619 = ADVANCED_FACE('',(#620),#623,.F.);
#620 = FACE_BOUND('',#621,.F.);
#621 = EDGE_LOOP('',(#622));
#622 = ORIENTED_EDGE('',*,*,#596,.T.);
#623 = PLANE('',#624);
#624 = AXIS2_PLACEMENT_3D('',#625,#626,#627);
#625 = CARTESIAN_POINT('',(-2.,0.2368,-2.));
#626 = DIRECTION('',(-5.551115123126E-17,-1.,-0.));
#627 = DIRECTION('',(-3.123129639547E-31,1.733685217357E-47,1.));
#628 = ( GEOMETRIC_REPRESENTATION_CONTEXT(3) 
GLOBAL_UNCERTAINTY_ASSIGNED_CONTEXT((#632)) GLOBAL_UNIT_ASSIGNED_CONTEXT
((#629,#630,#631)) REPRESENTATION_CONTEXT('Context #1',
  '3D Context with UNIT and UNCERTAINTY') );
#629 = ( LENGTH_UNIT() NAMED_UNIT(*) SI_UNIT(.MILLI.,.METRE.) );
#630 = ( NAMED_UNIT(*) PLANE_ANGLE_UNIT() SI_UNIT($,.RADIAN.) );
#631 = ( NAMED_UNIT(*) SI_UNIT($,.STERADIAN.) SOLID_ANGLE_UNIT() );
#632 = UNCERTAINTY_MEASURE_WITH_UNIT(LENGTH_MEASURE(1.E-07),#629,
  'distance_accuracy_value','confusion accuracy');
#633 = CONTEXT_DEPENDENT_SHAPE_REPRESENTATION(#634,#636);
#634 = ( REPRESENTATION_RELATIONSHIP('','',#589,#10) 
REPRESENTATION_RELATIONSHIP_WITH_TRANSFORMATION(#635) 
SHAPE_REPRESENTATION_RELATIONSHIP() );
#635 = ITEM_DEFINED_TRANSFORMATION('','',#11,#35);
#636 = PRODUCT_DEFINITION_SHAPE('Placement','Placement of an item',#637
  );
#637 = NEXT_ASSEMBLY_USAGE_OCCURRENCE('25337','BALL_0004','',#5,#584,$);
#638 = PRODUCT_RELATED_PRODUCT_CATEGORY('part',$,(#586));
#639 = SHAPE_DEFINITION_REPRESENTATION(#640,#646);
#640 = PRODUCT_DEFINITION_SHAPE('','',#641);
#641 = PRODUCT_DEFINITION('design','',#642,#645);
#642 = PRODUCT_DEFINITION_FORMATION('','',#643);
#643 = PRODUCT('BALL_0005','BALL_0005','',(#644));
#644 = PRODUCT_CONTEXT('',#2,'mechanical');
#645 = PRODUCT_DEFINITION_CONTEXT('part definition',#2,'design');
#646 = ADVANCED_BREP_SHAPE_REPRESENTATION('',(#11,#647),#685);
#647 = MANIFOLD_SOLID_BREP('',#648);
#648 = CLOSED_SHELL('',(#649,#676));
#649 = ADVANCED_FACE('',(#650),#671,.T.);
#650 = FACE_BOUND('',#651,.T.);
#651 = EDGE_LOOP('',(#652,#661,#670));
#652 = ORIENTED_EDGE('',*,*,#653,.T.);
#653 = EDGE_CURVE('',#654,#654,#656,.T.);
#654 = VERTEX_POINT('',#655);
#655 = CARTESIAN_POINT('',(-2.,0.2368,-1.8816));
#656 = CIRCLE('',#657,0.1184);
#657 = AXIS2_PLACEMENT_3D('',#658,#659,#660);
#658 = CARTESIAN_POINT('',(-2.,0.2368,-2.));
#659 = DIRECTION('',(-5.551115123126E-17,-1.,0.));
#660 = DIRECTION('',(-3.123129639547E-31,1.733685217357E-47,1.));
#661 = ORIENTED_EDGE('',*,*,#662,.T.);
#662 = EDGE_CURVE('',#654,#663,#665,.T.);
#663 = VERTEX_POINT('',#664);
#664 = CARTESIAN_POINT('',(-2.,-7.777611105202E-16,-2.));
#665 = CIRCLE('',#666,0.148);
#666 = AXIS2_PLACEMENT_3D('',#667,#668,#669);
#667 = CARTESIAN_POINT('',(-2.,0.148,-2.));
#668 = DIRECTION('',(1.,-1.110223024625E-16,-5.551115123126E-17));
#669 = DIRECTION('',(1.110223024625E-16,1.,5.551115123126E-17));
#670 = ORIENTED_EDGE('',*,*,#662,.F.);
#671 = SPHERICAL_SURFACE('',#672,0.148);
#672 = AXIS2_PLACEMENT_3D('',#673,#674,#675);
#673 = CARTESIAN_POINT('',(-2.,0.148,-2.));
#674 = DIRECTION('',(-5.551115123126E-17,-1.,-0.));
#675 = DIRECTION('',(-2.825070740762E-31,1.568229291294E-47,1.));
#676 = ADVANCED_FACE('',(#677),#680,.F.);
#677 = FACE_BOUND('',#678,.F.);
#678 = EDGE_LOOP('',(#679));
#679 = ORIENTED_EDGE('',*,*,#653,.T.);
#680 = PLANE('',#681);
#681 = AXIS2_PLACEMENT_3D('',#682,#683,#684);
#682 = CARTESIAN_POINT('',(-2.,0.2368,-2.));
#683 = DIRECTION('',(-5.551115123126E-17,-1.,-0.));
#684 = DIRECTION('',(-3.123129639547E-31,1.733685217357E-47,1.));
#685 = ( GEOMETRIC_REPRESENTATION_CONTEXT(3) 
GLOBAL_UNCERTAINTY_ASSIGNED_CONTEXT((#689)) GLOBAL_UNIT_ASSIGNED_CONTEXT
((#686,#687,#688)) REPRESENTATION_CONTEXT('Context #1',
  '3D Context with UNIT and UNCERTAINTY') );
#686 = ( LENGTH_UNIT() NAMED_UNIT(*) SI_UNIT(.MILLI.,.METRE.) );
#687 = ( NAMED_UNIT(*) PLANE_ANGLE_UNIT() SI_UNIT($,.RADIAN.) );
#688 = ( NAMED_UNIT(*) SI_UNIT($,.STERADIAN.) SOLID_ANGLE_UNIT() );
#689 = UNCERTAINTY_MEASURE_WITH_UNIT(LENGTH_MEASURE(1.E-07),#686,
  'distance_accuracy_value','confusion accuracy');
#690 = CONTEXT_DEPENDENT_SHAPE_REPRESENTATION(#691,#693);
#691 = ( REPRESENTATION_RELATIONSHIP('','',#646,#10) 
REPRESENTATION_RELATIONSHIP_WITH_TRANSFORMATION(#692) 
SHAPE_REPRESENTATION_RELATIONSHIP() );
#692 = ITEM_DEFINED_TRANSFORMATION('','',#11,#39);
#693 = PRODUCT_DEFINITION_SHAPE('Placement','Placement of an item',#694
  );
#694 = NEXT_ASSEMBLY_USAGE_OCCURRENCE('25338','BALL_0005','',#5,#641,$);
#695 = PRODUCT_RELATED_PRODUCT_CATEGORY('part',$,(#643));
#696 = SHAPE_DEFINITION_REPRESENTATION(#697,#703);
#697 = PRODUCT_DEFINITION_SHAPE('','',#698);
#698 = PRODUCT_DEFINITION('design','',#699,#702);
#699 = PRODUCT_DEFINITION_FORMATION('','',#700);
#700 = PRODUCT('BALL_0006','BALL_0006','',(#701));
#701 = PRODUCT_CONTEXT('',#2,'mechanical');
#702 = PRODUCT_DEFINITION_CONTEXT('part definition',#2,'design');
#703 = ADVANCED_BREP_SHAPE_REPRESENTATION('',(#11,#704),#742);
#704 = MANIFOLD_SOLID_BREP('',#705);
#705 = CLOSED_SHELL('',(#706,#733));
#706 = ADVANCED_FACE('',(#707),#728,.T.);
#707 = FACE_BOUND('',#708,.T.);
#708 = EDGE_LOOP('',(#709,#718,#727));
#709 = ORIENTED_EDGE('',*,*,#710,.T.);
#710 = EDGE_CURVE('',#711,#711,#713,.T.);
#711 = VERTEX_POINT('',#712);
#712 = CARTESIAN_POINT('',(-2.,0.2368,-1.8816));
#713 = CIRCLE('',#714,0.1184);
#714 = AXIS2_PLACEMENT_3D('',#715,#716,#717);
#715 = CARTESIAN_POINT('',(-2.,0.2368,-2.));
#716 = DIRECTION('',(-5.551115123126E-17,-1.,0.));
#717 = DIRECTION('',(-3.123129639547E-31,1.733685217357E-47,1.));
#718 = ORIENTED_EDGE('',*,*,#719,.T.);
#719 = EDGE_CURVE('',#711,#720,#722,.T.);
#720 = VERTEX_POINT('',#721);
#721 = CARTESIAN_POINT('',(-2.,-7.777611105202E-16,-2.));
#722 = CIRCLE('',#723,0.148);
#723 = AXIS2_PLACEMENT_3D('',#724,#725,#726);
#724 = CARTESIAN_POINT('',(-2.,0.148,-2.));
#725 = DIRECTION('',(1.,-1.110223024625E-16,-5.551115123126E-17));
#726 = DIRECTION('',(1.110223024625E-16,1.,5.551115123126E-17));
#727 = ORIENTED_EDGE('',*,*,#719,.F.);
#728 = SPHERICAL_SURFACE('',#729,0.148);
#729 = AXIS2_PLACEMENT_3D('',#730,#731,#732);
#730 = CARTESIAN_POINT('',(-2.,0.148,-2.));
#731 = DIRECTION('',(-5.551115123126E-17,-1.,-0.));
#732 = DIRECTION('',(-2.825070740762E-31,1.568229291294E-47,1.));
#733 = ADVANCED_FACE('',(#734),#737,.F.);
#734 = FACE_BOUND('',#735,.F.);
#735 = EDGE_LOOP('',(#736));
#736 = ORIENTED_EDGE('',*,*,#710,.T.);
#737 = PLANE('',#738);
#738 = AXIS2_PLACEMENT_3D('',#739,#740,#741);
#739 = CARTESIAN_POINT('',(-2.,0.2368,-2.));
#740 = DIRECTION('',(-5.551115123126E-17,-1.,-0.));
#741 = DIRECTION('',(-3.123129639547E-31,1.733685217357E-47,1.));
#742 = ( GEOMETRIC_REPRESENTATION_CONTEXT(3) 
GLOBAL_UNCERTAINTY_ASSIGNED_CONTEXT((#746)) GLOBAL_UNIT_ASSIGNED_CONTEXT
((#743,#744,#745)) REPRESENTATION_CONTEXT('Context #1',
  '3D Context with UNIT and UNCERTAINTY') );
#743 = ( LENGTH_UNIT() NAMED_UNIT(*) SI_UNIT(.MILLI.,.METRE.) );
#744 = ( NAMED_UNIT(*) PLANE_ANGLE_UNIT() SI_UNIT($,.RADIAN.) );
#745 = ( NAMED_UNIT(*) SI_UNIT($,.STERADIAN.) SOLID_ANGLE_UNIT() );
#746 = UNCERTAINTY_MEASURE_WITH_UNIT(LENGTH_MEASURE(1.E-07),#743,
  'distance_accuracy_value','confusion accuracy');
#747 = CONTEXT_DEPENDENT_SHAPE_REPRESENTATION(#748,#750);
#748 = ( REPRESENTATION_RELATIONSHIP('','',#703,#10) 
REPRESENTATION_RELATIONSHIP_WITH_TRANSFORMATION(#749) 
SHAPE_REPRESENTATION_RELATIONSHIP() );
#749 = ITEM_DEFINED_TRANSFORMATION('','',#11,#43);
#750 = PRODUCT_DEFINITION_SHAPE('Placement','Placement of an item',#751
  );
#751 = NEXT_ASSEMBLY_USAGE_OCCURRENCE('25339','BALL_0006','',#5,#698,$);
#752 = PRODUCT_RELATED_PRODUCT_CATEGORY('part',$,(#700));
#753 = SHAPE_DEFINITION_REPRESENTATION(#754,#760);
#754 = PRODUCT_DEFINITION_SHAPE('','',#755);
#755 = PRODUCT_DEFINITION('design','',#756,#759);
#756 = PRODUCT_DEFINITION_FORMATION('','',#757);
#757 = PRODUCT('BALL_0007','BALL_0007','',(#758));
#758 = PRODUCT_CONTEXT('',#2,'mechanical');
#759 = PRODUCT_DEFINITION_CONTEXT('part definition',#2,'design');
#760 = ADVANCED_BREP_SHAPE_REPRESENTATION('',(#11,#761),#799);
#761 = MANIFOLD_SOLID_BREP('',#762);
#762 = CLOSED_SHELL('',(#763,#790));
#763 = ADVANCED_FACE('',(#764),#785,.T.);
#764 = FACE_BOUND('',#765,.T.);
#765 = EDGE_LOOP('',(#766,#775,#784));
#766 = ORIENTED_EDGE('',*,*,#767,.T.);
#767 = EDGE_CURVE('',#768,#768,#770,.T.);
#768 = VERTEX_POINT('',#769);
#769 = CARTESIAN_POINT('',(-2.,0.2368,-1.8816));
#770 = CIRCLE('',#771,0.1184);
#771 = AXIS2_PLACEMENT_3D('',#772,#773,#774);
#772 = CARTESIAN_POINT('',(-2.,0.2368,-2.));
#773 = DIRECTION('',(-5.551115123126E-17,-1.,0.));
#774 = DIRECTION('',(-3.123129639547E-31,1.733685217357E-47,1.));
#775 = ORIENTED_EDGE('',*,*,#776,.T.);
#776 = EDGE_CURVE('',#768,#777,#779,.T.);
#777 = VERTEX_POINT('',#778);
#778 = CARTESIAN_POINT('',(-2.,-7.777611105202E-16,-2.));
#779 = CIRCLE('',#780,0.148);
#780 = AXIS2_PLACEMENT_3D('',#781,#782,#783);
#781 = CARTESIAN_POINT('',(-2.,0.148,-2.));
#782 = DIRECTION('',(1.,-1.110223024625E-16,-5.551115123126E-17));
#783 = DIRECTION('',(1.110223024625E-16,1.,5.551115123126E-17));
#784 = ORIENTED_EDGE('',*,*,#776,.F.);
#785 = SPHERICAL_SURFACE('',#786,0.148);
#786 = AXIS2_PLACEMENT_3D('',#787,#788,#789);
#787 = CARTESIAN_POINT('',(-2.,0.148,-2.));
#788 = DIRECTION('',(-5.551115123126E-17,-1.,-0.));
#789 = DIRECTION('',(-2.825070740762E-31,1.568229291294E-47,1.));
#790 = ADVANCED_FACE('',(#791),#794,.F.);
#791 = FACE_BOUND('',#792,.F.);
#792 = EDGE_LOOP('',(#793));
#793 = ORIENTED_EDGE('',*,*,#767,.T.);
#794 = PLANE('',#795);
#795 = AXIS2_PLACEMENT_3D('',#796,#797,#798);
#796 = CARTESIAN_POINT('',(-2.,0.2368,-2.));
#797 = DIRECTION('',(-5.551115123126E-17,-1.,-0.));
#798 = DIRECTION('',(-3.123129639547E-31,1.733685217357E-47,1.));
#799 = ( GEOMETRIC_REPRESENTATION_CONTEXT(3) 
GLOBAL_UNCERTAINTY_ASSIGNED_CONTEXT((#803)) GLOBAL_UNIT_ASSIGNED_CONTEXT
((#800,#801,#802)) REPRESENTATION_CONTEXT('Context #1',
  '3D Context with UNIT and UNCERTAINTY') );
#800 = ( LENGTH_UNIT() NAMED_UNIT(*) SI_UNIT(.MILLI.,.METRE.) );
#801 = ( NAMED_UNIT(*) PLANE_ANGLE_UNIT() SI_UNIT($,.RADIAN.) );
#802 = ( NAMED_UNIT(*) SI_UNIT($,.STERADIAN.) SOLID_ANGLE_UNIT() );
#803 = UNCERTAINTY_MEASURE_WITH_UNIT(LENGTH_MEASURE(1.E-07),#800,
  'distance_accuracy_value','confusion accuracy');
#804 = CONTEXT_DEPENDENT_SHAPE_REPRESENTATION(#805,#807);
#805 = ( REPRESENTATION_RELATIONSHIP('','',#760,#10) 
REPRESENTATION_RELATIONSHIP_WITH_TRANSFORMATION(#806) 
SHAPE_REPRESENTATION_RELATIONSHIP() );
#806 = ITEM_DEFINED_TRANSFORMATION('','',#11,#47);
#807 = PRODUCT_DEFINITION_SHAPE('Placement','Placement of an item',#808
  );
#808 = NEXT_ASSEMBLY_USAGE_OCCURRENCE('25340','BALL_0007','',#5,#755,$);
#809 = PRODUCT_RELATED_PRODUCT_CATEGORY('part',$,(#757));
#810 = SHAPE_DEFINITION_REPRESENTATION(#811,#817);
#811 = PRODUCT_DEFINITION_SHAPE('','',#812);
#812 = PRODUCT_DEFINITION('design','',#813,#816);
#813 = PRODUCT_DEFINITION_FORMATION('','',#814);
#814 = PRODUCT('BALL_0008','BALL_0008','',(#815));
#815 = PRODUCT_CONTEXT('',#2,'mechanical');
#816 = PRODUCT_DEFINITION_CONTEXT('part definition',#2,'design');
#817 = ADVANCED_BREP_SHAPE_REPRESENTATION('',(#11,#818),#856);
#818 = MANIFOLD_SOLID_BREP('',#819);
#819 = CLOSED_SHELL('',(#820,#847));
#820 = ADVANCED_FACE('',(#821),#842,.T.);
#821 = FACE_BOUND('',#822,.T.);
#822 = EDGE_LOOP('',(#823,#832,#841));
#823 = ORIENTED_EDGE('',*,*,#824,.T.);
#824 = EDGE_CURVE('',#825,#825,#827,.T.);
#825 = VERTEX_POINT('',#826);
#826 = CARTESIAN_POINT('',(-2.,0.2368,-1.8816));
#827 = CIRCLE('',#828,0.1184);
#828 = AXIS2_PLACEMENT_3D('',#829,#830,#831);
#829 = CARTESIAN_POINT('',(-2.,0.2368,-2.));
#830 = DIRECTION('',(-5.551115123126E-17,-1.,0.));
#831 = DIRECTION('',(-3.123129639547E-31,1.733685217357E-47,1.));
#832 = ORIENTED_EDGE('',*,*,#833,.T.);
#833 = EDGE_CURVE('',#825,#834,#836,.T.);
#834 = VERTEX_POINT('',#835);
#835 = CARTESIAN_POINT('',(-2.,-7.777611105202E-16,-2.));
#836 = CIRCLE('',#837,0.148);
#837 = AXIS2_PLACEMENT_3D('',#838,#839,#840);
#838 = CARTESIAN_POINT('',(-2.,0.148,-2.));
#839 = DIRECTION('',(1.,-1.110223024625E-16,-5.551115123126E-17));
#840 = DIRECTION('',(1.110223024625E-16,1.,5.551115123126E-17));
#841 = ORIENTED_EDGE('',*,*,#833,.F.);
#842 = SPHERICAL_SURFACE('',#843,0.148);
#843 = AXIS2_PLACEMENT_3D('',#844,#845,#846);
#844 = CARTESIAN_POINT('',(-2.,0.148,-2.));
#845 = DIRECTION('',(-5.551115123126E-17,-1.,-0.));
#846 = DIRECTION('',(-2.825070740762E-31,1.568229291294E-47,1.));
#847 = ADVANCED_FACE('',(#848),#851,.F.);
#848 = FACE_BOUND('',#849,.F.);
#849 = EDGE_LOOP('',(#850));
#850 = ORIENTED_EDGE('',*,*,#824,.T.);
#851 = PLANE('',#852);
#852 = AXIS2_PLACEMENT_3D('',#853,#854,#855);
#853 = CARTESIAN_POINT('',(-2.,0.2368,-2.));
#854 = DIRECTION('',(-5.551115123126E-17,-1.,-0.));
#855 = DIRECTION('',(-3.123129639547E-31,1.733685217357E-47,1.));
#856 = ( GEOMETRIC_REPRESENTATION_CONTEXT(3) 
GLOBAL_UNCERTAINTY_ASSIGNED_CONTEXT((#860)) GLOBAL_UNIT_ASSIGNED_CONTEXT
((#857,#858,#859)) REPRESENTATION_CONTEXT('Context #1',
  '3D Context with UNIT and UNCERTAINTY') );
#857 = ( LENGTH_UNIT() NAMED_UNIT(*) SI_UNIT(.MILLI.,.METRE.) );
#858 = ( NAMED_UNIT(*) PLANE_ANGLE_UNIT() SI_UNIT($,.RADIAN.) );
#859 = ( NAMED_UNIT(*) SI_UNIT($,.STERADIAN.) SOLID_ANGLE_UNIT() );
#860 = UNCERTAINTY_MEASURE_WITH_UNIT(LENGTH_MEASURE(1.E-07),#857,
  'distance_accuracy_value','confusion accuracy');
#861 = CONTEXT_DEPENDENT_SHAPE_REPRESENTATION(#862,#864);
#862 = ( REPRESENTATION_RELATIONSHIP('','',#817,#10) 
REPRESENTATION_RELATIONSHIP_WITH_TRANSFORMATION(#863) 
SHAPE_REPRESENTATION_RELATIONSHIP() );
#863 = ITEM_DEFINED_TRANSFORMATION('','',#11,#51);
#864 = PRODUCT_DEFINITION_SHAPE('Placement','Placement of an item',#865
  );
#865 = NEXT_ASSEMBLY_USAGE_OCCURRENCE('25341','BALL_0008','',#5,#812,$);
#866 = PRODUCT_RELATED_PRODUCT_CATEGORY('part',$,(#814));
#867 = SHAPE_DEFINITION_REPRESENTATION(#868,#874);
#868 = PRODUCT_DEFINITION_SHAPE('','',#869);
#869 = PRODUCT_DEFINITION('design','',#870,#873);
#870 = PRODUCT_DEFINITION_FORMATION('','',#871);
#871 = PRODUCT('BALL_0009','BALL_0009','',(#872));
#872 = PRODUCT_CONTEXT('',#2,'mechanical');
#873 = PRODUCT_DEFINITION_CONTEXT('part definition',#2,'design');
#874 = ADVANCED_BREP_SHAPE_REPRESENTATION('',(#11,#875),#913);
#875 = MANIFOLD_SOLID_BREP('',#876);
#876 = CLOSED_SHELL('',(#877,#904));
#877 = ADVANCED_FACE('',(#878),#899,.T.);
#878 = FACE_BOUND('',#879,.T.);
#879 = EDGE_LOOP('',(#880,#889,#898));
#880 = ORIENTED_EDGE('',*,*,#881,.T.);
#881 = EDGE_CURVE('',#882,#882,#884,.T.);
#882 = VERTEX_POINT('',#883);
#883 = CARTESIAN_POINT('',(-2.,0.2368,-1.8816));
#884 = CIRCLE('',#885,0.1184);
#885 = AXIS2_PLACEMENT_3D('',#886,#887,#888);
#886 = CARTESIAN_POINT('',(-2.,0.2368,-2.));
#887 = DIRECTION('',(-5.551115123126E-17,-1.,0.));
#888 = DIRECTION('',(-3.123129639547E-31,1.733685217357E-47,1.));
#889 = ORIENTED_EDGE('',*,*,#890,.T.);
#890 = EDGE_CURVE('',#882,#891,#893,.T.);
#891 = VERTEX_POINT('',#892);
#892 = CARTESIAN_POINT('',(-2.,-7.777611105202E-16,-2.));
#893 = CIRCLE('',#894,0.148);
#894 = AXIS2_PLACEMENT_3D('',#895,#896,#897);
#895 = CARTESIAN_POINT('',(-2.,0.148,-2.));
#896 = DIRECTION('',(1.,-1.110223024625E-16,-5.551115123126E-17));
#897 = DIRECTION('',(1.110223024625E-16,1.,5.551115123126E-17));
#898 = ORIENTED_EDGE('',*,*,#890,.F.);
#899 = SPHERICAL_SURFACE('',#900,0.148);
#900 = AXIS2_PLACEMENT_3D('',#901,#902,#903);
#901 = CARTESIAN_POINT('',(-2.,0.148,-2.));
#902 = DIRECTION('',(-5.551115123126E-17,-1.,-0.));
#903 = DIRECTION('',(-2.825070740762E-31,1.568229291294E-47,1.));
#904 = ADVANCED_FACE('',(#905),#908,.F.);
#905 = FACE_BOUND('',#906,.F.);
#906 = EDGE_LOOP('',(#907));
#907 = ORIENTED_EDGE('',*,*,#881,.T.);
#908 = PLANE('',#909);
#909 = AXIS2_PLACEMENT_3D('',#910,#911,#912);
#910 = CARTESIAN_POINT('',(-2.,0.2368,-2.));
#911 = DIRECTION('',(-5.551115123126E-17,-1.,-0.));
#912 = DIRECTION('',(-3.123129639547E-31,1.733685217357E-47,1.));
#913 = ( GEOMETRIC_REPRESENTATION_CONTEXT(3) 
GLOBAL_UNCERTAINTY_ASSIGNED_CONTEXT((#917)) GLOBAL_UNIT_ASSIGNED_CONTEXT
((#914,#915,#916)) REPRESENTATION_CONTEXT('Context #1',
  '3D Context with UNIT and UNCERTAINTY') );
#914 = ( LENGTH_UNIT() NAMED_UNIT(*) SI_UNIT(.MILLI.,.METRE.) );
#915 = ( NAMED_UNIT(*) PLANE_ANGLE_UNIT() SI_UNIT($,.RADIAN.) );
#916 = ( NAMED_UNIT(*) SI_UNIT($,.STERADIAN.) SOLID_ANGLE_UNIT() );
#917 = UNCERTAINTY_MEASURE_WITH_UNIT(LENGTH_MEASURE(1.E-07),#914,
  'distance_accuracy_value','confusion accuracy');
#918 = CONTEXT_DEPENDENT_SHAPE_REPRESENTATION(#919,#921);
#919 = ( REPRESENTATION_RELATIONSHIP('','',#874,#10) 
REPRESENTATION_RELATIONSHIP_WITH_TRANSFORMATION(#920) 
SHAPE_REPRESENTATION_RELATIONSHIP() );
#920 = ITEM_DEFINED_TRANSFORMATION('','',#11,#55);
#921 = PRODUCT_DEFINITION_SHAPE('Placement','Placement of an item',#922
  );
#922 = NEXT_ASSEMBLY_USAGE_OCCURRENCE('25342','BALL_0009','',#5,#869,$);
#923 = PRODUCT_RELATED_PRODUCT_CATEGORY('part',$,(#871));
#924 = SHAPE_DEFINITION_REPRESENTATION(#925,#931);
#925 = PRODUCT_DEFINITION_SHAPE('','',#926);
#926 = PRODUCT_DEFINITION('design','',#927,#930);
#927 = PRODUCT_DEFINITION_FORMATION('','',#928);
#928 = PRODUCT('BALL_0010','BALL_0010','',(#929));
#929 = PRODUCT_CONTEXT('',#2,'mechanical');
#930 = PRODUCT_DEFINITION_CONTEXT('part definition',#2,'design');
#931 = ADVANCED_BREP_SHAPE_REPRESENTATION('',(#11,#932),#970);
#932 = MANIFOLD_SOLID_BREP('',#933);
#933 = CLOSED_SHELL('',(#934,#961));
#934 = ADVANCED_FACE('',(#935),#956,.T.);
#935 = FACE_BOUND('',#936,.T.);
#936 = EDGE_LOOP('',(#937,#946,#955));
#937 = ORIENTED_EDGE('',*,*,#938,.T.);
#938 = EDGE_CURVE('',#939,#939,#941,.T.);
#939 = VERTEX_POINT('',#940);
#940 = CARTESIAN_POINT('',(-2.,0.2368,-1.8816));
#941 = CIRCLE('',#942,0.1184);
#942 = AXIS2_PLACEMENT_3D('',#943,#944,#945);
#943 = CARTESIAN_POINT('',(-2.,0.2368,-2.));
#944 = DIRECTION('',(-5.551115123126E-17,-1.,0.));
#945 = DIRECTION('',(-3.123129639547E-31,1.733685217357E-47,1.));
#946 = ORIENTED_EDGE('',*,*,#947,.T.);
#947 = EDGE_CURVE('',#939,#948,#950,.T.);
#948 = VERTEX_POINT('',#949);
#949 = CARTESIAN_POINT('',(-2.,-7.777611105202E-16,-2.));
#950 = CIRCLE('',#951,0.148);
#951 = AXIS2_PLACEMENT_3D('',#952,#953,#954);
#952 = CARTESIAN_POINT('',(-2.,0.148,-2.));
#953 = DIRECTION('',(1.,-1.110223024625E-16,-5.551115123126E-17));
#954 = DIRECTION('',(1.110223024625E-16,1.,5.551115123126E-17));
#955 = ORIENTED_EDGE('',*,*,#947,.F.);
#956 = SPHERICAL_SURFACE('',#957,0.148);
#957 = AXIS2_PLACEMENT_3D('',#958,#959,#960);
#958 = CARTESIAN_POINT('',(-2.,0.148,-2.));
#959 = DIRECTION('',(-5.551115123126E-17,-1.,-0.));
#960 = DIRECTION('',(-2.825070740762E-31,1.568229291294E-47,1.));
#961 = ADVANCED_FACE('',(#962),#965,.F.);
#962 = FACE_BOUND('',#963,.F.);
#963 = EDGE_LOOP('',(#964));
#964 = ORIENTED_EDGE('',*,*,#938,.T.);
#965 = PLANE('',#966);
#966 = AXIS2_PLACEMENT_3D('',#967,#968,#969);
#967 = CARTESIAN_POINT('',(-2.,0.2368,-2.));
#968 = DIRECTION('',(-5.551115123126E-17,-1.,-0.));
#969 = DIRECTION('',(-3.123129639547E-31,1.733685217357E-47,1.));
#970 = ( GEOMETRIC_REPRESENTATION_CONTEXT(3) 
GLOBAL_UNCERTAINTY_ASSIGNED_CONTEXT((#974)) GLOBAL_UNIT_ASSIGNED_CONTEXT
((#971,#972,#973)) REPRESENTATION_CONTEXT('Context #1',
  '3D Context with UNIT and UNCERTAINTY') );
#971 = ( LENGTH_UNIT() NAMED_UNIT(*) SI_UNIT(.MILLI.,.METRE.) );
#972 = ( NAMED_UNIT(*) PLANE_ANGLE_UNIT() SI_UNIT($,.RADIAN.) );
#973 = ( NAMED_UNIT(*) SI_UNIT($,.STERADIAN.) SOLID_ANGLE_UNIT() );
#974 = UNCERTAINTY_MEASURE_WITH_UNIT(LENGTH_MEASURE(1.E-07),#971,
  'distance_accuracy_value','confusion accuracy');
#975 = CONTEXT_DEPENDENT_SHAPE_REPRESENTATION(#976,#978);
#976 = ( REPRESENTATION_RELATIONSHIP('','',#931,#10) 
REPRESENTATION_RELATIONSHIP_WITH_TRANSFORMATION(#977) 
SHAPE_REPRESENTATION_RELATIONSHIP() );
#977 = ITEM_DEFINED_TRANSFORMATION('','',#11,#59);
#978 = PRODUCT_DEFINITION_SHAPE('Placement','Placement of an item',#979
  );
#979 = NEXT_ASSEMBLY_USAGE_OCCURRENCE('25343','BALL_0010','',#5,#926,$);
#980 = PRODUCT_RELATED_PRODUCT_CATEGORY('part',$,(#928));
#981 = SHAPE_DEFINITION_REPRESENTATION(#982,#988);
#982 = PRODUCT_DEFINITION_SHAPE('','',#983);
#983 = PRODUCT_DEFINITION('design','',#984,#987);
#984 = PRODUCT_DEFINITION_FORMATION('','',#985);
#985 = PRODUCT('BALL_0011','BALL_0011','',(#986));
#986 = PRODUCT_CONTEXT('',#2,'mechanical');
#987 = PRODUCT_DEFINITION_CONTEXT('part definition',#2,'design');
#988 = ADVANCED_BREP_SHAPE_REPRESENTATION('',(#11,#989),#1027);
#989 = MANIFOLD_SOLID_BREP('',#990);
#990 = CLOSED_SHELL('',(#991,#1018));
#991 = ADVANCED_FACE('',(#992),#1013,.T.);
#992 = FACE_BOUND('',#993,.T.);
#993 = EDGE_LOOP('',(#994,#1003,#1012));
#994 = ORIENTED_EDGE('',*,*,#995,.T.);
#995 = EDGE_CURVE('',#996,#996,#998,.T.);
#996 = VERTEX_POINT('',#997);
#997 = CARTESIAN_POINT('',(-2.,0.2368,-1.8816));
#998 = CIRCLE('',#999,0.1184);
#999 = AXIS2_PLACEMENT_3D('',#1000,#1001,#1002);
#1000 = CARTESIAN_POINT('',(-2.,0.2368,-2.));
#1001 = DIRECTION('',(-5.551115123126E-17,-1.,0.));
#1002 = DIRECTION('',(-3.123129639547E-31,1.733685217357E-47,1.));
#1003 = ORIENTED_EDGE('',*,*,#1004,.T.);
#1004 = EDGE_CURVE('',#996,#1005,#1007,.T.);
#1005 = VERTEX_POINT('',#1006);
#1006 = CARTESIAN_POINT('',(-2.,-7.777611105202E-16,-2.));
#1007 = CIRCLE('',#1008,0.148);
#1008 = AXIS2_PLACEMENT_3D('',#1009,#1010,#1011);
#1009 = CARTESIAN_POINT('',(-2.,0.148,-2.));
#1010 = DIRECTION('',(1.,-1.110223024625E-16,-5.551115123126E-17));
#1011 = DIRECTION('',(1.110223024625E-16,1.,5.551115123126E-17));
#1012 = ORIENTED_EDGE('',*,*,#1004,.F.);
#1013 = SPHERICAL_SURFACE('',#1014,0.148);
#1014 = AXIS2_PLACEMENT_3D('',#1015,#1016,#1017);
#1015 = CARTESIAN_POINT('',(-2.,0.148,-2.));
#1016 = DIRECTION('',(-5.551115123126E-17,-1.,-0.));
#1017 = DIRECTION('',(-2.825070740762E-31,1.568229291294E-47,1.));
#1018 = ADVANCED_FACE('',(#1019),#1022,.F.);
#1019 = FACE_BOUND('',#1020,.F.);
#1020 = EDGE_LOOP('',(#1021));
#1021 = ORIENTED_EDGE('',*,*,#995,.T.);
#1022 = PLANE('',#1023);
#1023 = AXIS2_PLACEMENT_3D('',#1024,#1025,#1026);
#1024 = CARTESIAN_POINT('',(-2.,0.2368,-2.));
#1025 = DIRECTION('',(-5.551115123126E-17,-1.,-0.));
#1026 = DIRECTION('',(-3.123129639547E-31,1.733685217357E-47,1.));
#1027 = ( GEOMETRIC_REPRESENTATION_CONTEXT(3) 
GLOBAL_UNCERTAINTY_ASSIGNED_CONTEXT((#1031)) 
GLOBAL_UNIT_ASSIGNED_CONTEXT((#1028,#1029,#1030)) REPRESENTATION_CONTEXT
('Context #1','3D Context with UNIT and UNCERTAINTY') );
#1028 = ( LENGTH_UNIT() NAMED_UNIT(*) SI_UNIT(.MILLI.,.METRE.) );
#1029 = ( NAMED_UNIT(*) PLANE_ANGLE_UNIT() SI_UNIT($,.RADIAN.) );
#1030 = ( NAMED_UNIT(*) SI_UNIT($,.STERADIAN.) SOLID_ANGLE_UNIT() );
#1031 = UNCERTAINTY_MEASURE_WITH_UNIT(LENGTH_MEASURE(1.E-07),#1028,
  'distance_accuracy_value','confusion accuracy');
#1032 = CONTEXT_DEPENDENT_SHAPE_REPRESENTATION(#1033,#1035);
#1033 = ( REPRESENTATION_RELATIONSHIP('','',#988,#10) 
REPRESENTATION_RELATIONSHIP_WITH_TRANSFORMATION(#1034) 
SHAPE_REPRESENTATION_RELATIONSHIP() );
#1034 = ITEM_DEFINED_TRANSFORMATION('','',#11,#63);
#1035 = PRODUCT_DEFINITION_SHAPE('Placement','Placement of an item',
  #1036);
#1036 = NEXT_ASSEMBLY_USAGE_OCCURRENCE('25344','BALL_0011','',#5,#983,$
  );
#1037 = PRODUCT_RELATED_PRODUCT_CATEGORY('part',$,(#985));
#1038 = SHAPE_DEFINITION_REPRESENTATION(#1039,#1045);
#1039 = PRODUCT_DEFINITION_SHAPE('','',#1040);
#1040 = PRODUCT_DEFINITION('design','',#1041,#1044);
#1041 = PRODUCT_DEFINITION_FORMATION('','',#1042);
#1042 = PRODUCT('BALL_0012','BALL_0012','',(#1043));
#1043 = PRODUCT_CONTEXT('',#2,'mechanical');
#1044 = PRODUCT_DEFINITION_CONTEXT('part definition',#2,'design');
#1045 = ADVANCED_BREP_SHAPE_REPRESENTATION('',(#11,#1046),#1084);
#1046 = MANIFOLD_SOLID_BREP('',#1047);
#1047 = CLOSED_SHELL('',(#1048,#1075));
#1048 = ADVANCED_FACE('',(#1049),#1070,.T.);
#1049 = FACE_BOUND('',#1050,.T.);
#1050 = EDGE_LOOP('',(#1051,#1060,#1069));
#1051 = ORIENTED_EDGE('',*,*,#1052,.T.);
#1052 = EDGE_CURVE('',#1053,#1053,#1055,.T.);
#1053 = VERTEX_POINT('',#1054);
#1054 = CARTESIAN_POINT('',(-2.,0.2368,-1.8816));
#1055 = CIRCLE('',#1056,0.1184);
#1056 = AXIS2_PLACEMENT_3D('',#1057,#1058,#1059);
#1057 = CARTESIAN_POINT('',(-2.,0.2368,-2.));
#1058 = DIRECTION('',(-5.551115123126E-17,-1.,0.));
#1059 = DIRECTION('',(-3.123129639547E-31,1.733685217357E-47,1.));
#1060 = ORIENTED_EDGE('',*,*,#1061,.T.);
#1061 = EDGE_CURVE('',#1053,#1062,#1064,.T.);
#1062 = VERTEX_POINT('',#1063);
#1063 = CARTESIAN_POINT('',(-2.,-7.777611105202E-16,-2.));
#1064 = CIRCLE('',#1065,0.148);
#1065 = AXIS2_PLACEMENT_3D('',#1066,#1067,#1068);
#1066 = CARTESIAN_POINT('',(-2.,0.148,-2.));
#1067 = DIRECTION('',(1.,-1.110223024625E-16,-5.551115123126E-17));
#1068 = DIRECTION('',(1.110223024625E-16,1.,5.551115123126E-17));
#1069 = ORIENTED_EDGE('',*,*,#1061,.F.);
#1070 = SPHERICAL_SURFACE('',#1071,0.148);
#1071 = AXIS2_PLACEMENT_3D('',#1072,#1073,#1074);
#1072 = CARTESIAN_POINT('',(-2.,0.148,-2.));
#1073 = DIRECTION('',(-5.551115123126E-17,-1.,-0.));
#1074 = DIRECTION('',(-2.825070740762E-31,1.568229291294E-47,1.));
#1075 = ADVANCED_FACE('',(#1076),#1079,.F.);
#1076 = FACE_BOUND('',#1077,.F.);
#1077 = EDGE_LOOP('',(#1078));
#1078 = ORIENTED_EDGE('',*,*,#1052,.T.);
#1079 = PLANE('',#1080);
#1080 = AXIS2_PLACEMENT_3D('',#1081,#1082,#1083);
#1081 = CARTESIAN_POINT('',(-2.,0.2368,-2.));
#1082 = DIRECTION('',(-5.551115123126E-17,-1.,-0.));
#1083 = DIRECTION('',(-3.123129639547E-31,1.733685217357E-47,1.));
#1084 = ( GEOMETRIC_REPRESENTATION_CONTEXT(3) 
GLOBAL_UNCERTAINTY_ASSIGNED_CONTEXT((#1088)) 
GLOBAL_UNIT_ASSIGNED_CONTEXT((#1085,#1086,#1087)) REPRESENTATION_CONTEXT
('Context #1','3D Context with UNIT and UNCERTAINTY') );
#1085 = ( LENGTH_UNIT() NAMED_UNIT(*) SI_UNIT(.MILLI.,.METRE.) );
#1086 = ( NAMED_UNIT(*) PLANE_ANGLE_UNIT() SI_UNIT($,.RADIAN.) );
#1087 = ( NAMED_UNIT(*) SI_UNIT($,.STERADIAN.) SOLID_ANGLE_UNIT() );
#1088 = UNCERTAINTY_MEASURE_WITH_UNIT(LENGTH_MEASURE(1.E-07),#1085,
  'distance_accuracy_value','confusion accuracy');
#1089 = CONTEXT_DEPENDENT_SHAPE_REPRESENTATION(#1090,#1092);
#1090 = ( REPRESENTATION_RELATIONSHIP('','',#1045,#10) 
REPRESENTATION_RELATIONSHIP_WITH_TRANSFORMATION(#1091) 
SHAPE_REPRESENTATION_RELATIONSHIP() );
#1091 = ITEM_DEFINED_TRANSFORMATION('','',#11,#67);
#1092 = PRODUCT_DEFINITION_SHAPE('Placement','Placement of an item',
  #1093);
#1093 = NEXT_ASSEMBLY_USAGE_OCCURRENCE('25345','BALL_0012','',#5,#1040,$
  );
#1094 = PRODUCT_RELATED_PRODUCT_CATEGORY('part',$,(#1042));
#1095 = SHAPE_DEFINITION_REPRESENTATION(#1096,#1102);
#1096 = PRODUCT_DEFINITION_SHAPE('','',#1097);
#1097 = PRODUCT_DEFINITION('design','',#1098,#1101);
#1098 = PRODUCT_DEFINITION_FORMATION('','',#1099);
#1099 = PRODUCT('BALL_0013','BALL_0013','',(#1100));
#1100 = PRODUCT_CONTEXT('',#2,'mechanical');
#1101 = PRODUCT_DEFINITION_CONTEXT('part definition',#2,'design');
#1102 = ADVANCED_BREP_SHAPE_REPRESENTATION('',(#11,#1103),#1141);
#1103 = MANIFOLD_SOLID_BREP('',#1104);
#1104 = CLOSED_SHELL('',(#1105,#1132));
#1105 = ADVANCED_FACE('',(#1106),#1127,.T.);
#1106 = FACE_BOUND('',#1107,.T.);
#1107 = EDGE_LOOP('',(#1108,#1117,#1126));
#1108 = ORIENTED_EDGE('',*,*,#1109,.T.);
#1109 = EDGE_CURVE('',#1110,#1110,#1112,.T.);
#1110 = VERTEX_POINT('',#1111);
#1111 = CARTESIAN_POINT('',(-2.,0.2368,-1.8816));
#1112 = CIRCLE('',#1113,0.1184);
#1113 = AXIS2_PLACEMENT_3D('',#1114,#1115,#1116);
#1114 = CARTESIAN_POINT('',(-2.,0.2368,-2.));
#1115 = DIRECTION('',(-5.551115123126E-17,-1.,0.));
#1116 = DIRECTION('',(-3.123129639547E-31,1.733685217357E-47,1.));
#1117 = ORIENTED_EDGE('',*,*,#1118,.T.);
#1118 = EDGE_CURVE('',#1110,#1119,#1121,.T.);
#1119 = VERTEX_POINT('',#1120);
#1120 = CARTESIAN_POINT('',(-2.,-7.777611105202E-16,-2.));
#1121 = CIRCLE('',#1122,0.148);
#1122 = AXIS2_PLACEMENT_3D('',#1123,#1124,#1125);
#1123 = CARTESIAN_POINT('',(-2.,0.148,-2.));
#1124 = DIRECTION('',(1.,-1.110223024625E-16,-5.551115123126E-17));
#1125 = DIRECTION('',(1.110223024625E-16,1.,5.551115123126E-17));
#1126 = ORIENTED_EDGE('',*,*,#1118,.F.);
#1127 = SPHERICAL_SURFACE('',#1128,0.148);
#1128 = AXIS2_PLACEMENT_3D('',#1129,#1130,#1131);
#1129 = CARTESIAN_POINT('',(-2.,0.148,-2.));
#1130 = DIRECTION('',(-5.551115123126E-17,-1.,-0.));
#1131 = DIRECTION('',(-2.825070740762E-31,1.568229291294E-47,1.));
#1132 = ADVANCED_FACE('',(#1133),#1136,.F.);
#1133 = FACE_BOUND('',#1134,.F.);
#1134 = EDGE_LOOP('',(#1135));
#1135 = ORIENTED_EDGE('',*,*,#1109,.T.);
#1136 = PLANE('',#1137);
#1137 = AXIS2_PLACEMENT_3D('',#1138,#1139,#1140);
#1138 = CARTESIAN_POINT('',(-2.,0.2368,-2.));
#1139 = DIRECTION('',(-5.551115123126E-17,-1.,-0.));
#1140 = DIRECTION('',(-3.123129639547E-31,1.733685217357E-47,1.));
#1141 = ( GEOMETRIC_REPRESENTATION_CONTEXT(3) 
GLOBAL_UNCERTAINTY_ASSIGNED_CONTEXT((#1145)) 
GLOBAL_UNIT_ASSIGNED_CONTEXT((#1142,#1143,#1144)) REPRESENTATION_CONTEXT
('Context #1','3D Context with UNIT and UNCERTAINTY') );
#1142 = ( LENGTH_UNIT() NAMED_UNIT(*) SI_UNIT(.MILLI.,.METRE.) );
#1143 = ( NAMED_UNIT(*) PLANE_ANGLE_UNIT() SI_UNIT($,.RADIAN.) );
#1144 = ( NAMED_UNIT(*) SI_UNIT($,.STERADIAN.) SOLID_ANGLE_UNIT() );
#1145 = UNCERTAINTY_MEASURE_WITH_UNIT(LENGTH_MEASURE(1.E-07),#1142,
  'distance_accuracy_value','confusion accuracy');
#1146 = CONTEXT_DEPENDENT_SHAPE_REPRESENTATION(#1147,#1149);
#1147 = ( REPRESENTATION_RELATIONSHIP('','',#1102,#10) 
REPRESENTATION_RELATIONSHIP_WITH_TRANSFORMATION(#1148) 
SHAPE_REPRESENTATION_RELATIONSHIP() );
#1148 = ITEM_DEFINED_TRANSFORMATION('','',#11,#71);
#1149 = PRODUCT_DEFINITION_SHAPE('Placement','Placement of an item',
  #1150);
#1150 = NEXT_ASSEMBLY_USAGE_OCCURRENCE('25346','BALL_0013','',#5,#1097,$
  );
#1151 = PRODUCT_RELATED_PRODUCT_CATEGORY('part',$,(#1099));
#1152 = SHAPE_DEFINITION_REPRESENTATION(#1153,#1159);
#1153 = PRODUCT_DEFINITION_SHAPE('','',#1154);
#1154 = PRODUCT_DEFINITION('design','',#1155,#1158);
#1155 = PRODUCT_DEFINITION_FORMATION('','',#1156);
#1156 = PRODUCT('BALL_0014','BALL_0014','',(#1157));
#1157 = PRODUCT_CONTEXT('',#2,'mechanical');
#1158 = PRODUCT_DEFINITION_CONTEXT('part definition',#2,'design');
#1159 = ADVANCED_BREP_SHAPE_REPRESENTATION('',(#11,#1160),#1198);
#1160 = MANIFOLD_SOLID_BREP('',#1161);
#1161 = CLOSED_SHELL('',(#1162,#1189));
#1162 = ADVANCED_FACE('',(#1163),#1184,.T.);
#1163 = FACE_BOUND('',#1164,.T.);
#1164 = EDGE_LOOP('',(#1165,#1174,#1183));
#1165 = ORIENTED_EDGE('',*,*,#1166,.T.);
#1166 = EDGE_CURVE('',#1167,#1167,#1169,.T.);
#1167 = VERTEX_POINT('',#1168);
#1168 = CARTESIAN_POINT('',(-2.,0.2368,-1.8816));
#1169 = CIRCLE('',#1170,0.1184);
#1170 = AXIS2_PLACEMENT_3D('',#1171,#1172,#1173);
#1171 = CARTESIAN_POINT('',(-2.,0.2368,-2.));
#1172 = DIRECTION('',(-5.551115123126E-17,-1.,0.));
#1173 = DIRECTION('',(-3.123129639547E-31,1.733685217357E-47,1.));
#1174 = ORIENTED_EDGE('',*,*,#1175,.T.);
#1175 = EDGE_CURVE('',#1167,#1176,#1178,.T.);
#1176 = VERTEX_POINT('',#1177);
#1177 = CARTESIAN_POINT('',(-2.,-7.777611105202E-16,-2.));
#1178 = CIRCLE('',#1179,0.148);
#1179 = AXIS2_PLACEMENT_3D('',#1180,#1181,#1182);
#1180 = CARTESIAN_POINT('',(-2.,0.148,-2.));
#1181 = DIRECTION('',(1.,-1.110223024625E-16,-5.551115123126E-17));
#1182 = DIRECTION('',(1.110223024625E-16,1.,5.551115123126E-17));
#1183 = ORIENTED_EDGE('',*,*,#1175,.F.);
#1184 = SPHERICAL_SURFACE('',#1185,0.148);
#1185 = AXIS2_PLACEMENT_3D('',#1186,#1187,#1188);
#1186 = CARTESIAN_POINT('',(-2.,0.148,-2.));
#1187 = DIRECTION('',(-5.551115123126E-17,-1.,-0.));
#1188 = DIRECTION('',(-2.825070740762E-31,1.568229291294E-47,1.));
#1189 = ADVANCED_FACE('',(#1190),#1193,.F.);
#1190 = FACE_BOUND('',#1191,.F.);
#1191 = EDGE_LOOP('',(#1192));
#1192 = ORIENTED_EDGE('',*,*,#1166,.T.);
#1193 = PLANE('',#1194);
#1194 = AXIS2_PLACEMENT_3D('',#1195,#1196,#1197);
#1195 = CARTESIAN_POINT('',(-2.,0.2368,-2.));
#1196 = DIRECTION('',(-5.551115123126E-17,-1.,-0.));
#1197 = DIRECTION('',(-3.123129639547E-31,1.733685217357E-47,1.));
#1198 = ( GEOMETRIC_REPRESENTATION_CONTEXT(3) 
GLOBAL_UNCERTAINTY_ASSIGNED_CONTEXT((#1202)) 
GLOBAL_UNIT_ASSIGNED_CONTEXT((#1199,#1200,#1201)) REPRESENTATION_CONTEXT
('Context #1','3D Context with UNIT and UNCERTAINTY') );
#1199 = ( LENGTH_UNIT() NAMED_UNIT(*) SI_UNIT(.MILLI.,.METRE.) );
#1200 = ( NAMED_UNIT(*) PLANE_ANGLE_UNIT() SI_UNIT($,.RADIAN.) );
#1201 = ( NAMED_UNIT(*) SI_UNIT($,.STERADIAN.) SOLID_ANGLE_UNIT() );
#1202 = UNCERTAINTY_MEASURE_WITH_UNIT(LENGTH_MEASURE(1.E-07),#1199,
  'distance_accuracy_value','confusion accuracy');
#1203 = CONTEXT_DEPENDENT_SHAPE_REPRESENTATION(#1204,#1206);
#1204 = ( REPRESENTATION_RELATIONSHIP('','',#1159,#10) 
REPRESENTATION_RELATIONSHIP_WITH_TRANSFORMATION(#1205) 
SHAPE_REPRESENTATION_RELATIONSHIP() );
#1205 = ITEM_DEFINED_TRANSFORMATION('','',#11,#75);
#1206 = PRODUCT_DEFINITION_SHAPE('Placement','Placement of an item',
  #1207);
#1207 = NEXT_ASSEMBLY_USAGE_OCCURRENCE('25347','BALL_0014','',#5,#1154,$
  );
#1208 = PRODUCT_RELATED_PRODUCT_CATEGORY('part',$,(#1156));
#1209 = SHAPE_DEFINITION_REPRESENTATION(#1210,#1216);
#1210 = PRODUCT_DEFINITION_SHAPE('','',#1211);
#1211 = PRODUCT_DEFINITION('design','',#1212,#1215);
#1212 = PRODUCT_DEFINITION_FORMATION('','',#1213);
#1213 = PRODUCT('BALL_0015','BALL_0015','',(#1214));
#1214 = PRODUCT_CONTEXT('',#2,'mechanical');
#1215 = PRODUCT_DEFINITION_CONTEXT('part definition',#2,'design');
#1216 = ADVANCED_BREP_SHAPE_REPRESENTATION('',(#11,#1217),#1255);
#1217 = MANIFOLD_SOLID_BREP('',#1218);
#1218 = CLOSED_SHELL('',(#1219,#1246));
#1219 = ADVANCED_FACE('',(#1220),#1241,.T.);
#1220 = FACE_BOUND('',#1221,.T.);
#1221 = EDGE_LOOP('',(#1222,#1231,#1240));
#1222 = ORIENTED_EDGE('',*,*,#1223,.T.);
#1223 = EDGE_CURVE('',#1224,#1224,#1226,.T.);
#1224 = VERTEX_POINT('',#1225);
#1225 = CARTESIAN_POINT('',(-2.,0.2368,-1.8816));
#1226 = CIRCLE('',#1227,0.1184);
#1227 = AXIS2_PLACEMENT_3D('',#1228,#1229,#1230);
#1228 = CARTESIAN_POINT('',(-2.,0.2368,-2.));
#1229 = DIRECTION('',(-5.551115123126E-17,-1.,0.));
#1230 = DIRECTION('',(-3.123129639547E-31,1.733685217357E-47,1.));
#1231 = ORIENTED_EDGE('',*,*,#1232,.T.);
#1232 = EDGE_CURVE('',#1224,#1233,#1235,.T.);
#1233 = VERTEX_POINT('',#1234);
#1234 = CARTESIAN_POINT('',(-2.,-7.777611105202E-16,-2.));
#1235 = CIRCLE('',#1236,0.148);
#1236 = AXIS2_PLACEMENT_3D('',#1237,#1238,#1239);
#1237 = CARTESIAN_POINT('',(-2.,0.148,-2.));
#1238 = DIRECTION('',(1.,-1.110223024625E-16,-5.551115123126E-17));
#1239 = DIRECTION('',(1.110223024625E-16,1.,5.551115123126E-17));
#1240 = ORIENTED_EDGE('',*,*,#1232,.F.);
#1241 = SPHERICAL_SURFACE('',#1242,0.148);
#1242 = AXIS2_PLACEMENT_3D('',#1243,#1244,#1245);
#1243 = CARTESIAN_POINT('',(-2.,0.148,-2.));
#1244 = DIRECTION('',(-5.551115123126E-17,-1.,-0.));
#1245 = DIRECTION('',(-2.825070740762E-31,1.568229291294E-47,1.));
#1246 = ADVANCED_FACE('',(#1247),#1250,.F.);
#1247 = FACE_BOUND('',#1248,.F.);
#1248 = EDGE_LOOP('',(#1249));
#1249 = ORIENTED_EDGE('',*,*,#1223,.T.);
#1250 = PLANE('',#1251);
#1251 = AXIS2_PLACEMENT_3D('',#1252,#1253,#1254);
#1252 = CARTESIAN_POINT('',(-2.,0.2368,-2.));
#1253 = DIRECTION('',(-5.551115123126E-17,-1.,-0.));
#1254 = DIRECTION('',(-3.123129639547E-31,1.733685217357E-47,1.));
#1255 = ( GEOMETRIC_REPRESENTATION_CONTEXT(3) 
GLOBAL_UNCERTAINTY_ASSIGNED_CONTEXT((#1259)) 
GLOBAL_UNIT_ASSIGNED_CONTEXT((#1256,#1257,#1258)) REPRESENTATION_CONTEXT
('Context #1','3D Context with UNIT and UNCERTAINTY') );
#1256 = ( LENGTH_UNIT() NAMED_UNIT(*) SI_UNIT(.MILLI.,.METRE.) );
#1257 = ( NAMED_UNIT(*) PLANE_ANGLE_UNIT() SI_UNIT($,.RADIAN.) );
#1258 = ( NAMED_UNIT(*) SI_UNIT($,.STERADIAN.) SOLID_ANGLE_UNIT() );
#1259 = UNCERTAINTY_MEASURE_WITH_UNIT(LENGTH_MEASURE(1.E-07),#1256,
  'distance_accuracy_value','confusion accuracy');
#1260 = CONTEXT_DEPENDENT_SHAPE_REPRESENTATION(#1261,#1263);
#1261 = ( REPRESENTATION_RELATIONSHIP('','',#1216,#10) 
REPRESENTATION_RELATIONSHIP_WITH_TRANSFORMATION(#1262) 
SHAPE_REPRESENTATION_RELATIONSHIP() );
#1262 = ITEM_DEFINED_TRANSFORMATION('','',#11,#79);
#1263 = PRODUCT_DEFINITION_SHAPE('Placement','Placement of an item',
  #1264);
#1264 = NEXT_ASSEMBLY_USAGE_OCCURRENCE('25348','BALL_0015','',#5,#1211,$
  );
#1265 = PRODUCT_RELATED_PRODUCT_CATEGORY('part',$,(#1213));
#1266 = SHAPE_DEFINITION_REPRESENTATION(#1267,#1273);
#1267 = PRODUCT_DEFINITION_SHAPE('','',#1268);
#1268 = PRODUCT_DEFINITION('design','',#1269,#1272);
#1269 = PRODUCT_DEFINITION_FORMATION('','',#1270);
#1270 = PRODUCT('BALL_0016','BALL_0016','',(#1271));
#1271 = PRODUCT_CONTEXT('',#2,'mechanical');
#1272 = PRODUCT_DEFINITION_CONTEXT('part definition',#2,'design');
#1273 = ADVANCED_BREP_SHAPE_REPRESENTATION('',(#11,#1274),#1312);
#1274 = MANIFOLD_SOLID_BREP('',#1275);
#1275 = CLOSED_SHELL('',(#1276,#1303));
#1276 = ADVANCED_FACE('',(#1277),#1298,.T.);
#1277 = FACE_BOUND('',#1278,.T.);
#1278 = EDGE_LOOP('',(#1279,#1288,#1297));
#1279 = ORIENTED_EDGE('',*,*,#1280,.T.);
#1280 = EDGE_CURVE('',#1281,#1281,#1283,.T.);
#1281 = VERTEX_POINT('',#1282);
#1282 = CARTESIAN_POINT('',(-2.,0.2368,-1.8816));
#1283 = CIRCLE('',#1284,0.1184);
#1284 = AXIS2_PLACEMENT_3D('',#1285,#1286,#1287);
#1285 = CARTESIAN_POINT('',(-2.,0.2368,-2.));
#1286 = DIRECTION('',(-5.551115123126E-17,-1.,0.));
#1287 = DIRECTION('',(-3.123129639547E-31,1.733685217357E-47,1.));
#1288 = ORIENTED_EDGE('',*,*,#1289,.T.);
#1289 = EDGE_CURVE('',#1281,#1290,#1292,.T.);
#1290 = VERTEX_POINT('',#1291);
#1291 = CARTESIAN_POINT('',(-2.,-7.777611105202E-16,-2.));
#1292 = CIRCLE('',#1293,0.148);
#1293 = AXIS2_PLACEMENT_3D('',#1294,#1295,#1296);
#1294 = CARTESIAN_POINT('',(-2.,0.148,-2.));
#1295 = DIRECTION('',(1.,-1.110223024625E-16,-5.551115123126E-17));
#1296 = DIRECTION('',(1.110223024625E-16,1.,5.551115123126E-17));
#1297 = ORIENTED_EDGE('',*,*,#1289,.F.);
#1298 = SPHERICAL_SURFACE('',#1299,0.148);
#1299 = AXIS2_PLACEMENT_3D('',#1300,#1301,#1302);
#1300 = CARTESIAN_POINT('',(-2.,0.148,-2.));
#1301 = DIRECTION('',(-5.551115123126E-17,-1.,-0.));
#1302 = DIRECTION('',(-2.825070740762E-31,1.568229291294E-47,1.));
#1303 = ADVANCED_FACE('',(#1304),#1307,.F.);
#1304 = FACE_BOUND('',#1305,.F.);
#1305 = EDGE_LOOP('',(#1306));
#1306 = ORIENTED_EDGE('',*,*,#1280,.T.);
#1307 = PLANE('',#1308);
#1308 = AXIS2_PLACEMENT_3D('',#1309,#1310,#1311);
#1309 = CARTESIAN_POINT('',(-2.,0.2368,-2.));
#1310 = DIRECTION('',(-5.551115123126E-17,-1.,-0.));
#1311 = DIRECTION('',(-3.123129639547E-31,1.733685217357E-47,1.));
#1312 = ( GEOMETRIC_REPRESENTATION_CONTEXT(3) 
GLOBAL_UNCERTAINTY_ASSIGNED_CONTEXT((#1316)) 
GLOBAL_UNIT_ASSIGNED_CONTEXT((#1313,#1314,#1315)) REPRESENTATION_CONTEXT
('Context #1','3D Context with UNIT and UNCERTAINTY') );
#1313 = ( LENGTH_UNIT() NAMED_UNIT(*) SI_UNIT(.MILLI.,.METRE.) );
#1314 = ( NAMED_UNIT(*) PLANE_ANGLE_UNIT() SI_UNIT($,.RADIAN.) );
#1315 = ( NAMED_UNIT(*) SI_UNIT($,.STERADIAN.) SOLID_ANGLE_UNIT() );
#1316 = UNCERTAINTY_MEASURE_WITH_UNIT(LENGTH_MEASURE(1.E-07),#1313,
  'distance_accuracy_value','confusion accuracy');
#1317 = CONTEXT_DEPENDENT_SHAPE_REPRESENTATION(#1318,#1320);
#1318 = ( REPRESENTATION_RELATIONSHIP('','',#1273,#10) 
REPRESENTATION_RELATIONSHIP_WITH_TRANSFORMATION(#1319) 
SHAPE_REPRESENTATION_RELATIONSHIP() );
#1319 = ITEM_DEFINED_TRANSFORMATION('','',#11,#83);
#1320 = PRODUCT_DEFINITION_SHAPE('Placement','Placement of an item',
  #1321);
#1321 = NEXT_ASSEMBLY_USAGE_OCCURRENCE('25349','BALL_0016','',#5,#1268,$
  );
#1322 = PRODUCT_RELATED_PRODUCT_CATEGORY('part',$,(#1270));
#1323 = SHAPE_DEFINITION_REPRESENTATION(#1324,#1330);
#1324 = PRODUCT_DEFINITION_SHAPE('','',#1325);
#1325 = PRODUCT_DEFINITION('design','',#1326,#1329);
#1326 = PRODUCT_DEFINITION_FORMATION('','',#1327);
#1327 = PRODUCT('BALL_0017','BALL_0017','',(#1328));
#1328 = PRODUCT_CONTEXT('',#2,'mechanical');
#1329 = PRODUCT_DEFINITION_CONTEXT('part definition',#2,'design');
#1330 = ADVANCED_BREP_SHAPE_REPRESENTATION('',(#11,#1331),#1369);
#1331 = MANIFOLD_SOLID_BREP('',#1332);
#1332 = CLOSED_SHELL('',(#1333,#1360));
#1333 = ADVANCED_FACE('',(#1334),#1355,.T.);
#1334 = FACE_BOUND('',#1335,.T.);
#1335 = EDGE_LOOP('',(#1336,#1345,#1354));
#1336 = ORIENTED_EDGE('',*,*,#1337,.T.);
#1337 = EDGE_CURVE('',#1338,#1338,#1340,.T.);
#1338 = VERTEX_POINT('',#1339);
#1339 = CARTESIAN_POINT('',(-2.,0.2368,-1.8816));
#1340 = CIRCLE('',#1341,0.1184);
#1341 = AXIS2_PLACEMENT_3D('',#1342,#1343,#1344);
#1342 = CARTESIAN_POINT('',(-2.,0.2368,-2.));
#1343 = DIRECTION('',(-5.551115123126E-17,-1.,0.));
#1344 = DIRECTION('',(-3.123129639547E-31,1.733685217357E-47,1.));
#1345 = ORIENTED_EDGE('',*,*,#1346,.T.);
#1346 = EDGE_CURVE('',#1338,#1347,#1349,.T.);
#1347 = VERTEX_POINT('',#1348);
#1348 = CARTESIAN_POINT('',(-2.,-7.777611105202E-16,-2.));
#1349 = CIRCLE('',#1350,0.148);
#1350 = AXIS2_PLACEMENT_3D('',#1351,#1352,#1353);
#1351 = CARTESIAN_POINT('',(-2.,0.148,-2.));
#1352 = DIRECTION('',(1.,-1.110223024625E-16,-5.551115123126E-17));
#1353 = DIRECTION('',(1.110223024625E-16,1.,5.551115123126E-17));
#1354 = ORIENTED_EDGE('',*,*,#1346,.F.);
#1355 = SPHERICAL_SURFACE('',#1356,0.148);
#1356 = AXIS2_PLACEMENT_3D('',#1357,#1358,#1359);
#1357 = CARTESIAN_POINT('',(-2.,0.148,-2.));
#1358 = DIRECTION('',(-5.551115123126E-17,-1.,-0.));
#1359 = DIRECTION('',(-2.825070740762E-31,1.568229291294E-47,1.));
#1360 = ADVANCED_FACE('',(#1361),#1364,.F.);
#1361 = FACE_BOUND('',#1362,.F.);
#1362 = EDGE_LOOP('',(#1363));
#1363 = ORIENTED_EDGE('',*,*,#1337,.T.);
#1364 = PLANE('',#1365);
#1365 = AXIS2_PLACEMENT_3D('',#1366,#1367,#1368);
#1366 = CARTESIAN_POINT('',(-2.,0.2368,-2.));
#1367 = DIRECTION('',(-5.551115123126E-17,-1.,-0.));
#1368 = DIRECTION('',(-3.123129639547E-31,1.733685217357E-47,1.));
#1369 = ( GEOMETRIC_REPRESENTATION_CONTEXT(3) 
GLOBAL_UNCERTAINTY_ASSIGNED_CONTEXT((#1373)) 
GLOBAL_UNIT_ASSIGNED_CONTEXT((#1370,#1371,#1372)) REPRESENTATION_CONTEXT
('Context #1','3D Context with UNIT and UNCERTAINTY') );
#1370 = ( LENGTH_UNIT() NAMED_UNIT(*) SI_UNIT(.MILLI.,.METRE.) );
#1371 = ( NAMED_UNIT(*) PLANE_ANGLE_UNIT() SI_UNIT($,.RADIAN.) );
#1372 = ( NAMED_UNIT(*) SI_UNIT($,.STERADIAN.) SOLID_ANGLE_UNIT() );
#1373 = UNCERTAINTY_MEASURE_WITH_UNIT(LENGTH_MEASURE(1.E-07),#1370,
  'distance_accuracy_value','confusion accuracy');
#1374 = CONTEXT_DEPENDENT_SHAPE_REPRESENTATION(#1375,#1377);
#1375 = ( REPRESENTATION_RELATIONSHIP('','',#1330,#10) 
REPRESENTATION_RELATIONSHIP_WITH_TRANSFORMATION(#1376) 
SHAPE_REPRESENTATION_RELATIONSHIP() );
#1376 = ITEM_DEFINED_TRANSFORMATION('','',#11,#87);
#1377 = PRODUCT_DEFINITION_SHAPE('Placement','Placement of an item',
  #1378);
#1378 = NEXT_ASSEMBLY_USAGE_OCCURRENCE('25350','BALL_0017','',#5,#1325,$
  );
#1379 = PRODUCT_RELATED_PRODUCT_CATEGORY('part',$,(#1327));
#1380 = SHAPE_DEFINITION_REPRESENTATION(#1381,#1387);
#1381 = PRODUCT_DEFINITION_SHAPE('','',#1382);
#1382 = PRODUCT_DEFINITION('design','',#1383,#1386);
#1383 = PRODUCT_DEFINITION_FORMATION('','',#1384);
#1384 = PRODUCT('BALL_0018','BALL_0018','',(#1385));
#1385 = PRODUCT_CONTEXT('',#2,'mechanical');
#1386 = PRODUCT_DEFINITION_CONTEXT('part definition',#2,'design');
#1387 = ADVANCED_BREP_SHAPE_REPRESENTATION('',(#11,#1388),#1426);
#1388 = MANIFOLD_SOLID_BREP('',#1389);
#1389 = CLOSED_SHELL('',(#1390,#1417));
#1390 = ADVANCED_FACE('',(#1391),#1412,.T.);
#1391 = FACE_BOUND('',#1392,.T.);
#1392 = EDGE_LOOP('',(#1393,#1402,#1411));
#1393 = ORIENTED_EDGE('',*,*,#1394,.T.);
#1394 = EDGE_CURVE('',#1395,#1395,#1397,.T.);
#1395 = VERTEX_POINT('',#1396);
#1396 = CARTESIAN_POINT('',(-2.,0.2368,-1.8816));
#1397 = CIRCLE('',#1398,0.1184);
#1398 = AXIS2_PLACEMENT_3D('',#1399,#1400,#1401);
#1399 = CARTESIAN_POINT('',(-2.,0.2368,-2.));
#1400 = DIRECTION('',(-5.551115123126E-17,-1.,0.));
#1401 = DIRECTION('',(-3.123129639547E-31,1.733685217357E-47,1.));
#1402 = ORIENTED_EDGE('',*,*,#1403,.T.);
#1403 = EDGE_CURVE('',#1395,#1404,#1406,.T.);
#1404 = VERTEX_POINT('',#1405);
#1405 = CARTESIAN_POINT('',(-2.,-7.777611105202E-16,-2.));
#1406 = CIRCLE('',#1407,0.148);
#1407 = AXIS2_PLACEMENT_3D('',#1408,#1409,#1410);
#1408 = CARTESIAN_POINT('',(-2.,0.148,-2.));
#1409 = DIRECTION('',(1.,-1.110223024625E-16,-5.551115123126E-17));
#1410 = DIRECTION('',(1.110223024625E-16,1.,5.551115123126E-17));
#1411 = ORIENTED_EDGE('',*,*,#1403,.F.);
#1412 = SPHERICAL_SURFACE('',#1413,0.148);
#1413 = AXIS2_PLACEMENT_3D('',#1414,#1415,#1416);
#1414 = CARTESIAN_POINT('',(-2.,0.148,-2.));
#1415 = DIRECTION('',(-5.551115123126E-17,-1.,-0.));
#1416 = DIRECTION('',(-2.825070740762E-31,1.568229291294E-47,1.));
#1417 = ADVANCED_FACE('',(#1418),#1421,.F.);
#1418 = FACE_BOUND('',#1419,.F.);
#1419 = EDGE_LOOP('',(#1420));
#1420 = ORIENTED_EDGE('',*,*,#1394,.T.);
#1421 = PLANE('',#1422);
#1422 = AXIS2_PLACEMENT_3D('',#1423,#1424,#1425);
#1423 = CARTESIAN_POINT('',(-2.,0.2368,-2.));
#1424 = DIRECTION('',(-5.551115123126E-17,-1.,-0.));
#1425 = DIRECTION('',(-3.123129639547E-31,1.733685217357E-47,1.));
#1426 = ( GEOMETRIC_REPRESENTATION_CONTEXT(3) 
GLOBAL_UNCERTAINTY_ASSIGNED_CONTEXT((#1430)) 
GLOBAL_UNIT_ASSIGNED_CONTEXT((#1427,#1428,#1429)) REPRESENTATION_CONTEXT
('Context #1','3D Context with UNIT and UNCERTAINTY') );
#1427 = ( LENGTH_UNIT() NAMED_UNIT(*) SI_UNIT(.MILLI.,.METRE.) );
#1428 = ( NAMED_UNIT(*) PLANE_ANGLE_UNIT() SI_UNIT($,.RADIAN.) );
#1429 = ( NAMED_UNIT(*) SI_UNIT($,.STERADIAN.) SOLID_ANGLE_UNIT() );
#1430 = UNCERTAINTY_MEASURE_WITH_UNIT(LENGTH_MEASURE(1.E-07),#1427,
  'distance_accuracy_value','confusion accuracy');
#1431 = CONTEXT_DEPENDENT_SHAPE_REPRESENTATION(#1432,#1434);
#1432 = ( REPRESENTATION_RELATIONSHIP('','',#1387,#10) 
REPRESENTATION_RELATIONSHIP_WITH_TRANSFORMATION(#1433) 
SHAPE_REPRESENTATION_RELATIONSHIP() );
#1433 = ITEM_DEFINED_TRANSFORMATION('','',#11,#91);
#1434 = PRODUCT_DEFINITION_SHAPE('Placement','Placement of an item',
  #1435);
#1435 = NEXT_ASSEMBLY_USAGE_OCCURRENCE('25351','BALL_0018','',#5,#1382,$
  );
#1436 = PRODUCT_RELATED_PRODUCT_CATEGORY('part',$,(#1384));
#1437 = SHAPE_DEFINITION_REPRESENTATION(#1438,#1444);
#1438 = PRODUCT_DEFINITION_SHAPE('','',#1439);
#1439 = PRODUCT_DEFINITION('design','',#1440,#1443);
#1440 = PRODUCT_DEFINITION_FORMATION('','',#1441);
#1441 = PRODUCT('BALL_0019','BALL_0019','',(#1442));
#1442 = PRODUCT_CONTEXT('',#2,'mechanical');
#1443 = PRODUCT_DEFINITION_CONTEXT('part definition',#2,'design');
#1444 = ADVANCED_BREP_SHAPE_REPRESENTATION('',(#11,#1445),#1483);
#1445 = MANIFOLD_SOLID_BREP('',#1446);
#1446 = CLOSED_SHELL('',(#1447,#1474));
#1447 = ADVANCED_FACE('',(#1448),#1469,.T.);
#1448 = FACE_BOUND('',#1449,.T.);
#1449 = EDGE_LOOP('',(#1450,#1459,#1468));
#1450 = ORIENTED_EDGE('',*,*,#1451,.T.);
#1451 = EDGE_CURVE('',#1452,#1452,#1454,.T.);
#1452 = VERTEX_POINT('',#1453);
#1453 = CARTESIAN_POINT('',(-2.,0.2368,-1.8816));
#1454 = CIRCLE('',#1455,0.1184);
#1455 = AXIS2_PLACEMENT_3D('',#1456,#1457,#1458);
#1456 = CARTESIAN_POINT('',(-2.,0.2368,-2.));
#1457 = DIRECTION('',(-5.551115123126E-17,-1.,0.));
#1458 = DIRECTION('',(-3.123129639547E-31,1.733685217357E-47,1.));
#1459 = ORIENTED_EDGE('',*,*,#1460,.T.);
#1460 = EDGE_CURVE('',#1452,#1461,#1463,.T.);
#1461 = VERTEX_POINT('',#1462);
#1462 = CARTESIAN_POINT('',(-2.,-7.777611105202E-16,-2.));
#1463 = CIRCLE('',#1464,0.148);
#1464 = AXIS2_PLACEMENT_3D('',#1465,#1466,#1467);
#1465 = CARTESIAN_POINT('',(-2.,0.148,-2.));
#1466 = DIRECTION('',(1.,-1.110223024625E-16,-5.551115123126E-17));
#1467 = DIRECTION('',(1.110223024625E-16,1.,5.551115123126E-17));
#1468 = ORIENTED_EDGE('',*,*,#1460,.F.);
#1469 = SPHERICAL_SURFACE('',#1470,0.148);
#1470 = AXIS2_PLACEMENT_3D('',#1471,#1472,#1473);
#1471 = CARTESIAN_POINT('',(-2.,0.148,-2.));
#1472 = DIRECTION('',(-5.551115123126E-17,-1.,-0.));
#1473 = DIRECTION('',(-2.825070740762E-31,1.568229291294E-47,1.));
#1474 = ADVANCED_FACE('',(#1475),#1478,.F.);
#1475 = FACE_BOUND('',#1476,.F.);
#1476 = EDGE_LOOP('',(#1477));
#1477 = ORIENTED_EDGE('',*,*,#1451,.T.);
#1478 = PLANE('',#1479);
#1479 = AXIS2_PLACEMENT_3D('',#1480,#1481,#1482);
#1480 = CARTESIAN_POINT('',(-2.,0.2368,-2.));
#1481 = DIRECTION('',(-5.551115123126E-17,-1.,-0.));
#1482 = DIRECTION('',(-3.123129639547E-31,1.733685217357E-47,1.));
#1483 = ( GEOMETRIC_REPRESENTATION_CONTEXT(3) 
GLOBAL_UNCERTAINTY_ASSIGNED_CONTEXT((#1487)) 
GLOBAL_UNIT_ASSIGNED_CONTEXT((#1484,#1485,#1486)) REPRESENTATION_CONTEXT
('Context #1','3D Context with UNIT and UNCERTAINTY') );
#1484 = ( LENGTH_UNIT() NAMED_UNIT(*) SI_UNIT(.MILLI.,.METRE.) );
#1485 = ( NAMED_UNIT(*) PLANE_ANGLE_UNIT() SI_UNIT($,.RADIAN.) );
#1486 = ( NAMED_UNIT(*) SI_UNIT($,.STERADIAN.) SOLID_ANGLE_UNIT() );
#1487 = UNCERTAINTY_MEASURE_WITH_UNIT(LENGTH_MEASURE(1.E-07),#1484,
  'distance_accuracy_value','confusion accuracy');
#1488 = CONTEXT_DEPENDENT_SHAPE_REPRESENTATION(#1489,#1491);
#1489 = ( REPRESENTATION_RELATIONSHIP('','',#1444,#10) 
REPRESENTATION_RELATIONSHIP_WITH_TRANSFORMATION(#1490) 
SHAPE_REPRESENTATION_RELATIONSHIP() );
#1490 = ITEM_DEFINED_TRANSFORMATION('','',#11,#95);
#1491 = PRODUCT_DEFINITION_SHAPE('Placement','Placement of an item',
  #1492);
#1492 = NEXT_ASSEMBLY_USAGE_OCCURRENCE('25352','BALL_0019','',#5,#1439,$
  );
#1493 = PRODUCT_RELATED_PRODUCT_CATEGORY('part',$,(#1441));
#1494 = SHAPE_DEFINITION_REPRESENTATION(#1495,#1501);
#1495 = PRODUCT_DEFINITION_SHAPE('','',#1496);
#1496 = PRODUCT_DEFINITION('design','',#1497,#1500);
#1497 = PRODUCT_DEFINITION_FORMATION('','',#1498);
#1498 = PRODUCT('BALL_0020','BALL_0020','',(#1499));
#1499 = PRODUCT_CONTEXT('',#2,'mechanical');
#1500 = PRODUCT_DEFINITION_CONTEXT('part definition',#2,'design');
#1501 = ADVANCED_BREP_SHAPE_REPRESENTATION('',(#11,#1502),#1540);
#1502 = MANIFOLD_SOLID_BREP('',#1503);
#1503 = CLOSED_SHELL('',(#1504,#1531));
#1504 = ADVANCED_FACE('',(#1505),#1526,.T.);
#1505 = FACE_BOUND('',#1506,.T.);
#1506 = EDGE_LOOP('',(#1507,#1516,#1525));
#1507 = ORIENTED_EDGE('',*,*,#1508,.T.);
#1508 = EDGE_CURVE('',#1509,#1509,#1511,.T.);
#1509 = VERTEX_POINT('',#1510);
#1510 = CARTESIAN_POINT('',(-2.,0.2368,-1.8816));
#1511 = CIRCLE('',#1512,0.1184);
#1512 = AXIS2_PLACEMENT_3D('',#1513,#1514,#1515);
#1513 = CARTESIAN_POINT('',(-2.,0.2368,-2.));
#1514 = DIRECTION('',(-5.551115123126E-17,-1.,0.));
#1515 = DIRECTION('',(-3.123129639547E-31,1.733685217357E-47,1.));
#1516 = ORIENTED_EDGE('',*,*,#1517,.T.);
#1517 = EDGE_CURVE('',#1509,#1518,#1520,.T.);
#1518 = VERTEX_POINT('',#1519);
#1519 = CARTESIAN_POINT('',(-2.,-7.777611105202E-16,-2.));
#1520 = CIRCLE('',#1521,0.148);
#1521 = AXIS2_PLACEMENT_3D('',#1522,#1523,#1524);
#1522 = CARTESIAN_POINT('',(-2.,0.148,-2.));
#1523 = DIRECTION('',(1.,-1.110223024625E-16,-5.551115123126E-17));
#1524 = DIRECTION('',(1.110223024625E-16,1.,5.551115123126E-17));
#1525 = ORIENTED_EDGE('',*,*,#1517,.F.);
#1526 = SPHERICAL_SURFACE('',#1527,0.148);
#1527 = AXIS2_PLACEMENT_3D('',#1528,#1529,#1530);
#1528 = CARTESIAN_POINT('',(-2.,0.148,-2.));
#1529 = DIRECTION('',(-5.551115123126E-17,-1.,-0.));
#1530 = DIRECTION('',(-2.825070740762E-31,1.568229291294E-47,1.));
#1531 = ADVANCED_FACE('',(#1532),#1535,.F.);
#1532 = FACE_BOUND('',#1533,.F.);
#1533 = EDGE_LOOP('',(#1534));
#1534 = ORIENTED_EDGE('',*,*,#1508,.T.);
#1535 = PLANE('',#1536);
#1536 = AXIS2_PLACEMENT_3D('',#1537,#1538,#1539);
#1537 = CARTESIAN_POINT('',(-2.,0.2368,-2.));
#1538 = DIRECTION('',(-5.551115123126E-17,-1.,-0.));
#1539 = DIRECTION('',(-3.123129639547E-31,1.733685217357E-47,1.));
#1540 = ( GEOMETRIC_REPRESENTATION_CONTEXT(3) 
GLOBAL_UNCERTAINTY_ASSIGNED_CONTEXT((#1544)) 
GLOBAL_UNIT_ASSIGNED_CONTEXT((#1541,#1542,#1543)) REPRESENTATION_CONTEXT
('Context #1','3D Context with UNIT and UNCERTAINTY') );
#1541 = ( LENGTH_UNIT() NAMED_UNIT(*) SI_UNIT(.MILLI.,.METRE.) );
#1542 = ( NAMED_UNIT(*) PLANE_ANGLE_UNIT() SI_UNIT($,.RADIAN.) );
#1543 = ( NAMED_UNIT(*) SI_UNIT($,.STERADIAN.) SOLID_ANGLE_UNIT() );
#1544 = UNCERTAINTY_MEASURE_WITH_UNIT(LENGTH_MEASURE(1.E-07),#1541,
  'distance_accuracy_value','confusion accuracy');
#1545 = CONTEXT_DEPENDENT_SHAPE_REPRESENTATION(#1546,#1548);
#1546 = ( REPRESENTATION_RELATIONSHIP('','',#1501,#10) 
REPRESENTATION_RELATIONSHIP_WITH_TRANSFORMATION(#1547) 
SHAPE_REPRESENTATION_RELATIONSHIP() );
#1547 = ITEM_DEFINED_TRANSFORMATION('','',#11,#99);
#1548 = PRODUCT_DEFINITION_SHAPE('Placement','Placement of an item',
  #1549);
#1549 = NEXT_ASSEMBLY_USAGE_OCCURRENCE('25353','BALL_0020','',#5,#1496,$
  );
#1550 = PRODUCT_RELATED_PRODUCT_CATEGORY('part',$,(#1498));
#1551 = SHAPE_DEFINITION_REPRESENTATION(#1552,#1558);
#1552 = PRODUCT_DEFINITION_SHAPE('','',#1553);
#1553 = PRODUCT_DEFINITION('design','',#1554,#1557);
#1554 = PRODUCT_DEFINITION_FORMATION('','',#1555);
#1555 = PRODUCT('BALL_0021','BALL_0021','',(#1556));
#1556 = PRODUCT_CONTEXT('',#2,'mechanical');
#1557 = PRODUCT_DEFINITION_CONTEXT('part definition',#2,'design');
#1558 = ADVANCED_BREP_SHAPE_REPRESENTATION('',(#11,#1559),#1597);
#1559 = MANIFOLD_SOLID_BREP('',#1560);
#1560 = CLOSED_SHELL('',(#1561,#1588));
#1561 = ADVANCED_FACE('',(#1562),#1583,.T.);
#1562 = FACE_BOUND('',#1563,.T.);
#1563 = EDGE_LOOP('',(#1564,#1573,#1582));
#1564 = ORIENTED_EDGE('',*,*,#1565,.T.);
#1565 = EDGE_CURVE('',#1566,#1566,#1568,.T.);
#1566 = VERTEX_POINT('',#1567);
#1567 = CARTESIAN_POINT('',(-2.,0.2368,-1.8816));
#1568 = CIRCLE('',#1569,0.1184);
#1569 = AXIS2_PLACEMENT_3D('',#1570,#1571,#1572);
#1570 = CARTESIAN_POINT('',(-2.,0.2368,-2.));
#1571 = DIRECTION('',(-5.551115123126E-17,-1.,0.));
#1572 = DIRECTION('',(-3.123129639547E-31,1.733685217357E-47,1.));
#1573 = ORIENTED_EDGE('',*,*,#1574,.T.);
#1574 = EDGE_CURVE('',#1566,#1575,#1577,.T.);
#1575 = VERTEX_POINT('',#1576);
#1576 = CARTESIAN_POINT('',(-2.,-7.777611105202E-16,-2.));
#1577 = CIRCLE('',#1578,0.148);
#1578 = AXIS2_PLACEMENT_3D('',#1579,#1580,#1581);
#1579 = CARTESIAN_POINT('',(-2.,0.148,-2.));
#1580 = DIRECTION('',(1.,-1.110223024625E-16,-5.551115123126E-17));
#1581 = DIRECTION('',(1.110223024625E-16,1.,5.551115123126E-17));
#1582 = ORIENTED_EDGE('',*,*,#1574,.F.);
#1583 = SPHERICAL_SURFACE('',#1584,0.148);
#1584 = AXIS2_PLACEMENT_3D('',#1585,#1586,#1587);
#1585 = CARTESIAN_POINT('',(-2.,0.148,-2.));
#1586 = DIRECTION('',(-5.551115123126E-17,-1.,-0.));
#1587 = DIRECTION('',(-2.825070740762E-31,1.568229291294E-47,1.));
#1588 = ADVANCED_FACE('',(#1589),#1592,.F.);
#1589 = FACE_BOUND('',#1590,.F.);
#1590 = EDGE_LOOP('',(#1591));
#1591 = ORIENTED_EDGE('',*,*,#1565,.T.);
#1592 = PLANE('',#1593);
#1593 = AXIS2_PLACEMENT_3D('',#1594,#1595,#1596);
#1594 = CARTESIAN_POINT('',(-2.,0.2368,-2.));
#1595 = DIRECTION('',(-5.551115123126E-17,-1.,-0.));
#1596 = DIRECTION('',(-3.123129639547E-31,1.733685217357E-47,1.));
#1597 = ( GEOMETRIC_REPRESENTATION_CONTEXT(3) 
GLOBAL_UNCERTAINTY_ASSIGNED_CONTEXT((#1601)) 
GLOBAL_UNIT_ASSIGNED_CONTEXT((#1598,#1599,#1600)) REPRESENTATION_CONTEXT
('Context #1','3D Context with UNIT and UNCERTAINTY') );
#1598 = ( LENGTH_UNIT() NAMED_UNIT(*) SI_UNIT(.MILLI.,.METRE.) );
#1599 = ( NAMED_UNIT(*) PLANE_ANGLE_UNIT() SI_UNIT($,.RADIAN.) );
#1600 = ( NAMED_UNIT(*) SI_UNIT($,.STERADIAN.) SOLID_ANGLE_UNIT() );
#1601 = UNCERTAINTY_MEASURE_WITH_UNIT(LENGTH_MEASURE(1.E-07),#1598,
  'distance_accuracy_value','confusion accuracy');
#1602 = CONTEXT_DEPENDENT_SHAPE_REPRESENTATION(#1603,#1605);
#1603 = ( REPRESENTATION_RELATIONSHIP('','',#1558,#10) 
REPRESENTATION_RELATIONSHIP_WITH_TRANSFORMATION(#1604) 
SHAPE_REPRESENTATION_RELATIONSHIP() );
#1604 = ITEM_DEFINED_TRANSFORMATION('','',#11,#103);
#1605 = PRODUCT_DEFINITION_SHAPE('Placement','Placement of an item',
  #1606);
#1606 = NEXT_ASSEMBLY_USAGE_OCCURRENCE('25354','BALL_0021','',#5,#1553,$
  );
#1607 = PRODUCT_RELATED_PRODUCT_CATEGORY('part',$,(#1555));
#1608 = SHAPE_DEFINITION_REPRESENTATION(#1609,#1615);
#1609 = PRODUCT_DEFINITION_SHAPE('','',#1610);
#1610 = PRODUCT_DEFINITION('design','',#1611,#1614);
#1611 = PRODUCT_DEFINITION_FORMATION('','',#1612);
#1612 = PRODUCT('BALL_0022','BALL_0022','',(#1613));
#1613 = PRODUCT_CONTEXT('',#2,'mechanical');
#1614 = PRODUCT_DEFINITION_CONTEXT('part definition',#2,'design');
#1615 = ADVANCED_BREP_SHAPE_REPRESENTATION('',(#11,#1616),#1654);
#1616 = MANIFOLD_SOLID_BREP('',#1617);
#1617 = CLOSED_SHELL('',(#1618,#1645));
#1618 = ADVANCED_FACE('',(#1619),#1640,.T.);
#1619 = FACE_BOUND('',#1620,.T.);
#1620 = EDGE_LOOP('',(#1621,#1630,#1639));
#1621 = ORIENTED_EDGE('',*,*,#1622,.T.);
#1622 = EDGE_CURVE('',#1623,#1623,#1625,.T.);
#1623 = VERTEX_POINT('',#1624);
#1624 = CARTESIAN_POINT('',(-2.,0.2368,-1.8816));
#1625 = CIRCLE('',#1626,0.1184);
#1626 = AXIS2_PLACEMENT_3D('',#1627,#1628,#1629);
#1627 = CARTESIAN_POINT('',(-2.,0.2368,-2.));
#1628 = DIRECTION('',(-5.551115123126E-17,-1.,0.));
#1629 = DIRECTION('',(-3.123129639547E-31,1.733685217357E-47,1.));
#1630 = ORIENTED_EDGE('',*,*,#1631,.T.);
#1631 = EDGE_CURVE('',#1623,#1632,#1634,.T.);
#1632 = VERTEX_POINT('',#1633);
#1633 = CARTESIAN_POINT('',(-2.,-7.777611105202E-16,-2.));
#1634 = CIRCLE('',#1635,0.148);
#1635 = AXIS2_PLACEMENT_3D('',#1636,#1637,#1638);
#1636 = CARTESIAN_POINT('',(-2.,0.148,-2.));
#1637 = DIRECTION('',(1.,-1.110223024625E-16,-5.551115123126E-17));
#1638 = DIRECTION('',(1.110223024625E-16,1.,5.551115123126E-17));
#1639 = ORIENTED_EDGE('',*,*,#1631,.F.);
#1640 = SPHERICAL_SURFACE('',#1641,0.148);
#1641 = AXIS2_PLACEMENT_3D('',#1642,#1643,#1644);
#1642 = CARTESIAN_POINT('',(-2.,0.148,-2.));
#1643 = DIRECTION('',(-5.551115123126E-17,-1.,-0.));
#1644 = DIRECTION('',(-2.825070740762E-31,1.568229291294E-47,1.));
#1645 = ADVANCED_FACE('',(#1646),#1649,.F.);
#1646 = FACE_BOUND('',#1647,.F.);
#1647 = EDGE_LOOP('',(#1648));
#1648 = ORIENTED_EDGE('',*,*,#1622,.T.);
#1649 = PLANE('',#1650);
#1650 = AXIS2_PLACEMENT_3D('',#1651,#1652,#1653);
#1651 = CARTESIAN_POINT('',(-2.,0.2368,-2.));
#1652 = DIRECTION('',(-5.551115123126E-17,-1.,-0.));
#1653 = DIRECTION('',(-3.123129639547E-31,1.733685217357E-47,1.));
#1654 = ( GEOMETRIC_REPRESENTATION_CONTEXT(3) 
GLOBAL_UNCERTAINTY_ASSIGNED_CONTEXT((#1658)) 
GLOBAL_UNIT_ASSIGNED_CONTEXT((#1655,#1656,#1657)) REPRESENTATION_CONTEXT
('Context #1','3D Context with UNIT and UNCERTAINTY') );
#1655 = ( LENGTH_UNIT() NAMED_UNIT(*) SI_UNIT(.MILLI.,.METRE.) );
#1656 = ( NAMED_UNIT(*) PLANE_ANGLE_UNIT() SI_UNIT($,.RADIAN.) );
#1657 = ( NAMED_UNIT(*) SI_UNIT($,.STERADIAN.) SOLID_ANGLE_UNIT() );
#1658 = UNCERTAINTY_MEASURE_WITH_UNIT(LENGTH_MEASURE(1.E-07),#1655,
  'distance_accuracy_value','confusion accuracy');
#1659 = CONTEXT_DEPENDENT_SHAPE_REPRESENTATION(#1660,#1662);
#1660 = ( REPRESENTATION_RELATIONSHIP('','',#1615,#10) 
REPRESENTATION_RELATIONSHIP_WITH_TRANSFORMATION(#1661) 
SHAPE_REPRESENTATION_RELATIONSHIP() );
#1661 = ITEM_DEFINED_TRANSFORMATION('','',#11,#107);
#1662 = PRODUCT_DEFINITION_SHAPE('Placement','Placement of an item',
  #1663);
#1663 = NEXT_ASSEMBLY_USAGE_OCCURRENCE('25355','BALL_0022','',#5,#1610,$
  );
#1664 = PRODUCT_RELATED_PRODUCT_CATEGORY('part',$,(#1612));
#1665 = SHAPE_DEFINITION_REPRESENTATION(#1666,#1672);
#1666 = PRODUCT_DEFINITION_SHAPE('','',#1667);
#1667 = PRODUCT_DEFINITION('design','',#1668,#1671);
#1668 = PRODUCT_DEFINITION_FORMATION('','',#1669);
#1669 = PRODUCT('BALL_0023','BALL_0023','',(#1670));
#1670 = PRODUCT_CONTEXT('',#2,'mechanical');
#1671 = PRODUCT_DEFINITION_CONTEXT('part definition',#2,'design');
#1672 = ADVANCED_BREP_SHAPE_REPRESENTATION('',(#11,#1673),#1711);
#1673 = MANIFOLD_SOLID_BREP('',#1674);
#1674 = CLOSED_SHELL('',(#1675,#1702));
#1675 = ADVANCED_FACE('',(#1676),#1697,.T.);
#1676 = FACE_BOUND('',#1677,.T.);
#1677 = EDGE_LOOP('',(#1678,#1687,#1696));
#1678 = ORIENTED_EDGE('',*,*,#1679,.T.);
#1679 = EDGE_CURVE('',#1680,#1680,#1682,.T.);
#1680 = VERTEX_POINT('',#1681);
#1681 = CARTESIAN_POINT('',(-2.,0.2368,-1.8816));
#1682 = CIRCLE('',#1683,0.1184);
#1683 = AXIS2_PLACEMENT_3D('',#1684,#1685,#1686);
#1684 = CARTESIAN_POINT('',(-2.,0.2368,-2.));
#1685 = DIRECTION('',(-5.551115123126E-17,-1.,0.));
#1686 = DIRECTION('',(-3.123129639547E-31,1.733685217357E-47,1.));
#1687 = ORIENTED_EDGE('',*,*,#1688,.T.);
#1688 = EDGE_CURVE('',#1680,#1689,#1691,.T.);
#1689 = VERTEX_POINT('',#1690);
#1690 = CARTESIAN_POINT('',(-2.,-7.777611105202E-16,-2.));
#1691 = CIRCLE('',#1692,0.148);
#1692 = AXIS2_PLACEMENT_3D('',#1693,#1694,#1695);
#1693 = CARTESIAN_POINT('',(-2.,0.148,-2.));
#1694 = DIRECTION('',(1.,-1.110223024625E-16,-5.551115123126E-17));
#1695 = DIRECTION('',(1.110223024625E-16,1.,5.551115123126E-17));
#1696 = ORIENTED_EDGE('',*,*,#1688,.F.);
#1697 = SPHERICAL_SURFACE('',#1698,0.148);
#1698 = AXIS2_PLACEMENT_3D('',#1699,#1700,#1701);
#1699 = CARTESIAN_POINT('',(-2.,0.148,-2.));
#1700 = DIRECTION('',(-5.551115123126E-17,-1.,-0.));
#1701 = DIRECTION('',(-2.825070740762E-31,1.568229291294E-47,1.));
#1702 = ADVANCED_FACE('',(#1703),#1706,.F.);
#1703 = FACE_BOUND('',#1704,.F.);
#1704 = EDGE_LOOP('',(#1705));
#1705 = ORIENTED_EDGE('',*,*,#1679,.T.);
#1706 = PLANE('',#1707);
#1707 = AXIS2_PLACEMENT_3D('',#1708,#1709,#1710);
#1708 = CARTESIAN_POINT('',(-2.,0.2368,-2.));
#1709 = DIRECTION('',(-5.551115123126E-17,-1.,-0.));
#1710 = DIRECTION('',(-3.123129639547E-31,1.733685217357E-47,1.));
#1711 = ( GEOMETRIC_REPRESENTATION_CONTEXT(3) 
GLOBAL_UNCERTAINTY_ASSIGNED_CONTEXT((#1715)) 
GLOBAL_UNIT_ASSIGNED_CONTEXT((#1712,#1713,#1714)) REPRESENTATION_CONTEXT
('Context #1','3D Context with UNIT and UNCERTAINTY') );
#1712 = ( LENGTH_UNIT() NAMED_UNIT(*) SI_UNIT(.MILLI.,.METRE.) );
#1713 = ( NAMED_UNIT(*) PLANE_ANGLE_UNIT() SI_UNIT($,.RADIAN.) );
#1714 = ( NAMED_UNIT(*) SI_UNIT($,.STERADIAN.) SOLID_ANGLE_UNIT() );
#1715 = UNCERTAINTY_MEASURE_WITH_UNIT(LENGTH_MEASURE(1.E-07),#1712,
  'distance_accuracy_value','confusion accuracy');
#1716 = CONTEXT_DEPENDENT_SHAPE_REPRESENTATION(#1717,#1719);
#1717 = ( REPRESENTATION_RELATIONSHIP('','',#1672,#10) 
REPRESENTATION_RELATIONSHIP_WITH_TRANSFORMATION(#1718) 
SHAPE_REPRESENTATION_RELATIONSHIP() );
#1718 = ITEM_DEFINED_TRANSFORMATION('','',#11,#111);
#1719 = PRODUCT_DEFINITION_SHAPE('Placement','Placement of an item',
  #1720);
#1720 = NEXT_ASSEMBLY_USAGE_OCCURRENCE('25356','BALL_0023','',#5,#1667,$
  );
#1721 = PRODUCT_RELATED_PRODUCT_CATEGORY('part',$,(#1669));
#1722 = SHAPE_DEFINITION_REPRESENTATION(#1723,#1729);
#1723 = PRODUCT_DEFINITION_SHAPE('','',#1724);
#1724 = PRODUCT_DEFINITION('design','',#1725,#1728);
#1725 = PRODUCT_DEFINITION_FORMATION('','',#1726);
#1726 = PRODUCT('BALL_0024','BALL_0024','',(#1727));
#1727 = PRODUCT_CONTEXT('',#2,'mechanical');
#1728 = PRODUCT_DEFINITION_CONTEXT('part definition',#2,'design');
#1729 = ADVANCED_BREP_SHAPE_REPRESENTATION('',(#11,#1730),#1768);
#1730 = MANIFOLD_SOLID_BREP('',#1731);
#1731 = CLOSED_SHELL('',(#1732,#1759));
#1732 = ADVANCED_FACE('',(#1733),#1754,.T.);
#1733 = FACE_BOUND('',#1734,.T.);
#1734 = EDGE_LOOP('',(#1735,#1744,#1753));
#1735 = ORIENTED_EDGE('',*,*,#1736,.T.);
#1736 = EDGE_CURVE('',#1737,#1737,#1739,.T.);
#1737 = VERTEX_POINT('',#1738);
#1738 = CARTESIAN_POINT('',(-2.,0.2368,-1.8816));
#1739 = CIRCLE('',#1740,0.1184);
#1740 = AXIS2_PLACEMENT_3D('',#1741,#1742,#1743);
#1741 = CARTESIAN_POINT('',(-2.,0.2368,-2.));
#1742 = DIRECTION('',(-5.551115123126E-17,-1.,0.));
#1743 = DIRECTION('',(-3.123129639547E-31,1.733685217357E-47,1.));
#1744 = ORIENTED_EDGE('',*,*,#1745,.T.);
#1745 = EDGE_CURVE('',#1737,#1746,#1748,.T.);
#1746 = VERTEX_POINT('',#1747);
#1747 = CARTESIAN_POINT('',(-2.,-7.777611105202E-16,-2.));
#1748 = CIRCLE('',#1749,0.148);
#1749 = AXIS2_PLACEMENT_3D('',#1750,#1751,#1752);
#1750 = CARTESIAN_POINT('',(-2.,0.148,-2.));
#1751 = DIRECTION('',(1.,-1.110223024625E-16,-5.551115123126E-17));
#1752 = DIRECTION('',(1.110223024625E-16,1.,5.551115123126E-17));
#1753 = ORIENTED_EDGE('',*,*,#1745,.F.);
#1754 = SPHERICAL_SURFACE('',#1755,0.148);
#1755 = AXIS2_PLACEMENT_3D('',#1756,#1757,#1758);
#1756 = CARTESIAN_POINT('',(-2.,0.148,-2.));
#1757 = DIRECTION('',(-5.551115123126E-17,-1.,-0.));
#1758 = DIRECTION('',(-2.825070740762E-31,1.568229291294E-47,1.));
#1759 = ADVANCED_FACE('',(#1760),#1763,.F.);
#1760 = FACE_BOUND('',#1761,.F.);
#1761 = EDGE_LOOP('',(#1762));
#1762 = ORIENTED_EDGE('',*,*,#1736,.T.);
#1763 = PLANE('',#1764);
#1764 = AXIS2_PLACEMENT_3D('',#1765,#1766,#1767);
#1765 = CARTESIAN_POINT('',(-2.,0.2368,-2.));
#1766 = DIRECTION('',(-5.551115123126E-17,-1.,-0.));
#1767 = DIRECTION('',(-3.123129639547E-31,1.733685217357E-47,1.));
#1768 = ( GEOMETRIC_REPRESENTATION_CONTEXT(3) 
GLOBAL_UNCERTAINTY_ASSIGNED_CONTEXT((#1772)) 
GLOBAL_UNIT_ASSIGNED_CONTEXT((#1769,#1770,#1771)) REPRESENTATION_CONTEXT
('Context #1','3D Context with UNIT and UNCERTAINTY') );
#1769 = ( LENGTH_UNIT() NAMED_UNIT(*) SI_UNIT(.MILLI.,.METRE.) );
#1770 = ( NAMED_UNIT(*) PLANE_ANGLE_UNIT() SI_UNIT($,.RADIAN.) );
#1771 = ( NAMED_UNIT(*) SI_UNIT($,.STERADIAN.) SOLID_ANGLE_UNIT() );
#1772 = UNCERTAINTY_MEASURE_WITH_UNIT(LENGTH_MEASURE(1.E-07),#1769,
  'distance_accuracy_value','confusion accuracy');
#1773 = CONTEXT_DEPENDENT_SHAPE_REPRESENTATION(#1774,#1776);
#1774 = ( REPRESENTATION_RELATIONSHIP('','',#1729,#10) 
REPRESENTATION_RELATIONSHIP_WITH_TRANSFORMATION(#1775) 
SHAPE_REPRESENTATION_RELATIONSHIP() );
#1775 = ITEM_DEFINED_TRANSFORMATION('','',#11,#115);
#1776 = PRODUCT_DEFINITION_SHAPE('Placement','Placement of an item',
  #1777);
#1777 = NEXT_ASSEMBLY_USAGE_OCCURRENCE('25357','BALL_0024','',#5,#1724,$
  );
#1778 = PRODUCT_RELATED_PRODUCT_CATEGORY('part',$,(#1726));
#1779 = MECHANICAL_DESIGN_GEOMETRIC_PRESENTATION_REPRESENTATION('',(
    #1780),#1084);
#1780 = STYLED_ITEM('color',(#1781),#1046);
#1781 = PRESENTATION_STYLE_ASSIGNMENT((#1782,#1788));
#1782 = SURFACE_STYLE_USAGE(.BOTH.,#1783);
#1783 = SURFACE_SIDE_STYLE('',(#1784));
#1784 = SURFACE_STYLE_FILL_AREA(#1785);
#1785 = FILL_AREA_STYLE('',(#1786));
#1786 = FILL_AREA_STYLE_COLOUR('',#1787);
#1787 = COLOUR_RGB('',0.796078452645,0.823529417451,0.937254901616);
#1788 = CURVE_STYLE('',#1789,POSITIVE_LENGTH_MEASURE(0.1),#1790);
#1789 = DRAUGHTING_PRE_DEFINED_CURVE_FONT('continuous');
#1790 = COLOUR_RGB('',9.803921802644E-02,9.803921802644E-02,
  9.803921802644E-02);
#1791 = MECHANICAL_DESIGN_GEOMETRIC_PRESENTATION_REPRESENTATION('',(
    #1792),#1027);
#1792 = STYLED_ITEM('color',(#1793),#989);
#1793 = PRESENTATION_STYLE_ASSIGNMENT((#1794,#1799));
#1794 = SURFACE_STYLE_USAGE(.BOTH.,#1795);
#1795 = SURFACE_SIDE_STYLE('',(#1796));
#1796 = SURFACE_STYLE_FILL_AREA(#1797);
#1797 = FILL_AREA_STYLE('',(#1798));
#1798 = FILL_AREA_STYLE_COLOUR('',#1787);
#1799 = CURVE_STYLE('',#1800,POSITIVE_LENGTH_MEASURE(0.1),#1790);
#1800 = DRAUGHTING_PRE_DEFINED_CURVE_FONT('continuous');
#1801 = MECHANICAL_DESIGN_GEOMETRIC_PRESENTATION_REPRESENTATION('',(
    #1802),#1768);
#1802 = STYLED_ITEM('color',(#1803),#1730);
#1803 = PRESENTATION_STYLE_ASSIGNMENT((#1804,#1809));
#1804 = SURFACE_STYLE_USAGE(.BOTH.,#1805);
#1805 = SURFACE_SIDE_STYLE('',(#1806));
#1806 = SURFACE_STYLE_FILL_AREA(#1807);
#1807 = FILL_AREA_STYLE('',(#1808));
#1808 = FILL_AREA_STYLE_COLOUR('',#1787);
#1809 = CURVE_STYLE('',#1810,POSITIVE_LENGTH_MEASURE(0.1),#1790);
#1810 = DRAUGHTING_PRE_DEFINED_CURVE_FONT('continuous');
#1811 = MECHANICAL_DESIGN_GEOMETRIC_PRESENTATION_REPRESENTATION('',(
    #1812),#970);
#1812 = STYLED_ITEM('color',(#1813),#932);
#1813 = PRESENTATION_STYLE_ASSIGNMENT((#1814,#1819));
#1814 = SURFACE_STYLE_USAGE(.BOTH.,#1815);
#1815 = SURFACE_SIDE_STYLE('',(#1816));
#1816 = SURFACE_STYLE_FILL_AREA(#1817);
#1817 = FILL_AREA_STYLE('',(#1818));
#1818 = FILL_AREA_STYLE_COLOUR('',#1787);
#1819 = CURVE_STYLE('',#1820,POSITIVE_LENGTH_MEASURE(0.1),#1790);
#1820 = DRAUGHTING_PRE_DEFINED_CURVE_FONT('continuous');
#1821 = MECHANICAL_DESIGN_GEOMETRIC_PRESENTATION_REPRESENTATION('',(
    #1822),#328);
#1822 = STYLED_ITEM('color',(#1823),#133);
#1823 = PRESENTATION_STYLE_ASSIGNMENT((#1824,#1830));
#1824 = SURFACE_STYLE_USAGE(.BOTH.,#1825);
#1825 = SURFACE_SIDE_STYLE('',(#1826));
#1826 = SURFACE_STYLE_FILL_AREA(#1827);
#1827 = FILL_AREA_STYLE('',(#1828));
#1828 = FILL_AREA_STYLE_COLOUR('',#1829);
#1829 = COLOUR_RGB('',0.250980406631,0.250980406631,0.250980406631);
#1830 = CURVE_STYLE('',#1831,POSITIVE_LENGTH_MEASURE(0.1),#1790);
#1831 = DRAUGHTING_PRE_DEFINED_CURVE_FONT('continuous');
#1832 = MECHANICAL_DESIGN_GEOMETRIC_PRESENTATION_REPRESENTATION('',(
    #1833),#1483);
#1833 = STYLED_ITEM('color',(#1834),#1445);
#1834 = PRESENTATION_STYLE_ASSIGNMENT((#1835,#1840));
#1835 = SURFACE_STYLE_USAGE(.BOTH.,#1836);
#1836 = SURFACE_SIDE_STYLE('',(#1837));
#1837 = SURFACE_STYLE_FILL_AREA(#1838);
#1838 = FILL_AREA_STYLE('',(#1839));
#1839 = FILL_AREA_STYLE_COLOUR('',#1787);
#1840 = CURVE_STYLE('',#1841,POSITIVE_LENGTH_MEASURE(0.1),#1790);
#1841 = DRAUGHTING_PRE_DEFINED_CURVE_FONT('continuous');
#1842 = MECHANICAL_DESIGN_GEOMETRIC_PRESENTATION_REPRESENTATION('',(
    #1843),#571);
#1843 = STYLED_ITEM('color',(#1844),#533);
#1844 = PRESENTATION_STYLE_ASSIGNMENT((#1845,#1850));
#1845 = SURFACE_STYLE_USAGE(.BOTH.,#1846);
#1846 = SURFACE_SIDE_STYLE('',(#1847));
#1847 = SURFACE_STYLE_FILL_AREA(#1848);
#1848 = FILL_AREA_STYLE('',(#1849));
#1849 = FILL_AREA_STYLE_COLOUR('',#1787);
#1850 = CURVE_STYLE('',#1851,POSITIVE_LENGTH_MEASURE(0.1),#1790);
#1851 = DRAUGHTING_PRE_DEFINED_CURVE_FONT('continuous');
#1852 = MECHANICAL_DESIGN_GEOMETRIC_PRESENTATION_REPRESENTATION('',(
    #1853),#799);
#1853 = STYLED_ITEM('color',(#1854),#761);
#1854 = PRESENTATION_STYLE_ASSIGNMENT((#1855,#1860));
#1855 = SURFACE_STYLE_USAGE(.BOTH.,#1856);
#1856 = SURFACE_SIDE_STYLE('',(#1857));
#1857 = SURFACE_STYLE_FILL_AREA(#1858);
#1858 = FILL_AREA_STYLE('',(#1859));
#1859 = FILL_AREA_STYLE_COLOUR('',#1787);
#1860 = CURVE_STYLE('',#1861,POSITIVE_LENGTH_MEASURE(0.1),#1790);
#1861 = DRAUGHTING_PRE_DEFINED_CURVE_FONT('continuous');
#1862 = MECHANICAL_DESIGN_GEOMETRIC_PRESENTATION_REPRESENTATION('',(
    #1863),#1540);
#1863 = STYLED_ITEM('color',(#1864),#1502);
#1864 = PRESENTATION_STYLE_ASSIGNMENT((#1865,#1870));
#1865 = SURFACE_STYLE_USAGE(.BOTH.,#1866);
#1866 = SURFACE_SIDE_STYLE('',(#1867));
#1867 = SURFACE_STYLE_FILL_AREA(#1868);
#1868 = FILL_AREA_STYLE('',(#1869));
#1869 = FILL_AREA_STYLE_COLOUR('',#1787);
#1870 = CURVE_STYLE('',#1871,POSITIVE_LENGTH_MEASURE(0.1),#1790);
#1871 = DRAUGHTING_PRE_DEFINED_CURVE_FONT('continuous');
#1872 = MECHANICAL_DESIGN_GEOMETRIC_PRESENTATION_REPRESENTATION('',(
    #1873),#1141);
#1873 = STYLED_ITEM('color',(#1874),#1103);
#1874 = PRESENTATION_STYLE_ASSIGNMENT((#1875,#1880));
#1875 = SURFACE_STYLE_USAGE(.BOTH.,#1876);
#1876 = SURFACE_SIDE_STYLE('',(#1877));
#1877 = SURFACE_STYLE_FILL_AREA(#1878);
#1878 = FILL_AREA_STYLE('',(#1879));
#1879 = FILL_AREA_STYLE_COLOUR('',#1787);
#1880 = CURVE_STYLE('',#1881,POSITIVE_LENGTH_MEASURE(0.1),#1790);
#1881 = DRAUGHTING_PRE_DEFINED_CURVE_FONT('continuous');
#1882 = MECHANICAL_DESIGN_GEOMETRIC_PRESENTATION_REPRESENTATION('',(
    #1883),#1597);
#1883 = STYLED_ITEM('color',(#1884),#1559);
#1884 = PRESENTATION_STYLE_ASSIGNMENT((#1885,#1890));
#1885 = SURFACE_STYLE_USAGE(.BOTH.,#1886);
#1886 = SURFACE_SIDE_STYLE('',(#1887));
#1887 = SURFACE_STYLE_FILL_AREA(#1888);
#1888 = FILL_AREA_STYLE('',(#1889));
#1889 = FILL_AREA_STYLE_COLOUR('',#1787);
#1890 = CURVE_STYLE('',#1891,POSITIVE_LENGTH_MEASURE(0.1),#1790);
#1891 = DRAUGHTING_PRE_DEFINED_CURVE_FONT('continuous');
#1892 = MECHANICAL_DESIGN_GEOMETRIC_PRESENTATION_REPRESENTATION('',(
    #1893),#514);
#1893 = STYLED_ITEM('color',(#1894),#476);
#1894 = PRESENTATION_STYLE_ASSIGNMENT((#1895,#1900));
#1895 = SURFACE_STYLE_USAGE(.BOTH.,#1896);
#1896 = SURFACE_SIDE_STYLE('',(#1897));
#1897 = SURFACE_STYLE_FILL_AREA(#1898);
#1898 = FILL_AREA_STYLE('',(#1899));
#1899 = FILL_AREA_STYLE_COLOUR('',#1787);
#1900 = CURVE_STYLE('',#1901,POSITIVE_LENGTH_MEASURE(0.1),#1790);
#1901 = DRAUGHTING_PRE_DEFINED_CURVE_FONT('continuous');
#1902 = MECHANICAL_DESIGN_GEOMETRIC_PRESENTATION_REPRESENTATION('',(
    #1903),#685);
#1903 = STYLED_ITEM('color',(#1904),#647);
#1904 = PRESENTATION_STYLE_ASSIGNMENT((#1905,#1910));
#1905 = SURFACE_STYLE_USAGE(.BOTH.,#1906);
#1906 = SURFACE_SIDE_STYLE('',(#1907));
#1907 = SURFACE_STYLE_FILL_AREA(#1908);
#1908 = FILL_AREA_STYLE('',(#1909));
#1909 = FILL_AREA_STYLE_COLOUR('',#1787);
#1910 = CURVE_STYLE('',#1911,POSITIVE_LENGTH_MEASURE(0.1),#1790);
#1911 = DRAUGHTING_PRE_DEFINED_CURVE_FONT('continuous');
#1912 = MECHANICAL_DESIGN_GEOMETRIC_PRESENTATION_REPRESENTATION('',(
    #1913),#1198);
#1913 = STYLED_ITEM('color',(#1914),#1160);
#1914 = PRESENTATION_STYLE_ASSIGNMENT((#1915,#1920));
#1915 = SURFACE_STYLE_USAGE(.BOTH.,#1916);
#1916 = SURFACE_SIDE_STYLE('',(#1917));
#1917 = SURFACE_STYLE_FILL_AREA(#1918);
#1918 = FILL_AREA_STYLE('',(#1919));
#1919 = FILL_AREA_STYLE_COLOUR('',#1787);
#1920 = CURVE_STYLE('',#1921,POSITIVE_LENGTH_MEASURE(0.1),#1790);
#1921 = DRAUGHTING_PRE_DEFINED_CURVE_FONT('continuous');
#1922 = MECHANICAL_DESIGN_GEOMETRIC_PRESENTATION_REPRESENTATION('',(
    #1923),#856);
#1923 = STYLED_ITEM('color',(#1924),#818);
#1924 = PRESENTATION_STYLE_ASSIGNMENT((#1925,#1930));
#1925 = SURFACE_STYLE_USAGE(.BOTH.,#1926);
#1926 = SURFACE_SIDE_STYLE('',(#1927));
#1927 = SURFACE_STYLE_FILL_AREA(#1928);
#1928 = FILL_AREA_STYLE('',(#1929));
#1929 = FILL_AREA_STYLE_COLOUR('',#1787);
#1930 = CURVE_STYLE('',#1931,POSITIVE_LENGTH_MEASURE(0.1),#1790);
#1931 = DRAUGHTING_PRE_DEFINED_CURVE_FONT('continuous');
#1932 = MECHANICAL_DESIGN_GEOMETRIC_PRESENTATION_REPRESENTATION('',(
    #1933),#457);
#1933 = STYLED_ITEM('color',(#1934),#419);
#1934 = PRESENTATION_STYLE_ASSIGNMENT((#1935,#1940));
#1935 = SURFACE_STYLE_USAGE(.BOTH.,#1936);
#1936 = SURFACE_SIDE_STYLE('',(#1937));
#1937 = SURFACE_STYLE_FILL_AREA(#1938);
#1938 = FILL_AREA_STYLE('',(#1939));
#1939 = FILL_AREA_STYLE_COLOUR('',#1787);
#1940 = CURVE_STYLE('',#1941,POSITIVE_LENGTH_MEASURE(0.1),#1790);
#1941 = DRAUGHTING_PRE_DEFINED_CURVE_FONT('continuous');
#1942 = MECHANICAL_DESIGN_GEOMETRIC_PRESENTATION_REPRESENTATION('',(
    #1943),#1711);
#1943 = STYLED_ITEM('color',(#1944),#1673);
#1944 = PRESENTATION_STYLE_ASSIGNMENT((#1945,#1950));
#1945 = SURFACE_STYLE_USAGE(.BOTH.,#1946);
#1946 = SURFACE_SIDE_STYLE('',(#1947));
#1947 = SURFACE_STYLE_FILL_AREA(#1948);
#1948 = FILL_AREA_STYLE('',(#1949));
#1949 = FILL_AREA_STYLE_COLOUR('',#1787);
#1950 = CURVE_STYLE('',#1951,POSITIVE_LENGTH_MEASURE(0.1),#1790);
#1951 = DRAUGHTING_PRE_DEFINED_CURVE_FONT('continuous');
#1952 = MECHANICAL_DESIGN_GEOMETRIC_PRESENTATION_REPRESENTATION('',(
    #1953),#1426);
#1953 = STYLED_ITEM('color',(#1954),#1388);
#1954 = PRESENTATION_STYLE_ASSIGNMENT((#1955,#1960));
#1955 = SURFACE_STYLE_USAGE(.BOTH.,#1956);
#1956 = SURFACE_SIDE_STYLE('',(#1957));
#1957 = SURFACE_STYLE_FILL_AREA(#1958);
#1958 = FILL_AREA_STYLE('',(#1959));
#1959 = FILL_AREA_STYLE_COLOUR('',#1787);
#1960 = CURVE_STYLE('',#1961,POSITIVE_LENGTH_MEASURE(0.1),#1790);
#1961 = DRAUGHTING_PRE_DEFINED_CURVE_FONT('continuous');
#1962 = MECHANICAL_DESIGN_GEOMETRIC_PRESENTATION_REPRESENTATION('',(
    #1963),#628);
#1963 = STYLED_ITEM('color',(#1964),#590);
#1964 = PRESENTATION_STYLE_ASSIGNMENT((#1965,#1970));
#1965 = SURFACE_STYLE_USAGE(.BOTH.,#1966);
#1966 = SURFACE_SIDE_STYLE('',(#1967));
#1967 = SURFACE_STYLE_FILL_AREA(#1968);
#1968 = FILL_AREA_STYLE('',(#1969));
#1969 = FILL_AREA_STYLE_COLOUR('',#1787);
#1970 = CURVE_STYLE('',#1971,POSITIVE_LENGTH_MEASURE(0.1),#1790);
#1971 = DRAUGHTING_PRE_DEFINED_CURVE_FONT('continuous');
#1972 = MECHANICAL_DESIGN_GEOMETRIC_PRESENTATION_REPRESENTATION('',(
    #1973),#400);
#1973 = STYLED_ITEM('color',(#1974),#347);
#1974 = PRESENTATION_STYLE_ASSIGNMENT((#1975,#1981));
#1975 = SURFACE_STYLE_USAGE(.BOTH.,#1976);
#1976 = SURFACE_SIDE_STYLE('',(#1977));
#1977 = SURFACE_STYLE_FILL_AREA(#1978);
#1978 = FILL_AREA_STYLE('',(#1979));
#1979 = FILL_AREA_STYLE_COLOUR('',#1980);
#1980 = DRAUGHTING_PRE_DEFINED_COLOUR('white');
#1981 = CURVE_STYLE('',#1982,POSITIVE_LENGTH_MEASURE(0.1),#1790);
#1982 = DRAUGHTING_PRE_DEFINED_CURVE_FONT('continuous');
#1983 = MECHANICAL_DESIGN_GEOMETRIC_PRESENTATION_REPRESENTATION('',(
    #1984),#1369);
#1984 = STYLED_ITEM('color',(#1985),#1331);
#1985 = PRESENTATION_STYLE_ASSIGNMENT((#1986,#1991));
#1986 = SURFACE_STYLE_USAGE(.BOTH.,#1987);
#1987 = SURFACE_SIDE_STYLE('',(#1988));
#1988 = SURFACE_STYLE_FILL_AREA(#1989);
#1989 = FILL_AREA_STYLE('',(#1990));
#1990 = FILL_AREA_STYLE_COLOUR('',#1787);
#1991 = CURVE_STYLE('',#1992,POSITIVE_LENGTH_MEASURE(0.1),#1790);
#1992 = DRAUGHTING_PRE_DEFINED_CURVE_FONT('continuous');
#1993 = MECHANICAL_DESIGN_GEOMETRIC_PRESENTATION_REPRESENTATION('',(
    #1994),#1312);
#1994 = STYLED_ITEM('color',(#1995),#1274);
#1995 = PRESENTATION_STYLE_ASSIGNMENT((#1996,#2001));
#1996 = SURFACE_STYLE_USAGE(.BOTH.,#1997);
#1997 = SURFACE_SIDE_STYLE('',(#1998));
#1998 = SURFACE_STYLE_FILL_AREA(#1999);
#1999 = FILL_AREA_STYLE('',(#2000));
#2000 = FILL_AREA_STYLE_COLOUR('',#1787);
#2001 = CURVE_STYLE('',#2002,POSITIVE_LENGTH_MEASURE(0.1),#1790);
#2002 = DRAUGHTING_PRE_DEFINED_CURVE_FONT('continuous');
#2003 = MECHANICAL_DESIGN_GEOMETRIC_PRESENTATION_REPRESENTATION('',(
    #2004),#1255);
#2004 = STYLED_ITEM('color',(#2005),#1217);
#2005 = PRESENTATION_STYLE_ASSIGNMENT((#2006,#2011));
#2006 = SURFACE_STYLE_USAGE(.BOTH.,#2007);
#2007 = SURFACE_SIDE_STYLE('',(#2008));
#2008 = SURFACE_STYLE_FILL_AREA(#2009);
#2009 = FILL_AREA_STYLE('',(#2010));
#2010 = FILL_AREA_STYLE_COLOUR('',#1787);
#2011 = CURVE_STYLE('',#2012,POSITIVE_LENGTH_MEASURE(0.1),#1790);
#2012 = DRAUGHTING_PRE_DEFINED_CURVE_FONT('continuous');
#2013 = MECHANICAL_DESIGN_GEOMETRIC_PRESENTATION_REPRESENTATION('',(
    #2014),#913);
#2014 = STYLED_ITEM('color',(#2015),#875);
#2015 = PRESENTATION_STYLE_ASSIGNMENT((#2016,#2021));
#2016 = SURFACE_STYLE_USAGE(.BOTH.,#2017);
#2017 = SURFACE_SIDE_STYLE('',(#2018));
#2018 = SURFACE_STYLE_FILL_AREA(#2019);
#2019 = FILL_AREA_STYLE('',(#2020));
#2020 = FILL_AREA_STYLE_COLOUR('',#1787);
#2021 = CURVE_STYLE('',#2022,POSITIVE_LENGTH_MEASURE(0.1),#1790);
#2022 = DRAUGHTING_PRE_DEFINED_CURVE_FONT('continuous');
#2023 = MECHANICAL_DESIGN_GEOMETRIC_PRESENTATION_REPRESENTATION('',(
    #2024),#1654);
#2024 = STYLED_ITEM('color',(#2025),#1616);
#2025 = PRESENTATION_STYLE_ASSIGNMENT((#2026,#2031));
#2026 = SURFACE_STYLE_USAGE(.BOTH.,#2027);
#2027 = SURFACE_SIDE_STYLE('',(#2028));
#2028 = SURFACE_STYLE_FILL_AREA(#2029);
#2029 = FILL_AREA_STYLE('',(#2030));
#2030 = FILL_AREA_STYLE_COLOUR('',#1787);
#2031 = CURVE_STYLE('',#2032,POSITIVE_LENGTH_MEASURE(0.1),#1790);
#2032 = DRAUGHTING_PRE_DEFINED_CURVE_FONT('continuous');
#2033 = MECHANICAL_DESIGN_GEOMETRIC_PRESENTATION_REPRESENTATION('',(
    #2034),#742);
#2034 = STYLED_ITEM('color',(#2035),#704);
#2035 = PRESENTATION_STYLE_ASSIGNMENT((#2036,#2041));
#2036 = SURFACE_STYLE_USAGE(.BOTH.,#2037);
#2037 = SURFACE_SIDE_STYLE('',(#2038));
#2038 = SURFACE_STYLE_FILL_AREA(#2039);
#2039 = FILL_AREA_STYLE('',(#2040));
#2040 = FILL_AREA_STYLE_COLOUR('',#1787);
#2041 = CURVE_STYLE('',#2042,POSITIVE_LENGTH_MEASURE(0.1),#1790);
#2042 = DRAUGHTING_PRE_DEFINED_CURVE_FONT('continuous');
ENDSEC;
END-ISO-10303-21;
