ISO-10303-21;
HEADER;
FILE_DESCRIPTION (( 'STEP AP214' ),
    '1' );
FILE_NAME ('TPS3899DL29DSER.STEP',
    '2023-10-11T14:17:26',
    ( '' ),
    ( '' ),
    'SwSTEP 2.0',
    'SolidWorks 2021',
    '' );
FILE_SCHEMA (( 'AUTOMOTIVE_DESIGN' ));
ENDSEC;

DATA;
#1 = ADVANCED_FACE ( 'NONE', ( #816 ), #2190, .T. ) ;
#2 = ORIENTED_EDGE ( 'NONE', *, *, #1458, .T. ) ;
#3 = FACE_OUTER_BOUND ( 'NONE', #759, .T. ) ;
#4 = AXIS2_PLACEMENT_3D ( 'NONE', #414, #404, #1076 ) ;
#5 = DIRECTION ( 'NONE',  ( -0.000000000000000000, -1.000000000000000000, -0.000000000000000000 ) ) ;
#6 = ORIENTED_EDGE ( 'NONE', *, *, #1731, .T. ) ;
#7 = CARTESIAN_POINT ( 'NONE',  ( -0.1499999999999998002, 0.7590169943749472958, -0.3750000000000004996 ) ) ;
#8 = CARTESIAN_POINT ( 'NONE',  ( 0.7499999999999997780, 0.1999999999999999833, 0.1249999999999996808 ) ) ;
#9 = CARTESIAN_POINT ( 'NONE',  ( 0.7499999999999997780, 0.04999999999999999584, -0.6250000000000003331 ) ) ;
#10 = VECTOR ( 'NONE', #863, 1000.000000000000000 ) ;
#11 = EDGE_CURVE ( 'NONE', #52, #1612, #715, .T. ) ;
#12 = MECHANICAL_DESIGN_GEOMETRIC_PRESENTATION_REPRESENTATION (  '', ( #1522 ), #1264 ) ;
#13 = AXIS2_PLACEMENT_3D ( 'NONE', #1201, #169, #181 ) ;
#14 = ORIENTED_EDGE ( 'NONE', *, *, #2094, .F. ) ;
#15 = DIRECTION ( 'NONE',  ( -0.000000000000000000, 1.000000000000000000, 0.000000000000000000 ) ) ;
#16 = ORIENTED_EDGE ( 'NONE', *, *, #1416, .F. ) ;
#17 = CARTESIAN_POINT ( 'NONE',  ( 0.7499999999999997780, 0.2000000000000000111, -0.6250000000000003331 ) ) ;
#18 = DIRECTION ( 'NONE',  ( -1.445602896647339163E-16, -0.000000000000000000, -1.000000000000000000 ) ) ;
#19 = CARTESIAN_POINT ( 'NONE',  ( 0.2499999999999997780, 0.7590169943749472958, -0.3750000000000004996 ) ) ;
#20 = EDGE_CURVE ( 'NONE', #103, #1658, #1561, .T. ) ;
#21 = LINE ( 'NONE', #749, #2208 ) ;
#22 = EDGE_CURVE ( 'NONE', #40, #122, #1901, .T. ) ;
#23 = VECTOR ( 'NONE', #1233, 1000.000000000000000 ) ;
#24 = ORIENTED_EDGE ( 'NONE', *, *, #1728, .F. ) ;
#25 = VERTEX_POINT ( 'NONE', #1359 ) ;
#26 = CARTESIAN_POINT ( 'NONE',  ( -0.2499999999999997780, 0.000000000000000000, 0.1249999999999995143 ) ) ;
#27 = LINE ( 'NONE', #1408, #367 ) ;
#28 = CARTESIAN_POINT ( 'NONE',  ( 4.065758146820623139E-17, 0.05000000000000000278, 0.1249999999999994310 ) ) ;
#29 = CARTESIAN_POINT ( 'NONE',  ( 0.2499999999999997780, 0.7590169943749472958, -0.6250000000000003331 ) ) ;
#30 = ORIENTED_EDGE ( 'NONE', *, *, #1208, .F. ) ;
#31 = FACE_OUTER_BOUND ( 'NONE', #1325, .T. ) ;
#32 = CARTESIAN_POINT ( 'NONE',  ( -0.2499999999999997780, 0.7590169943749472958, -0.6250000000000003331 ) ) ;
#33 = DIRECTION ( 'NONE',  ( -1.000000000000000000, 0.000000000000000000, 0.000000000000000000 ) ) ;
#34 = VECTOR ( 'NONE', #743, 1000.000000000000000 ) ;
#35 = DIRECTION ( 'NONE',  ( 0.000000000000000000, 1.000000000000000000, 0.000000000000000000 ) ) ;
#36 = FACE_OUTER_BOUND ( 'NONE', #1179, .T. ) ;
#37 = VECTOR ( 'NONE', #1676, 1000.000000000000000 ) ;
#38 = VECTOR ( 'NONE', #1434, 1000.000000000000000 ) ;
#39 =( NAMED_UNIT ( * ) PLANE_ANGLE_UNIT ( ) SI_UNIT ( $, .RADIAN. ) );
#40 = VERTEX_POINT ( 'NONE', #674 ) ;
#41 = LINE ( 'NONE', #1419, #1583 ) ;
#42 = LINE ( 'NONE', #1259, #2096 ) ;
#43 = CIRCLE ( 'NONE', #552, 0.09500000000000002887 ) ;
#44 = CARTESIAN_POINT ( 'NONE',  ( -0.7499999999999997780, 0.2000000000000000111, -0.6250000000000003331 ) ) ;
#45 = DIRECTION ( 'NONE',  ( 0.000000000000000000, -1.000000000000000000, 0.000000000000000000 ) ) ;
#46 = PRESENTATION_LAYER_ASSIGNMENT (  '', '', ( #446 ) ) ;
#47 = PRODUCT_DEFINITION_SHAPE ( 'NONE', 'NONE',  #810 ) ;
#48 = VECTOR ( 'NONE', #312, 1000.000000000000000 ) ;
#49 = EDGE_CURVE ( 'NONE', #2222, #358, #43, .T. ) ;
#50 = EDGE_CURVE ( 'NONE', #1794, #1315, #1203, .T. ) ;
#51 = LINE ( 'NONE', #573, #1984 ) ;
#52 = VERTEX_POINT ( 'NONE', #535 ) ;
#53 = DIRECTION ( 'NONE',  ( 3.252606517456513302E-16, 0.000000000000000000, -1.000000000000000000 ) ) ;
#54 = CARTESIAN_POINT ( 'NONE',  ( 0.000000000000000000, 0.000000000000000000, 0.000000000000000000 ) ) ;
#55 = CARTESIAN_POINT ( 'NONE',  ( 0.7499999999999997780, 0.1999999999999999833, 0.1249999999999996808 ) ) ;
#56 = LINE ( 'NONE', #203, #1743 ) ;
#57 = CARTESIAN_POINT ( 'NONE',  ( 0.2499999999999997780, 0.7590169943749472958, -0.1250000000000003331 ) ) ;
#58 = EDGE_CURVE ( 'NONE', #838, #1221, #696, .T. ) ;
#59 = VERTEX_POINT ( 'NONE', #184 ) ;
#60 = COLOUR_RGB ( '',0.7921568627450980005, 0.8196078431372548767, 0.9333333333333333481 ) ;
#61 = DIRECTION ( 'NONE',  ( 0.000000000000000000, -0.000000000000000000, 1.000000000000000000 ) ) ;
#62 = EDGE_CURVE ( 'NONE', #122, #316, #527, .T. ) ;
#63 = AXIS2_PLACEMENT_3D ( 'NONE', #502, #33, #135 ) ;
#64 = EDGE_LOOP ( 'NONE', ( #903, #360, #1246, #1514 ) ) ;
#65 = CARTESIAN_POINT ( 'NONE',  ( 0.7499999999999997780, 0.7590169943749472958, -0.6250000000000003331 ) ) ;
#66 = PLANE ( 'NONE',  #75 ) ;
#67 = PLANE ( 'NONE',  #962 ) ;
#68 = CYLINDRICAL_SURFACE ( 'NONE', #875, 0.09500000000000002887 ) ;
#69 = LINE ( 'NONE', #1130, #774 ) ;
#70 = VERTEX_POINT ( 'NONE', #1229 ) ;
#71 = EDGE_CURVE ( 'NONE', #829, #434, #518, .T. ) ;
#72 = DIRECTION ( 'NONE',  ( 0.000000000000000000, 0.000000000000000000, -1.000000000000000000 ) ) ;
#73 =( GEOMETRIC_REPRESENTATION_CONTEXT ( 3 ) GLOBAL_UNCERTAINTY_ASSIGNED_CONTEXT ( ( #1548 ) ) GLOBAL_UNIT_ASSIGNED_CONTEXT ( ( #1340, #1145, #990 ) ) REPRESENTATION_CONTEXT ( 'NONE', 'WORKASPACE' ) );
#74 = ORIENTED_EDGE ( 'NONE', *, *, #1740, .T. ) ;
#75 = AXIS2_PLACEMENT_3D ( 'NONE', #896, #556, #2117 ) ;
#76 = DIRECTION ( 'NONE',  ( -1.000000000000000000, 0.000000000000000000, 0.000000000000000000 ) ) ;
#77 = CARTESIAN_POINT ( 'NONE',  ( -0.2499999999999997780, 0.1999999999999999833, -0.6250000000000003331 ) ) ;
#78 = AXIS2_PLACEMENT_3D ( 'NONE', #1997, #1689, #780 ) ;
#79 = LINE ( 'NONE', #767, #1038 ) ;
#80 = CARTESIAN_POINT ( 'NONE',  ( 0.000000000000000000, 0.05000000000000000278, -0.1250000000000003331 ) ) ;
#81 = DIRECTION ( 'NONE',  ( -0.000000000000000000, 1.000000000000000000, 0.000000000000000000 ) ) ;
#82 = LINE ( 'NONE', #784, #89 ) ;
#83 = EDGE_CURVE ( 'NONE', #584, #1560, #1213, .T. ) ;
#84 = ORIENTED_EDGE ( 'NONE', *, *, #1083, .T. ) ;
#85 =( GEOMETRIC_REPRESENTATION_CONTEXT ( 3 ) GLOBAL_UNCERTAINTY_ASSIGNED_CONTEXT ( ( #1186 ) ) GLOBAL_UNIT_ASSIGNED_CONTEXT ( ( #2078, #39, #1586 ) ) REPRESENTATION_CONTEXT ( 'NONE', 'WORKASPACE' ) );
#86 = CARTESIAN_POINT ( 'NONE',  ( 0.2499999999999997780, 0.7590169943749472958, 0.3749999999999996669 ) ) ;
#87 = VERTEX_POINT ( 'NONE', #1893 ) ;
#88 = FACE_OUTER_BOUND ( 'NONE', #284, .T. ) ;
#89 = VECTOR ( 'NONE', #1989, 1000.000000000000000 ) ;
#90 = CARTESIAN_POINT ( 'NONE',  ( 0.7499999999999997780, 0.7590169943749472958, 0.1249999999999996808 ) ) ;
#91 = FACE_OUTER_BOUND ( 'NONE', #1447, .T. ) ;
#92 = FILL_AREA_STYLE_COLOUR ( '', #377 ) ;
#93 = FACE_OUTER_BOUND ( 'NONE', #1343, .T. ) ;
#94 = CARTESIAN_POINT ( 'NONE',  ( 0.1874999999999996114, 0.2000000000000000111, -0.1874999999999987232 ) ) ;
#95 = EDGE_CURVE ( 'NONE', #2224, #482, #1882, .T. ) ;
#96 = ORIENTED_EDGE ( 'NONE', *, *, #1113, .T. ) ;
#97 = CARTESIAN_POINT ( 'NONE',  ( 0.000000000000000000, 0.8000000000000000444, 0.000000000000000000 ) ) ;
#98 = VECTOR ( 'NONE', #557, 1000.000000000000000 ) ;
#99 = ORIENTED_EDGE ( 'NONE', *, *, #136, .F. ) ;
#100 = DIRECTION ( 'NONE',  ( 0.000000000000000000, -1.000000000000000000, 0.000000000000000000 ) ) ;
#101 = LINE ( 'NONE', #2034, #2129 ) ;
#102 = PLANE ( 'NONE',  #2105 ) ;
#103 = VERTEX_POINT ( 'NONE', #545 ) ;
#104 = EDGE_LOOP ( 'NONE', ( #1312, #1532, #111, #940 ) ) ;
#105 = CARTESIAN_POINT ( 'NONE',  ( 0.2499999999999997780, 0.000000000000000000, 0.6249999999999994449 ) ) ;
#106 = DIRECTION ( 'NONE',  ( 0.000000000000000000, -1.000000000000000000, 0.000000000000000000 ) ) ;
#107 = EDGE_LOOP ( 'NONE', ( #1086, #1926, #1339, #1715 ) ) ;
#108 = AXIS2_PLACEMENT_3D ( 'NONE', #424, #53, #1407 ) ;
#109 = CARTESIAN_POINT ( 'NONE',  ( -0.7499999999999997780, 0.2000000000000000111, -0.1250000000000003331 ) ) ;
#110 = ORIENTED_EDGE ( 'NONE', *, *, #1721, .F. ) ;
#111 = ORIENTED_EDGE ( 'NONE', *, *, #1167, .T. ) ;
#112 = CARTESIAN_POINT ( 'NONE',  ( 0.2499999999999997780, 0.1999999999999999833, -0.3750000000000004996 ) ) ;
#113 = AXIS2_PLACEMENT_3D ( 'NONE', #1726, #871, #192 ) ;
#114 = CARTESIAN_POINT ( 'NONE',  ( -0.2499999999999997780, 0.000000000000000000, 0.1249999999999995143 ) ) ;
#115 = VECTOR ( 'NONE', #1625, 1000.000000000000000 ) ;
#116 = EDGE_CURVE ( 'NONE', #119, #935, #1725, .T. ) ;
#117 = CARTESIAN_POINT ( 'NONE',  ( -0.7499999999999995559, 0.7999999999999999334, 0.7500000000000000000 ) ) ;
#118 = ORIENTED_EDGE ( 'NONE', *, *, #304, .F. ) ;
#119 = VERTEX_POINT ( 'NONE', #1398 ) ;
#120 = CARTESIAN_POINT ( 'NONE',  ( 0.2499999999999997780, 0.7590169943749472958, -0.3750000000000004996 ) ) ;
#121 = CARTESIAN_POINT ( 'NONE',  ( 0.7499999999999997780, 0.2000000000000000111, -0.1250000000000003331 ) ) ;
#122 = VERTEX_POINT ( 'NONE', #2089 ) ;
#123 = UNCERTAINTY_MEASURE_WITH_UNIT (LENGTH_MEASURE( 1.000000000000000082E-05 ), #994, 'distance_accuracy_value', 'NONE');
#124 = STYLED_ITEM ( 'NONE', ( #2087 ), #1963 ) ;
#125 = ORIENTED_EDGE ( 'NONE', *, *, #2184, .F. ) ;
#126 = EDGE_CURVE ( 'NONE', #659, #1889, #1222, .T. ) ;
#127 = LINE ( 'NONE', #1356, #1621 ) ;
#128 = EDGE_CURVE ( 'NONE', #791, #2148, #200, .T. ) ;
#129 = DIRECTION ( 'NONE',  ( 0.000000000000000000, 1.000000000000000000, 0.000000000000000000 ) ) ;
#130 = ORIENTED_EDGE ( 'NONE', *, *, #1856, .T. ) ;
#131 = ORIENTED_EDGE ( 'NONE', *, *, #300, .F. ) ;
#132 = CARTESIAN_POINT ( 'NONE',  ( 0.2499999999999997780, 0.2000000000000000111, -0.3750000000000004996 ) ) ;
#133 = DIRECTION ( 'NONE',  ( 0.000000000000000000, -0.000000000000000000, 1.000000000000000000 ) ) ;
#134 = ORIENTED_EDGE ( 'NONE', *, *, #397, .T. ) ;
#135 = DIRECTION ( 'NONE',  ( 0.000000000000000000, 0.000000000000000000, 1.000000000000000000 ) ) ;
#136 = EDGE_CURVE ( 'NONE', #2175, #1635, #1061, .T. ) ;
#137 = ORIENTED_EDGE ( 'NONE', *, *, #890, .F. ) ;
#138 = EDGE_CURVE ( 'NONE', #1046, #314, #209, .T. ) ;
#139 = ADVANCED_FACE ( 'NONE', ( #334 ), #1705, .T. ) ;
#140 = ORIENTED_EDGE ( 'NONE', *, *, #1446, .T. ) ;
#141 = LINE ( 'NONE', #953, #1444 ) ;
#142 =( NAMED_UNIT ( * ) PLANE_ANGLE_UNIT ( ) SI_UNIT ( $, .RADIAN. ) );
#143 = ORIENTED_EDGE ( 'NONE', *, *, #1903, .F. ) ;
#144 = ORIENTED_EDGE ( 'NONE', *, *, #1790, .F. ) ;
#145 = LINE ( 'NONE', #499, #797 ) ;
#146 = AXIS2_PLACEMENT_3D ( 'NONE', #149, #2196, #648 ) ;
#147 = CARTESIAN_POINT ( 'NONE',  ( -0.7499999999999997780, 0.7590169943749472958, 0.6249999999999996669 ) ) ;
#148 = VERTEX_POINT ( 'NONE', #684 ) ;
#149 = CARTESIAN_POINT ( 'NONE',  ( -0.2499999999999997780, 0.7590169943749472958, 0.1249999999999995143 ) ) ;
#150 = ORIENTED_EDGE ( 'NONE', *, *, #799, .T. ) ;
#151 = DIRECTION ( 'NONE',  ( 1.000000000000000000, 0.000000000000000000, -0.000000000000000000 ) ) ;
#152 = EDGE_CURVE ( 'NONE', #1209, #1995, #1033, .T. ) ;
#153 = VERTEX_POINT ( 'NONE', #753 ) ;
#154 = ADVANCED_FACE ( 'NONE', ( #31 ), #1948, .T. ) ;
#155 = CARTESIAN_POINT ( 'NONE',  ( 0.000000000000000000, 0.2000000000000000111, 1.000000000000000000 ) ) ;
#156 = CARTESIAN_POINT ( 'NONE',  ( -0.1499999999999998002, 0.1999999999999999833, -0.5249999999999999112 ) ) ;
#157 = ORIENTED_EDGE ( 'NONE', *, *, #531, .T. ) ;
#158 = VERTEX_POINT ( 'NONE', #2139 ) ;
#159 = CARTESIAN_POINT ( 'NONE',  ( 0.2499999999999997780, 0.2000000000000000111, 0.1249999999999995143 ) ) ;
#160 = VECTOR ( 'NONE', #1427, 1000.000000000000000 ) ;
#161 = DIRECTION ( 'NONE',  ( -1.000000000000000000, -0.000000000000000000, -0.000000000000000000 ) ) ;
#162 = AXIS2_PLACEMENT_3D ( 'NONE', #1399, #210, #744 ) ;
#163 = ORIENTED_EDGE ( 'NONE', *, *, #776, .T. ) ;
#164 = CARTESIAN_POINT ( 'NONE',  ( -0.1499999999999998002, 0.7590169943749472958, -0.5249999999999999112 ) ) ;
#165 = EDGE_LOOP ( 'NONE', ( #1482, #2156, #140, #618 ) ) ;
#166 =( LENGTH_UNIT ( ) NAMED_UNIT ( * ) SI_UNIT ( .MILLI., .METRE. ) );
#167 = VECTOR ( 'NONE', #1572, 1000.000000000000000 ) ;
#168 = ORIENTED_EDGE ( 'NONE', *, *, #1208, .T. ) ;
#169 = DIRECTION ( 'NONE',  ( 0.000000000000000000, -0.000000000000000000, 1.000000000000000000 ) ) ;
#170 = COLOUR_RGB ( '',0.7921568627450980005, 0.8196078431372548767, 0.9333333333333333481 ) ;
#171 = ORIENTED_EDGE ( 'NONE', *, *, #206, .F. ) ;
#172 = DIRECTION ( 'NONE',  ( -0.000000000000000000, -1.000000000000000000, -0.000000000000000000 ) ) ;
#173 = LINE ( 'NONE', #1544, #1053 ) ;
#174 = CARTESIAN_POINT ( 'NONE',  ( 0.2499999999999997780, 0.05000000000000000278, 0.000000000000000000 ) ) ;
#175 = VECTOR ( 'NONE', #2155, 1000.000000000000000 ) ;
#176 = DIRECTION ( 'NONE',  ( 0.000000000000000000, 0.000000000000000000, 1.000000000000000000 ) ) ;
#177 = EDGE_CURVE ( 'NONE', #1060, #40, #1588, .T. ) ;
#178 = ADVANCED_FACE ( 'NONE', ( #1936 ), #2099, .F. ) ;
#179 = UNCERTAINTY_MEASURE_WITH_UNIT (LENGTH_MEASURE( 1.000000000000000082E-05 ), #754, 'distance_accuracy_value', 'NONE');
#180 = ORIENTED_EDGE ( 'NONE', *, *, #1094, .T. ) ;
#181 = DIRECTION ( 'NONE',  ( 1.000000000000000000, 0.000000000000000000, -0.000000000000000000 ) ) ;
#182 = LINE ( 'NONE', #1357, #1919 ) ;
#183 = ORIENTED_EDGE ( 'NONE', *, *, #2215, .F. ) ;
#184 = CARTESIAN_POINT ( 'NONE',  ( 0.7499999999999997780, 0.04999999999999999584, -0.1250000000000003331 ) ) ;
#185 = CARTESIAN_POINT ( 'NONE',  ( -0.2499999999999997780, 0.7590169943749472958, -0.6250000000000003331 ) ) ;
#186 = ADVANCED_FACE ( 'NONE', ( #1783 ), #384, .T. ) ;
#187 = CARTESIAN_POINT ( 'NONE',  ( -0.2499999999999997780, 0.1999999999999999833, 0.1249999999999995143 ) ) ;
#188 =( GEOMETRIC_REPRESENTATION_CONTEXT ( 3 ) GLOBAL_UNCERTAINTY_ASSIGNED_CONTEXT ( ( #1314 ) ) GLOBAL_UNIT_ASSIGNED_CONTEXT ( ( #1432, #1767, #1260 ) ) REPRESENTATION_CONTEXT ( 'NONE', 'WORKASPACE' ) );
#189 = VERTEX_POINT ( 'NONE', #941 ) ;
#190 = ORIENTED_EDGE ( 'NONE', *, *, #1322, .F. ) ;
#191 = DIRECTION ( 'NONE',  ( 1.000000000000000000, 0.000000000000000000, 3.252606517456513302E-16 ) ) ;
#192 = DIRECTION ( 'NONE',  ( 0.000000000000000000, 0.000000000000000000, 1.000000000000000000 ) ) ;
#193 = EDGE_CURVE ( 'NONE', #1665, #1980, #555, .T. ) ;
#194 = DIRECTION ( 'NONE',  ( 0.000000000000000000, 0.000000000000000000, -1.000000000000000000 ) ) ;
#195 = VECTOR ( 'NONE', #1509, 1000.000000000000000 ) ;
#196 = VECTOR ( 'NONE', #201, 1000.000000000000000 ) ;
#197 = VECTOR ( 'NONE', #1820, 1000.000000000000000 ) ;
#198 = ORIENTED_EDGE ( 'NONE', *, *, #290, .F. ) ;
#199 = ORIENTED_EDGE ( 'NONE', *, *, #1576, .F. ) ;
#200 = LINE ( 'NONE', #1913, #2158 ) ;
#201 = DIRECTION ( 'NONE',  ( -0.000000000000000000, -1.000000000000000000, -0.000000000000000000 ) ) ;
#202 =( GEOMETRIC_REPRESENTATION_CONTEXT ( 3 ) GLOBAL_UNCERTAINTY_ASSIGNED_CONTEXT ( ( #123 ) ) GLOBAL_UNIT_ASSIGNED_CONTEXT ( ( #994, #142, #1714 ) ) REPRESENTATION_CONTEXT ( 'NONE', 'WORKASPACE' ) );
#203 = CARTESIAN_POINT ( 'NONE',  ( -0.2499999999999997780, 0.2000000000000000111, -0.6250000000000003331 ) ) ;
#204 = DIRECTION ( 'NONE',  ( 0.000000000000000000, 0.000000000000000000, 1.000000000000000000 ) ) ;
#205 = VECTOR ( 'NONE', #898, 1000.000000000000000 ) ;
#206 = EDGE_CURVE ( 'NONE', #1257, #1428, #973, .T. ) ;
#207 = DIRECTION ( 'NONE',  ( 0.000000000000000000, -0.000000000000000000, 1.000000000000000000 ) ) ;
#208 = ORIENTED_EDGE ( 'NONE', *, *, #1912, .T. ) ;
#209 = LINE ( 'NONE', #1871, #512 ) ;
#210 = DIRECTION ( 'NONE',  ( -3.252606517456513302E-16, 0.000000000000000000, -1.000000000000000000 ) ) ;
#211 = LINE ( 'NONE', #1063, #1719 ) ;
#212 = FACE_OUTER_BOUND ( 'NONE', #565, .T. ) ;
#213 = PLANE ( 'NONE',  #1662 ) ;
#214 = CARTESIAN_POINT ( 'NONE',  ( 0.2499999999999997780, 0.1999999999999999833, 0.3749999999999996669 ) ) ;
#215 = ORIENTED_EDGE ( 'NONE', *, *, #370, .F. ) ;
#216 = DIRECTION ( 'NONE',  ( 0.000000000000000000, -1.000000000000000000, 0.000000000000000000 ) ) ;
#217 = DIRECTION ( 'NONE',  ( 0.000000000000000000, -1.000000000000000000, -0.000000000000000000 ) ) ;
#218 = DIRECTION ( 'NONE',  ( 0.000000000000000000, 0.000000000000000000, -1.000000000000000000 ) ) ;
#219 = VECTOR ( 'NONE', #721, 1000.000000000000000 ) ;
#220 = VECTOR ( 'NONE', #1578, 1000.000000000000000 ) ;
#221 = LINE ( 'NONE', #28, #1633 ) ;
#222 = CARTESIAN_POINT ( 'NONE',  ( -0.7499999999999997780, 0.05000000000000000278, -0.7500000000000002220 ) ) ;
#223 = AXIS2_PLACEMENT_3D ( 'NONE', #2143, #595, #1632 ) ;
#224 = EDGE_CURVE ( 'NONE', #1060, #383, #1271, .T. ) ;
#225 = AXIS2_PLACEMENT_3D ( 'NONE', #234, #431, #2124 ) ;
#226 = ORIENTED_EDGE ( 'NONE', *, *, #702, .F. ) ;
#227 = FACE_OUTER_BOUND ( 'NONE', #742, .T. ) ;
#228 = SURFACE_SIDE_STYLE ('',( #1766 ) ) ;
#229 = FACE_OUTER_BOUND ( 'NONE', #64, .T. ) ;
#230 = DIRECTION ( 'NONE',  ( -1.000000000000000000, 0.000000000000000000, 0.000000000000000000 ) ) ;
#231 = FACE_OUTER_BOUND ( 'NONE', #350, .T. ) ;
#232 =( GEOMETRIC_REPRESENTATION_CONTEXT ( 3 ) GLOBAL_UNCERTAINTY_ASSIGNED_CONTEXT ( ( #1830 ) ) GLOBAL_UNIT_ASSIGNED_CONTEXT ( ( #1962, #439, #1880 ) ) REPRESENTATION_CONTEXT ( 'NONE', 'WORKASPACE' ) );
#233 = EDGE_CURVE ( 'NONE', #1635, #1418, #236, .T. ) ;
#234 = CARTESIAN_POINT ( 'NONE',  ( 0.000000000000000000, 0.000000000000000000, 0.5000000000000000000 ) ) ;
#235 = ORIENTED_EDGE ( 'NONE', *, *, #1334, .F. ) ;
#236 = LINE ( 'NONE', #65, #892 ) ;
#237 = DIRECTION ( 'NONE',  ( 0.000000000000000000, 0.000000000000000000, -1.000000000000000000 ) ) ;
#238 = DIRECTION ( 'NONE',  ( -0.000000000000000000, -1.000000000000000000, -0.000000000000000000 ) ) ;
#239 = DIRECTION ( 'NONE',  ( -1.000000000000000000, 0.000000000000000000, 3.252606517456513302E-16 ) ) ;
#240 = ADVANCED_FACE ( 'NONE', ( #1753 ), #1239, .T. ) ;
#241 = CARTESIAN_POINT ( 'NONE',  ( -0.7499999999999997780, 0.7999999999999999334, -0.7500000000000002220 ) ) ;
#242 = PRODUCT_RELATED_PRODUCT_CATEGORY ( 'part', '', ( #1775 ) ) ;
#243 = EDGE_LOOP ( 'NONE', ( #1185, #1542, #1614, #278 ) ) ;
#244 = CARTESIAN_POINT ( 'NONE',  ( -0.7499999999999997780, 0.000000000000000000, 0.6249999999999996669 ) ) ;
#245 = VECTOR ( 'NONE', #986, 1000.000000000000000 ) ;
#246 = ORIENTED_EDGE ( 'NONE', *, *, #857, .F. ) ;
#247 = LINE ( 'NONE', #733, #328 ) ;
#248 = DIRECTION ( 'NONE',  ( 3.252606517456513302E-16, 0.000000000000000000, -1.000000000000000000 ) ) ;
#249 = LINE ( 'NONE', #1777, #98 ) ;
#250 = SURFACE_STYLE_FILL_AREA ( #756 ) ;
#251 = EDGE_CURVE ( 'NONE', #1818, #1745, #247, .T. ) ;
#252 = DIRECTION ( 'NONE',  ( -0.000000000000000000, 0.000000000000000000, 1.000000000000000000 ) ) ;
#253 = CARTESIAN_POINT ( 'NONE',  ( -0.2499999999999997780, 0.7590169943749472958, 0.6249999999999994449 ) ) ;
#254 = EDGE_LOOP ( 'NONE', ( #1178, #677, #2180, #850, #1319, #1008, #215, #2138, #1475, #267, #265, #1049, #74, #504, #867, #1370 ) ) ;
#255 = DIRECTION ( 'NONE',  ( -0.000000000000000000, -1.000000000000000000, -0.000000000000000000 ) ) ;
#256 = ORIENTED_EDGE ( 'NONE', *, *, #466, .F. ) ;
#257 = VECTOR ( 'NONE', #1932, 1000.000000000000000 ) ;
#258 = DIRECTION ( 'NONE',  ( -0.000000000000000000, -1.000000000000000000, -0.000000000000000000 ) ) ;
#259 = DIRECTION ( 'NONE',  ( 0.000000000000000000, 1.000000000000000000, 0.000000000000000000 ) ) ;
#260 = ADVANCED_FACE ( 'NONE', ( #1970 ), #1959, .F. ) ;
#261 = CARTESIAN_POINT ( 'NONE',  ( 0.7499999999999997780, 0.2000000000000000111, 0.1249999999999996808 ) ) ;
#262 = AXIS2_PLACEMENT_3D ( 'NONE', #1051, #862, #2061 ) ;
#263 = FACE_OUTER_BOUND ( 'NONE', #1780, .T. ) ;
#264 = DIRECTION ( 'NONE',  ( 0.000000000000000000, 1.000000000000000000, 0.000000000000000000 ) ) ;
#265 = ORIENTED_EDGE ( 'NONE', *, *, #874, .F. ) ;
#266 = DIRECTION ( 'NONE',  ( -0.000000000000000000, -0.000000000000000000, 1.000000000000000000 ) ) ;
#267 = ORIENTED_EDGE ( 'NONE', *, *, #1091, .T. ) ;
#268 = DIRECTION ( 'NONE',  ( 1.000000000000000000, -0.000000000000000000, 0.000000000000000000 ) ) ;
#269 = VECTOR ( 'NONE', #161, 1000.000000000000000 ) ;
#270 = DIRECTION ( 'NONE',  ( -1.445602896647339163E-16, 0.000000000000000000, -1.000000000000000000 ) ) ;
#271 = ORIENTED_EDGE ( 'NONE', *, *, #615, .F. ) ;
#272 = ORIENTED_EDGE ( 'NONE', *, *, #1261, .T. ) ;
#273 = CARTESIAN_POINT ( 'NONE',  ( -0.7499999999999997780, 0.1999999999999999833, 0.6249999999999996669 ) ) ;
#274 = DIRECTION ( 'NONE',  ( 0.000000000000000000, 0.000000000000000000, -1.000000000000000000 ) ) ;
#275 = ORIENTED_EDGE ( 'NONE', *, *, #1955, .F. ) ;
#276 = DIRECTION ( 'NONE',  ( 0.000000000000000000, 0.000000000000000000, 1.000000000000000000 ) ) ;
#277 = PRESENTATION_LAYER_ASSIGNMENT (  '', '', ( #1249 ) ) ;
#278 = ORIENTED_EDGE ( 'NONE', *, *, #22, .F. ) ;
#279 = ORIENTED_EDGE ( 'NONE', *, *, #2125, .T. ) ;
#280 = PLANE ( 'NONE',  #388 ) ;
#281 = PLANE ( 'NONE',  #1342 ) ;
#282 = CARTESIAN_POINT ( 'NONE',  ( -0.1499999999999998002, 0.000000000000000000, -0.3750000000000004996 ) ) ;
#283 = VERTEX_POINT ( 'NONE', #1087 ) ;
#284 = EDGE_LOOP ( 'NONE', ( #809, #1067 ) ) ;
#285 = PLANE ( 'NONE',  #921 ) ;
#286 = DIRECTION ( 'NONE',  ( 0.000000000000000000, 0.000000000000000000, 1.000000000000000000 ) ) ;
#287 = ORIENTED_EDGE ( 'NONE', *, *, #1720, .F. ) ;
#288 = EDGE_CURVE ( 'NONE', #1674, #25, #916, .T. ) ;
#289 = PLANE ( 'NONE',  #432 ) ;
#290 = EDGE_CURVE ( 'NONE', #1226, #283, #1470, .T. ) ;
#291 = ORIENTED_EDGE ( 'NONE', *, *, #1886, .F. ) ;
#292 = VECTOR ( 'NONE', #1384, 1000.000000000000000 ) ;
#293 = CARTESIAN_POINT ( 'NONE',  ( -0.2499999999999997780, 0.2000000000000000111, 0.1249999999999995143 ) ) ;
#294 = CARTESIAN_POINT ( 'NONE',  ( -0.5299999999999998046, 0.4812994231491118380, -0.6250000000000004441 ) ) ;
#295 = AXIS2_PLACEMENT_3D ( 'NONE', #1949, #1573, #1062 ) ;
#296 = ORIENTED_EDGE ( 'NONE', *, *, #695, .T. ) ;
#297 = MECHANICAL_DESIGN_GEOMETRIC_PRESENTATION_REPRESENTATION (  '', ( #1265 ), #1840 ) ;
#298 = EDGE_LOOP ( 'NONE', ( #1469, #1817, #1824, #296 ) ) ;
#299 = PLANE ( 'NONE',  #1760 ) ;
#300 = EDGE_CURVE ( 'NONE', #1980, #2024, #41, .T. ) ;
#301 = CARTESIAN_POINT ( 'NONE',  ( -0.2499999999999997780, 0.2000000000000000111, 0.6249999999999994449 ) ) ;
#302 = ORIENTED_EDGE ( 'NONE', *, *, #763, .F. ) ;
#303 = FACE_OUTER_BOUND ( 'NONE', #1021, .T. ) ;
#304 = EDGE_CURVE ( 'NONE', #1967, #533, #2108, .T. ) ;
#305 = LINE ( 'NONE', #834, #195 ) ;
#306 = ORIENTED_EDGE ( 'NONE', *, *, #1328, .T. ) ;
#307 =( NAMED_UNIT ( * ) SI_UNIT ( $, .STERADIAN. ) SOLID_ANGLE_UNIT ( ) );
#308 = ORIENTED_EDGE ( 'NONE', *, *, #2076, .T. ) ;
#309 = VECTOR ( 'NONE', #1640, 1000.000000000000000 ) ;
#310 = ORIENTED_EDGE ( 'NONE', *, *, #2132, .T. ) ;
#311 = CARTESIAN_POINT ( 'NONE',  ( -0.2499999999999997780, 0.1999999999999999833, -0.3750000000000004996 ) ) ;
#312 = DIRECTION ( 'NONE',  ( -1.000000000000000000, 0.000000000000000000, 0.000000000000000000 ) ) ;
#313 = ADVANCED_FACE ( 'NONE', ( #227 ), #905, .T. ) ;
#314 = VERTEX_POINT ( 'NONE', #112 ) ;
#315 = DIRECTION ( 'NONE',  ( -0.000000000000000000, -1.000000000000000000, -0.000000000000000000 ) ) ;
#316 = VERTEX_POINT ( 'NONE', #614 ) ;
#317 = VERTEX_POINT ( 'NONE', #1316 ) ;
#318 = DIRECTION ( 'NONE',  ( 1.000000000000000000, -0.000000000000000000, 0.000000000000000000 ) ) ;
#319 = DIRECTION ( 'NONE',  ( 0.000000000000000000, 1.000000000000000000, 0.000000000000000000 ) ) ;
#320 = ORIENTED_EDGE ( 'NONE', *, *, #224, .F. ) ;
#321 = ORIENTED_EDGE ( 'NONE', *, *, #433, .F. ) ;
#322 = CARTESIAN_POINT ( 'NONE',  ( 0.7499999999999997780, 0.1999999999999999833, 0.3749999999999996669 ) ) ;
#323 = ADVANCED_FACE ( 'NONE', ( #88 ), #1121, .F. ) ;
#324 = LINE ( 'NONE', #676, #269 ) ;
#325 = ORIENTED_EDGE ( 'NONE', *, *, #698, .T. ) ;
#326 = DIRECTION ( 'NONE',  ( 0.000000000000000000, 0.000000000000000000, 1.000000000000000000 ) ) ;
#327 = ORIENTED_EDGE ( 'NONE', *, *, #1235, .T. ) ;
#328 = VECTOR ( 'NONE', #216, 1000.000000000000000 ) ;
#329 = ORIENTED_EDGE ( 'NONE', *, *, #1205, .F. ) ;
#330 = CARTESIAN_POINT ( 'NONE',  ( 0.2499999999999997780, 0.2000000000000000111, 0.6249999999999994449 ) ) ;
#331 = LINE ( 'NONE', #1541, #1742 ) ;
#332 = VERTEX_POINT ( 'NONE', #1653 ) ;
#333 = AXIS2_PLACEMENT_3D ( 'NONE', #185, #1515, #1042 ) ;
#334 = FACE_OUTER_BOUND ( 'NONE', #964, .T. ) ;
#335 = DIRECTION ( 'NONE',  ( -1.000000000000000000, 0.000000000000000000, 3.252606517456513302E-16 ) ) ;
#336 = EDGE_CURVE ( 'NONE', #835, #1995, #802, .T. ) ;
#337 = EDGE_CURVE ( 'NONE', #650, #1861, #778, .T. ) ;
#338 = DIRECTION ( 'NONE',  ( -1.000000000000000000, 0.000000000000000000, 3.252606517456513302E-16 ) ) ;
#339 = VECTOR ( 'NONE', #45, 1000.000000000000000 ) ;
#340 = DIRECTION ( 'NONE',  ( 1.000000000000000000, 0.000000000000000000, -0.000000000000000000 ) ) ;
#341 = ADVANCED_FACE ( 'NONE', ( #788 ), #1462, .F. ) ;
#342 = ORIENTED_EDGE ( 'NONE', *, *, #138, .F. ) ;
#343 = CARTESIAN_POINT ( 'NONE',  ( 0.7500000000000002220, 0.7999999999999999334, -0.7500000000000004441 ) ) ;
#344 = MECHANICAL_DESIGN_GEOMETRIC_PRESENTATION_REPRESENTATION (  '', ( #446 ), #202 ) ;
#345 = ORIENTED_EDGE ( 'NONE', *, *, #1974, .T. ) ;
#346 = DIRECTION ( 'NONE',  ( -1.000000000000000000, 0.000000000000000000, -3.252606517456513302E-16 ) ) ;
#347 = FACE_OUTER_BOUND ( 'NONE', #861, .T. ) ;
#348 = PLANE ( 'NONE',  #497 ) ;
#349 = VECTOR ( 'NONE', #1671, 1000.000000000000000 ) ;
#350 = EDGE_LOOP ( 'NONE', ( #246, #2204, #532, #815 ) ) ;
#351 = EDGE_CURVE ( 'NONE', #672, #611, #2149, .T. ) ;
#352 = VERTEX_POINT ( 'NONE', #1472 ) ;
#353 = DIRECTION ( 'NONE',  ( 1.000000000000000000, -0.000000000000000000, -3.252606517456513302E-16 ) ) ;
#354 = DIRECTION ( 'NONE',  ( 0.000000000000000000, 0.000000000000000000, -1.000000000000000000 ) ) ;
#355 = DIRECTION ( 'NONE',  ( -1.000000000000000000, 0.000000000000000000, -3.252606517456513302E-16 ) ) ;
#356 = VECTOR ( 'NONE', #176, 1000.000000000000000 ) ;
#357 = ADVANCED_FACE ( 'NONE', ( #1819 ), #1981, .F. ) ;
#358 = VERTEX_POINT ( 'NONE', #952 ) ;
#359 = SURFACE_SIDE_STYLE ('',( #382 ) ) ;
#360 = ORIENTED_EDGE ( 'NONE', *, *, #337, .F. ) ;
#361 = CARTESIAN_POINT ( 'NONE',  ( 0.2499999999999997780, 0.2000000000000000111, 0.1249999999999995143 ) ) ;
#362 = LINE ( 'NONE', #1589, #196 ) ;
#363 = DIRECTION ( 'NONE',  ( -0.000000000000000000, -1.000000000000000000, -0.000000000000000000 ) ) ;
#364 = COLOUR_RGB ( '',0.7921568627450980005, 0.8196078431372548767, 0.9333333333333333481 ) ;
#365 = ADVANCED_FACE ( 'NONE', ( #2164 ), #280, .F. ) ;
#366 = CARTESIAN_POINT ( 'NONE',  ( -0.5299999999999998046, 0.7500000000000000000, -0.4350000000000003864 ) ) ;
#367 = VECTOR ( 'NONE', #237, 1000.000000000000000 ) ;
#368 = PRESENTATION_LAYER_ASSIGNMENT (  '', '', ( #1265 ) ) ;
#369 = ADVANCED_FACE ( 'NONE', ( #416 ), #2130, .T. ) ;
#370 = EDGE_CURVE ( 'NONE', #1857, #672, #1100, .T. ) ;
#371 = EDGE_LOOP ( 'NONE', ( #812, #1907, #450, #2010 ) ) ;
#372 = PRESENTATION_STYLE_ASSIGNMENT (( #1763 ) ) ;
#373 = EDGE_LOOP ( 'NONE', ( #706, #1135 ) ) ;
#374 = DIRECTION ( 'NONE',  ( 0.000000000000000000, -1.000000000000000000, 0.000000000000000000 ) ) ;
#375 = CARTESIAN_POINT ( 'NONE',  ( -0.2499999999999997780, 0.2000000000000000111, -0.6250000000000003331 ) ) ;
#376 = LINE ( 'NONE', #1533, #465 ) ;
#377 = COLOUR_RGB ( '',0.7921568627450980005, 0.8196078431372548767, 0.9333333333333333481 ) ;
#378 = CARTESIAN_POINT ( 'NONE',  ( -0.1499999999999998002, 0.2000000000000000111, -0.5249999999999999112 ) ) ;
#379 = ADVANCED_FACE ( 'NONE', ( #91 ), #1785, .F. ) ;
#380 = CARTESIAN_POINT ( 'NONE',  ( -0.5299999999999998046, 0.7500000000000000000, -0.6250000000000004441 ) ) ;
#381 = AXIS2_PLACEMENT_3D ( 'NONE', #301, #2134, #2171 ) ;
#382 = SURFACE_STYLE_FILL_AREA ( #731 ) ;
#383 = VERTEX_POINT ( 'NONE', #1282 ) ;
#384 = PLANE ( 'NONE',  #606 ) ;
#385 = CARTESIAN_POINT ( 'NONE',  ( -0.7499999999999997780, 0.2000000000000000111, 0.3749999999999996669 ) ) ;
#386 = SURFACE_SIDE_STYLE ('',( #1929 ) ) ;
#387 = FACE_OUTER_BOUND ( 'NONE', #1308, .T. ) ;
#388 = AXIS2_PLACEMENT_3D ( 'NONE', #1241, #1972, #218 ) ;
#389 = CARTESIAN_POINT ( 'NONE',  ( 0.2499999999999997780, 0.05000000000000000278, 0.000000000000000000 ) ) ;
#390 = CARTESIAN_POINT ( 'NONE',  ( 0.000000000000000000, 0.000000000000000000, 0.000000000000000000 ) ) ;
#391 = EDGE_LOOP ( 'NONE', ( #625, #2228, #420, #2055 ) ) ;
#392 = DIRECTION ( 'NONE',  ( 0.000000000000000000, -0.000000000000000000, 1.000000000000000000 ) ) ;
#393 = FILL_AREA_STYLE_COLOUR ( '', #656 ) ;
#394 = LINE ( 'NONE', #1078, #464 ) ;
#395 = VECTOR ( 'NONE', #100, 1000.000000000000000 ) ;
#396 = CARTESIAN_POINT ( 'NONE',  ( 0.7500000000000002220, 3.721320343559642918, -0.7500000000000004441 ) ) ;
#397 = EDGE_CURVE ( 'NONE', #70, #383, #1250, .T. ) ;
#398 = CARTESIAN_POINT ( 'NONE',  ( -0.7499999999999997780, 0.2000000000000000111, -0.3750000000000003331 ) ) ;
#399 = AXIS2_PLACEMENT_3D ( 'NONE', #1360, #485, #354 ) ;
#400 = AXIS2_PLACEMENT_3D ( 'NONE', #1403, #560, #739 ) ;
#401 = CARTESIAN_POINT ( 'NONE',  ( 0.7499999999999997780, 0.7590169943749472958, -0.3750000000000003331 ) ) ;
#402 = EDGE_CURVE ( 'NONE', #2088, #1150, #586, .T. ) ;
#403 = ORIENTED_EDGE ( 'NONE', *, *, #1003, .F. ) ;
#404 = DIRECTION ( 'NONE',  ( -0.000000000000000000, -1.000000000000000000, -0.000000000000000000 ) ) ;
#405 = CARTESIAN_POINT ( 'NONE',  ( -0.7499999999999997780, 0.2000000000000000111, 0.1249999999999996808 ) ) ;
#406 = CARTESIAN_POINT ( 'NONE',  ( -0.7499999999999995559, 3.721320343559642918, 0.7499999999999997780 ) ) ;
#407 = DIRECTION ( 'NONE',  ( -3.252606517456513302E-16, 0.000000000000000000, -1.000000000000000000 ) ) ;
#408 = CARTESIAN_POINT ( 'NONE',  ( -0.1499999999999998002, 0.000000000000000000, -0.3750000000000004996 ) ) ;
#409 = VERTEX_POINT ( 'NONE', #930 ) ;
#410 = DIRECTION ( 'NONE',  ( 1.000000000000000000, 0.000000000000000000, 3.252606517456513302E-16 ) ) ;
#411 = ADVANCED_FACE ( 'NONE', ( #229 ), #67, .T. ) ;
#412 = ORIENTED_EDGE ( 'NONE', *, *, #50, .T. ) ;
#413 = EDGE_CURVE ( 'NONE', #1889, #2048, #897, .T. ) ;
#414 = CARTESIAN_POINT ( 'NONE',  ( -0.5299999999999998046, 0.7500000000000000000, -0.5300000000000003597 ) ) ;
#415 = DIRECTION ( 'NONE',  ( -1.000000000000000000, 0.000000000000000000, -3.252606517456513302E-16 ) ) ;
#416 = FACE_OUTER_BOUND ( 'NONE', #1467, .T. ) ;
#417 = DIRECTION ( 'NONE',  ( 1.000000000000000000, 0.000000000000000000, -0.000000000000000000 ) ) ;
#418 = DIRECTION ( 'NONE',  ( -1.000000000000000000, 0.000000000000000000, 0.000000000000000000 ) ) ;
#419 = DIRECTION ( 'NONE',  ( 0.000000000000000000, 0.000000000000000000, 1.000000000000000000 ) ) ;
#420 = ORIENTED_EDGE ( 'NONE', *, *, #1496, .T. ) ;
#421 = CARTESIAN_POINT ( 'NONE',  ( 0.7499999999999997780, 0.2000000000000000111, -0.1250000000000003331 ) ) ;
#422 = AXIS2_PLACEMENT_3D ( 'NONE', #2053, #1518, #340 ) ;
#423 = EDGE_LOOP ( 'NONE', ( #999, #14, #308, #157 ) ) ;
#424 = CARTESIAN_POINT ( 'NONE',  ( 0.2499999999999997780, 0.2000000000000000111, 0.6249999999999994449 ) ) ;
#425 = PLANE ( 'NONE',  #1620 ) ;
#426 = DIRECTION ( 'NONE',  ( 0.000000000000000000, 0.000000000000000000, 1.000000000000000000 ) ) ;
#427 = DIRECTION ( 'NONE',  ( 1.000000000000000000, -0.000000000000000000, 0.000000000000000000 ) ) ;
#428 = DIRECTION ( 'NONE',  ( 0.000000000000000000, -0.000000000000000000, 1.000000000000000000 ) ) ;
#429 = CARTESIAN_POINT ( 'NONE',  ( 0.7500000000000002220, 3.721320343559642918, -0.7500000000000004441 ) ) ;
#430 = VERTEX_POINT ( 'NONE', #1273 ) ;
#431 = DIRECTION ( 'NONE',  ( -0.000000000000000000, 1.000000000000000000, 0.000000000000000000 ) ) ;
#432 = AXIS2_PLACEMENT_3D ( 'NONE', #651, #477, #811 ) ;
#433 = EDGE_CURVE ( 'NONE', #1378, #1657, #249, .T. ) ;
#434 = VERTEX_POINT ( 'NONE', #577 ) ;
#435 = VECTOR ( 'NONE', #1914, 1000.000000000000000 ) ;
#436 = CARTESIAN_POINT ( 'NONE',  ( -0.5299999999999998046, 0.7500000000000000000, -0.5300000000000003597 ) ) ;
#437 = LINE ( 'NONE', #1281, #1379 ) ;
#438 = SURFACE_STYLE_USAGE ( .BOTH. , #1176 ) ;
#439 =( NAMED_UNIT ( * ) PLANE_ANGLE_UNIT ( ) SI_UNIT ( $, .RADIAN. ) );
#440 = ORIENTED_EDGE ( 'NONE', *, *, #914, .T. ) ;
#441 = EDGE_LOOP ( 'NONE', ( #320, #2145, #2200, #134 ) ) ;
#442 = VECTOR ( 'NONE', #1383, 1000.000000000000000 ) ;
#443 = CARTESIAN_POINT ( 'NONE',  ( -0.5299999999999998046, 0.7500000000000000000, -0.5300000000000003597 ) ) ;
#444 = CARTESIAN_POINT ( 'NONE',  ( -0.5299999999999998046, 0.7500000000000000000, -0.5300000000000003597 ) ) ;
#445 = ORIENTED_EDGE ( 'NONE', *, *, #1171, .F. ) ;
#446 = STYLED_ITEM ( 'NONE', ( #468 ), #1952 ) ;
#447 = MANIFOLD_SOLID_BREP ( 'LPattern2[4]', #1624 ) ;
#448 = PLANE ( 'NONE',  #225 ) ;
#449 = ORIENTED_EDGE ( 'NONE', *, *, #1693, .F. ) ;
#450 = ORIENTED_EDGE ( 'NONE', *, *, #126, .T. ) ;
#451 = DIRECTION ( 'NONE',  ( 1.000000000000000000, 0.000000000000000000, 0.000000000000000000 ) ) ;
#452 = VECTOR ( 'NONE', #1079, 1000.000000000000000 ) ;
#453 = LINE ( 'NONE', #1123, #197 ) ;
#454 = DIRECTION ( 'NONE',  ( 0.000000000000000000, 0.000000000000000000, -1.000000000000000000 ) ) ;
#455 = ORIENTED_EDGE ( 'NONE', *, *, #2184, .T. ) ;
#456 = ORIENTED_EDGE ( 'NONE', *, *, #1026, .F. ) ;
#457 = LINE ( 'NONE', #105, #1685 ) ;
#458 = EDGE_CURVE ( 'NONE', #1946, #87, #79, .T. ) ;
#459 = LINE ( 'NONE', #253, #1456 ) ;
#460 = EDGE_CURVE ( 'NONE', #122, #1012, #735, .T. ) ;
#461 = EDGE_LOOP ( 'NONE', ( #777, #1683, #1686, #1406 ) ) ;
#462 = FACE_OUTER_BOUND ( 'NONE', #1605, .T. ) ;
#463 = UNCERTAINTY_MEASURE_WITH_UNIT (LENGTH_MEASURE( 1.000000000000000082E-05 ), #616, 'distance_accuracy_value', 'NONE');
#464 = VECTOR ( 'NONE', #1599, 1000.000000000000000 ) ;
#465 = VECTOR ( 'NONE', #1013, 1000.000000000000000 ) ;
#466 = EDGE_CURVE ( 'NONE', #1560, #1358, #394, .T. ) ;
#467 = VERTEX_POINT ( 'NONE', #2178 ) ;
#468 = PRESENTATION_STYLE_ASSIGNMENT (( #2047 ) ) ;
#469 = ORIENTED_EDGE ( 'NONE', *, *, #460, .T. ) ;
#470 = ORIENTED_EDGE ( 'NONE', *, *, #968, .T. ) ;
#471 = CYLINDRICAL_SURFACE ( 'NONE', #1897, 0.09500000000000002887 ) ;
#472 = ADVANCED_FACE ( 'NONE', ( #1463 ), #1512, .F. ) ;
#473 = CARTESIAN_POINT ( 'NONE',  ( -0.2499999999999997780, 0.2000000000000000111, 0.6249999999999994449 ) ) ;
#474 = EDGE_LOOP ( 'NONE', ( #975, #773, #1528, #150 ) ) ;
#475 = CARTESIAN_POINT ( 'NONE',  ( 0.2499999999999997780, 0.2000000000000000111, 0.6249999999999994449 ) ) ;
#476 = ORIENTED_EDGE ( 'NONE', *, *, #1535, .F. ) ;
#477 = DIRECTION ( 'NONE',  ( 1.000000000000000000, -0.000000000000000000, 0.000000000000000000 ) ) ;
#478 = VECTOR ( 'NONE', #1483, 1000.000000000000000 ) ;
#479 = EDGE_LOOP ( 'NONE', ( #1196, #516, #1587, #1836 ) ) ;
#480 = ADVANCED_FACE ( 'NONE', ( #1488 ), #826, .F. ) ;
#481 = CIRCLE ( 'NONE', #760, 0.09500000000000002887 ) ;
#482 = VERTEX_POINT ( 'NONE', #114 ) ;
#483 = AXIS2_PLACEMENT_3D ( 'NONE', #293, #981, #1666 ) ;
#484 = EDGE_LOOP ( 'NONE', ( #1485, #608, #752, #455 ) ) ;
#485 = DIRECTION ( 'NONE',  ( 1.000000000000000000, -0.000000000000000000, 0.000000000000000000 ) ) ;
#486 = DIRECTION ( 'NONE',  ( -1.000000000000000000, 0.000000000000000000, -3.252606517456513302E-16 ) ) ;
#487 = EDGE_LOOP ( 'NONE', ( #2059, #1841, #1764, #619 ) ) ;
#488 = CARTESIAN_POINT ( 'NONE',  ( -0.2499999999999997780, 0.7590169943749472958, -0.1250000000000003331 ) ) ;
#489 = MANIFOLD_SOLID_BREP ( 'LPattern2[1]', #939 ) ;
#490 = DIRECTION ( 'NONE',  ( 0.000000000000000000, 0.000000000000000000, 1.000000000000000000 ) ) ;
#491 = AXIS2_PLACEMENT_3D ( 'NONE', #1490, #1778, #2152 ) ;
#492 = ORIENTED_EDGE ( 'NONE', *, *, #1278, .F. ) ;
#493 = EDGE_CURVE ( 'NONE', #2030, #1151, #101, .T. ) ;
#494 = FACE_OUTER_BOUND ( 'NONE', #1536, .T. ) ;
#495 =( LENGTH_UNIT ( ) NAMED_UNIT ( * ) SI_UNIT ( .MILLI., .METRE. ) );
#496 = EDGE_LOOP ( 'NONE', ( #951, #1459, #1679, #663 ) ) ;
#497 = AXIS2_PLACEMENT_3D ( 'NONE', #854, #1335, #486 ) ;
#498 = EDGE_LOOP ( 'NONE', ( #2067, #1270, #2036, #801 ) ) ;
#499 = CARTESIAN_POINT ( 'NONE',  ( 0.7500000000000002220, 0.05000000000000000278, -0.7500000000000004441 ) ) ;
#500 = CARTESIAN_POINT ( 'NONE',  ( -0.2499999999999997780, 0.2000000000000000111, 0.6249999999999994449 ) ) ;
#501 = ORIENTED_EDGE ( 'NONE', *, *, #712, .F. ) ;
#502 = CARTESIAN_POINT ( 'NONE',  ( 0.7499999999999997780, 0.7590169943749472958, -0.3750000000000003331 ) ) ;
#503 = EDGE_CURVE ( 'NONE', #1117, #1353, #1148, .T. ) ;
#504 = ORIENTED_EDGE ( 'NONE', *, *, #1681, .T. ) ;
#505 = DIRECTION ( 'NONE',  ( -0.000000000000000000, -1.000000000000000000, -0.000000000000000000 ) ) ;
#506 = ORIENTED_EDGE ( 'NONE', *, *, #1602, .F. ) ;
#507 = CARTESIAN_POINT ( 'NONE',  ( 0.2499999999999997780, 0.2000000000000000111, 0.3749999999999996669 ) ) ;
#508 = LINE ( 'NONE', #1349, #517 ) ;
#509 = CARTESIAN_POINT ( 'NONE',  ( -0.5299999999999998046, 0.8000000000000000444, -0.5300000000000003597 ) ) ;
#510 = VERTEX_POINT ( 'NONE', #629 ) ;
#511 = CARTESIAN_POINT ( 'NONE',  ( -0.2499999999999997780, 0.05000000000000000278, 0.000000000000000000 ) ) ;
#512 = VECTOR ( 'NONE', #346, 1000.000000000000000 ) ;
#513 = ORIENTED_EDGE ( 'NONE', *, *, #20, .T. ) ;
#514 = LINE ( 'NONE', #1018, #1909 ) ;
#515 = DIRECTION ( 'NONE',  ( 0.000000000000000000, 0.000000000000000000, 1.000000000000000000 ) ) ;
#516 = ORIENTED_EDGE ( 'NONE', *, *, #1498, .F. ) ;
#517 = VECTOR ( 'NONE', #2205, 1000.000000000000000 ) ;
#518 = LINE ( 'NONE', #507, #730 ) ;
#519 = CARTESIAN_POINT ( 'NONE',  ( -0.1499999999999998002, 0.2000000000000000111, -0.3750000000000004996 ) ) ;
#520 = VECTOR ( 'NONE', #572, 1000.000000000000000 ) ;
#521 = DIRECTION ( 'NONE',  ( 0.000000000000000000, 0.000000000000000000, -1.000000000000000000 ) ) ;
#522 = VERTEX_POINT ( 'NONE', #1846 ) ;
#523 = PLANE ( 'NONE',  #13 ) ;
#524 = VECTOR ( 'NONE', #129, 1000.000000000000000 ) ;
#525 = CARTESIAN_POINT ( 'NONE',  ( -0.2499999999999997780, 0.1999999999999999833, 0.6249999999999994449 ) ) ;
#526 = ORIENTED_EDGE ( 'NONE', *, *, #2020, .F. ) ;
#527 = LINE ( 'NONE', #2049, #2101 ) ;
#528 = LINE ( 'NONE', #1850, #1376 ) ;
#529 = CARTESIAN_POINT ( 'NONE',  ( -0.2499999999999997780, 0.1999999999999999833, 0.3749999999999996669 ) ) ;
#530 = EDGE_CURVE ( 'NONE', #1358, #1993, #453, .T. ) ;
#531 = EDGE_CURVE ( 'NONE', #2088, #467, #141, .T. ) ;
#532 = ORIENTED_EDGE ( 'NONE', *, *, #62, .T. ) ;
#533 = VERTEX_POINT ( 'NONE', #2187 ) ;
#534 = ADVANCED_FACE ( 'NONE', ( #494 ), #1858, .F. ) ;
#535 = CARTESIAN_POINT ( 'NONE',  ( -0.7499999999999997780, 0.1999999999999999833, -0.3750000000000003331 ) ) ;
#536 = CARTESIAN_POINT ( 'NONE',  ( -0.2499999999999997780, 0.000000000000000000, 0.6249999999999994449 ) ) ;
#537 = LINE ( 'NONE', #1044, #1422 ) ;
#538 = ADVANCED_FACE ( 'NONE', ( #1639 ), #281, .F. ) ;
#539 = EDGE_CURVE ( 'NONE', #467, #1849, #1138, .T. ) ;
#540 = VECTOR ( 'NONE', #1854, 1000.000000000000000 ) ;
#541 = LINE ( 'NONE', #29, #699 ) ;
#542 = ORIENTED_EDGE ( 'NONE', *, *, #1489, .T. ) ;
#543 = FILL_AREA_STYLE_COLOUR ( '', #1806 ) ;
#544 = ORIENTED_EDGE ( 'NONE', *, *, #1594, .F. ) ;
#545 = CARTESIAN_POINT ( 'NONE',  ( 0.7499999999999997780, 0.2000000000000000111, -0.6250000000000003331 ) ) ;
#546 = CARTESIAN_POINT ( 'NONE',  ( -0.2499999999999997780, 0.04999999999999999584, 0.3749999999999996669 ) ) ;
#547 = ADVANCED_FACE ( 'NONE', ( #1808 ), #1317, .T. ) ;
#548 = DIRECTION ( 'NONE',  ( -0.000000000000000000, -1.000000000000000000, -0.000000000000000000 ) ) ;
#549 = LINE ( 'NONE', #1392, #23 ) ;
#550 = DIRECTION ( 'NONE',  ( -3.252606517456513302E-16, 0.000000000000000000, -1.000000000000000000 ) ) ;
#551 = VECTOR ( 'NONE', #766, 1000.000000000000000 ) ;
#552 = AXIS2_PLACEMENT_3D ( 'NONE', #870, #1552, #2072 ) ;
#553 = FACE_OUTER_BOUND ( 'NONE', #1724, .T. ) ;
#554 = EDGE_LOOP ( 'NONE', ( #2115, #2045, #792, #633 ) ) ;
#555 = LINE ( 'NONE', #2128, #1942 ) ;
#556 = DIRECTION ( 'NONE',  ( 0.000000000000000000, -1.000000000000000000, -0.000000000000000000 ) ) ;
#557 = DIRECTION ( 'NONE',  ( -1.000000000000000000, 0.000000000000000000, 3.252606517456513302E-16 ) ) ;
#558 = VECTOR ( 'NONE', #1454, 1000.000000000000000 ) ;
#559 = FACE_OUTER_BOUND ( 'NONE', #580, .T. ) ;
#560 = DIRECTION ( 'NONE',  ( -3.252606517456513302E-16, 0.000000000000000000, -1.000000000000000000 ) ) ;
#561 = VECTOR ( 'NONE', #1194, 1000.000000000000000 ) ;
#562 = EDGE_CURVE ( 'NONE', #1712, #1347, #127, .T. ) ;
#563 = EDGE_CURVE ( 'NONE', #1571, #1279, #514, .T. ) ;
#564 = PLANE ( 'NONE',  #2065 ) ;
#565 = EDGE_LOOP ( 'NONE', ( #1187, #1860, #1175, #2181 ) ) ;
#566 = DIRECTION ( 'NONE',  ( 3.252606517456513302E-16, 0.000000000000000000, -1.000000000000000000 ) ) ;
#567 = CARTESIAN_POINT ( 'NONE',  ( -0.7499999999999997780, 0.1999999999999999833, 0.1249999999999996808 ) ) ;
#568 = CARTESIAN_POINT ( 'NONE',  ( 0.000000000000000000, 0.000000000000000000, 0.5000000000000000000 ) ) ;
#569 = DIRECTION ( 'NONE',  ( -1.000000000000000000, 0.000000000000000000, 0.000000000000000000 ) ) ;
#570 = CARTESIAN_POINT ( 'NONE',  ( 0.7499999999999997780, 0.000000000000000000, 0.6249999999999996669 ) ) ;
#571 = EDGE_CURVE ( 'NONE', #1226, #2222, #1550, .T. ) ;
#572 = DIRECTION ( 'NONE',  ( -0.000000000000000000, -0.000000000000000000, 1.000000000000000000 ) ) ;
#573 = CARTESIAN_POINT ( 'NONE',  ( 0.7499999999999997780, 0.2000000000000000111, 0.1249999999999996808 ) ) ;
#574 = ORIENTED_EDGE ( 'NONE', *, *, #1205, .T. ) ;
#575 = CARTESIAN_POINT ( 'NONE',  ( 0.2499999999999997780, 0.2000000000000000111, -0.3750000000000004996 ) ) ;
#576 = LINE ( 'NONE', #90, #1558 ) ;
#577 = CARTESIAN_POINT ( 'NONE',  ( 0.2499999999999997780, 0.04999999999999999584, 0.3749999999999996669 ) ) ;
#578 = DIRECTION ( 'NONE',  ( 1.000000000000000000, -0.000000000000000000, -3.252606517456513302E-16 ) ) ;
#579 = DIRECTION ( 'NONE',  ( 0.000000000000000000, -0.000000000000000000, -1.000000000000000000 ) ) ;
#580 = EDGE_LOOP ( 'NONE', ( #1017, #647, #1140, #823 ) ) ;
#581 = EDGE_CURVE ( 'NONE', #1364, #1571, #2226, .T. ) ;
#582 = VECTOR ( 'NONE', #579, 1000.000000000000000 ) ;
#583 = LINE ( 'NONE', #2146, #1761 ) ;
#584 = VERTEX_POINT ( 'NONE', #2214 ) ;
#585 = DIRECTION ( 'NONE',  ( 0.000000000000000000, 0.000000000000000000, 1.000000000000000000 ) ) ;
#586 = LINE ( 'NONE', #745, #1070 ) ;
#587 = LINE ( 'NONE', #1814, #1313 ) ;
#588 = ORIENTED_EDGE ( 'NONE', *, *, #1036, .F. ) ;
#589 = VECTOR ( 'NONE', #1457, 1000.000000000000000 ) ;
#590 = CARTESIAN_POINT ( 'NONE',  ( -0.1499999999999998002, 0.2000000000000000111, -0.5249999999999999112 ) ) ;
#591 = ORIENTED_EDGE ( 'NONE', *, *, #562, .F. ) ;
#592 = DIRECTION ( 'NONE',  ( 0.000000000000000000, 1.000000000000000000, 0.000000000000000000 ) ) ;
#593 = DIRECTION ( 'NONE',  ( -0.000000000000000000, -0.000000000000000000, 1.000000000000000000 ) ) ;
#594 = DIRECTION ( 'NONE',  ( -1.000000000000000000, -0.000000000000000000, -0.000000000000000000 ) ) ;
#595 = DIRECTION ( 'NONE',  ( 0.000000000000000000, -1.000000000000000000, -0.000000000000000000 ) ) ;
#596 = CARTESIAN_POINT ( 'NONE',  ( -0.5299999999999998046, 0.7500000000000000000, -0.4350000000000003864 ) ) ;
#597 = ADVANCED_FACE ( 'NONE', ( #1701 ), #523, .F. ) ;
#598 = ORIENTED_EDGE ( 'NONE', *, *, #1534, .F. ) ;
#599 = DIRECTION ( 'NONE',  ( -0.000000000000000000, 1.000000000000000000, 0.000000000000000000 ) ) ;
#600 = ORIENTED_EDGE ( 'NONE', *, *, #1253, .F. ) ;
#601 = CARTESIAN_POINT ( 'NONE',  ( 0.7500000000000004441, 0.05000000000000000278, 0.7499999999999995559 ) ) ;
#602 = CARTESIAN_POINT ( 'NONE',  ( -0.7499999999999997780, 0.7590169943749472958, 0.6249999999999996669 ) ) ;
#603 = SURFACE_SIDE_STYLE ('',( #250 ) ) ;
#604 = ORIENTED_EDGE ( 'NONE', *, *, #1386, .F. ) ;
#605 = CARTESIAN_POINT ( 'NONE',  ( -0.2499999999999997780, 0.7590169943749472958, 0.3749999999999996669 ) ) ;
#606 = AXIS2_PLACEMENT_3D ( 'NONE', #1597, #592, #392 ) ;
#607 = CARTESIAN_POINT ( 'NONE',  ( -0.5299999999999998046, 0.8000000000000000444, -0.5300000000000003597 ) ) ;
#608 = ORIENTED_EDGE ( 'NONE', *, *, #1720, .T. ) ;
#609 = VECTOR ( 'NONE', #708, 1000.000000000000000 ) ;
#610 = DIRECTION ( 'NONE',  ( -0.000000000000000000, 1.000000000000000000, -0.000000000000000000 ) ) ;
#611 = VERTEX_POINT ( 'NONE', #681 ) ;
#612 = CIRCLE ( 'NONE', #2127, 0.09500000000000002887 ) ;
#613 = EDGE_LOOP ( 'NONE', ( #691, #955, #2217, #1164 ) ) ;
#614 = CARTESIAN_POINT ( 'NONE',  ( 0.7499999999999997780, 0.000000000000000000, -0.1250000000000003331 ) ) ;
#615 = EDGE_CURVE ( 'NONE', #1364, #611, #1713, .T. ) ;
#616 =( LENGTH_UNIT ( ) NAMED_UNIT ( * ) SI_UNIT ( .MILLI., .METRE. ) );
#617 = DIRECTION ( 'NONE',  ( -1.000000000000000000, 0.000000000000000000, -3.252606517456513302E-16 ) ) ;
#618 = ORIENTED_EDGE ( 'NONE', *, *, #1124, .T. ) ;
#619 = ORIENTED_EDGE ( 'NONE', *, *, #757, .T. ) ;
#620 = CARTESIAN_POINT ( 'NONE',  ( 0.2499999999999997780, 0.2000000000000000111, 0.3749999999999996669 ) ) ;
#621 = DIRECTION ( 'NONE',  ( 0.000000000000000000, -1.000000000000000000, 0.000000000000000000 ) ) ;
#622 = ORIENTED_EDGE ( 'NONE', *, *, #11, .F. ) ;
#623 = VECTOR ( 'NONE', #5, 1000.000000000000000 ) ;
#624 = PLANE ( 'NONE',  #725 ) ;
#625 = ORIENTED_EDGE ( 'NONE', *, *, #433, .T. ) ;
#626 = ORIENTED_EDGE ( 'NONE', *, *, #1630, .T. ) ;
#627 = DIRECTION ( 'NONE',  ( -1.000000000000000000, 0.000000000000000000, 0.000000000000000000 ) ) ;
#628 = AXIS2_PLACEMENT_3D ( 'NONE', #1283, #407, #1973 ) ;
#629 = CARTESIAN_POINT ( 'NONE',  ( 0.7499999999999997780, 0.000000000000000000, 0.6249999999999996669 ) ) ;
#630 = EDGE_CURVE ( 'NONE', #1108, #1387, #2057, .T. ) ;
#631 = PLANE ( 'NONE',  #1888 ) ;
#632 = ORIENTED_EDGE ( 'NONE', *, *, #698, .F. ) ;
#633 = ORIENTED_EDGE ( 'NONE', *, *, #1124, .F. ) ;
#634 = LINE ( 'NONE', #132, #639 ) ;
#635 = DIRECTION ( 'NONE',  ( 1.000000000000000000, 0.000000000000000000, 3.252606517456513302E-16 ) ) ;
#636 = ORIENTED_EDGE ( 'NONE', *, *, #1672, .T. ) ;
#637 =( NAMED_UNIT ( * ) PLANE_ANGLE_UNIT ( ) SI_UNIT ( $, .RADIAN. ) );
#638 = ADVANCED_FACE ( 'NONE', ( #3 ), #692, .F. ) ;
#639 = VECTOR ( 'NONE', #2182, 1000.000000000000000 ) ;
#640 = ORIENTED_EDGE ( 'NONE', *, *, #193, .F. ) ;
#641 =( NAMED_UNIT ( * ) SI_UNIT ( $, .STERADIAN. ) SOLID_ANGLE_UNIT ( ) );
#642 = FACE_OUTER_BOUND ( 'NONE', #992, .T. ) ;
#643 = ORIENTED_EDGE ( 'NONE', *, *, #2054, .F. ) ;
#644 = ORIENTED_EDGE ( 'NONE', *, *, #729, .F. ) ;
#645 = CARTESIAN_POINT ( 'NONE',  ( 0.7499999999999997780, 0.2000000000000000111, -0.3750000000000003331 ) ) ;
#646 = FACE_OUTER_BOUND ( 'NONE', #956, .T. ) ;
#647 = ORIENTED_EDGE ( 'NONE', *, *, #138, .T. ) ;
#648 = DIRECTION ( 'NONE',  ( -1.000000000000000000, 0.000000000000000000, 3.252606517456513302E-16 ) ) ;
#649 = EDGE_CURVE ( 'NONE', #584, #1993, #849, .T. ) ;
#650 = VERTEX_POINT ( 'NONE', #1369 ) ;
#651 = CARTESIAN_POINT ( 'NONE',  ( -0.7499999999999997780, 0.7590169943749472958, 0.1249999999999996808 ) ) ;
#652 = AXIS2_PLACEMENT_3D ( 'NONE', #1944, #255, #938 ) ;
#653 = ORIENTED_EDGE ( 'NONE', *, *, #1630, .F. ) ;
#654 = DIRECTION ( 'NONE',  ( 0.000000000000000000, 0.000000000000000000, 1.000000000000000000 ) ) ;
#655 = SURFACE_SIDE_STYLE ('',( #2188 ) ) ;
#656 = COLOUR_RGB ( '',0.7921568627450980005, 0.8196078431372548767, 0.9333333333333333481 ) ;
#657 = ORIENTED_EDGE ( 'NONE', *, *, #1762, .F. ) ;
#658 = VECTOR ( 'NONE', #2068, 1000.000000000000000 ) ;
#659 = VERTEX_POINT ( 'NONE', #1879 ) ;
#660 = DIRECTION ( 'NONE',  ( 0.000000000000000000, 0.000000000000000000, 1.000000000000000000 ) ) ;
#661 = DIRECTION ( 'NONE',  ( -1.000000000000000000, 0.000000000000000000, -3.252606517456513302E-16 ) ) ;
#662 = CLOSED_SHELL ( 'NONE', ( #1146, #357, #1182, #768, #1084, #379, #960 ) ) ;
#663 = ORIENTED_EDGE ( 'NONE', *, *, #818, .T. ) ;
#664 = LINE ( 'NONE', #488, #1105 ) ;
#665 = EDGE_CURVE ( 'NONE', #283, #358, #1546, .T. ) ;
#666 = ORIENTED_EDGE ( 'NONE', *, *, #1448, .F. ) ;
#667 = UNCERTAINTY_MEASURE_WITH_UNIT (LENGTH_MEASURE( 1.000000000000000082E-05 ), #495, 'distance_accuracy_value', 'NONE');
#668 = AXIS2_PLACEMENT_3D ( 'NONE', #2142, #1798, #239 ) ;
#669 = ORIENTED_EDGE ( 'NONE', *, *, #914, .F. ) ;
#670 = DIRECTION ( 'NONE',  ( 0.000000000000000000, -1.000000000000000000, -0.000000000000000000 ) ) ;
#671 = CARTESIAN_POINT ( 'NONE',  ( -0.5299999999999998046, 0.4812994231491118380, -0.5300000000000003597 ) ) ;
#672 = VERTEX_POINT ( 'NONE', #1580 ) ;
#673 = AXIS2_PLACEMENT_3D ( 'NONE', #396, #1727, #1401 ) ;
#674 = CARTESIAN_POINT ( 'NONE',  ( 0.2499999999999997780, 0.1999999999999999833, -0.1250000000000003331 ) ) ;
#675 = DIRECTION ( 'NONE',  ( 0.000000000000000000, 0.000000000000000000, -1.000000000000000000 ) ) ;
#676 = CARTESIAN_POINT ( 'NONE',  ( 0.2499999999999997780, 0.2000000000000000111, -0.1250000000000003331 ) ) ;
#677 = ORIENTED_EDGE ( 'NONE', *, *, #763, .T. ) ;
#678 = CARTESIAN_POINT ( 'NONE',  ( 0.2499999999999997780, 0.1999999999999999833, 0.6249999999999994449 ) ) ;
#679 = CARTESIAN_POINT ( 'NONE',  ( 0.000000000000000000, 0.000000000000000000, 0.000000000000000000 ) ) ;
#680 = ORIENTED_EDGE ( 'NONE', *, *, #1520, .T. ) ;
#681 = CARTESIAN_POINT ( 'NONE',  ( 0.7500000000000004441, 0.05000000000000000278, 0.7499999999999995559 ) ) ;
#682 = VECTOR ( 'NONE', #966, 1000.000000000000000 ) ;
#683 = ORIENTED_EDGE ( 'NONE', *, *, #466, .T. ) ;
#684 = CARTESIAN_POINT ( 'NONE',  ( 0.2499999999999997780, 0.04999999999999999584, -0.1250000000000003331 ) ) ;
#685 = DIRECTION ( 'NONE',  ( 0.000000000000000000, 0.000000000000000000, -1.000000000000000000 ) ) ;
#686 = FACE_OUTER_BOUND ( 'NONE', #980, .T. ) ;
#687 = CARTESIAN_POINT ( 'NONE',  ( 0.2499999999999997780, 0.2000000000000000111, -0.6250000000000003331 ) ) ;
#688 = SHAPE_DEFINITION_REPRESENTATION ( #47, #701 ) ;
#689 = UNCERTAINTY_MEASURE_WITH_UNIT (LENGTH_MEASURE( 1.000000000000000082E-05 ), #166, 'distance_accuracy_value', 'NONE');
#690 = AXIS2_PLACEMENT_3D ( 'NONE', #928, #1927, #1109 ) ;
#691 = ORIENTED_EDGE ( 'NONE', *, *, #2131, .F. ) ;
#692 = PLANE ( 'NONE',  #1055 ) ;
#693 = ORIENTED_EDGE ( 'NONE', *, *, #1954, .T. ) ;
#694 = CIRCLE ( 'NONE', #1660, 0.09500000000000002887 ) ;
#695 = EDGE_CURVE ( 'NONE', #153, #1330, #376, .T. ) ;
#696 = LINE ( 'NONE', #1716, #442 ) ;
#697 = CARTESIAN_POINT ( 'NONE',  ( 0.7499999999999997780, 0.2000000000000000111, -0.3750000000000003331 ) ) ;
#698 = EDGE_CURVE ( 'NONE', #1849, #1745, #1696, .T. ) ;
#699 = VECTOR ( 'NONE', #726, 1000.000000000000000 ) ;
#700 = LINE ( 'NONE', #1873, #48 ) ;
#701 = ADVANCED_BREP_SHAPE_REPRESENTATION ( 'TPS3899DL29DSER', ( #1963, #489, #1931, #1922, #447, #1192, #1952, #1977, #2095 ), #73 ) ;
#702 = EDGE_CURVE ( 'NONE', #1147, #2168, #211, .T. ) ;
#703 = EDGE_LOOP ( 'NONE', ( #130, #1294, #1985, #327 ) ) ;
#704 = ADVANCED_FACE ( 'NONE', ( #888 ), #1709, .F. ) ;
#705 = CARTESIAN_POINT ( 'NONE',  ( -0.2499999999999997780, 0.000000000000000000, 0.1249999999999995143 ) ) ;
#706 = ORIENTED_EDGE ( 'NONE', *, *, #49, .F. ) ;
#707 = CARTESIAN_POINT ( 'NONE',  ( 0.2499999999999997780, 0.1999999999999999833, -0.1250000000000003331 ) ) ;
#708 = DIRECTION ( 'NONE',  ( -1.000000000000000000, 0.000000000000000000, 0.000000000000000000 ) ) ;
#709 = VECTOR ( 'NONE', #274, 1000.000000000000000 ) ;
#710 = CARTESIAN_POINT ( 'NONE',  ( -0.2499999999999997780, 0.000000000000000000, -0.6250000000000003331 ) ) ;
#711 = DIRECTION ( 'NONE',  ( 3.252606517456513302E-16, 0.000000000000000000, -1.000000000000000000 ) ) ;
#712 = EDGE_CURVE ( 'NONE', #1612, #2005, #1875, .T. ) ;
#713 = ORIENTED_EDGE ( 'NONE', *, *, #493, .F. ) ;
#714 = EDGE_LOOP ( 'NONE', ( #1690, #1144, #732, #306 ) ) ;
#715 = LINE ( 'NONE', #1371, #1525 ) ;
#716 = FACE_OUTER_BOUND ( 'NONE', #1772, .T. ) ;
#717 = CARTESIAN_POINT ( 'NONE',  ( 0.7500000000000004441, 0.7999999999999999334, 0.7499999999999995559 ) ) ;
#718 = CARTESIAN_POINT ( 'NONE',  ( -0.2499999999999997780, 0.2000000000000000111, 0.3749999999999996669 ) ) ;
#719 = EDGE_CURVE ( 'NONE', #1674, #1688, #1337, .T. ) ;
#720 = ORIENTED_EDGE ( 'NONE', *, *, #1535, .T. ) ;
#721 = DIRECTION ( 'NONE',  ( -0.000000000000000000, -1.000000000000000000, -0.000000000000000000 ) ) ;
#722 = LINE ( 'NONE', #375, #978 ) ;
#723 = CARTESIAN_POINT ( 'NONE',  ( -0.7499999999999997780, 0.7590169943749472958, -0.6250000000000003331 ) ) ;
#724 = CARTESIAN_POINT ( 'NONE',  ( 0.2499999999999997780, 0.1999999999999999833, 0.6249999999999994449 ) ) ;
#725 = AXIS2_PLACEMENT_3D ( 'NONE', #1173, #490, #151 ) ;
#726 = DIRECTION ( 'NONE',  ( -0.000000000000000000, -1.000000000000000000, -0.000000000000000000 ) ) ;
#727 = AXIS2_PLACEMENT_3D ( 'NONE', #1953, #711, #1769 ) ;
#728 = EDGE_CURVE ( 'NONE', #409, #1946, #2233, .T. ) ;
#729 = EDGE_CURVE ( 'NONE', #1147, #835, #664, .T. ) ;
#730 = VECTOR ( 'NONE', #886, 1000.000000000000000 ) ;
#731 = FILL_AREA_STYLE ('',( #543 ) ) ;
#732 = ORIENTED_EDGE ( 'NONE', *, *, #712, .T. ) ;
#733 = CARTESIAN_POINT ( 'NONE',  ( -0.2499999999999997780, 0.2000000000000000111, 0.1249999999999995143 ) ) ;
#734 = PLANE ( 'NONE',  #1733 ) ;
#735 = LINE ( 'NONE', #55, #1431 ) ;
#736 = VECTOR ( 'NONE', #1787, 1000.000000000000000 ) ;
#737 = CARTESIAN_POINT ( 'NONE',  ( -0.7499999999999997780, 0.2000000000000000111, -0.3750000000000003331 ) ) ;
#738 = EDGE_CURVE ( 'NONE', #829, #1108, #1000, .T. ) ;
#739 = DIRECTION ( 'NONE',  ( -1.000000000000000000, 0.000000000000000000, 3.252606517456513302E-16 ) ) ;
#740 = AXIS2_PLACEMENT_3D ( 'NONE', #1592, #569, #1251 ) ;
#741 = DIRECTION ( 'NONE',  ( 0.000000000000000000, -1.000000000000000000, 0.000000000000000000 ) ) ;
#742 = EDGE_LOOP ( 'NONE', ( #2023, #804, #1329, #96 ) ) ;
#743 = DIRECTION ( 'NONE',  ( -0.000000000000000000, -1.000000000000000000, -0.000000000000000000 ) ) ;
#744 = DIRECTION ( 'NONE',  ( -1.000000000000000000, 0.000000000000000000, 3.252606517456513302E-16 ) ) ;
#745 = CARTESIAN_POINT ( 'NONE',  ( -0.7499999999999997780, 0.2000000000000000111, 0.1249999999999996808 ) ) ;
#746 = CARTESIAN_POINT ( 'NONE',  ( -0.7499999999999997780, 0.7590169943749472958, 0.1249999999999996808 ) ) ;
#747 = EDGE_CURVE ( 'NONE', #1279, #1221, #845, .T. ) ;
#748 = AXIS2_PLACEMENT_3D ( 'NONE', #1306, #2151, #270 ) ;
#749 = CARTESIAN_POINT ( 'NONE',  ( -0.7499999999999997780, 0.000000000000000000, -0.3750000000000003331 ) ) ;
#750 = ORIENTED_EDGE ( 'NONE', *, *, #968, .F. ) ;
#751 = CARTESIAN_POINT ( 'NONE',  ( -0.2499999999999997780, 0.1999999999999999833, 0.1249999999999995143 ) ) ;
#752 = ORIENTED_EDGE ( 'NONE', *, *, #288, .T. ) ;
#753 = CARTESIAN_POINT ( 'NONE',  ( 0.2499999999999997780, 0.000000000000000000, -0.6250000000000003331 ) ) ;
#754 =( LENGTH_UNIT ( ) NAMED_UNIT ( * ) SI_UNIT ( .MILLI., .METRE. ) );
#755 = DIRECTION ( 'NONE',  ( -0.000000000000000000, 0.000000000000000000, 1.000000000000000000 ) ) ;
#756 = FILL_AREA_STYLE ('',( #92 ) ) ;
#757 = EDGE_CURVE ( 'NONE', #1108, #2135, #1352, .T. ) ;
#758 = CARTESIAN_POINT ( 'NONE',  ( -0.7499999999999997780, 0.05000000000000000278, -0.6250000000000003331 ) ) ;
#759 = EDGE_LOOP ( 'NONE', ( #1700, #287, #144, #1508 ) ) ;
#760 = AXIS2_PLACEMENT_3D ( 'NONE', #444, #1494, #1275 ) ;
#761 = VECTOR ( 'NONE', #1030, 1000.000000000000000 ) ;
#762 = LINE ( 'NONE', #1118, #115 ) ;
#763 = EDGE_CURVE ( 'NONE', #332, #2030, #2223, .T. ) ;
#764 = EDGE_LOOP ( 'NONE', ( #720, #1828, #1668, #846 ) ) ;
#765 = CARTESIAN_POINT ( 'NONE',  ( 0.2499999999999997780, 0.7590169943749472958, 0.1249999999999995143 ) ) ;
#766 = DIRECTION ( 'NONE',  ( 1.000000000000000000, 0.000000000000000000, 0.000000000000000000 ) ) ;
#767 = CARTESIAN_POINT ( 'NONE',  ( -0.2499999999999997780, 0.1999999999999999833, -0.6250000000000003331 ) ) ;
#768 = ADVANCED_FACE ( 'NONE', ( #303 ), #989, .F. ) ;
#769 = ADVANCED_FACE ( 'NONE', ( #1400 ), #1184, .F. ) ;
#770 = CARTESIAN_POINT ( 'NONE',  ( 0.7499999999999997780, 0.04999999999999999584, 0.3749999999999996669 ) ) ;
#771 = DIRECTION ( 'NONE',  ( 0.000000000000000000, -0.000000000000000000, 1.000000000000000000 ) ) ;
#772 = CARTESIAN_POINT ( 'NONE',  ( 0.7499999999999997780, 0.2000000000000000111, 0.6249999999999996669 ) ) ;
#773 = ORIENTED_EDGE ( 'NONE', *, *, #1730, .T. ) ;
#774 = VECTOR ( 'NONE', #106, 1000.000000000000000 ) ;
#775 = LINE ( 'NONE', #1636, #1519 ) ;
#776 = EDGE_CURVE ( 'NONE', #189, #2098, #1865, .T. ) ;
#777 = ORIENTED_EDGE ( 'NONE', *, *, #304, .T. ) ;
#778 = LINE ( 'NONE', #2009, #395 ) ;
#779 = PRESENTATION_STYLE_ASSIGNMENT (( #1272 ) ) ;
#780 = DIRECTION ( 'NONE',  ( 0.000000000000000000, 0.000000000000000000, -1.000000000000000000 ) ) ;
#781 = ADVANCED_FACE ( 'NONE', ( #1363 ), #855, .F. ) ;
#782 = DIRECTION ( 'NONE',  ( 0.000000000000000000, 0.000000000000000000, 1.000000000000000000 ) ) ;
#783 = FACE_OUTER_BOUND ( 'NONE', #165, .T. ) ;
#784 = CARTESIAN_POINT ( 'NONE',  ( 0.7499999999999997780, 0.1999999999999999833, -0.3750000000000003331 ) ) ;
#785 = ORIENTED_EDGE ( 'NONE', *, *, #757, .F. ) ;
#786 = DIRECTION ( 'NONE',  ( 0.000000000000000000, 1.000000000000000000, 0.000000000000000000 ) ) ;
#787 = VERTEX_POINT ( 'NONE', #1027 ) ;
#788 = FACE_OUTER_BOUND ( 'NONE', #1677, .T. ) ;
#789 = DIRECTION ( 'NONE',  ( 1.000000000000000000, -0.000000000000000000, 0.000000000000000000 ) ) ;
#790 = PLANE ( 'NONE',  #491 ) ;
#791 = VERTEX_POINT ( 'NONE', #687 ) ;
#792 = ORIENTED_EDGE ( 'NONE', *, *, #1043, .F. ) ;
#793 = CARTESIAN_POINT ( 'NONE',  ( -0.2499999999999997780, 0.7590169943749472958, 0.6249999999999994449 ) ) ;
#794 = AXIS2_PLACEMENT_3D ( 'NONE', #575, #451, #1628 ) ;
#795 = CARTESIAN_POINT ( 'NONE',  ( -0.1499999999999998002, 0.05000000000000000278, -0.5249999999999999112 ) ) ;
#796 = ORIENTED_EDGE ( 'NONE', *, *, #503, .F. ) ;
#797 = VECTOR ( 'NONE', #1553, 1000.000000000000000 ) ;
#798 = AXIS2_PLACEMENT_3D ( 'NONE', #1604, #599, #61 ) ;
#799 = EDGE_CURVE ( 'NONE', #1571, #838, #1231, .T. ) ;
#800 = ORIENTED_EDGE ( 'NONE', *, *, #1496, .F. ) ;
#801 = ORIENTED_EDGE ( 'NONE', *, *, #1333, .F. ) ;
#802 = LINE ( 'NONE', #2177, #1374 ) ;
#803 = CARTESIAN_POINT ( 'NONE',  ( -0.2499999999999997780, 0.2000000000000000111, 0.3749999999999996669 ) ) ;
#804 = ORIENTED_EDGE ( 'NONE', *, *, #128, .F. ) ;
#805 = ORIENTED_EDGE ( 'NONE', *, *, #959, .T. ) ;
#806 = DIRECTION ( 'NONE',  ( -0.000000000000000000, 1.000000000000000000, -0.000000000000000000 ) ) ;
#807 = DIRECTION ( 'NONE',  ( -0.000000000000000000, -1.000000000000000000, -0.000000000000000000 ) ) ;
#808 = EDGE_CURVE ( 'NONE', #791, #119, #634, .T. ) ;
#809 = ORIENTED_EDGE ( 'NONE', *, *, #2120, .T. ) ;
#810 = PRODUCT_DEFINITION ( 'UNKNOWN', '', #1338, #2066 ) ;
#811 = DIRECTION ( 'NONE',  ( 0.000000000000000000, 0.000000000000000000, -1.000000000000000000 ) ) ;
#812 = ORIENTED_EDGE ( 'NONE', *, *, #1903, .T. ) ;
#813 = PRESENTATION_STYLE_ASSIGNMENT (( #438 ) ) ;
#814 = FACE_OUTER_BOUND ( 'NONE', #1652, .T. ) ;
#815 = ORIENTED_EDGE ( 'NONE', *, *, #1534, .T. ) ;
#816 = FACE_OUTER_BOUND ( 'NONE', #554, .T. ) ;
#817 = DIRECTION ( 'NONE',  ( -0.000000000000000000, -1.000000000000000000, -0.000000000000000000 ) ) ;
#818 = EDGE_CURVE ( 'NONE', #1353, #25, #457, .T. ) ;
#819 = CARTESIAN_POINT ( 'NONE',  ( -0.1499999999999998002, 0.1999999999999999833, -0.3750000000000004996 ) ) ;
#820 = ADVANCED_FACE ( 'NONE', ( #783 ), #1799, .F. ) ;
#821 = ORIENTED_EDGE ( 'NONE', *, *, #1446, .F. ) ;
#822 = CARTESIAN_POINT ( 'NONE',  ( 0.7500000000000002220, 0.05000000000000000278, -0.7500000000000004441 ) ) ;
#823 = ORIENTED_EDGE ( 'NONE', *, *, #2147, .T. ) ;
#824 = AXIS2_PLACEMENT_3D ( 'NONE', #1284, #252, #1152 ) ;
#825 = ORIENTED_EDGE ( 'NONE', *, *, #982, .F. ) ;
#826 = PLANE ( 'NONE',  #2011 ) ;
#827 = CARTESIAN_POINT ( 'NONE',  ( 0.000000000000000000, 0.05000000000000000278, 0.000000000000000000 ) ) ;
#828 = ORIENTED_EDGE ( 'NONE', *, *, #1426, .T. ) ;
#829 = VERTEX_POINT ( 'NONE', #620 ) ;
#830 = DIRECTION ( 'NONE',  ( 0.000000000000000000, -1.000000000000000000, 0.000000000000000000 ) ) ;
#831 = CARTESIAN_POINT ( 'NONE',  ( -0.7499999999999997780, 0.1999999999999999833, -0.6250000000000003331 ) ) ;
#832 = VERTEX_POINT ( 'NONE', #1321 ) ;
#833 = DIRECTION ( 'NONE',  ( 0.000000000000000000, 0.000000000000000000, -1.000000000000000000 ) ) ;
#834 = CARTESIAN_POINT ( 'NONE',  ( 0.2499999999999997780, 0.000000000000000000, 0.6249999999999994449 ) ) ;
#835 = VERTEX_POINT ( 'NONE', #1103 ) ;
#836 = CARTESIAN_POINT ( 'NONE',  ( -0.5299999999999998046, 0.7500000000000000000, -0.4350000000000003864 ) ) ;
#837 = AXIS2_PLACEMENT_3D ( 'NONE', #1230, #1747, #1579 ) ;
#838 = VERTEX_POINT ( 'NONE', #1788 ) ;
#839 = EDGE_LOOP ( 'NONE', ( #693, #256, #2, #272 ) ) ;
#840 = PLANE ( 'NONE',  #399 ) ;
#841 = ADVANCED_FACE ( 'NONE', ( #1837 ), #285, .F. ) ;
#842 = LINE ( 'NONE', #1851, #561 ) ;
#843 = VECTOR ( 'NONE', #172, 1000.000000000000000 ) ;
#844 = EDGE_LOOP ( 'NONE', ( #199, #440, #1438, #2071 ) ) ;
#845 = LINE ( 'NONE', #822, #2014 ) ;
#846 = ORIENTED_EDGE ( 'NONE', *, *, #2199, .T. ) ;
#847 = MECHANICAL_DESIGN_GEOMETRIC_PRESENTATION_REPRESENTATION (  '', ( #2075 ), #1129 ) ;
#848 = ORIENTED_EDGE ( 'NONE', *, *, #458, .T. ) ;
#849 = LINE ( 'NONE', #1868, #1950 ) ;
#850 = ORIENTED_EDGE ( 'NONE', *, *, #2069, .T. ) ;
#851 = VECTOR ( 'NONE', #1373, 1000.000000000000000 ) ;
#852 = DIRECTION ( 'NONE',  ( 0.000000000000000000, -1.000000000000000000, -0.000000000000000000 ) ) ;
#853 = PLANE ( 'NONE',  #333 ) ;
#854 = CARTESIAN_POINT ( 'NONE',  ( 0.2499999999999997780, 0.7590169943749472958, 0.1249999999999995143 ) ) ;
#855 = PLANE ( 'NONE',  #422 ) ;
#856 = ADVANCED_FACE ( 'NONE', ( #93 ), #471, .F. ) ;
#857 = EDGE_CURVE ( 'NONE', #40, #70, #972, .T. ) ;
#858 = ORIENTED_EDGE ( 'NONE', *, *, #1026, .T. ) ;
#859 = DIRECTION ( 'NONE',  ( -0.000000000000000000, -1.000000000000000000, -0.000000000000000000 ) ) ;
#860 = AXIS2_PLACEMENT_3D ( 'NONE', #568, #1089, #1410 ) ;
#861 = EDGE_LOOP ( 'NONE', ( #2203, #470, #310, #1864 ) ) ;
#862 = DIRECTION ( 'NONE',  ( 0.000000000000000000, -1.000000000000000000, -0.000000000000000000 ) ) ;
#863 = DIRECTION ( 'NONE',  ( -0.000000000000000000, -0.000000000000000000, 1.000000000000000000 ) ) ;
#864 = FACE_OUTER_BOUND ( 'NONE', #1704, .T. ) ;
#865 = ADVANCED_FACE ( 'NONE', ( #1114 ), #1493, .T. ) ;
#866 = ADVANCED_FACE ( 'NONE', ( #1477 ), #299, .T. ) ;
#867 = ORIENTED_EDGE ( 'NONE', *, *, #531, .F. ) ;
#868 = DIRECTION ( 'NONE',  ( 0.000000000000000000, -0.000000000000000000, 1.000000000000000000 ) ) ;
#869 = ORIENTED_EDGE ( 'NONE', *, *, #1448, .T. ) ;
#870 = CARTESIAN_POINT ( 'NONE',  ( -0.5299999999999998046, 0.8000000000000000444, -0.5300000000000003597 ) ) ;
#871 = DIRECTION ( 'NONE',  ( 0.000000000000000000, 1.000000000000000000, 0.000000000000000000 ) ) ;
#872 = AXIS2_PLACEMENT_3D ( 'NONE', #57, #204, #883 ) ;
#873 = DIRECTION ( 'NONE',  ( -1.000000000000000000, 0.000000000000000000, -3.252606517456513302E-16 ) ) ;
#874 = EDGE_CURVE ( 'NONE', #1712, #1491, #1455, .T. ) ;
#875 = AXIS2_PLACEMENT_3D ( 'NONE', #671, #319, #2202 ) ;
#876 = ORIENTED_EDGE ( 'NONE', *, *, #1426, .F. ) ;
#877 = ORIENTED_EDGE ( 'NONE', *, *, #1333, .T. ) ;
#878 = DIRECTION ( 'NONE',  ( 0.000000000000000000, 0.000000000000000000, -1.000000000000000000 ) ) ;
#879 = CARTESIAN_POINT ( 'NONE',  ( -0.2499999999999997780, 0.2000000000000000111, 0.1249999999999995143 ) ) ;
#880 = VECTOR ( 'NONE', #661, 1000.000000000000000 ) ;
#881 = CARTESIAN_POINT ( 'NONE',  ( -0.7499999999999997780, 0.05000000000000000278, -0.7500000000000002220 ) ) ;
#882 = ADVANCED_FACE ( 'NONE', ( #263 ), #2191, .F. ) ;
#883 = DIRECTION ( 'NONE',  ( 1.000000000000000000, 0.000000000000000000, -0.000000000000000000 ) ) ;
#884 = FILL_AREA_STYLE ('',( #2022 ) ) ;
#885 = ORIENTED_EDGE ( 'NONE', *, *, #152, .T. ) ;
#886 = DIRECTION ( 'NONE',  ( 0.000000000000000000, -1.000000000000000000, 0.000000000000000000 ) ) ;
#887 = CARTESIAN_POINT ( 'NONE',  ( 0.2499999999999997780, 0.2000000000000000111, 0.6249999999999994449 ) ) ;
#888 = FACE_OUTER_BOUND ( 'NONE', #1362, .T. ) ;
#889 = FACE_OUTER_BOUND ( 'NONE', #2163, .T. ) ;
#890 = EDGE_CURVE ( 'NONE', #935, #1967, #1975, .T. ) ;
#891 = DIRECTION ( 'NONE',  ( -1.000000000000000000, 0.000000000000000000, 3.252606517456513302E-16 ) ) ;
#892 = VECTOR ( 'NONE', #1098, 1000.000000000000000 ) ;
#893 = DIRECTION ( 'NONE',  ( 1.000000000000000000, 0.000000000000000000, 0.000000000000000000 ) ) ;
#894 = ORIENTED_EDGE ( 'NONE', *, *, #581, .F. ) ;
#895 = DIRECTION ( 'NONE',  ( 0.000000000000000000, 0.000000000000000000, 1.000000000000000000 ) ) ;
#896 = CARTESIAN_POINT ( 'NONE',  ( 0.000000000000000000, 0.2000000000000000111, 0.5000000000000000000 ) ) ;
#897 = LINE ( 'NONE', #943, #1823 ) ;
#898 = DIRECTION ( 'NONE',  ( 1.000000000000000000, 0.000000000000000000, -1.445602896647339163E-16 ) ) ;
#899 = VECTOR ( 'NONE', #2038, 1000.000000000000000 ) ;
#900 = AXIS2_PLACEMENT_3D ( 'NONE', #1255, #610, #276 ) ;
#901 = CARTESIAN_POINT ( 'NONE',  ( 0.2499999999999997780, 0.000000000000000000, -0.3750000000000004996 ) ) ;
#902 = CARTESIAN_POINT ( 'NONE',  ( -0.2499999999999997780, 0.2000000000000000111, 0.3749999999999996669 ) ) ;
#903 = ORIENTED_EDGE ( 'NONE', *, *, #1886, .T. ) ;
#904 = ADVANCED_FACE ( 'NONE', ( #932 ), #1619, .T. ) ;
#905 = PLANE ( 'NONE',  #794 ) ;
#906 = DIRECTION ( 'NONE',  ( 1.000000000000000000, -0.000000000000000000, -3.252606517456513302E-16 ) ) ;
#907 = DIRECTION ( 'NONE',  ( 1.000000000000000000, 0.000000000000000000, 0.000000000000000000 ) ) ;
#908 = PRESENTATION_LAYER_ASSIGNMENT (  '', '', ( #1595 ) ) ;
#909 = CARTESIAN_POINT ( 'NONE',  ( -0.2499999999999997780, 0.000000000000000000, -0.3750000000000004996 ) ) ;
#910 = CARTESIAN_POINT ( 'NONE',  ( -0.2499999999999997780, 0.05000000000000000278, -0.6250000000000003331 ) ) ;
#911 = VECTOR ( 'NONE', #2207, 1000.000000000000000 ) ;
#912 = FACE_OUTER_BOUND ( 'NONE', #1309, .T. ) ;
#913 = EDGE_CURVE ( 'NONE', #1665, #996, #2154, .T. ) ;
#914 = EDGE_CURVE ( 'NONE', #2024, #2001, #1987, .T. ) ;
#915 = VERTEX_POINT ( 'NONE', #1644 ) ;
#916 = LINE ( 'NONE', #1439, #1195 ) ;
#917 = PLANE ( 'NONE',  #1159 ) ;
#918 = DIRECTION ( 'NONE',  ( 0.000000000000000000, 0.000000000000000000, -1.000000000000000000 ) ) ;
#919 = LINE ( 'NONE', #1631, #1771 ) ;
#920 = LINE ( 'NONE', #1393, #582 ) ;
#921 = AXIS2_PLACEMENT_3D ( 'NONE', #1128, #1465, #771 ) ;
#922 = EDGE_CURVE ( 'NONE', #314, #1330, #1659, .T. ) ;
#923 = ORIENTED_EDGE ( 'NONE', *, *, #290, .T. ) ;
#924 = FACE_OUTER_BOUND ( 'NONE', #474, .T. ) ;
#925 = EDGE_CURVE ( 'NONE', #2173, #1351, #528, .T. ) ;
#926 = ADVANCED_FACE ( 'NONE', ( #1180 ), #840, .F. ) ;
#927 = ORIENTED_EDGE ( 'NONE', *, *, #1924, .T. ) ;
#928 = CARTESIAN_POINT ( 'NONE',  ( 0.2499999999999997780, 0.7590169943749472958, 0.3749999999999996669 ) ) ;
#929 = DIRECTION ( 'NONE',  ( -1.000000000000000000, 0.000000000000000000, -3.252606517456513302E-16 ) ) ;
#930 = CARTESIAN_POINT ( 'NONE',  ( -0.1499999999999998002, 0.000000000000000000, -0.5249999999999999112 ) ) ;
#931 = CARTESIAN_POINT ( 'NONE',  ( 0.7499999999999997780, 0.1999999999999999833, 0.6249999999999996669 ) ) ;
#932 = FACE_OUTER_BOUND ( 'NONE', #2176, .T. ) ;
#933 = LINE ( 'NONE', #1800, #709 ) ;
#934 = CIRCLE ( 'NONE', #652, 0.09500000000000002887 ) ;
#935 = VERTEX_POINT ( 'NONE', #697 ) ;
#936 = EDGE_CURVE ( 'NONE', #522, #158, #694, .T. ) ;
#937 = VECTOR ( 'NONE', #1188, 1000.000000000000000 ) ;
#938 = DIRECTION ( 'NONE',  ( 0.000000000000000000, 0.000000000000000000, 1.000000000000000000 ) ) ;
#939 = CLOSED_SHELL ( 'NONE', ( #2160, #1802, #1554, #926, #1366, #1134 ) ) ;
#940 = ORIENTED_EDGE ( 'NONE', *, *, #251, .T. ) ;
#941 = CARTESIAN_POINT ( 'NONE',  ( -0.1499999999999998002, 0.2000000000000000111, -0.3750000000000004996 ) ) ;
#942 = DIRECTION ( 'NONE',  ( 0.000000000000000000, 0.000000000000000000, 1.000000000000000000 ) ) ;
#943 = CARTESIAN_POINT ( 'NONE',  ( 0.7499999999999997780, 0.2000000000000000111, 0.1249999999999996808 ) ) ;
#944 = PLANE ( 'NONE',  #668 ) ;
#945 = DIRECTION ( 'NONE',  ( 0.000000000000000000, 0.000000000000000000, 1.000000000000000000 ) ) ;
#946 = VECTOR ( 'NONE', #617, 1000.000000000000000 ) ;
#947 = LINE ( 'NONE', #1634, #1032 ) ;
#948 = VERTEX_POINT ( 'NONE', #322 ) ;
#949 = VECTOR ( 'NONE', #578, 1000.000000000000000 ) ;
#950 = PLANE ( 'NONE',  #1404 ) ;
#951 = ORIENTED_EDGE ( 'NONE', *, *, #288, .F. ) ;
#952 = CARTESIAN_POINT ( 'NONE',  ( -0.5299999999999998046, 0.8000000000000000444, -0.6250000000000004441 ) ) ;
#953 = CARTESIAN_POINT ( 'NONE',  ( -0.7499999999999997780, 0.2000000000000000111, -0.1250000000000003331 ) ) ;
#954 = LINE ( 'NONE', #282, #309 ) ;
#955 = ORIENTED_EDGE ( 'NONE', *, *, #1965, .T. ) ;
#956 = EDGE_LOOP ( 'NONE', ( #2037, #1815 ) ) ;
#957 = DIRECTION ( 'NONE',  ( 0.000000000000000000, 0.000000000000000000, -1.000000000000000000 ) ) ;
#958 = DIRECTION ( 'NONE',  ( 0.000000000000000000, -1.000000000000000000, 0.000000000000000000 ) ) ;
#959 = EDGE_CURVE ( 'NONE', #1183, #1209, #2025, .T. ) ;
#960 = ADVANCED_FACE ( 'NONE', ( #2062 ), #853, .F. ) ;
#961 = ORIENTED_EDGE ( 'NONE', *, *, #728, .T. ) ;
#962 = AXIS2_PLACEMENT_3D ( 'NONE', #1421, #755, #907 ) ;
#963 = CARTESIAN_POINT ( 'NONE',  ( 0.2499999999999997780, 0.04999999999999999584, -0.6250000000000003331 ) ) ;
#964 = EDGE_LOOP ( 'NONE', ( #1031, #828, #1004, #800, #591 ) ) ;
#965 = ORIENTED_EDGE ( 'NONE', *, *, #1015, .T. ) ;
#966 = DIRECTION ( 'NONE',  ( 1.000000000000000000, -0.000000000000000000, -1.445602896647339163E-16 ) ) ;
#967 = CARTESIAN_POINT ( 'NONE',  ( -0.2499999999999997780, 0.7590169943749472958, 0.1249999999999995143 ) ) ;
#968 = EDGE_CURVE ( 'NONE', #1794, #52, #1680, .T. ) ;
#969 = LINE ( 'NONE', #1951, #558 ) ;
#970 = ORIENTED_EDGE ( 'NONE', *, *, #1375, .T. ) ;
#971 = ORIENTED_EDGE ( 'NONE', *, *, #738, .F. ) ;
#972 = LINE ( 'NONE', #1142, #1507 ) ;
#973 = CIRCLE ( 'NONE', #4, 0.09500000000000002887 ) ;
#974 = DIRECTION ( 'NONE',  ( -1.000000000000000000, 0.000000000000000000, 1.445602896647339163E-16 ) ) ;
#975 = ORIENTED_EDGE ( 'NONE', *, *, #1344, .T. ) ;
#976 = VECTOR ( 'NONE', #957, 1000.000000000000000 ) ;
#977 = CARTESIAN_POINT ( 'NONE',  ( -0.5299999999999998046, 0.8000000000000000444, -0.4350000000000003864 ) ) ;
#978 = VECTOR ( 'NONE', #1052, 1000.000000000000000 ) ;
#979 = VECTOR ( 'NONE', #1748, 1000.000000000000000 ) ;
#980 = EDGE_LOOP ( 'NONE', ( #329, #636, #2197, #869 ) ) ;
#981 = DIRECTION ( 'NONE',  ( -1.000000000000000000, 0.000000000000000000, -0.000000000000000000 ) ) ;
#982 = EDGE_CURVE ( 'NONE', #1698, #659, #1894, .T. ) ;
#983 = FACE_OUTER_BOUND ( 'NONE', #2123, .T. ) ;
#984 = VERTEX_POINT ( 'NONE', #1529 ) ;
#985 = ORIENTED_EDGE ( 'NONE', *, *, #2054, .T. ) ;
#986 = DIRECTION ( 'NONE',  ( -1.000000000000000000, 0.000000000000000000, 1.445602896647339163E-16 ) ) ;
#987 = DIRECTION ( 'NONE',  ( 0.000000000000000000, 1.000000000000000000, 0.000000000000000000 ) ) ;
#988 = ORIENTED_EDGE ( 'NONE', *, *, #1375, .F. ) ;
#989 = PLANE ( 'NONE',  #1786 ) ;
#990 =( NAMED_UNIT ( * ) SI_UNIT ( $, .STERADIAN. ) SOLID_ANGLE_UNIT ( ) );
#991 = AXIS2_PLACEMENT_3D ( 'NONE', #19, #1054, #355 ) ;
#992 = EDGE_LOOP ( 'NONE', ( #2169, #2218, #1870, #825 ) ) ;
#993 = FILL_AREA_STYLE_COLOUR ( '', #60 ) ;
#994 =( LENGTH_UNIT ( ) NAMED_UNIT ( * ) SI_UNIT ( .MILLI., .METRE. ) );
#995 = ORIENTED_EDGE ( 'NONE', *, *, #2120, .F. ) ;
#996 = VERTEX_POINT ( 'NONE', #2219 ) ;
#997 = CARTESIAN_POINT ( 'NONE',  ( 0.2499999999999997780, 0.2000000000000000111, 0.1249999999999995143 ) ) ;
#998 = PLANE ( 'NONE',  #1538 ) ;
#999 = ORIENTED_EDGE ( 'NONE', *, *, #539, .T. ) ;
#1000 = LINE ( 'NONE', #2210, #1220 ) ;
#1001 = ORIENTED_EDGE ( 'NONE', *, *, #413, .T. ) ;
#1002 = FILL_AREA_STYLE_COLOUR ( '', #364 ) ;
#1003 = EDGE_CURVE ( 'NONE', #189, #1378, #1023, .T. ) ;
#1004 = ORIENTED_EDGE ( 'NONE', *, *, #776, .F. ) ;
#1005 = DIRECTION ( 'NONE',  ( 0.000000000000000000, -1.000000000000000000, 0.000000000000000000 ) ) ;
#1006 = PRESENTATION_STYLE_ASSIGNMENT (( #1019 ) ) ;
#1007 = ORIENTED_EDGE ( 'NONE', *, *, #1334, .T. ) ;
#1008 = ORIENTED_EDGE ( 'NONE', *, *, #1171, .T. ) ;
#1009 = LINE ( 'NONE', #1883, #899 ) ;
#1010 = CARTESIAN_POINT ( 'NONE',  ( 0.7499999999999997780, 0.1999999999999999833, -0.6250000000000003331 ) ) ;
#1011 = AXIS2_PLACEMENT_3D ( 'NONE', #1543, #852, #2229 ) ;
#1012 = VERTEX_POINT ( 'NONE', #8 ) ;
#1013 = DIRECTION ( 'NONE',  ( -0.000000000000000000, -0.000000000000000000, 1.000000000000000000 ) ) ;
#1014 = ORIENTED_EDGE ( 'NONE', *, *, #1568, .T. ) ;
#1015 = EDGE_CURVE ( 'NONE', #358, #2222, #1874, .T. ) ;
#1016 = VECTOR ( 'NONE', #2113, 1000.000000000000000 ) ;
#1017 = ORIENTED_EDGE ( 'NONE', *, *, #2121, .F. ) ;
#1018 = CARTESIAN_POINT ( 'NONE',  ( 0.7500000000000002220, 3.721320343559642918, -0.7500000000000004441 ) ) ;
#1019 = SURFACE_STYLE_USAGE ( .BOTH. , #655 ) ;
#1020 = PRESENTATION_LAYER_ASSIGNMENT (  '', '', ( #1522 ) ) ;
#1021 = EDGE_LOOP ( 'NONE', ( #2186, #961, #1075, #412 ) ) ;
#1022 = CARTESIAN_POINT ( 'NONE',  ( 0.2499999999999997780, 0.1999999999999999833, -0.6250000000000003331 ) ) ;
#1023 = LINE ( 'NONE', #519, #1584 ) ;
#1024 = DIRECTION ( 'NONE',  ( 1.000000000000000000, 0.000000000000000000, 0.000000000000000000 ) ) ;
#1025 = VECTOR ( 'NONE', #1737, 1000.000000000000000 ) ;
#1026 = EDGE_CURVE ( 'NONE', #1428, #158, #1009, .T. ) ;
#1027 = CARTESIAN_POINT ( 'NONE',  ( 0.2499999999999997780, 0.04999999999999999584, 0.1249999999999995143 ) ) ;
#1028 = SURFACE_STYLE_FILL_AREA ( #1537 ) ;
#1029 = ORIENTED_EDGE ( 'NONE', *, *, #62, .F. ) ;
#1030 = DIRECTION ( 'NONE',  ( -0.000000000000000000, 1.000000000000000000, -0.000000000000000000 ) ) ;
#1031 = ORIENTED_EDGE ( 'NONE', *, *, #1731, .F. ) ;
#1032 = VECTOR ( 'NONE', #958, 1000.000000000000000 ) ;
#1033 = LINE ( 'NONE', #1258, #219 ) ;
#1034 = PLANE ( 'NONE',  #162 ) ;
#1035 = FACE_OUTER_BOUND ( 'NONE', #487, .T. ) ;
#1036 = EDGE_CURVE ( 'NONE', #59, #1967, #1193, .T. ) ;
#1037 = ORIENTED_EDGE ( 'NONE', *, *, #1158, .T. ) ;
#1038 = VECTOR ( 'NONE', #1938, 1000.000000000000000 ) ;
#1039 = VECTOR ( 'NONE', #2042, 1000.000000000000000 ) ;
#1040 = EDGE_LOOP ( 'NONE', ( #325, #1935, #1368, #1211 ) ) ;
#1041 = DIRECTION ( 'NONE',  ( 0.000000000000000000, -1.000000000000000000, 0.000000000000000000 ) ) ;
#1042 = DIRECTION ( 'NONE',  ( 0.000000000000000000, -1.000000000000000000, 0.000000000000000000 ) ) ;
#1043 = EDGE_CURVE ( 'NONE', #996, #1217, #1862, .T. ) ;
#1044 = CARTESIAN_POINT ( 'NONE',  ( 0.7499999999999997780, 0.2000000000000000111, 0.6249999999999996669 ) ) ;
#1045 = EDGE_CURVE ( 'NONE', #1848, #984, #508, .T. ) ;
#1046 = VERTEX_POINT ( 'NONE', #1872 ) ;
#1047 = VECTOR ( 'NONE', #1968, 1000.000000000000000 ) ;
#1048 =( LENGTH_UNIT ( ) NAMED_UNIT ( * ) SI_UNIT ( .MILLI., .METRE. ) );
#1049 = ORIENTED_EDGE ( 'NONE', *, *, #562, .T. ) ;
#1050 = EDGE_CURVE ( 'NONE', #1861, #1650, #145, .T. ) ;
#1051 = CARTESIAN_POINT ( 'NONE',  ( 0.000000000000000000, 0.000000000000000000, 1.000000000000000000 ) ) ;
#1052 = DIRECTION ( 'NONE',  ( 0.000000000000000000, 1.000000000000000000, 0.000000000000000000 ) ) ;
#1053 = VECTOR ( 'NONE', #2230, 1000.000000000000000 ) ;
#1054 = DIRECTION ( 'NONE',  ( 3.252606517456513302E-16, 0.000000000000000000, -1.000000000000000000 ) ) ;
#1055 = AXIS2_PLACEMENT_3D ( 'NONE', #155, #670, #1524 ) ;
#1056 = LINE ( 'NONE', #2104, #1947 ) ;
#1057 = VECTOR ( 'NONE', #893, 1000.000000000000000 ) ;
#1058 = ADVANCED_FACE ( 'NONE', ( #2073 ), #1692, .T. ) ;
#1059 = CARTESIAN_POINT ( 'NONE',  ( 0.7500000000000003331, 0.05000000000000000278, -0.3750000000000003331 ) ) ;
#1060 = VERTEX_POINT ( 'NONE', #1706 ) ;
#1061 = LINE ( 'NONE', #1022, #220 ) ;
#1062 = DIRECTION ( 'NONE',  ( 0.000000000000000000, 0.000000000000000000, -1.000000000000000000 ) ) ;
#1063 = CARTESIAN_POINT ( 'NONE',  ( -0.2499999999999997780, 0.1999999999999999833, 0.1249999999999995143 ) ) ;
#1064 = VECTOR ( 'NONE', #1285, 1000.000000000000000 ) ;
#1065 = CARTESIAN_POINT ( 'NONE',  ( -0.2499999999999997780, 0.2000000000000000111, -0.6250000000000003331 ) ) ;
#1066 = CARTESIAN_POINT ( 'NONE',  ( 0.000000000000000000, 0.05000000000000000278, -0.6250000000000003331 ) ) ;
#1067 = ORIENTED_EDGE ( 'NONE', *, *, #206, .T. ) ;
#1068 = CARTESIAN_POINT ( 'NONE',  ( 0.2499999999999997780, 0.1999999999999999833, 0.1249999999999995143 ) ) ;
#1069 = CARTESIAN_POINT ( 'NONE',  ( -0.2499999999999997780, 0.1999999999999999833, -0.1250000000000003331 ) ) ;
#1070 = VECTOR ( 'NONE', #1590, 1000.000000000000000 ) ;
#1071 = PLANE ( 'NONE',  #740 ) ;
#1072 = DIRECTION ( 'NONE',  ( 0.000000000000000000, -0.000000000000000000, -1.000000000000000000 ) ) ;
#1073 = AXIS2_PLACEMENT_3D ( 'NONE', #436, #1638, #1486 ) ;
#1074 = CARTESIAN_POINT ( 'NONE',  ( -0.7499999999999997780, 0.1999999999999999833, 0.3749999999999996669 ) ) ;
#1075 = ORIENTED_EDGE ( 'NONE', *, *, #1563, .T. ) ;
#1076 = DIRECTION ( 'NONE',  ( 0.000000000000000000, 0.000000000000000000, 1.000000000000000000 ) ) ;
#1077 = FILL_AREA_STYLE ('',( #393 ) ) ;
#1078 = CARTESIAN_POINT ( 'NONE',  ( -0.2499999999999997780, 0.2000000000000000111, 0.6249999999999994449 ) ) ;
#1079 = DIRECTION ( 'NONE',  ( -1.000000000000000000, 0.000000000000000000, 0.000000000000000000 ) ) ;
#1080 = VECTOR ( 'NONE', #1296, 1000.000000000000000 ) ;
#1081 = VECTOR ( 'NONE', #1781, 1000.000000000000000 ) ;
#1082 = CARTESIAN_POINT ( 'NONE',  ( 0.7500000000000004441, 0.7999999999999999334, 0.7499999999999995559 ) ) ;
#1083 = EDGE_CURVE ( 'NONE', #611, #2107, #173, .T. ) ;
#1084 = ADVANCED_FACE ( 'NONE', ( #347 ), #1034, .F. ) ;
#1085 = LINE ( 'NONE', #86, #1199 ) ;
#1086 = ORIENTED_EDGE ( 'NONE', *, *, #493, .T. ) ;
#1087 = CARTESIAN_POINT ( 'NONE',  ( -0.5299999999999998046, 0.7500000000000000000, -0.6250000000000004441 ) ) ;
#1088 = FACE_OUTER_BOUND ( 'NONE', #1461, .T. ) ;
#1089 = DIRECTION ( 'NONE',  ( 0.000000000000000000, -1.000000000000000000, -0.000000000000000000 ) ) ;
#1090 = MECHANICAL_DESIGN_GEOMETRIC_PRESENTATION_REPRESENTATION (  '', ( #124 ), #85 ) ;
#1091 = EDGE_CURVE ( 'NONE', #1221, #1491, #1391, .T. ) ;
#1092 = FACE_OUTER_BOUND ( 'NONE', #1355, .T. ) ;
#1093 = DIRECTION ( 'NONE',  ( 0.000000000000000000, 0.000000000000000000, -1.000000000000000000 ) ) ;
#1094 = EDGE_CURVE ( 'NONE', #1351, #915, #722, .T. ) ;
#1095 = EDGE_LOOP ( 'NONE', ( #1911, #657, #1663, #971 ) ) ;
#1096 = FACE_OUTER_BOUND ( 'NONE', #479, .T. ) ;
#1097 = EDGE_LOOP ( 'NONE', ( #598, #643, #666, #2195 ) ) ;
#1098 = DIRECTION ( 'NONE',  ( -0.000000000000000000, -1.000000000000000000, -0.000000000000000000 ) ) ;
#1099 = FACE_OUTER_BOUND ( 'NONE', #484, .T. ) ;
#1100 = LINE ( 'NONE', #406, #2112 ) ;
#1101 = CARTESIAN_POINT ( 'NONE',  ( -0.7499999999999997780, 0.2000000000000000111, 0.3749999999999996669 ) ) ;
#1102 = ADVANCED_FACE ( 'NONE', ( #1088 ), #2100, .F. ) ;
#1103 = CARTESIAN_POINT ( 'NONE',  ( -0.2499999999999997780, 0.000000000000000000, -0.1250000000000003331 ) ) ;
#1104 = DIRECTION ( 'NONE',  ( 1.000000000000000000, -0.000000000000000000, -3.252606517456513302E-16 ) ) ;
#1105 = VECTOR ( 'NONE', #315, 1000.000000000000000 ) ;
#1106 = ORIENTED_EDGE ( 'NONE', *, *, #1961, .F. ) ;
#1107 = LINE ( 'NONE', #1648, #520 ) ;
#1108 = VERTEX_POINT ( 'NONE', #887 ) ;
#1109 = DIRECTION ( 'NONE',  ( 1.000000000000000000, 0.000000000000000000, -0.000000000000000000 ) ) ;
#1110 = CYLINDRICAL_SURFACE ( 'NONE', #1341, 0.09500000000000002887 ) ;
#1111 = SURFACE_STYLE_USAGE ( .BOTH. , #386 ) ;
#1112 = PLANE ( 'NONE',  #628 ) ;
#1113 = EDGE_CURVE ( 'NONE', #119, #533, #1937, .T. ) ;
#1114 = FACE_OUTER_BOUND ( 'NONE', #703, .T. ) ;
#1115 = DIRECTION ( 'NONE',  ( 0.000000000000000000, 0.000000000000000000, -1.000000000000000000 ) ) ;
#1116 = VECTOR ( 'NONE', #410, 1000.000000000000000 ) ;
#1117 = VERTEX_POINT ( 'NONE', #1598 ) ;
#1118 = CARTESIAN_POINT ( 'NONE',  ( -0.7499999999999997780, 0.7590169943749472958, 0.3749999999999996669 ) ) ;
#1119 = VECTOR ( 'NONE', #191, 1000.000000000000000 ) ;
#1120 = ORIENTED_EDGE ( 'NONE', *, *, #1043, .T. ) ;
#1121 = PLANE ( 'NONE',  #1073 ) ;
#1122 = CARTESIAN_POINT ( 'NONE',  ( -0.7499999999999997780, 0.1999999999999999833, -0.1250000000000003331 ) ) ;
#1123 = CARTESIAN_POINT ( 'NONE',  ( 2.032879073410318595E-16, 0.05000000000000000278, 0.6249999999999993339 ) ) ;
#1124 = EDGE_CURVE ( 'NONE', #984, #996, #2109, .T. ) ;
#1125 = EDGE_CURVE ( 'NONE', #1818, #2225, #27, .T. ) ;
#1126 = ORIENTED_EDGE ( 'NONE', *, *, #1216, .F. ) ;
#1127 = ORIENTED_EDGE ( 'NONE', *, *, #1216, .T. ) ;
#1128 = CARTESIAN_POINT ( 'NONE',  ( 0.000000000000000000, 0.2000000000000000111, 1.000000000000000000 ) ) ;
#1129 =( GEOMETRIC_REPRESENTATION_CONTEXT ( 3 ) GLOBAL_UNCERTAINTY_ASSIGNED_CONTEXT ( ( #667 ) ) GLOBAL_UNIT_ASSIGNED_CONTEXT ( ( #495, #1859, #307 ) ) REPRESENTATION_CONTEXT ( 'NONE', 'WORKASPACE' ) );
#1130 = CARTESIAN_POINT ( 'NONE',  ( 0.7499999999999997780, 0.2000000000000000111, 0.6249999999999996669 ) ) ;
#1131 = ORIENTED_EDGE ( 'NONE', *, *, #336, .T. ) ;
#1132 = AXIS2_PLACEMENT_3D ( 'NONE', #1065, #1224, #1423 ) ;
#1133 = CYLINDRICAL_SURFACE ( 'NONE', #900, 0.09500000000000002887 ) ;
#1134 = ADVANCED_FACE ( 'NONE', ( #1248 ), #66, .F. ) ;
#1135 = ORIENTED_EDGE ( 'NONE', *, *, #1015, .F. ) ;
#1136 = ORIENTED_EDGE ( 'NONE', *, *, #1954, .F. ) ;
#1137 = CARTESIAN_POINT ( 'NONE',  ( -0.7499999999999997780, 0.7590169943749472958, -0.3750000000000003331 ) ) ;
#1138 = LINE ( 'NONE', #1654, #1734 ) ;
#1139 = DIRECTION ( 'NONE',  ( 0.000000000000000000, -1.000000000000000000, 0.000000000000000000 ) ) ;
#1140 = ORIENTED_EDGE ( 'NONE', *, *, #922, .T. ) ;
#1141 = ORIENTED_EDGE ( 'NONE', *, *, #1094, .F. ) ;
#1142 = CARTESIAN_POINT ( 'NONE',  ( 0.2499999999999997780, 0.7590169943749472958, -0.1250000000000003331 ) ) ;
#1143 = LINE ( 'NONE', #94, #2003 ) ;
#1144 = ORIENTED_EDGE ( 'NONE', *, *, #11, .T. ) ;
#1145 =( NAMED_UNIT ( * ) PLANE_ANGLE_UNIT ( ) SI_UNIT ( $, .RADIAN. ) );
#1146 = ADVANCED_FACE ( 'NONE', ( #1902 ), #917, .T. ) ;
#1147 = VERTEX_POINT ( 'NONE', #1069 ) ;
#1148 = LINE ( 'NONE', #1500, #1160 ) ;
#1149 = LINE ( 'NONE', #2227, #623 ) ;
#1150 = VERTEX_POINT ( 'NONE', #405 ) ;
#1151 = VERTEX_POINT ( 'NONE', #546 ) ;
#1152 = DIRECTION ( 'NONE',  ( 1.000000000000000000, 0.000000000000000000, 0.000000000000000000 ) ) ;
#1153 = FACE_OUTER_BOUND ( 'NONE', #839, .T. ) ;
#1154 = ORIENTED_EDGE ( 'NONE', *, *, #1520, .F. ) ;
#1155 = CARTESIAN_POINT ( 'NONE',  ( -0.7499999999999997780, 0.05000000000000000278, -0.7500000000000002220 ) ) ;
#1156 = ORIENTED_EDGE ( 'NONE', *, *, #1397, .F. ) ;
#1157 = SURFACE_SIDE_STYLE ('',( #1028 ) ) ;
#1158 = EDGE_CURVE ( 'NONE', #2168, #482, #362, .T. ) ;
#1159 = AXIS2_PLACEMENT_3D ( 'NONE', #54, #217, #1738 ) ;
#1160 = VECTOR ( 'NONE', #1162, 1000.000000000000000 ) ;
#1161 = ORIENTED_EDGE ( 'NONE', *, *, #1961, .T. ) ;
#1162 = DIRECTION ( 'NONE',  ( -1.000000000000000000, -0.000000000000000000, -0.000000000000000000 ) ) ;
#1163 = DIRECTION ( 'NONE',  ( 0.7071067811865457964, -0.000000000000000000, 0.7071067811865492381 ) ) ;
#1164 = ORIENTED_EDGE ( 'NONE', *, *, #503, .T. ) ;
#1165 = ORIENTED_EDGE ( 'NONE', *, *, #1083, .F. ) ;
#1166 = DIRECTION ( 'NONE',  ( 0.000000000000000000, 1.000000000000000000, 0.000000000000000000 ) ) ;
#1167 = EDGE_CURVE ( 'NONE', #1150, #1818, #1607, .T. ) ;
#1168 = DIRECTION ( 'NONE',  ( 1.000000000000000000, 0.000000000000000000, 0.000000000000000000 ) ) ;
#1169 = ORIENTED_EDGE ( 'NONE', *, *, #571, .F. ) ;
#1170 = CARTESIAN_POINT ( 'NONE',  ( -0.5299999999999998046, 0.7500000000000000000, -0.6250000000000004441 ) ) ;
#1171 = EDGE_CURVE ( 'NONE', #1993, #672, #42, .T. ) ;
#1172 = ADVANCED_FACE ( 'NONE', ( #716 ), #2090, .F. ) ;
#1173 = CARTESIAN_POINT ( 'NONE',  ( -0.2499999999999997780, 0.2000000000000000111, -0.1250000000000003331 ) ) ;
#1174 = VECTOR ( 'NONE', #1739, 1000.000000000000000 ) ;
#1175 = ORIENTED_EDGE ( 'NONE', *, *, #747, .T. ) ;
#1176 = SURFACE_SIDE_STYLE ('',( #1832 ) ) ;
#1177 = PLANE ( 'NONE',  #1415 ) ;
#1178 = ORIENTED_EDGE ( 'NONE', *, *, #1510, .T. ) ;
#1179 = EDGE_LOOP ( 'NONE', ( #821, #2012, #2126, #1958 ) ) ;
#1180 = FACE_OUTER_BOUND ( 'NONE', #441, .T. ) ;
#1181 = DIRECTION ( 'NONE',  ( 0.000000000000000000, 0.000000000000000000, -1.000000000000000000 ) ) ;
#1182 = ADVANCED_FACE ( 'NONE', ( #1754 ), #734, .F. ) ;
#1183 = VERTEX_POINT ( 'NONE', #567 ) ;
#1184 = PLANE ( 'NONE',  #146 ) ;
#1185 = ORIENTED_EDGE ( 'NONE', *, *, #177, .F. ) ;
#1186 = UNCERTAINTY_MEASURE_WITH_UNIT (LENGTH_MEASURE( 1.000000000000000082E-05 ), #2078, 'distance_accuracy_value', 'NONE');
#1187 = ORIENTED_EDGE ( 'NONE', *, *, #799, .F. ) ;
#1188 = DIRECTION ( 'NONE',  ( 1.000000000000000000, 0.000000000000000000, 3.252606517456513302E-16 ) ) ;
#1189 = FILL_AREA_STYLE_COLOUR ( '', #1236 ) ;
#1190 = VERTEX_POINT ( 'NONE', #385 ) ;
#1191 = DIRECTION ( 'NONE',  ( -0.000000000000000000, -1.000000000000000000, -0.000000000000000000 ) ) ;
#1192 = MANIFOLD_SOLID_BREP ( 'Chamfer1', #662 ) ;
#1193 = LINE ( 'NONE', #1562, #1478 ) ;
#1194 = DIRECTION ( 'NONE',  ( -0.000000000000000000, -0.000000000000000000, 1.000000000000000000 ) ) ;
#1195 = VECTOR ( 'NONE', #258, 1000.000000000000000 ) ;
#1196 = ORIENTED_EDGE ( 'NONE', *, *, #1568, .F. ) ;
#1197 = DIRECTION ( 'NONE',  ( -1.000000000000000000, 0.000000000000000000, 1.445602896647339163E-16 ) ) ;
#1198 = VECTOR ( 'NONE', #1825, 1000.000000000000000 ) ;
#1199 = VECTOR ( 'NONE', #1460, 1000.000000000000000 ) ;
#1200 = ORIENTED_EDGE ( 'NONE', *, *, #1974, .F. ) ;
#1201 = CARTESIAN_POINT ( 'NONE',  ( -0.2499999999999997780, 0.7590169943749472958, 0.3749999999999996669 ) ) ;
#1202 = ORIENTED_EDGE ( 'NONE', *, *, #1091, .F. ) ;
#1203 = LINE ( 'NONE', #7, #843 ) ;
#1204 = DIRECTION ( 'NONE',  ( 1.000000000000000000, 0.000000000000000000, 0.000000000000000000 ) ) ;
#1205 = EDGE_CURVE ( 'NONE', #1012, #352, #576, .T. ) ;
#1206 = LINE ( 'NONE', #2074, #2140 ) ;
#1207 = PRESENTATION_LAYER_ASSIGNMENT (  '', '', ( #124 ) ) ;
#1208 = EDGE_CURVE ( 'NONE', #2107, #2135, #437, .T. ) ;
#1209 = VERTEX_POINT ( 'NONE', #1122 ) ;
#1210 = CARTESIAN_POINT ( 'NONE',  ( -0.7499999999999997780, 0.04999999999999999584, 0.6249999999999996669 ) ) ;
#1211 = ORIENTED_EDGE ( 'NONE', *, *, #2094, .T. ) ;
#1212 = ADVANCED_FACE ( 'NONE', ( #1099 ), #425, .F. ) ;
#1213 = LINE ( 'NONE', #1390, #1991 ) ;
#1214 = CARTESIAN_POINT ( 'NONE',  ( -0.5299999999999998046, 0.8000000000000000444, -0.5300000000000003597 ) ) ;
#1215 = LINE ( 'NONE', #1895, #880 ) ;
#1216 = EDGE_CURVE ( 'NONE', #1612, #87, #1616, .T. ) ;
#1217 = VERTEX_POINT ( 'NONE', #1452 ) ;
#1218 = ADVANCED_FACE ( 'NONE', ( #1971 ), #1110, .T. ) ;
#1219 = LINE ( 'NONE', #1899, #1531 ) ;
#1220 = VECTOR ( 'NONE', #1506, 1000.000000000000000 ) ;
#1221 = VERTEX_POINT ( 'NONE', #222 ) ;
#1222 = LINE ( 'NONE', #361, #1025 ) ;
#1223 = DIRECTION ( 'NONE',  ( 0.000000000000000000, 0.000000000000000000, -1.000000000000000000 ) ) ;
#1224 = DIRECTION ( 'NONE',  ( 0.000000000000000000, 0.000000000000000000, 1.000000000000000000 ) ) ;
#1225 = CARTESIAN_POINT ( 'NONE',  ( 0.2499999999999997780, 0.000000000000000000, 0.3749999999999996669 ) ) ;
#1226 = VERTEX_POINT ( 'NONE', #366 ) ;
#1227 = CARTESIAN_POINT ( 'NONE',  ( 0.000000000000000000, 0.2000000000000000111, 0.5000000000000000000 ) ) ;
#1228 = ORIENTED_EDGE ( 'NONE', *, *, #695, .F. ) ;
#1229 = CARTESIAN_POINT ( 'NONE',  ( 0.2499999999999997780, 0.000000000000000000, -0.1250000000000003331 ) ) ;
#1230 = CARTESIAN_POINT ( 'NONE',  ( -0.2499999999999997780, 0.7590169943749472958, -0.1250000000000003331 ) ) ;
#1231 = LINE ( 'NONE', #1916, #245 ) ;
#1232 = VECTOR ( 'NONE', #1093, 1000.000000000000000 ) ;
#1233 = DIRECTION ( 'NONE',  ( 0.000000000000000000, 0.000000000000000000, 1.000000000000000000 ) ) ;
#1234 = CARTESIAN_POINT ( 'NONE',  ( 0.2499999999999997780, 0.2000000000000000111, 0.3749999999999996669 ) ) ;
#1235 = EDGE_CURVE ( 'NONE', #1698, #148, #1244, .T. ) ;
#1236 = COLOUR_RGB ( '',0.2509803921568627416, 0.2509803921568627416, 0.2509803921568627416 ) ;
#1237 = DIRECTION ( 'NONE',  ( -0.000000000000000000, 1.000000000000000000, 0.000000000000000000 ) ) ;
#1238 = ORIENTED_EDGE ( 'NONE', *, *, #1773, .T. ) ;
#1239 = PLANE ( 'NONE',  #1290 ) ;
#1240 = DIRECTION ( 'NONE',  ( 0.000000000000000000, -0.000000000000000000, 1.000000000000000000 ) ) ;
#1241 = CARTESIAN_POINT ( 'NONE',  ( 0.2499999999999997780, 0.7590169943749472958, -0.3750000000000004996 ) ) ;
#1242 = AXIS2_PLACEMENT_3D ( 'NONE', #1385, #1024, #1181 ) ;
#1243 = PLANE ( 'NONE',  #991 ) ;
#1244 = LINE ( 'NONE', #1918, #1411 ) ;
#1245 = DIRECTION ( 'NONE',  ( -1.000000000000000000, 0.000000000000000000, -0.000000000000000000 ) ) ;
#1246 = ORIENTED_EDGE ( 'NONE', *, *, #1367, .T. ) ;
#1247 = CARTESIAN_POINT ( 'NONE',  ( 1.219727444046194214E-16, 0.05000000000000000278, -0.3750000000000005551 ) ) ;
#1248 = FACE_OUTER_BOUND ( 'NONE', #243, .T. ) ;
#1249 = STYLED_ITEM ( 'NONE', ( #1629 ), #447 ) ;
#1250 = LINE ( 'NONE', #2141, #2232 ) ;
#1251 = DIRECTION ( 'NONE',  ( 0.000000000000000000, 0.000000000000000000, 1.000000000000000000 ) ) ;
#1252 = EDGE_CURVE ( 'NONE', #533, #2148, #920, .T. ) ;
#1253 = EDGE_CURVE ( 'NONE', #1491, #1351, #1593, .T. ) ;
#1254 = LINE ( 'NONE', #241, #1988 ) ;
#1255 = CARTESIAN_POINT ( 'NONE',  ( -0.5299999999999998046, 0.7500000000000000000, -0.5300000000000003597 ) ) ;
#1256 = CARTESIAN_POINT ( 'NONE',  ( -0.7499999999999996669, 0.05000000000000000278, 0.3749999999999996669 ) ) ;
#1257 = VERTEX_POINT ( 'NONE', #380 ) ;
#1258 = CARTESIAN_POINT ( 'NONE',  ( -0.7499999999999997780, 0.7590169943749472958, -0.1250000000000003331 ) ) ;
#1259 = CARTESIAN_POINT ( 'NONE',  ( -0.7499999999999997780, 0.05000000000000000278, -0.7500000000000002220 ) ) ;
#1260 =( NAMED_UNIT ( * ) SI_UNIT ( $, .STERADIAN. ) SOLID_ANGLE_UNIT ( ) );
#1261 = EDGE_CURVE ( 'NONE', #2008, #1151, #1751, .T. ) ;
#1262 = PLANE ( 'NONE',  #1132 ) ;
#1263 = AXIS2_PLACEMENT_3D ( 'NONE', #159, #1204, #675 ) ;
#1264 =( GEOMETRIC_REPRESENTATION_CONTEXT ( 3 ) GLOBAL_UNCERTAINTY_ASSIGNED_CONTEXT ( ( #179 ) ) GLOBAL_UNIT_ASSIGNED_CONTEXT ( ( #754, #2150, #1440 ) ) REPRESENTATION_CONTEXT ( 'NONE', 'WORKASPACE' ) );
#1265 = STYLED_ITEM ( 'NONE', ( #813 ), #489 ) ;
#1266 = FACE_OUTER_BOUND ( 'NONE', #104, .T. ) ;
#1267 = ORIENTED_EDGE ( 'NONE', *, *, #2121, .T. ) ;
#1268 = DIRECTION ( 'NONE',  ( -0.000000000000000000, -1.000000000000000000, -0.000000000000000000 ) ) ;
#1269 = ADVANCED_FACE ( 'NONE', ( #1266 ), #1905, .T. ) ;
#1270 = ORIENTED_EDGE ( 'NONE', *, *, #728, .F. ) ;
#1271 = LINE ( 'NONE', #765, #34 ) ;
#1272 = SURFACE_STYLE_USAGE ( .BOTH. , #228 ) ;
#1273 = CARTESIAN_POINT ( 'NONE',  ( -0.2499999999999997780, 0.000000000000000000, -0.6250000000000003331 ) ) ;
#1274 = VECTOR ( 'NONE', #1139, 1000.000000000000000 ) ;
#1275 = DIRECTION ( 'NONE',  ( 0.000000000000000000, 0.000000000000000000, 1.000000000000000000 ) ) ;
#1276 = ORIENTED_EDGE ( 'NONE', *, *, #539, .F. ) ;
#1277 = LINE ( 'NONE', #401, #1047 ) ;
#1278 = EDGE_CURVE ( 'NONE', #2135, #434, #2083, .T. ) ;
#1279 = VERTEX_POINT ( 'NONE', #2093 ) ;
#1280 = DIRECTION ( 'NONE',  ( -1.000000000000000000, 0.000000000000000000, -3.252606517456513302E-16 ) ) ;
#1281 = CARTESIAN_POINT ( 'NONE',  ( -2.032879073410318595E-16, 0.05000000000000000278, 0.6249999999999993339 ) ) ;
#1282 = CARTESIAN_POINT ( 'NONE',  ( 0.2499999999999997780, 0.000000000000000000, 0.1249999999999995143 ) ) ;
#1283 = CARTESIAN_POINT ( 'NONE',  ( -0.2499999999999997780, 0.2000000000000000111, 0.6249999999999994449 ) ) ;
#1284 = CARTESIAN_POINT ( 'NONE',  ( 0.2499999999999997780, 0.2000000000000000111, -0.1250000000000003331 ) ) ;
#1285 = DIRECTION ( 'NONE',  ( 1.000000000000000000, 0.000000000000000000, 0.000000000000000000 ) ) ;
#1286 = EDGE_LOOP ( 'NONE', ( #1990, #2162, #1471, #1623 ) ) ;
#1287 = FACE_BOUND ( 'NONE', #373, .T. ) ;
#1288 = ADVANCED_FACE ( 'NONE', ( #36 ), #213, .F. ) ;
#1289 = ORIENTED_EDGE ( 'NONE', *, *, #1458, .F. ) ;
#1290 = AXIS2_PLACEMENT_3D ( 'NONE', #1615, #566, #1280 ) ;
#1291 = DIRECTION ( 'NONE',  ( 0.000000000000000000, 0.000000000000000000, -1.000000000000000000 ) ) ;
#1292 = DIRECTION ( 'NONE',  ( 0.000000000000000000, 0.000000000000000000, -1.000000000000000000 ) ) ;
#1293 = FACE_OUTER_BOUND ( 'NONE', #107, .T. ) ;
#1294 = ORIENTED_EDGE ( 'NONE', *, *, #1409, .F. ) ;
#1295 = ORIENTED_EDGE ( 'NONE', *, *, #530, .T. ) ;
#1296 = DIRECTION ( 'NONE',  ( -0.000000000000000000, -1.000000000000000000, -0.000000000000000000 ) ) ;
#1297 = FACE_OUTER_BOUND ( 'NONE', #1986, .T. ) ;
#1298 = PRESENTATION_LAYER_ASSIGNMENT (  '', '', ( #1618 ) ) ;
#1299 = EDGE_LOOP ( 'NONE', ( #1127, #877, #1238, #501 ) ) ;
#1300 = VECTOR ( 'NONE', #286, 1000.000000000000000 ) ;
#1301 = LINE ( 'NONE', #2136, #1081 ) ;
#1302 = CLOSED_SHELL ( 'NONE', ( #369, #2194, #1172, #480, #769, #1102 ) ) ;
#1303 = ORIENTED_EDGE ( 'NONE', *, *, #1328, .F. ) ;
#1304 = EDGE_LOOP ( 'NONE', ( #275, #1499, #279, #1007 ) ) ;
#1305 = CARTESIAN_POINT ( 'NONE',  ( 0.000000000000000000, 0.2000000000000000111, 0.000000000000000000 ) ) ;
#1306 = CARTESIAN_POINT ( 'NONE',  ( -0.7499999999999997780, 3.721320343559642918, -0.7500000000000002220 ) ) ;
#1307 = FACE_OUTER_BOUND ( 'NONE', #1577, .T. ) ;
#1308 = EDGE_LOOP ( 'NONE', ( #1029, #469, #574, #985 ) ) ;
#1309 = EDGE_LOOP ( 'NONE', ( #1156, #1331, #965, #1169 ) ) ;
#1310 = DIRECTION ( 'NONE',  ( -0.000000000000000000, -0.000000000000000000, 1.000000000000000000 ) ) ;
#1311 = LINE ( 'NONE', #1707, #1852 ) ;
#1312 = ORIENTED_EDGE ( 'NONE', *, *, #1693, .T. ) ;
#1313 = VECTOR ( 'NONE', #1104, 1000.000000000000000 ) ;
#1314 = UNCERTAINTY_MEASURE_WITH_UNIT (LENGTH_MEASURE( 1.000000000000000082E-05 ), #1432, 'distance_accuracy_value', 'NONE');
#1315 = VERTEX_POINT ( 'NONE', #408 ) ;
#1316 = CARTESIAN_POINT ( 'NONE',  ( 0.7499999999999997780, 0.000000000000000000, -0.3750000000000003331 ) ) ;
#1317 = PLANE ( 'NONE',  #483 ) ;
#1318 = FILL_AREA_STYLE ('',( #1189 ) ) ;
#1319 = ORIENTED_EDGE ( 'NONE', *, *, #649, .T. ) ;
#1320 = ORIENTED_EDGE ( 'NONE', *, *, #2060, .F. ) ;
#1321 = CARTESIAN_POINT ( 'NONE',  ( -0.7499999999999997780, 0.000000000000000000, -0.3750000000000003331 ) ) ;
#1322 = EDGE_CURVE ( 'NONE', #2175, #153, #541, .T. ) ;
#1323 = CARTESIAN_POINT ( 'NONE',  ( -0.2499999999999997780, 0.1999999999999999833, 0.3749999999999996669 ) ) ;
#1324 = ADVANCED_FACE ( 'NONE', ( #1758 ), #1414, .T. ) ;
#1325 = EDGE_LOOP ( 'NONE', ( #168, #785, #1626, #542 ) ) ;
#1326 = VECTOR ( 'NONE', #2017, 1000.000000000000000 ) ;
#1327 = DIRECTION ( 'NONE',  ( 1.000000000000000000, 0.000000000000000000, 0.000000000000000000 ) ) ;
#1328 = EDGE_CURVE ( 'NONE', #2005, #832, #21, .T. ) ;
#1329 = ORIENTED_EDGE ( 'NONE', *, *, #808, .T. ) ;
#1330 = VERTEX_POINT ( 'NONE', #901 ) ;
#1331 = ORIENTED_EDGE ( 'NONE', *, *, #665, .T. ) ;
#1332 = DIRECTION ( 'NONE',  ( 0.000000000000000000, -1.000000000000000000, -0.000000000000000000 ) ) ;
#1333 = EDGE_CURVE ( 'NONE', #87, #430, #1056, .T. ) ;
#1334 = EDGE_CURVE ( 'NONE', #510, #1117, #2111, .T. ) ;
#1335 = DIRECTION ( 'NONE',  ( 3.252606517456513302E-16, 0.000000000000000000, -1.000000000000000000 ) ) ;
#1336 = ORIENTED_EDGE ( 'NONE', *, *, #95, .F. ) ;
#1337 = LINE ( 'NONE', #678, #1326 ) ;
#1338 = PRODUCT_DEFINITION_FORMATION_WITH_SPECIFIED_SOURCE ( 'ANY', '', #1775, .NOT_KNOWN. ) ;
#1339 = ORIENTED_EDGE ( 'NONE', *, *, #1569, .T. ) ;
#1340 =( LENGTH_UNIT ( ) NAMED_UNIT ( * ) SI_UNIT ( .MILLI., .METRE. ) );
#1341 = AXIS2_PLACEMENT_3D ( 'NONE', #1796, #259, #942 ) ;
#1342 = AXIS2_PLACEMENT_3D ( 'NONE', #602, #789, #1292 ) ;
#1343 = EDGE_LOOP ( 'NONE', ( #1736, #198, #1810, #2021 ) ) ;
#1344 = EDGE_CURVE ( 'NONE', #838, #1857, #1254, .T. ) ;
#1345 = CLOSED_SHELL ( 'NONE', ( #2007, #704, #1757, #365, #781, #341 ) ) ;
#1346 = FILL_AREA_STYLE ('',( #2035 ) ) ;
#1347 = VERTEX_POINT ( 'NONE', #398 ) ;
#1348 = EDGE_LOOP ( 'NONE', ( #1495, #927, #1956, #24, #1303 ) ) ;
#1349 = CARTESIAN_POINT ( 'NONE',  ( -0.2499999999999997780, 0.000000000000000000, 0.6249999999999994449 ) ) ;
#1350 = CARTESIAN_POINT ( 'NONE',  ( 0.2499999999999997780, 0.1999999999999999833, 0.6249999999999994449 ) ) ;
#1351 = VERTEX_POINT ( 'NONE', #910 ) ;
#1352 = LINE ( 'NONE', #475, #1039 ) ;
#1353 = VERTEX_POINT ( 'NONE', #1225 ) ;
#1354 = VECTOR ( 'NONE', #621, 1000.000000000000000 ) ;
#1355 = EDGE_LOOP ( 'NONE', ( #1505, #2041, #1891, #271 ) ) ;
#1356 = CARTESIAN_POINT ( 'NONE',  ( -0.7499999999999997780, 0.2000000000000000111, -0.3750000000000003331 ) ) ;
#1357 = CARTESIAN_POINT ( 'NONE',  ( 0.1874999999999996114, -0.000000000000000000, -0.1874999999999987232 ) ) ;
#1358 = VERTEX_POINT ( 'NONE', #1741 ) ;
#1359 = CARTESIAN_POINT ( 'NONE',  ( 0.2499999999999997780, 0.000000000000000000, 0.6249999999999994449 ) ) ;
#1360 = CARTESIAN_POINT ( 'NONE',  ( 0.2499999999999997780, 0.7590169943749472958, 0.1249999999999995143 ) ) ;
#1361 = DIRECTION ( 'NONE',  ( -0.000000000000000000, -1.000000000000000000, -0.000000000000000000 ) ) ;
#1362 = EDGE_LOOP ( 'NONE', ( #1691, #1752, #1267, #345 ) ) ;
#1363 = FACE_OUTER_BOUND ( 'NONE', #1643, .T. ) ;
#1364 = VERTEX_POINT ( 'NONE', #1082 ) ;
#1365 = AXIS2_PLACEMENT_3D ( 'NONE', #1453, #2102, #918 ) ;
#1366 = ADVANCED_FACE ( 'NONE', ( #231 ), #1603, .F. ) ;
#1367 = EDGE_CURVE ( 'NONE', #650, #829, #1575, .T. ) ;
#1368 = ORIENTED_EDGE ( 'NONE', *, *, #1125, .T. ) ;
#1369 = CARTESIAN_POINT ( 'NONE',  ( 0.7499999999999997780, 0.2000000000000000111, 0.3749999999999996669 ) ) ;
#1370 = ORIENTED_EDGE ( 'NONE', *, *, #402, .T. ) ;
#1371 = CARTESIAN_POINT ( 'NONE',  ( -0.7499999999999997780, 0.1999999999999999833, -0.3750000000000003331 ) ) ;
#1372 = CARTESIAN_POINT ( 'NONE',  ( -0.7499999999999997780, 0.1999999999999999833, 0.1249999999999996808 ) ) ;
#1373 = DIRECTION ( 'NONE',  ( 0.000000000000000000, 0.000000000000000000, 1.000000000000000000 ) ) ;
#1374 = VECTOR ( 'NONE', #627, 1000.000000000000000 ) ;
#1375 = EDGE_CURVE ( 'NONE', #2173, #1378, #2004, .T. ) ;
#1376 = VECTOR ( 'NONE', #1717, 1000.000000000000000 ) ;
#1377 = VECTOR ( 'NONE', #266, 1000.000000000000000 ) ;
#1378 = VERTEX_POINT ( 'NONE', #2144 ) ;
#1379 = VECTOR ( 'NONE', #415, 1000.000000000000000 ) ;
#1380 = DIRECTION ( 'NONE',  ( -0.000000000000000000, -0.000000000000000000, 1.000000000000000000 ) ) ;
#1381 = DIRECTION ( 'NONE',  ( 0.000000000000000000, 0.000000000000000000, -1.000000000000000000 ) ) ;
#1382 = ORIENTED_EDGE ( 'NONE', *, *, #233, .T. ) ;
#1383 = DIRECTION ( 'NONE',  ( -0.000000000000000000, -1.000000000000000000, -0.000000000000000000 ) ) ;
#1384 = DIRECTION ( 'NONE',  ( -0.000000000000000000, -1.000000000000000000, -0.000000000000000000 ) ) ;
#1385 = CARTESIAN_POINT ( 'NONE',  ( 0.2499999999999997780, 0.2000000000000000111, 0.6249999999999994449 ) ) ;
#1386 = EDGE_CURVE ( 'NONE', #158, #522, #612, .T. ) ;
#1387 = VERTEX_POINT ( 'NONE', #772 ) ;
#1388 = SURFACE_STYLE_USAGE ( .BOTH. , #1570 ) ;
#1389 = ORIENTED_EDGE ( 'NONE', *, *, #818, .F. ) ;
#1390 = CARTESIAN_POINT ( 'NONE',  ( -0.2499999999999997780, 0.2000000000000000111, 0.6249999999999994449 ) ) ;
#1391 = LINE ( 'NONE', #2081, #435 ) ;
#1392 = CARTESIAN_POINT ( 'NONE',  ( 0.7499999999999997780, 0.1999999999999999833, 0.6249999999999996669 ) ) ;
#1393 = CARTESIAN_POINT ( 'NONE',  ( 0.2499999999999997780, 0.05000000000000000278, 0.000000000000000000 ) ) ;
#1394 = ORIENTED_EDGE ( 'NONE', *, *, #83, .T. ) ;
#1395 = VECTOR ( 'NONE', #833, 1000.000000000000000 ) ;
#1396 = ORIENTED_EDGE ( 'NONE', *, *, #1050, .T. ) ;
#1397 = EDGE_CURVE ( 'NONE', #283, #1226, #481, .T. ) ;
#1398 = CARTESIAN_POINT ( 'NONE',  ( 0.2499999999999997780, 0.2000000000000000111, -0.3750000000000004996 ) ) ;
#1399 = CARTESIAN_POINT ( 'NONE',  ( -0.2499999999999997780, 0.7590169943749472958, -0.3750000000000004996 ) ) ;
#1400 = FACE_OUTER_BOUND ( 'NONE', #1637, .T. ) ;
#1401 = DIRECTION ( 'NONE',  ( 1.000000000000000000, 0.000000000000000000, -1.445602896647339163E-16 ) ) ;
#1402 = ADVANCED_FACE ( 'NONE', ( #1297 ), #1622, .F. ) ;
#1403 = CARTESIAN_POINT ( 'NONE',  ( -0.2499999999999997780, 0.2000000000000000111, 0.1249999999999995143 ) ) ;
#1404 = AXIS2_PLACEMENT_3D ( 'NONE', #97, #786, #1468 ) ;
#1405 = CARTESIAN_POINT ( 'NONE',  ( -0.7499999999999997780, 0.000000000000000000, -0.1250000000000003331 ) ) ;
#1406 = ORIENTED_EDGE ( 'NONE', *, *, #890, .T. ) ;
#1407 = DIRECTION ( 'NONE',  ( -1.000000000000000000, 0.000000000000000000, -3.252606517456513302E-16 ) ) ;
#1408 = CARTESIAN_POINT ( 'NONE',  ( -0.2499999999999997780, 0.2000000000000000111, 0.1249999999999995143 ) ) ;
#1409 = EDGE_CURVE ( 'NONE', #2048, #59, #1661, .T. ) ;
#1410 = DIRECTION ( 'NONE',  ( 0.000000000000000000, 0.000000000000000000, -1.000000000000000000 ) ) ;
#1411 = VECTOR ( 'NONE', #1582, 1000.000000000000000 ) ;
#1412 = LINE ( 'NONE', #746, #1813 ) ;
#1413 = VECTOR ( 'NONE', #353, 1000.000000000000000 ) ;
#1414 = PLANE ( 'NONE',  #727 ) ;
#1415 = AXIS2_PLACEMENT_3D ( 'NONE', #827, #1703, #515 ) ;
#1416 = EDGE_CURVE ( 'NONE', #1658, #1279, #1964, .T. ) ;
#1417 = PLANE ( 'NONE',  #1627 ) ;
#1418 = VERTEX_POINT ( 'NONE', #1826 ) ;
#1419 = CARTESIAN_POINT ( 'NONE',  ( -0.2499999999999997780, 0.1999999999999999833, 0.6249999999999994449 ) ) ;
#1420 = CARTESIAN_POINT ( 'NONE',  ( 0.2499999999999997780, 0.2000000000000000111, -0.3750000000000004996 ) ) ;
#1421 = CARTESIAN_POINT ( 'NONE',  ( 0.2499999999999997780, 0.2000000000000000111, 0.3749999999999996669 ) ) ;
#1422 = VECTOR ( 'NONE', #194, 1000.000000000000000 ) ;
#1423 = DIRECTION ( 'NONE',  ( 1.000000000000000000, 0.000000000000000000, -0.000000000000000000 ) ) ;
#1424 = DIRECTION ( 'NONE',  ( 0.000000000000000000, -1.000000000000000000, 0.000000000000000000 ) ) ;
#1425 = LINE ( 'NONE', #1449, #1016 ) ;
#1426 = EDGE_CURVE ( 'NONE', #915, #2098, #1143, .T. ) ;
#1427 = DIRECTION ( 'NONE',  ( 0.000000000000000000, 0.000000000000000000, -1.000000000000000000 ) ) ;
#1428 = VERTEX_POINT ( 'NONE', #596 ) ;
#1429 = CARTESIAN_POINT ( 'NONE',  ( 0.7499999999999997780, 0.7590169943749472958, 0.6249999999999996669 ) ) ;
#1430 = DIRECTION ( 'NONE',  ( 1.445602896647339163E-16, 0.000000000000000000, 1.000000000000000000 ) ) ;
#1431 = VECTOR ( 'NONE', #426, 1000.000000000000000 ) ;
#1432 =( LENGTH_UNIT ( ) NAMED_UNIT ( * ) SI_UNIT ( .MILLI., .METRE. ) );
#1433 = CARTESIAN_POINT ( 'NONE',  ( -0.2499999999999997780, 0.04999999999999999584, 0.1249999999999995143 ) ) ;
#1434 = DIRECTION ( 'NONE',  ( -1.000000000000000000, -0.000000000000000000, -0.000000000000000000 ) ) ;
#1435 = ORIENTED_EDGE ( 'NONE', *, *, #1664, .F. ) ;
#1436 = EDGE_CURVE ( 'NONE', #2001, #1665, #2183, .T. ) ;
#1437 = CARTESIAN_POINT ( 'NONE',  ( 0.2499999999999997780, 0.04999999999999999584, 0.6249999999999994449 ) ) ;
#1438 = ORIENTED_EDGE ( 'NONE', *, *, #2060, .T. ) ;
#1439 = CARTESIAN_POINT ( 'NONE',  ( 0.2499999999999997780, 0.7590169943749472958, 0.6249999999999994449 ) ) ;
#1440 =( NAMED_UNIT ( * ) SI_UNIT ( $, .STERADIAN. ) SOLID_ANGLE_UNIT ( ) );
#1441 = DIRECTION ( 'NONE',  ( 0.000000000000000000, 0.000000000000000000, -1.000000000000000000 ) ) ;
#1442 =( GEOMETRIC_REPRESENTATION_CONTEXT ( 3 ) GLOBAL_UNCERTAINTY_ASSIGNED_CONTEXT ( ( #2019 ) ) GLOBAL_UNIT_ASSIGNED_CONTEXT ( ( #1048, #1735, #1910 ) ) REPRESENTATION_CONTEXT ( 'NONE', 'WORKASPACE' ) );
#1443 = SURFACE_STYLE_USAGE ( .BOTH. , #603 ) ;
#1444 = VECTOR ( 'NONE', #1005, 1000.000000000000000 ) ;
#1445 = DIRECTION ( 'NONE',  ( 0.7071067811865457964, -0.000000000000000000, 0.7071067811865492381 ) ) ;
#1446 = EDGE_CURVE ( 'NONE', #1980, #984, #459, .T. ) ;
#1447 = EDGE_LOOP ( 'NONE', ( #1502, #848, #1126, #622, #750 ) ) ;
#1448 = EDGE_CURVE ( 'NONE', #383, #352, #1838, .T. ) ;
#1449 = CARTESIAN_POINT ( 'NONE',  ( -0.2499999999999997780, 0.2000000000000000111, -0.1250000000000003331 ) ) ;
#1450 = ORIENTED_EDGE ( 'NONE', *, *, #152, .F. ) ;
#1451 = DIRECTION ( 'NONE',  ( 0.000000000000000000, 0.000000000000000000, -1.000000000000000000 ) ) ;
#1452 = CARTESIAN_POINT ( 'NONE',  ( -0.7499999999999997780, 0.000000000000000000, 0.3749999999999996669 ) ) ;
#1453 = CARTESIAN_POINT ( 'NONE',  ( 0.000000000000000000, 0.2000000000000000111, 0.000000000000000000 ) ) ;
#1454 = DIRECTION ( 'NONE',  ( 1.000000000000000000, 0.000000000000000000, 0.000000000000000000 ) ) ;
#1455 = LINE ( 'NONE', #1503, #1556 ) ;
#1456 = VECTOR ( 'NONE', #807, 1000.000000000000000 ) ;
#1457 = DIRECTION ( 'NONE',  ( 0.000000000000000000, -1.000000000000000000, 0.000000000000000000 ) ) ;
#1458 = EDGE_CURVE ( 'NONE', #1560, #2008, #1976, .T. ) ;
#1459 = ORIENTED_EDGE ( 'NONE', *, *, #719, .T. ) ;
#1460 = DIRECTION ( 'NONE',  ( -0.000000000000000000, -1.000000000000000000, -0.000000000000000000 ) ) ;
#1461 = EDGE_LOOP ( 'NONE', ( #226, #183, #1501, #653 ) ) ;
#1462 = PLANE ( 'NONE',  #1651 ) ;
#1463 = FACE_OUTER_BOUND ( 'NONE', #254, .T. ) ;
#1464 = CARTESIAN_POINT ( 'NONE',  ( 0.2499999999999997780, 0.7590169943749472958, 0.6249999999999994449 ) ) ;
#1465 = DIRECTION ( 'NONE',  ( -0.000000000000000000, 1.000000000000000000, 0.000000000000000000 ) ) ;
#1466 = PLANE ( 'NONE',  #381 ) ;
#1467 = EDGE_LOOP ( 'NONE', ( #1336, #1435, #1866, #526 ) ) ;
#1468 = DIRECTION ( 'NONE',  ( 0.000000000000000000, -0.000000000000000000, 1.000000000000000000 ) ) ;
#1469 = ORIENTED_EDGE ( 'NONE', *, *, #922, .F. ) ;
#1470 = CIRCLE ( 'NONE', #2058, 0.09500000000000002887 ) ;
#1471 = ORIENTED_EDGE ( 'NONE', *, *, #2076, .F. ) ;
#1472 = CARTESIAN_POINT ( 'NONE',  ( 0.7499999999999997780, 0.000000000000000000, 0.1249999999999996808 ) ) ;
#1473 = FILL_AREA_STYLE ('',( #993 ) ) ;
#1474 = LINE ( 'NONE', #2167, #946 ) ;
#1475 = ORIENTED_EDGE ( 'NONE', *, *, #58, .T. ) ;
#1476 = ORIENTED_EDGE ( 'NONE', *, *, #1594, .T. ) ;
#1477 = FACE_OUTER_BOUND ( 'NONE', #1286, .T. ) ;
#1478 = VECTOR ( 'NONE', #18, 1000.000000000000000 ) ;
#1479 = DIRECTION ( 'NONE',  ( 1.445602896647339163E-16, 0.000000000000000000, 1.000000000000000000 ) ) ;
#1480 = AXIS2_PLACEMENT_3D ( 'NONE', #390, #1237, #868 ) ;
#1481 = EDGE_CURVE ( 'NONE', #1635, #1046, #82, .T. ) ;
#1482 = ORIENTED_EDGE ( 'NONE', *, *, #913, .F. ) ;
#1483 = DIRECTION ( 'NONE',  ( 0.000000000000000000, -1.000000000000000000, 0.000000000000000000 ) ) ;
#1484 = ORIENTED_EDGE ( 'NONE', *, *, #337, .T. ) ;
#1485 = ORIENTED_EDGE ( 'NONE', *, *, #2125, .F. ) ;
#1486 = DIRECTION ( 'NONE',  ( 0.000000000000000000, -0.000000000000000000, 1.000000000000000000 ) ) ;
#1487 = ADVANCED_FACE ( 'NONE', ( #1153 ), #1466, .T. ) ;
#1488 = FACE_OUTER_BOUND ( 'NONE', #1669, .T. ) ;
#1489 = EDGE_CURVE ( 'NONE', #1387, #2107, #69, .T. ) ;
#1490 = CARTESIAN_POINT ( 'NONE',  ( 0.7500000000000004441, 3.721320343559642918, 0.7499999999999995559 ) ) ;
#1491 = VERTEX_POINT ( 'NONE', #758 ) ;
#1492 = ORIENTED_EDGE ( 'NONE', *, *, #1397, .T. ) ;
#1493 = PLANE ( 'NONE',  #824 ) ;
#1494 = DIRECTION ( 'NONE',  ( 0.000000000000000000, 1.000000000000000000, 0.000000000000000000 ) ) ;
#1495 = ORIENTED_EDGE ( 'NONE', *, *, #1773, .F. ) ;
#1496 = EDGE_CURVE ( 'NONE', #1347, #189, #587, .T. ) ;
#1497 = APPLICATION_PROTOCOL_DEFINITION ( 'draft international standard', 'automotive_design', 1998, #1940 ) ;
#1498 = EDGE_CURVE ( 'NONE', #935, #103, #933, .T. ) ;
#1499 = ORIENTED_EDGE ( 'NONE', *, *, #1790, .T. ) ;
#1500 = CARTESIAN_POINT ( 'NONE',  ( 0.2499999999999997780, 0.000000000000000000, 0.3749999999999996669 ) ) ;
#1501 = ORIENTED_EDGE ( 'NONE', *, *, #959, .F. ) ;
#1502 = ORIENTED_EDGE ( 'NONE', *, *, #1563, .F. ) ;
#1503 = CARTESIAN_POINT ( 'NONE',  ( -0.7499999999999997780, 0.2000000000000000111, -0.6250000000000003331 ) ) ;
#1504 = PLANE ( 'NONE',  #1600 ) ;
#1505 = ORIENTED_EDGE ( 'NONE', *, *, #1730, .F. ) ;
#1506 = DIRECTION ( 'NONE',  ( -0.000000000000000000, -0.000000000000000000, 1.000000000000000000 ) ) ;
#1507 = VECTOR ( 'NONE', #817, 1000.000000000000000 ) ;
#1508 = ORIENTED_EDGE ( 'NONE', *, *, #1965, .F. ) ;
#1509 = DIRECTION ( 'NONE',  ( 1.000000000000000000, 0.000000000000000000, 3.252606517456513302E-16 ) ) ;
#1510 = EDGE_CURVE ( 'NONE', #1150, #332, #947, .T. ) ;
#1511 = ORIENTED_EDGE ( 'NONE', *, *, #1252, .F. ) ;
#1512 = PLANE ( 'NONE',  #748 ) ;
#1513 = ORIENTED_EDGE ( 'NONE', *, *, #925, .T. ) ;
#1514 = ORIENTED_EDGE ( 'NONE', *, *, #71, .T. ) ;
#1515 = DIRECTION ( 'NONE',  ( -0.7071067811865492381, 0.000000000000000000, 0.7071067811865457964 ) ) ;
#1516 = LINE ( 'NONE', #147, #1921 ) ;
#1517 = ORIENTED_EDGE ( 'NONE', *, *, #1050, .F. ) ;
#1518 = DIRECTION ( 'NONE',  ( 0.000000000000000000, 0.000000000000000000, 1.000000000000000000 ) ) ;
#1519 = VECTOR ( 'NONE', #1268, 1000.000000000000000 ) ;
#1520 = EDGE_CURVE ( 'NONE', #2098, #2173, #1645, .T. ) ;
#1521 = CARTESIAN_POINT ( 'NONE',  ( 0.2499999999999997780, 0.2000000000000000111, 0.1249999999999995143 ) ) ;
#1522 = STYLED_ITEM ( 'NONE', ( #779 ), #1192 ) ;
#1523 = ORIENTED_EDGE ( 'NONE', *, *, #1489, .F. ) ;
#1524 = DIRECTION ( 'NONE',  ( 0.000000000000000000, 0.000000000000000000, -1.000000000000000000 ) ) ;
#1525 = VECTOR ( 'NONE', #878, 1000.000000000000000 ) ;
#1526 = SURFACE_STYLE_FILL_AREA ( #1318 ) ;
#1527 = ORIENTED_EDGE ( 'NONE', *, *, #1681, .F. ) ;
#1528 = ORIENTED_EDGE ( 'NONE', *, *, #581, .T. ) ;
#1529 = CARTESIAN_POINT ( 'NONE',  ( -0.2499999999999997780, 0.000000000000000000, 0.6249999999999994449 ) ) ;
#1530 = CARTESIAN_POINT ( 'NONE',  ( 0.7500000000000002220, 0.7999999999999999334, -0.7500000000000004441 ) ) ;
#1531 = VECTOR ( 'NONE', #1381, 1000.000000000000000 ) ;
#1532 = ORIENTED_EDGE ( 'NONE', *, *, #1510, .F. ) ;
#1533 = CARTESIAN_POINT ( 'NONE',  ( 0.2499999999999997780, 0.000000000000000000, -0.3750000000000004996 ) ) ;
#1534 = EDGE_CURVE ( 'NONE', #316, #70, #1311, .T. ) ;
#1535 = EDGE_CURVE ( 'NONE', #787, #148, #2039, .T. ) ;
#1536 = EDGE_LOOP ( 'NONE', ( #640, #1844, #669, #131 ) ) ;
#1537 = FILL_AREA_STYLE ('',( #1002 ) ) ;
#1538 = AXIS2_PLACEMENT_3D ( 'NONE', #509, #987, #133 ) ;
#1539 = ORIENTED_EDGE ( 'NONE', *, *, #351, .F. ) ;
#1540 = DIRECTION ( 'NONE',  ( 0.000000000000000000, -1.000000000000000000, 0.000000000000000000 ) ) ;
#1541 = CARTESIAN_POINT ( 'NONE',  ( -0.2499999999999997780, 0.05000000000000000278, 0.000000000000000000 ) ) ;
#1542 = ORIENTED_EDGE ( 'NONE', *, *, #1672, .F. ) ;
#1543 = CARTESIAN_POINT ( 'NONE',  ( 0.000000000000000000, 0.2000000000000000111, 0.000000000000000000 ) ) ;
#1544 = CARTESIAN_POINT ( 'NONE',  ( 0.7500000000000002220, 0.05000000000000000278, -0.7500000000000004441 ) ) ;
#1545 = DIRECTION ( 'NONE',  ( 1.000000000000000000, 0.000000000000000000, 0.000000000000000000 ) ) ;
#1546 = LINE ( 'NONE', #1170, #979 ) ;
#1547 = MECHANICAL_DESIGN_GEOMETRIC_PRESENTATION_REPRESENTATION (  '', ( #1249 ), #188 ) ;
#1548 = UNCERTAINTY_MEASURE_WITH_UNIT (LENGTH_MEASURE( 1.000000000000000082E-05 ), #1340, 'distance_accuracy_value', 'NONE');
#1549 = ORIENTED_EDGE ( 'NONE', *, *, #1253, .T. ) ;
#1550 = LINE ( 'NONE', #836, #761 ) ;
#1551 = ORIENTED_EDGE ( 'NONE', *, *, #530, .F. ) ;
#1552 = DIRECTION ( 'NONE',  ( 0.000000000000000000, 1.000000000000000000, 0.000000000000000000 ) ) ;
#1553 = DIRECTION ( 'NONE',  ( -1.445602896647339163E-16, -0.000000000000000000, -1.000000000000000000 ) ) ;
#1554 = ADVANCED_FACE ( 'NONE', ( #686 ), #348, .F. ) ;
#1555 = LINE ( 'NONE', #2063, #911 ) ;
#1556 = VECTOR ( 'NONE', #1812, 1000.000000000000000 ) ;
#1557 = ORIENTED_EDGE ( 'NONE', *, *, #1856, .F. ) ;
#1558 = VECTOR ( 'NONE', #1982, 1000.000000000000000 ) ;
#1559 = LINE ( 'NONE', #705, #160 ) ;
#1560 = VERTEX_POINT ( 'NONE', #500 ) ;
#1561 = LINE ( 'NONE', #17, #1702 ) ;
#1562 = CARTESIAN_POINT ( 'NONE',  ( 0.7500000000000002220, 0.05000000000000000278, -0.7500000000000004441 ) ) ;
#1563 = EDGE_CURVE ( 'NONE', #1946, #1794, #1718, .T. ) ;
#1564 = LINE ( 'NONE', #710, #452 ) ;
#1565 = ADVANCED_FACE ( 'NONE', ( #1035 ), #1682, .T. ) ;
#1566 = ORIENTED_EDGE ( 'NONE', *, *, #1664, .T. ) ;
#1567 = VECTOR ( 'NONE', #873, 1000.000000000000000 ) ;
#1568 = EDGE_CURVE ( 'NONE', #103, #791, #1555, .T. ) ;
#1569 = EDGE_CURVE ( 'NONE', #2008, #1190, #700, .T. ) ;
#1570 = SURFACE_SIDE_STYLE ('',( #1744 ) ) ;
#1571 = VERTEX_POINT ( 'NONE', #1530 ) ;
#1572 = DIRECTION ( 'NONE',  ( 1.000000000000000000, 0.000000000000000000, 0.000000000000000000 ) ) ;
#1573 = DIRECTION ( 'NONE',  ( 0.000000000000000000, -1.000000000000000000, -0.000000000000000000 ) ) ;
#1574 = DIRECTION ( 'NONE',  ( 0.000000000000000000, -1.000000000000000000, 0.000000000000000000 ) ) ;
#1575 = LINE ( 'NONE', #1234, #38 ) ;
#1576 = EDGE_CURVE ( 'NONE', #2024, #1848, #1516, .T. ) ;
#1577 = EDGE_LOOP ( 'NONE', ( #1295, #2209, #1394, #683 ) ) ;
#1578 = DIRECTION ( 'NONE',  ( 1.000000000000000000, 0.000000000000000000, 0.000000000000000000 ) ) ;
#1579 = DIRECTION ( 'NONE',  ( 1.000000000000000000, 0.000000000000000000, -0.000000000000000000 ) ) ;
#1580 = CARTESIAN_POINT ( 'NONE',  ( -0.7499999999999995559, 0.05000000000000000278, 0.7499999999999997780 ) ) ;
#1581 = DIRECTION ( 'NONE',  ( -0.7071067811865492381, 0.000000000000000000, 0.7071067811865457964 ) ) ;
#1582 = DIRECTION ( 'NONE',  ( 0.000000000000000000, -1.000000000000000000, 0.000000000000000000 ) ) ;
#1583 = VECTOR ( 'NONE', #2116, 1000.000000000000000 ) ;
#1584 = VECTOR ( 'NONE', #830, 1000.000000000000000 ) ;
#1585 = MECHANICAL_DESIGN_GEOMETRIC_PRESENTATION_REPRESENTATION (  '', ( #1876 ), #1442 ) ;
#1586 =( NAMED_UNIT ( * ) SI_UNIT ( $, .STERADIAN. ) SOLID_ANGLE_UNIT ( ) );
#1587 = ORIENTED_EDGE ( 'NONE', *, *, #116, .F. ) ;
#1588 = LINE ( 'NONE', #1068, #1869 ) ;
#1589 = CARTESIAN_POINT ( 'NONE',  ( -0.2499999999999997780, 0.7590169943749472958, 0.1249999999999995143 ) ) ;
#1590 = DIRECTION ( 'NONE',  ( -0.000000000000000000, -0.000000000000000000, 1.000000000000000000 ) ) ;
#1591 = VECTOR ( 'NONE', #1776, 1000.000000000000000 ) ;
#1592 = CARTESIAN_POINT ( 'NONE',  ( 0.7499999999999997780, 0.7590169943749472958, 0.1249999999999996808 ) ) ;
#1593 = LINE ( 'NONE', #1066, #257 ) ;
#1594 = EDGE_CURVE ( 'NONE', #2148, #1658, #1884, .T. ) ;
#1595 = STYLED_ITEM ( 'NONE', ( #2133 ), #1922 ) ;
#1596 = ORIENTED_EDGE ( 'NONE', *, *, #936, .F. ) ;
#1597 = CARTESIAN_POINT ( 'NONE',  ( -0.5299999999999998046, 0.7500000000000000000, -0.5300000000000003597 ) ) ;
#1598 = CARTESIAN_POINT ( 'NONE',  ( 0.7499999999999997780, 0.000000000000000000, 0.3749999999999996669 ) ) ;
#1599 = DIRECTION ( 'NONE',  ( 0.000000000000000000, -1.000000000000000000, 0.000000000000000000 ) ) ;
#1600 = AXIS2_PLACEMENT_3D ( 'NONE', #2193, #2231, #1168 ) ;
#1601 = LINE ( 'NONE', #737, #1960 ) ;
#1602 = EDGE_CURVE ( 'NONE', #314, #2175, #1206, .T. ) ;
#1603 = PLANE ( 'NONE',  #872 ) ;
#1604 = CARTESIAN_POINT ( 'NONE',  ( 0.000000000000000000, 0.2000000000000000111, 0.000000000000000000 ) ) ;
#1605 = EDGE_LOOP ( 'NONE', ( #110, #805, #885, #1566 ) ) ;
#1606 = DIRECTION ( 'NONE',  ( 0.000000000000000000, 1.000000000000000000, 0.000000000000000000 ) ) ;
#1607 = LINE ( 'NONE', #879, #1908 ) ;
#1608 = VECTOR ( 'NONE', #1842, 1000.000000000000000 ) ;
#1609 = CARTESIAN_POINT ( 'NONE',  ( -0.2499999999999997780, 0.04999999999999999584, -0.1250000000000003331 ) ) ;
#1610 = ADVANCED_FACE ( 'NONE', ( #646 ), #998, .T. ) ;
#1611 = CARTESIAN_POINT ( 'NONE',  ( 0.7500000000000002220, 0.05000000000000000278, -0.7500000000000004441 ) ) ;
#1612 = VERTEX_POINT ( 'NONE', #831 ) ;
#1613 = LINE ( 'NONE', #1992, #2026 ) ;
#1614 = ORIENTED_EDGE ( 'NONE', *, *, #460, .F. ) ;
#1615 = CARTESIAN_POINT ( 'NONE',  ( 0.2499999999999997780, 0.2000000000000000111, 0.1249999999999995143 ) ) ;
#1616 = LINE ( 'NONE', #77, #551 ) ;
#1617 = FILL_AREA_STYLE_COLOUR ( '', #1642 ) ;
#1618 = STYLED_ITEM ( 'NONE', ( #2018 ), #701 ) ;
#1619 = PLANE ( 'NONE',  #223 ) ;
#1620 = AXIS2_PLACEMENT_3D ( 'NONE', #1784, #248, #929 ) ;
#1621 = VECTOR ( 'NONE', #1380, 1000.000000000000000 ) ;
#1622 = PLANE ( 'NONE',  #2028 ) ;
#1623 = ORIENTED_EDGE ( 'NONE', *, *, #1125, .F. ) ;
#1624 = CLOSED_SHELL ( 'NONE', ( #1, #538, #597, #820, #1288, #534 ) ) ;
#1625 = DIRECTION ( 'NONE',  ( -0.000000000000000000, -1.000000000000000000, -0.000000000000000000 ) ) ;
#1626 = ORIENTED_EDGE ( 'NONE', *, *, #630, .T. ) ;
#1627 = AXIS2_PLACEMENT_3D ( 'NONE', #1227, #15, #207 ) ;
#1628 = DIRECTION ( 'NONE',  ( 0.000000000000000000, 0.000000000000000000, -1.000000000000000000 ) ) ;
#1629 = PRESENTATION_STYLE_ASSIGNMENT (( #1111 ) ) ;
#1630 = EDGE_CURVE ( 'NONE', #2168, #1183, #2051, .T. ) ;
#1631 = CARTESIAN_POINT ( 'NONE',  ( 0.2499999999999997780, 0.000000000000000000, -0.6250000000000003331 ) ) ;
#1632 = DIRECTION ( 'NONE',  ( 0.000000000000000000, 0.000000000000000000, -1.000000000000000000 ) ) ;
#1633 = VECTOR ( 'NONE', #2082, 1000.000000000000000 ) ;
#1634 = CARTESIAN_POINT ( 'NONE',  ( -0.7499999999999997780, 0.2000000000000000111, 0.1249999999999996808 ) ) ;
#1635 = VERTEX_POINT ( 'NONE', #1010 ) ;
#1636 = CARTESIAN_POINT ( 'NONE',  ( 0.7499999999999997780, 0.7590169943749472958, 0.6249999999999996669 ) ) ;
#1637 = EDGE_LOOP ( 'NONE', ( #1801, #626, #2185, #1853 ) ) ;
#1638 = DIRECTION ( 'NONE',  ( 0.000000000000000000, 1.000000000000000000, 0.000000000000000000 ) ) ;
#1639 = FACE_OUTER_BOUND ( 'NONE', #844, .T. ) ;
#1640 = DIRECTION ( 'NONE',  ( 0.000000000000000000, 0.000000000000000000, -1.000000000000000000 ) ) ;
#1641 = EDGE_LOOP ( 'NONE', ( #171, #1161, #604, #456 ) ) ;
#1642 = COLOUR_RGB ( '',0.7921568627450980005, 0.8196078431372548767, 0.9333333333333333481 ) ;
#1643 = EDGE_LOOP ( 'NONE', ( #190, #2189, #1382, #208 ) ) ;
#1644 = CARTESIAN_POINT ( 'NONE',  ( -0.2499999999999997780, 0.2000000000000000111, -0.6250000000000003331 ) ) ;
#1645 = LINE ( 'NONE', #795, #1354 ) ;
#1646 = EDGE_LOOP ( 'NONE', ( #923, #1492 ) ) ;
#1647 = EDGE_CURVE ( 'NONE', #2048, #1698, #324, .T. ) ;
#1648 = CARTESIAN_POINT ( 'NONE',  ( -0.7499999999999997780, 0.2000000000000000111, 0.6249999999999996669 ) ) ;
#1649 = ADVANCED_FACE ( 'NONE', ( #864 ), #1504, .T. ) ;
#1650 = VERTEX_POINT ( 'NONE', #2027 ) ;
#1651 = AXIS2_PLACEMENT_3D ( 'NONE', #1305, #1807, #1291 ) ;
#1652 = EDGE_LOOP ( 'NONE', ( #449, #632, #1276, #1527, #321, #988, #1513, #600, #1202, #2211, #16, #544, #1511, #118, #588, #1557, #476, #143, #1517, #291, #492, #30, #1165, #1539, #445, #1551, #1136, #713, #302 ) ) ;
#1653 = CARTESIAN_POINT ( 'NONE',  ( -0.7499999999999997780, 0.04999999999999999584, 0.1249999999999996808 ) ) ;
#1654 = CARTESIAN_POINT ( 'NONE',  ( 0.000000000000000000, 0.05000000000000000278, -0.1250000000000003331 ) ) ;
#1655 = APPLICATION_CONTEXT ( 'automotive_design' ) ;
#1656 = LINE ( 'NONE', #80, #736 ) ;
#1657 = VERTEX_POINT ( 'NONE', #1863 ) ;
#1658 = VERTEX_POINT ( 'NONE', #9 ) ;
#1659 = LINE ( 'NONE', #120, #292 ) ;
#1660 = AXIS2_PLACEMENT_3D ( 'NONE', #1214, #1166, #660 ) ;
#1661 = LINE ( 'NONE', #121, #589 ) ;
#1662 = AXIS2_PLACEMENT_3D ( 'NONE', #1779, #550, #891 ) ;
#1663 = ORIENTED_EDGE ( 'NONE', *, *, #630, .F. ) ;
#1664 = EDGE_CURVE ( 'NONE', #1995, #2224, #842, .T. ) ;
#1665 = VERTEX_POINT ( 'NONE', #529 ) ;
#1666 = DIRECTION ( 'NONE',  ( -0.000000000000000000, 0.000000000000000000, 1.000000000000000000 ) ) ;
#1667 = DIRECTION ( 'NONE',  ( 0.000000000000000000, 0.000000000000000000, 1.000000000000000000 ) ) ;
#1668 = ORIENTED_EDGE ( 'NONE', *, *, #982, .T. ) ;
#1669 = EDGE_LOOP ( 'NONE', ( #644, #1722, #1037, #1678 ) ) ;
#1670 = DIRECTION ( 'NONE',  ( 0.000000000000000000, 0.000000000000000000, -1.000000000000000000 ) ) ;
#1671 = DIRECTION ( 'NONE',  ( 0.000000000000000000, -0.000000000000000000, -1.000000000000000000 ) ) ;
#1672 = EDGE_CURVE ( 'NONE', #1012, #1060, #1215, .T. ) ;
#1673 = VECTOR ( 'NONE', #1115, 1000.000000000000000 ) ;
#1674 = VERTEX_POINT ( 'NONE', #1350 ) ;
#1675 = CARTESIAN_POINT ( 'NONE',  ( -0.1499999999999998002, 0.7590169943749472958, -0.3750000000000004996 ) ) ;
#1676 = DIRECTION ( 'NONE',  ( 1.000000000000000000, 0.000000000000000000, 0.000000000000000000 ) ) ;
#1677 = EDGE_LOOP ( 'NONE', ( #506, #342, #2000, #99 ) ) ;
#1678 = ORIENTED_EDGE ( 'NONE', *, *, #2020, .T. ) ;
#1679 = ORIENTED_EDGE ( 'NONE', *, *, #2131, .T. ) ;
#1680 = LINE ( 'NONE', #311, #1945 ) ;
#1681 = EDGE_CURVE ( 'NONE', #1657, #467, #1939, .T. ) ;
#1682 = PLANE ( 'NONE',  #1242 ) ;
#1683 = ORIENTED_EDGE ( 'NONE', *, *, #1113, .F. ) ;
#1684 = DIRECTION ( 'NONE',  ( -1.000000000000000000, 0.000000000000000000, 0.000000000000000000 ) ) ;
#1685 = VECTOR ( 'NONE', #1310, 1000.000000000000000 ) ;
#1686 = ORIENTED_EDGE ( 'NONE', *, *, #116, .T. ) ;
#1687 = SURFACE_STYLE_USAGE ( .BOTH. , #1157 ) ;
#1688 = VERTEX_POINT ( 'NONE', #1917 ) ;
#1689 = DIRECTION ( 'NONE',  ( 0.000000000000000000, -1.000000000000000000, -0.000000000000000000 ) ) ;
#1690 = ORIENTED_EDGE ( 'NONE', *, *, #2132, .F. ) ;
#1691 = ORIENTED_EDGE ( 'NONE', *, *, #233, .F. ) ;
#1692 = PLANE ( 'NONE',  #1263 ) ;
#1693 = EDGE_CURVE ( 'NONE', #1745, #332, #221, .T. ) ;
#1694 = DIRECTION ( 'NONE',  ( -1.000000000000000000, -0.000000000000000000, -0.000000000000000000 ) ) ;
#1695 = ORIENTED_EDGE ( 'NONE', *, *, #2043, .F. ) ;
#1696 = LINE ( 'NONE', #511, #356 ) ;
#1697 = PRESENTATION_LAYER_ASSIGNMENT (  '', '', ( #1876 ) ) ;
#1698 = VERTEX_POINT ( 'NONE', #2110 ) ;
#1699 = VECTOR ( 'NONE', #1072, 1000.000000000000000 ) ;
#1700 = ORIENTED_EDGE ( 'NONE', *, *, #719, .F. ) ;
#1701 = FACE_OUTER_BOUND ( 'NONE', #1835, .T. ) ;
#1702 = VECTOR ( 'NONE', #1041, 1000.000000000000000 ) ;
#1703 = DIRECTION ( 'NONE',  ( 0.000000000000000000, 1.000000000000000000, -0.000000000000000000 ) ) ;
#1704 = EDGE_LOOP ( 'NONE', ( #1476, #2056, #1014, #1900 ) ) ;
#1705 = PLANE ( 'NONE',  #1011 ) ;
#1706 = CARTESIAN_POINT ( 'NONE',  ( 0.2499999999999997780, 0.1999999999999999833, 0.1249999999999995143 ) ) ;
#1707 = CARTESIAN_POINT ( 'NONE',  ( 0.2499999999999997780, 0.000000000000000000, -0.1250000000000003331 ) ) ;
#1708 = PRESENTATION_LAYER_ASSIGNMENT (  '', '', ( #2075 ) ) ;
#1709 = PLANE ( 'NONE',  #63 ) ;
#1710 = DIRECTION ( 'NONE',  ( 0.000000000000000000, 0.000000000000000000, 1.000000000000000000 ) ) ;
#1711 = AXIS2_PLACEMENT_3D ( 'NONE', #378, #1581, #35 ) ;
#1712 = VERTEX_POINT ( 'NONE', #44 ) ;
#1713 = LINE ( 'NONE', #2046, #2029 ) ;
#1714 =( NAMED_UNIT ( * ) SI_UNIT ( $, .STERADIAN. ) SOLID_ANGLE_UNIT ( ) );
#1715 = ORIENTED_EDGE ( 'NONE', *, *, #1845, .T. ) ;
#1716 = CARTESIAN_POINT ( 'NONE',  ( -0.7499999999999997780, 3.721320343559642918, -0.7500000000000002220 ) ) ;
#1717 = DIRECTION ( 'NONE',  ( -0.7071067811865457964, -0.000000000000000000, -0.7071067811865492381 ) ) ;
#1718 = LINE ( 'NONE', #819, #851 ) ;
#1719 = VECTOR ( 'NONE', #2091, 1000.000000000000000 ) ;
#1720 = EDGE_CURVE ( 'NONE', #1867, #1674, #1749, .T. ) ;
#1721 = EDGE_CURVE ( 'NONE', #1183, #2224, #1412, .T. ) ;
#1722 = ORIENTED_EDGE ( 'NONE', *, *, #702, .T. ) ;
#1723 = PLANE ( 'NONE',  #1480 ) ;
#1724 = EDGE_LOOP ( 'NONE', ( #2086, #1200, #1969, #1228 ) ) ;
#1725 = LINE ( 'NONE', #1746, #1119 ) ;
#1726 = CARTESIAN_POINT ( 'NONE',  ( -0.5299999999999998046, 0.8000000000000000444, -0.5300000000000003597 ) ) ;
#1727 = DIRECTION ( 'NONE',  ( 1.445602896647339163E-16, -0.000000000000000000, 1.000000000000000000 ) ) ;
#1728 = EDGE_CURVE ( 'NONE', #832, #1315, #1755, .T. ) ;
#1729 = PRODUCT_CONTEXT ( 'NONE', #1940, 'mechanical' ) ;
#1730 = EDGE_CURVE ( 'NONE', #1857, #1364, #2119, .T. ) ;
#1731 = EDGE_CURVE ( 'NONE', #915, #1712, #56, .T. ) ;
#1732 = EDGE_LOOP ( 'NONE', ( #163, #680, #970, #403 ) ) ;
#1733 = AXIS2_PLACEMENT_3D ( 'NONE', #32, #1240, #1928 ) ;
#1734 = VECTOR ( 'NONE', #1983, 1000.000000000000000 ) ;
#1735 =( NAMED_UNIT ( * ) PLANE_ANGLE_UNIT ( ) SI_UNIT ( $, .RADIAN. ) );
#1736 = ORIENTED_EDGE ( 'NONE', *, *, #665, .F. ) ;
#1737 = DIRECTION ( 'NONE',  ( 1.000000000000000000, 0.000000000000000000, 3.252606517456513302E-16 ) ) ;
#1738 = DIRECTION ( 'NONE',  ( 0.000000000000000000, 0.000000000000000000, -1.000000000000000000 ) ) ;
#1739 = DIRECTION ( 'NONE',  ( 1.445602896647339163E-16, 0.000000000000000000, 1.000000000000000000 ) ) ;
#1740 = EDGE_CURVE ( 'NONE', #1347, #1657, #1601, .T. ) ;
#1741 = CARTESIAN_POINT ( 'NONE',  ( -0.2499999999999997780, 0.04999999999999999584, 0.6249999999999994449 ) ) ;
#1742 = VECTOR ( 'NONE', #1667, 1000.000000000000000 ) ;
#1743 = VECTOR ( 'NONE', #230, 1000.000000000000000 ) ;
#1744 = SURFACE_STYLE_FILL_AREA ( #884 ) ;
#1745 = VERTEX_POINT ( 'NONE', #1433 ) ;
#1746 = CARTESIAN_POINT ( 'NONE',  ( 0.2499999999999997780, 0.2000000000000000111, -0.3750000000000004996 ) ) ;
#1747 = DIRECTION ( 'NONE',  ( 0.000000000000000000, -0.000000000000000000, 1.000000000000000000 ) ) ;
#1748 = DIRECTION ( 'NONE',  ( -0.000000000000000000, 1.000000000000000000, -0.000000000000000000 ) ) ;
#1749 = LINE ( 'NONE', #724, #1567 ) ;
#1750 = ADVANCED_FACE ( 'NONE', ( #212 ), #2103, .F. ) ;
#1751 = LINE ( 'NONE', #718, #339 ) ;
#1752 = ORIENTED_EDGE ( 'NONE', *, *, #1481, .T. ) ;
#1753 = FACE_OUTER_BOUND ( 'NONE', #371, .T. ) ;
#1754 = FACE_OUTER_BOUND ( 'NONE', #1299, .T. ) ;
#1755 = LINE ( 'NONE', #909, #949 ) ;
#1756 = ADVANCED_FACE ( 'NONE', ( #2092 ), #1262, .T. ) ;
#1757 = ADVANCED_FACE ( 'NONE', ( #559 ), #1243, .F. ) ;
#1758 = FACE_OUTER_BOUND ( 'NONE', #461, .T. ) ;
#1759 = VECTOR ( 'NONE', #1765, 1000.000000000000000 ) ;
#1760 = AXIS2_PLACEMENT_3D ( 'NONE', #2002, #1332, #1670 ) ;
#1761 = VECTOR ( 'NONE', #1804, 1000.000000000000000 ) ;
#1762 = EDGE_CURVE ( 'NONE', #1387, #650, #537, .T. ) ;
#1763 = SURFACE_STYLE_USAGE ( .BOTH. , #359 ) ;
#1764 = ORIENTED_EDGE ( 'NONE', *, *, #738, .T. ) ;
#1765 = DIRECTION ( 'NONE',  ( -1.000000000000000000, 0.000000000000000000, -3.252606517456513302E-16 ) ) ;
#1766 = SURFACE_STYLE_FILL_AREA ( #1077 ) ;
#1767 =( NAMED_UNIT ( * ) PLANE_ANGLE_UNIT ( ) SI_UNIT ( $, .RADIAN. ) );
#1768 = CARTESIAN_POINT ( 'NONE',  ( -0.2499999999999997780, 0.2000000000000000111, 0.1249999999999995143 ) ) ;
#1769 = DIRECTION ( 'NONE',  ( -1.000000000000000000, 0.000000000000000000, -3.252606517456513302E-16 ) ) ;
#1770 = FACE_OUTER_BOUND ( 'NONE', #1097, .T. ) ;
#1771 = VECTOR ( 'NONE', #594, 1000.000000000000000 ) ;
#1772 = EDGE_LOOP ( 'NONE', ( #1450, #2033, #2052, #1131 ) ) ;
#1773 = EDGE_CURVE ( 'NONE', #430, #2005, #1564, .T. ) ;
#1774 = CARTESIAN_POINT ( 'NONE',  ( -0.5299999999999998046, 0.7500000000000000000, -0.5300000000000003597 ) ) ;
#1775 = PRODUCT ( 'TPS3899DL29DSER', 'TPS3899DL29DSER', '', ( #1729 ) ) ;
#1776 = DIRECTION ( 'NONE',  ( 0.000000000000000000, -1.000000000000000000, 0.000000000000000000 ) ) ;
#1777 = CARTESIAN_POINT ( 'NONE',  ( -1.219727444046194214E-16, 0.05000000000000000278, -0.3750000000000005551 ) ) ;
#1778 = DIRECTION ( 'NONE',  ( -1.445602896647339163E-16, 0.000000000000000000, -1.000000000000000000 ) ) ;
#1779 = CARTESIAN_POINT ( 'NONE',  ( -0.2499999999999997780, 0.7590169943749472958, 0.6249999999999994449 ) ) ;
#1780 = EDGE_LOOP ( 'NONE', ( #796, #235, #125, #1389 ) ) ;
#1781 = DIRECTION ( 'NONE',  ( 0.000000000000000000, -1.000000000000000000, 0.000000000000000000 ) ) ;
#1782 = ORIENTED_EDGE ( 'NONE', *, *, #1416, .T. ) ;
#1783 = FACE_OUTER_BOUND ( 'NONE', #1646, .T. ) ;
#1784 = CARTESIAN_POINT ( 'NONE',  ( 0.2499999999999997780, 0.7590169943749472958, 0.6249999999999994449 ) ) ;
#1785 = PLANE ( 'NONE',  #1365 ) ;
#1786 = AXIS2_PLACEMENT_3D ( 'NONE', #1675, #1684, #326 ) ;
#1787 = DIRECTION ( 'NONE',  ( 1.000000000000000000, 0.000000000000000000, 0.000000000000000000 ) ) ;
#1788 = CARTESIAN_POINT ( 'NONE',  ( -0.7499999999999997780, 0.7999999999999999334, -0.7500000000000002220 ) ) ;
#1789 = CARTESIAN_POINT ( 'NONE',  ( -0.1499999999999998002, 0.05000000000000000278, -1.445602896647339348E-17 ) ) ;
#1790 = EDGE_CURVE ( 'NONE', #948, #1867, #549, .T. ) ;
#1791 = ORIENTED_EDGE ( 'NONE', *, *, #1569, .F. ) ;
#1792 = CARTESIAN_POINT ( 'NONE',  ( 0.7500000000000004441, 0.05000000000000000278, 0.6249999999999996669 ) ) ;
#1793 = ADVANCED_FACE ( 'NONE', ( #889 ), #1904, .T. ) ;
#1794 = VERTEX_POINT ( 'NONE', #1930 ) ;
#1795 = DIRECTION ( 'NONE',  ( 0.000000000000000000, 0.000000000000000000, 1.000000000000000000 ) ) ;
#1796 = CARTESIAN_POINT ( 'NONE',  ( -0.5299999999999998046, 0.4812994231491118380, -0.5300000000000003597 ) ) ;
#1797 =( GEOMETRIC_REPRESENTATION_CONTEXT ( 3 ) GLOBAL_UNCERTAINTY_ASSIGNED_CONTEXT ( ( #689 ) ) GLOBAL_UNIT_ASSIGNED_CONTEXT ( ( #166, #637, #2044 ) ) REPRESENTATION_CONTEXT ( 'NONE', 'WORKASPACE' ) );
#1798 = DIRECTION ( 'NONE',  ( -3.252606517456513302E-16, 0.000000000000000000, -1.000000000000000000 ) ) ;
#1799 = PLANE ( 'NONE',  #2084 ) ;
#1800 = CARTESIAN_POINT ( 'NONE',  ( 0.7499999999999997780, 0.2000000000000000111, -0.3750000000000003331 ) ) ;
#1801 = ORIENTED_EDGE ( 'NONE', *, *, #1158, .F. ) ;
#1802 = ADVANCED_FACE ( 'NONE', ( #387 ), #1071, .F. ) ;
#1803 = CLOSED_SHELL ( 'NONE', ( #2085, #1402, #472, #1943, #1892, #1750, #2172, #1896, #1998, #1756, #139, #1649, #313, #1324, #2161, #865, #1058, #240, #1966, #1827, #1487, #1887, #904, #411, #1565, #154, #841, #1269, #547, #2206, #866, #1793, #856, #186 ) ) ;
#1804 = DIRECTION ( 'NONE',  ( -0.000000000000000000, -1.000000000000000000, -0.000000000000000000 ) ) ;
#1805 = EDGE_LOOP ( 'NONE', ( #1549, #180, #6, #1898 ) ) ;
#1806 = COLOUR_RGB ( '',1.000000000000000000, 1.000000000000000000, 1.000000000000000000 ) ;
#1807 = DIRECTION ( 'NONE',  ( 0.000000000000000000, -1.000000000000000000, -0.000000000000000000 ) ) ;
#1808 = FACE_OUTER_BOUND ( 'NONE', #1040, .T. ) ;
#1809 = FACE_OUTER_BOUND ( 'NONE', #496, .T. ) ;
#1810 = ORIENTED_EDGE ( 'NONE', *, *, #571, .T. ) ;
#1811 = ORIENTED_EDGE ( 'NONE', *, *, #1409, .T. ) ;
#1812 = DIRECTION ( 'NONE',  ( 0.000000000000000000, -1.000000000000000000, 0.000000000000000000 ) ) ;
#1813 = VECTOR ( 'NONE', #363, 1000.000000000000000 ) ;
#1814 = CARTESIAN_POINT ( 'NONE',  ( -0.2499999999999997780, 0.2000000000000000111, -0.3750000000000004996 ) ) ;
#1815 = ORIENTED_EDGE ( 'NONE', *, *, #936, .T. ) ;
#1816 = CARTESIAN_POINT ( 'NONE',  ( 0.2499999999999997780, 0.000000000000000000, -0.3750000000000004996 ) ) ;
#1817 = ORIENTED_EDGE ( 'NONE', *, *, #1602, .T. ) ;
#1818 = VERTEX_POINT ( 'NONE', #1768 ) ;
#1819 = FACE_OUTER_BOUND ( 'NONE', #714, .T. ) ;
#1820 = DIRECTION ( 'NONE',  ( -1.000000000000000000, 0.000000000000000000, 3.252606517456513302E-16 ) ) ;
#1821 = CARTESIAN_POINT ( 'NONE',  ( -0.7499999999999997780, 0.000000000000000000, 0.6249999999999996669 ) ) ;
#1822 = ORIENTED_EDGE ( 'NONE', *, *, #615, .T. ) ;
#1823 = VECTOR ( 'NONE', #1441, 1000.000000000000000 ) ;
#1824 = ORIENTED_EDGE ( 'NONE', *, *, #1322, .T. ) ;
#1825 = DIRECTION ( 'NONE',  ( 0.000000000000000000, -1.000000000000000000, 0.000000000000000000 ) ) ;
#1826 = CARTESIAN_POINT ( 'NONE',  ( 0.7499999999999997780, 0.000000000000000000, -0.6250000000000003331 ) ) ;
#1827 = ADVANCED_FACE ( 'NONE', ( #1307 ), #1112, .T. ) ;
#1828 = ORIENTED_EDGE ( 'NONE', *, *, #1235, .F. ) ;
#1829 = FACE_OUTER_BOUND ( 'NONE', #423, .T. ) ;
#1830 = UNCERTAINTY_MEASURE_WITH_UNIT (LENGTH_MEASURE( 1.000000000000000082E-05 ), #1962, 'distance_accuracy_value', 'NONE');
#1831 = ORIENTED_EDGE ( 'NONE', *, *, #1762, .T. ) ;
#1832 = SURFACE_STYLE_FILL_AREA ( #1473 ) ;
#1833 = ADVANCED_FACE ( 'NONE', ( #1809 ), #631, .F. ) ;
#1834 = LINE ( 'NONE', #294, #524 ) ;
#1835 = EDGE_LOOP ( 'NONE', ( #1320, #2016, #2079, #1120 ) ) ;
#1836 = ORIENTED_EDGE ( 'NONE', *, *, #808, .F. ) ;
#1837 = FACE_OUTER_BOUND ( 'NONE', #1095, .T. ) ;
#1838 = LINE ( 'NONE', #2015, #2221 ) ;
#1839 = VECTOR ( 'NONE', #1223, 1000.000000000000000 ) ;
#1840 =( GEOMETRIC_REPRESENTATION_CONTEXT ( 3 ) GLOBAL_UNCERTAINTY_ASSIGNED_CONTEXT ( ( #463 ) ) GLOBAL_UNIT_ASSIGNED_CONTEXT ( ( #616, #2201, #641 ) ) REPRESENTATION_CONTEXT ( 'NONE', 'WORKASPACE' ) );
#1841 = ORIENTED_EDGE ( 'NONE', *, *, #71, .F. ) ;
#1842 = DIRECTION ( 'NONE',  ( 1.445602896647339163E-16, 0.000000000000000000, 1.000000000000000000 ) ) ;
#1843 = LINE ( 'NONE', #1521, #478 ) ;
#1844 = ORIENTED_EDGE ( 'NONE', *, *, #1436, .F. ) ;
#1845 = EDGE_CURVE ( 'NONE', #1190, #2030, #1999, .T. ) ;
#1846 = CARTESIAN_POINT ( 'NONE',  ( -0.5299999999999998046, 0.8000000000000000444, -0.6250000000000004441 ) ) ;
#1847 = EDGE_CURVE ( 'NONE', #1315, #409, #954, .T. ) ;
#1848 = VERTEX_POINT ( 'NONE', #1821 ) ;
#1849 = VERTEX_POINT ( 'NONE', #1609 ) ;
#1850 = CARTESIAN_POINT ( 'NONE',  ( 0.1874999999999996114, 0.05000000000000000278, -0.1874999999999987232 ) ) ;
#1851 = CARTESIAN_POINT ( 'NONE',  ( -0.7499999999999997780, 0.000000000000000000, 0.1249999999999996808 ) ) ;
#1852 = VECTOR ( 'NONE', #1694, 1000.000000000000000 ) ;
#1853 = ORIENTED_EDGE ( 'NONE', *, *, #95, .T. ) ;
#1854 = DIRECTION ( 'NONE',  ( 0.000000000000000000, 1.000000000000000000, 0.000000000000000000 ) ) ;
#1855 = CARTESIAN_POINT ( 'NONE',  ( -0.7499999999999997780, 0.000000000000000000, 0.1249999999999996808 ) ) ;
#1856 = EDGE_CURVE ( 'NONE', #148, #59, #1656, .T. ) ;
#1857 = VERTEX_POINT ( 'NONE', #117 ) ;
#1858 = PLANE ( 'NONE',  #78 ) ;
#1859 =( NAMED_UNIT ( * ) PLANE_ANGLE_UNIT ( ) SI_UNIT ( $, .RADIAN. ) );
#1860 = ORIENTED_EDGE ( 'NONE', *, *, #563, .T. ) ;
#1861 = VERTEX_POINT ( 'NONE', #770 ) ;
#1862 = LINE ( 'NONE', #2050, #609 ) ;
#1863 = CARTESIAN_POINT ( 'NONE',  ( -0.7499999999999997780, 0.04999999999999999584, -0.3750000000000003331 ) ) ;
#1864 = ORIENTED_EDGE ( 'NONE', *, *, #1728, .T. ) ;
#1865 = LINE ( 'NONE', #2031, #1395 ) ;
#1866 = ORIENTED_EDGE ( 'NONE', *, *, #336, .F. ) ;
#1867 = VERTEX_POINT ( 'NONE', #931 ) ;
#1868 = CARTESIAN_POINT ( 'NONE',  ( -0.7499999999999997780, 0.2000000000000000111, 0.6249999999999996669 ) ) ;
#1869 = VECTOR ( 'NONE', #1451, 1000.000000000000000 ) ;
#1870 = ORIENTED_EDGE ( 'NONE', *, *, #126, .F. ) ;
#1871 = CARTESIAN_POINT ( 'NONE',  ( 0.2499999999999997780, 0.1999999999999999833, -0.3750000000000004996 ) ) ;
#1872 = CARTESIAN_POINT ( 'NONE',  ( 0.7499999999999997780, 0.1999999999999999833, -0.3750000000000003331 ) ) ;
#1873 = CARTESIAN_POINT ( 'NONE',  ( -0.2499999999999997780, 0.2000000000000000111, 0.3749999999999996669 ) ) ;
#1874 = CIRCLE ( 'NONE', #113, 0.09500000000000002887 ) ;
#1875 = LINE ( 'NONE', #723, #2192 ) ;
#1876 = STYLED_ITEM ( 'NONE', ( #372 ), #1977 ) ;
#1877 = CARTESIAN_POINT ( 'NONE',  ( -0.2499999999999997780, 0.1999999999999999833, -0.1250000000000003331 ) ) ;
#1878 = ORIENTED_EDGE ( 'NONE', *, *, #563, .F. ) ;
#1879 = CARTESIAN_POINT ( 'NONE',  ( 0.2499999999999997780, 0.2000000000000000111, 0.1249999999999995143 ) ) ;
#1880 =( NAMED_UNIT ( * ) SI_UNIT ( $, .STERADIAN. ) SOLID_ANGLE_UNIT ( ) );
#1881 = ORIENTED_EDGE ( 'NONE', *, *, #1036, .T. ) ;
#1882 = LINE ( 'NONE', #26, #1413 ) ;
#1883 = CARTESIAN_POINT ( 'NONE',  ( -0.5299999999999998046, 0.4812994231491118380, -0.4350000000000003864 ) ) ;
#1884 = LINE ( 'NONE', #2220, #2040 ) ;
#1885 = COLOUR_RGB ( '',0.7921568627450980005, 0.8196078431372548767, 0.9333333333333333481 ) ;
#1886 = EDGE_CURVE ( 'NONE', #434, #1861, #969, .T. ) ;
#1887 = ADVANCED_FACE ( 'NONE', ( #1293 ), #102, .T. ) ;
#1888 = AXIS2_PLACEMENT_3D ( 'NONE', #1464, #427, #454 ) ;
#1889 = VERTEX_POINT ( 'NONE', #261 ) ;
#1890 = CARTESIAN_POINT ( 'NONE',  ( -0.7499999999999997780, 0.000000000000000000, -0.6250000000000003331 ) ) ;
#1891 = ORIENTED_EDGE ( 'NONE', *, *, #351, .T. ) ;
#1892 = ADVANCED_FACE ( 'NONE', ( #1092 ), #790, .F. ) ;
#1893 = CARTESIAN_POINT ( 'NONE',  ( -0.2499999999999997780, 0.1999999999999999833, -0.6250000000000003331 ) ) ;
#1894 = LINE ( 'NONE', #997, #10 ) ;
#1895 = CARTESIAN_POINT ( 'NONE',  ( 0.2499999999999997780, 0.1999999999999999833, 0.1249999999999995143 ) ) ;
#1896 = ADVANCED_FACE ( 'NONE', ( #2179 ), #944, .T. ) ;
#1897 = AXIS2_PLACEMENT_3D ( 'NONE', #443, #806, #945 ) ;
#1898 = ORIENTED_EDGE ( 'NONE', *, *, #874, .T. ) ;
#1899 = CARTESIAN_POINT ( 'NONE',  ( 0.7499999999999997780, 0.000000000000000000, -0.3750000000000003331 ) ) ;
#1900 = ORIENTED_EDGE ( 'NONE', *, *, #128, .T. ) ;
#1901 = LINE ( 'NONE', #707, #167 ) ;
#1902 = FACE_OUTER_BOUND ( 'NONE', #1348, .T. ) ;
#1903 = EDGE_CURVE ( 'NONE', #1650, #787, #1474, .T. ) ;
#1904 = PLANE ( 'NONE',  #1711 ) ;
#1905 = PLANE ( 'NONE',  #400 ) ;
#1906 = MECHANICAL_DESIGN_GEOMETRIC_PRESENTATION_REPRESENTATION (  '', ( #1618 ), #1797 ) ;
#1907 = ORIENTED_EDGE ( 'NONE', *, *, #2199, .F. ) ;
#1908 = VECTOR ( 'NONE', #906, 1000.000000000000000 ) ;
#1909 = VECTOR ( 'NONE', #859, 1000.000000000000000 ) ;
#1910 =( NAMED_UNIT ( * ) SI_UNIT ( $, .STERADIAN. ) SOLID_ANGLE_UNIT ( ) );
#1911 = ORIENTED_EDGE ( 'NONE', *, *, #1367, .F. ) ;
#1912 = EDGE_CURVE ( 'NONE', #1418, #153, #919, .T. ) ;
#1913 = CARTESIAN_POINT ( 'NONE',  ( 0.2499999999999997780, 0.2000000000000000111, -0.6250000000000003331 ) ) ;
#1914 = DIRECTION ( 'NONE',  ( 1.445602896647339163E-16, 0.000000000000000000, 1.000000000000000000 ) ) ;
#1915 = CLOSED_SHELL ( 'NONE', ( #882, #260, #1212, #1833, #178, #638 ) ) ;
#1916 = CARTESIAN_POINT ( 'NONE',  ( 0.7500000000000002220, 0.7999999999999999334, -0.7500000000000004441 ) ) ;
#1917 = CARTESIAN_POINT ( 'NONE',  ( 0.2499999999999997780, 0.1999999999999999833, 0.3749999999999996669 ) ) ;
#1918 = CARTESIAN_POINT ( 'NONE',  ( 0.2499999999999997780, 0.2000000000000000111, -0.1250000000000003331 ) ) ;
#1919 = VECTOR ( 'NONE', #1163, 1000.000000000000000 ) ;
#1920 = APPLICATION_PROTOCOL_DEFINITION ( 'draft international standard', 'automotive_design', 1998, #1655 ) ;
#1921 = VECTOR ( 'NONE', #1361, 1000.000000000000000 ) ;
#1922 = MANIFOLD_SOLID_BREP ( 'LPattern2[3]', #1302 ) ;
#1923 = ADVANCED_FACE ( 'NONE', ( #983 ), #68, .T. ) ;
#1924 = EDGE_CURVE ( 'NONE', #430, #409, #182, .T. ) ;
#1925 = LINE ( 'NONE', #214, #1057 ) ;
#1926 = ORIENTED_EDGE ( 'NONE', *, *, #1261, .F. ) ;
#1927 = DIRECTION ( 'NONE',  ( 0.000000000000000000, 0.000000000000000000, 1.000000000000000000 ) ) ;
#1928 = DIRECTION ( 'NONE',  ( 1.000000000000000000, 0.000000000000000000, -0.000000000000000000 ) ) ;
#1929 = SURFACE_STYLE_FILL_AREA ( #2118 ) ;
#1930 = CARTESIAN_POINT ( 'NONE',  ( -0.1499999999999998002, 0.1999999999999999833, -0.3750000000000005551 ) ) ;
#1931 = MANIFOLD_SOLID_BREP ( 'LPattern2[2]', #1915 ) ;
#1932 = DIRECTION ( 'NONE',  ( 1.000000000000000000, -0.000000000000000000, 0.000000000000000000 ) ) ;
#1933 = AXIS2_PLACEMENT_3D ( 'NONE', #1137, #268, #1996 ) ;
#1934 = DIRECTION ( 'NONE',  ( -0.000000000000000000, 0.000000000000000000, 1.000000000000000000 ) ) ;
#1935 = ORIENTED_EDGE ( 'NONE', *, *, #251, .F. ) ;
#1936 = FACE_OUTER_BOUND ( 'NONE', #613, .T. ) ;
#1937 = LINE ( 'NONE', #1420, #1591 ) ;
#1938 = DIRECTION ( 'NONE',  ( -0.7071067811865457964, -0.000000000000000000, -0.7071067811865492381 ) ) ;
#1939 = LINE ( 'NONE', #881, #1174 ) ;
#1940 = APPLICATION_CONTEXT ( 'automotive_design' ) ;
#1941 = DIRECTION ( 'NONE',  ( 1.445602896647339163E-16, -0.000000000000000000, 1.000000000000000000 ) ) ;
#1942 = VECTOR ( 'NONE', #585, 1000.000000000000000 ) ;
#1943 = ADVANCED_FACE ( 'NONE', ( #814 ), #1177, .F. ) ;
#1944 = CARTESIAN_POINT ( 'NONE',  ( -0.5299999999999998046, 0.7500000000000000000, -0.5300000000000003597 ) ) ;
#1945 = VECTOR ( 'NONE', #335, 1000.000000000000000 ) ;
#1946 = VERTEX_POINT ( 'NONE', #156 ) ;
#1947 = VECTOR ( 'NONE', #1424, 1000.000000000000000 ) ;
#1948 = PLANE ( 'NONE',  #108 ) ;
#1949 = CARTESIAN_POINT ( 'NONE',  ( 0.000000000000000000, 0.2000000000000000111, 0.5000000000000000000 ) ) ;
#1950 = VECTOR ( 'NONE', #1540, 1000.000000000000000 ) ;
#1951 = CARTESIAN_POINT ( 'NONE',  ( 0.000000000000000000, 0.05000000000000000278, 0.3749999999999996669 ) ) ;
#1952 = MANIFOLD_SOLID_BREP ( 'Cut-Extrude4', #1803 ) ;
#1953 = CARTESIAN_POINT ( 'NONE',  ( 0.2499999999999997780, 0.2000000000000000111, -0.3750000000000004996 ) ) ;
#1954 = EDGE_CURVE ( 'NONE', #1151, #1358, #331, .T. ) ;
#1955 = EDGE_CURVE ( 'NONE', #948, #1117, #1149, .T. ) ;
#1956 = ORIENTED_EDGE ( 'NONE', *, *, #1847, .F. ) ;
#1957 = LINE ( 'NONE', #244, #1377 ) ;
#1958 = ORIENTED_EDGE ( 'NONE', *, *, #1045, .T. ) ;
#1959 = PLANE ( 'NONE',  #2157 ) ;
#1960 = VECTOR ( 'NONE', #1574, 1000.000000000000000 ) ;
#1961 = EDGE_CURVE ( 'NONE', #1257, #522, #1834, .T. ) ;
#1962 =( LENGTH_UNIT ( ) NAMED_UNIT ( * ) SI_UNIT ( .MILLI., .METRE. ) );
#1963 = MANIFOLD_SOLID_BREP ( 'Boss-Extrude2[1]', #1345 ) ;
#1964 = LINE ( 'NONE', #1611, #175 ) ;
#1965 = EDGE_CURVE ( 'NONE', #1688, #948, #1925, .T. ) ;
#1966 = ADVANCED_FACE ( 'NONE', ( #642 ), #1417, .F. ) ;
#1967 = VERTEX_POINT ( 'NONE', #1059 ) ;
#1968 = DIRECTION ( 'NONE',  ( -0.000000000000000000, -1.000000000000000000, -0.000000000000000000 ) ) ;
#1969 = ORIENTED_EDGE ( 'NONE', *, *, #2147, .F. ) ;
#1970 = FACE_OUTER_BOUND ( 'NONE', #1304, .T. ) ;
#1971 = FACE_OUTER_BOUND ( 'NONE', #1641, .T. ) ;
#1972 = DIRECTION ( 'NONE',  ( 1.000000000000000000, -0.000000000000000000, 0.000000000000000000 ) ) ;
#1973 = DIRECTION ( 'NONE',  ( -1.000000000000000000, 0.000000000000000000, 3.252606517456513302E-16 ) ) ;
#1974 = EDGE_CURVE ( 'NONE', #317, #1418, #1219, .T. ) ;
#1975 = LINE ( 'NONE', #645, #1198 ) ;
#1976 = LINE ( 'NONE', #473, #1673 ) ;
#1977 = MANIFOLD_SOLID_BREP ( 'Boss-Extrude5', #2212 ) ;
#1978 = ORIENTED_EDGE ( 'NONE', *, *, #2069, .F. ) ;
#1979 = PLANE ( 'NONE',  #798 ) ;
#1980 = VERTEX_POINT ( 'NONE', #525 ) ;
#1981 = PLANE ( 'NONE',  #1933 ) ;
#1982 = DIRECTION ( 'NONE',  ( -0.000000000000000000, -1.000000000000000000, -0.000000000000000000 ) ) ;
#1983 = DIRECTION ( 'NONE',  ( 1.000000000000000000, -0.000000000000000000, 0.000000000000000000 ) ) ;
#1984 = VECTOR ( 'NONE', #741, 1000.000000000000000 ) ;
#1985 = ORIENTED_EDGE ( 'NONE', *, *, #1647, .T. ) ;
#1986 = EDGE_LOOP ( 'NONE', ( #1484, #1396, #1695, #1001, #1811, #1881, #137, #2077, #513, #1782, #1878, #894, #1822, #84, #1523, #1831 ) ) ;
#1987 = LINE ( 'NONE', #273, #976 ) ;
#1988 = VECTOR ( 'NONE', #1941, 1000.000000000000000 ) ;
#1989 = DIRECTION ( 'NONE',  ( 0.000000000000000000, 0.000000000000000000, 1.000000000000000000 ) ) ;
#1990 = ORIENTED_EDGE ( 'NONE', *, *, #1167, .F. ) ;
#1991 = VECTOR ( 'NONE', #2080, 1000.000000000000000 ) ;
#1992 = CARTESIAN_POINT ( 'NONE',  ( 0.7499999999999997780, 0.000000000000000000, 0.1249999999999996808 ) ) ;
#1993 = VERTEX_POINT ( 'NONE', #1210 ) ;
#1994 = MECHANICAL_DESIGN_GEOMETRIC_PRESENTATION_REPRESENTATION (  '', ( #1595 ), #232 ) ;
#1995 = VERTEX_POINT ( 'NONE', #1405 ) ;
#1996 = DIRECTION ( 'NONE',  ( 0.000000000000000000, 0.000000000000000000, -1.000000000000000000 ) ) ;
#1997 = CARTESIAN_POINT ( 'NONE',  ( 0.000000000000000000, 0.2000000000000000111, 1.000000000000000000 ) ) ;
#1998 = ADVANCED_FACE ( 'NONE', ( #2070 ), #564, .T. ) ;
#1999 = LINE ( 'NONE', #1101, #1274 ) ;
#2000 = ORIENTED_EDGE ( 'NONE', *, *, #1481, .F. ) ;
#2001 = VERTEX_POINT ( 'NONE', #1074 ) ;
#2002 = CARTESIAN_POINT ( 'NONE',  ( 0.000000000000000000, 0.2000000000000000111, 0.5000000000000000000 ) ) ;
#2003 = VECTOR ( 'NONE', #1445, 1000.000000000000000 ) ;
#2004 = LINE ( 'NONE', #1789, #1300 ) ;
#2005 = VERTEX_POINT ( 'NONE', #1890 ) ;
#2006 = CARTESIAN_POINT ( 'NONE',  ( 0.2499999999999997780, 0.1999999999999999833, -0.6250000000000003331 ) ) ;
#2007 = ADVANCED_FACE ( 'NONE', ( #553 ), #1723, .F. ) ;
#2008 = VERTEX_POINT ( 'NONE', #902 ) ;
#2009 = CARTESIAN_POINT ( 'NONE',  ( 0.7499999999999997780, 0.2000000000000000111, 0.3749999999999996669 ) ) ;
#2010 = ORIENTED_EDGE ( 'NONE', *, *, #2043, .T. ) ;
#2011 = AXIS2_PLACEMENT_3D ( 'NONE', #967, #2166, #654 ) ;
#2012 = ORIENTED_EDGE ( 'NONE', *, *, #300, .T. ) ;
#2013 = DIRECTION ( 'NONE',  ( 0.000000000000000000, 0.000000000000000000, 1.000000000000000000 ) ) ;
#2014 = VECTOR ( 'NONE', #1197, 1000.000000000000000 ) ;
#2015 = CARTESIAN_POINT ( 'NONE',  ( 0.2499999999999997780, 0.000000000000000000, 0.1249999999999995143 ) ) ;
#2016 = ORIENTED_EDGE ( 'NONE', *, *, #1436, .T. ) ;
#2017 = DIRECTION ( 'NONE',  ( 0.000000000000000000, 0.000000000000000000, -1.000000000000000000 ) ) ;
#2018 = PRESENTATION_STYLE_ASSIGNMENT (( #1687 ) ) ;
#2019 = UNCERTAINTY_MEASURE_WITH_UNIT (LENGTH_MEASURE( 1.000000000000000082E-05 ), #1048, 'distance_accuracy_value', 'NONE');
#2020 = EDGE_CURVE ( 'NONE', #482, #835, #1559, .T. ) ;
#2021 = ORIENTED_EDGE ( 'NONE', *, *, #49, .T. ) ;
#2022 = FILL_AREA_STYLE_COLOUR ( '', #1885 ) ;
#2023 = ORIENTED_EDGE ( 'NONE', *, *, #1252, .T. ) ;
#2024 = VERTEX_POINT ( 'NONE', #2114 ) ;
#2025 = LINE ( 'NONE', #1372, #2064 ) ;
#2026 = VECTOR ( 'NONE', #72, 1000.000000000000000 ) ;
#2027 = CARTESIAN_POINT ( 'NONE',  ( 0.7500000000000003331, 0.05000000000000000278, 0.1249999999999996808 ) ) ;
#2028 = AXIS2_PLACEMENT_3D ( 'NONE', #429, #974, #1479 ) ;
#2029 = VECTOR ( 'NONE', #505, 1000.000000000000000 ) ;
#2030 = VERTEX_POINT ( 'NONE', #1256 ) ;
#2031 = CARTESIAN_POINT ( 'NONE',  ( -0.1499999999999998002, 0.2000000000000000111, -0.3750000000000004996 ) ) ;
#2032 = LINE ( 'NONE', #1877, #37 ) ;
#2033 = ORIENTED_EDGE ( 'NONE', *, *, #2215, .T. ) ;
#2034 = CARTESIAN_POINT ( 'NONE',  ( 0.000000000000000000, 0.05000000000000000278, 0.3749999999999996669 ) ) ;
#2035 = FILL_AREA_STYLE_COLOUR ( '', #170 ) ;
#2036 = ORIENTED_EDGE ( 'NONE', *, *, #1924, .F. ) ;
#2037 = ORIENTED_EDGE ( 'NONE', *, *, #1386, .T. ) ;
#2038 = DIRECTION ( 'NONE',  ( 0.000000000000000000, 1.000000000000000000, 0.000000000000000000 ) ) ;
#2039 = LINE ( 'NONE', #174, #349 ) ;
#2040 = VECTOR ( 'NONE', #1545, 1000.000000000000000 ) ;
#2041 = ORIENTED_EDGE ( 'NONE', *, *, #370, .T. ) ;
#2042 = DIRECTION ( 'NONE',  ( 0.000000000000000000, -1.000000000000000000, 0.000000000000000000 ) ) ;
#2043 = EDGE_CURVE ( 'NONE', #1889, #1650, #51, .T. ) ;
#2044 =( NAMED_UNIT ( * ) SI_UNIT ( $, .STERADIAN. ) SOLID_ANGLE_UNIT ( ) );
#2045 = ORIENTED_EDGE ( 'NONE', *, *, #2137, .F. ) ;
#2046 = CARTESIAN_POINT ( 'NONE',  ( 0.7500000000000004441, 3.721320343559642918, 0.7499999999999995559 ) ) ;
#2047 = SURFACE_STYLE_USAGE ( .BOTH. , #2216 ) ;
#2048 = VERTEX_POINT ( 'NONE', #421 ) ;
#2049 = CARTESIAN_POINT ( 'NONE',  ( 0.7499999999999997780, 0.7590169943749472958, -0.1250000000000003331 ) ) ;
#2050 = CARTESIAN_POINT ( 'NONE',  ( -0.2499999999999997780, 0.000000000000000000, 0.3749999999999996669 ) ) ;
#2051 = LINE ( 'NONE', #187, #2106 ) ;
#2052 = ORIENTED_EDGE ( 'NONE', *, *, #729, .T. ) ;
#2053 = CARTESIAN_POINT ( 'NONE',  ( 0.2499999999999997780, 0.7590169943749472958, -0.6250000000000003331 ) ) ;
#2054 = EDGE_CURVE ( 'NONE', #352, #316, #1613, .T. ) ;
#2055 = ORIENTED_EDGE ( 'NONE', *, *, #1003, .T. ) ;
#2056 = ORIENTED_EDGE ( 'NONE', *, *, #20, .F. ) ;
#2057 = LINE ( 'NONE', #330, #937 ) ;
#2058 = AXIS2_PLACEMENT_3D ( 'NONE', #1774, #1606, #895 ) ;
#2059 = ORIENTED_EDGE ( 'NONE', *, *, #1278, .T. ) ;
#2060 = EDGE_CURVE ( 'NONE', #2001, #1217, #762, .T. ) ;
#2061 = DIRECTION ( 'NONE',  ( 0.000000000000000000, 0.000000000000000000, -1.000000000000000000 ) ) ;
#2062 = FACE_OUTER_BOUND ( 'NONE', #498, .T. ) ;
#2063 = CARTESIAN_POINT ( 'NONE',  ( 0.2499999999999997780, 0.2000000000000000111, -0.6250000000000003331 ) ) ;
#2064 = VECTOR ( 'NONE', #685, 1000.000000000000000 ) ;
#2065 = AXIS2_PLACEMENT_3D ( 'NONE', #2097, #1245, #1934 ) ;
#2066 = PRODUCT_DEFINITION_CONTEXT ( 'detailed design', #1655, 'design' ) ;
#2067 = ORIENTED_EDGE ( 'NONE', *, *, #458, .F. ) ;
#2068 = DIRECTION ( 'NONE',  ( -1.445602896647339163E-16, 0.000000000000000000, -1.000000000000000000 ) ) ;
#2069 = EDGE_CURVE ( 'NONE', #1190, #584, #1107, .T. ) ;
#2070 = FACE_OUTER_BOUND ( 'NONE', #1732, .T. ) ;
#2071 = ORIENTED_EDGE ( 'NONE', *, *, #2137, .T. ) ;
#2072 = DIRECTION ( 'NONE',  ( 0.000000000000000000, 0.000000000000000000, 1.000000000000000000 ) ) ;
#2073 = FACE_OUTER_BOUND ( 'NONE', #764, .T. ) ;
#2074 = CARTESIAN_POINT ( 'NONE',  ( 0.2499999999999997780, 0.1999999999999999833, -0.3750000000000004996 ) ) ;
#2075 = STYLED_ITEM ( 'NONE', ( #1006 ), #1931 ) ;
#2076 = EDGE_CURVE ( 'NONE', #2225, #2088, #1425, .T. ) ;
#2077 = ORIENTED_EDGE ( 'NONE', *, *, #1498, .T. ) ;
#2078 =( LENGTH_UNIT ( ) NAMED_UNIT ( * ) SI_UNIT ( .MILLI., .METRE. ) );
#2079 = ORIENTED_EDGE ( 'NONE', *, *, #913, .T. ) ;
#2080 = DIRECTION ( 'NONE',  ( 1.000000000000000000, -0.000000000000000000, -3.252606517456513302E-16 ) ) ;
#2081 = CARTESIAN_POINT ( 'NONE',  ( -0.7499999999999997780, 0.05000000000000000278, -0.7500000000000002220 ) ) ;
#2082 = DIRECTION ( 'NONE',  ( -1.000000000000000000, 0.000000000000000000, 3.252606517456513302E-16 ) ) ;
#2083 = LINE ( 'NONE', #389, #1699 ) ;
#2084 = AXIS2_PLACEMENT_3D ( 'NONE', #793, #418, #2013 ) ;
#2085 = ADVANCED_FACE ( 'NONE', ( #912 ), #1133, .F. ) ;
#2086 = ORIENTED_EDGE ( 'NONE', *, *, #1912, .F. ) ;
#2087 = PRESENTATION_STYLE_ASSIGNMENT (( #1388 ) ) ;
#2088 = VERTEX_POINT ( 'NONE', #109 ) ;
#2089 = CARTESIAN_POINT ( 'NONE',  ( 0.7499999999999997780, 0.1999999999999999833, -0.1250000000000003331 ) ) ;
#2090 = PLANE ( 'NONE',  #837 ) ;
#2091 = DIRECTION ( 'NONE',  ( 0.000000000000000000, 0.000000000000000000, 1.000000000000000000 ) ) ;
#2092 = FACE_OUTER_BOUND ( 'NONE', #1805, .T. ) ;
#2093 = CARTESIAN_POINT ( 'NONE',  ( 0.7500000000000002220, 0.05000000000000000278, -0.7500000000000004441 ) ) ;
#2094 = EDGE_CURVE ( 'NONE', #2225, #1849, #1301, .T. ) ;
#2095 = AXIS2_PLACEMENT_3D ( 'NONE', #679, #1710, #1327 ) ;
#2096 = VECTOR ( 'NONE', #1430, 1000.000000000000000 ) ;
#2097 = CARTESIAN_POINT ( 'NONE',  ( -0.1499999999999998002, 0.2000000000000000111, -0.3750000000000004996 ) ) ;
#2098 = VERTEX_POINT ( 'NONE', #590 ) ;
#2099 = PLANE ( 'NONE',  #690 ) ;
#2100 = PLANE ( 'NONE',  #295 ) ;
#2101 = VECTOR ( 'NONE', #1191, 1000.000000000000000 ) ;
#2102 = DIRECTION ( 'NONE',  ( 0.000000000000000000, -1.000000000000000000, -0.000000000000000000 ) ) ;
#2103 = PLANE ( 'NONE',  #673 ) ;
#2104 = CARTESIAN_POINT ( 'NONE',  ( -0.2499999999999997780, 0.7590169943749472958, -0.6250000000000003331 ) ) ;
#2105 = AXIS2_PLACEMENT_3D ( 'NONE', #803, #782, #417 ) ;
#2106 = VECTOR ( 'NONE', #338, 1000.000000000000000 ) ;
#2107 = VERTEX_POINT ( 'NONE', #1792 ) ;
#2108 = LINE ( 'NONE', #1247, #1759 ) ;
#2109 = LINE ( 'NONE', #536, #1839 ) ;
#2110 = CARTESIAN_POINT ( 'NONE',  ( 0.2499999999999997780, 0.2000000000000000111, -0.1250000000000003331 ) ) ;
#2111 = LINE ( 'NONE', #570, #1232 ) ;
#2112 = VECTOR ( 'NONE', #238, 1000.000000000000000 ) ;
#2113 = DIRECTION ( 'NONE',  ( -1.000000000000000000, 0.000000000000000000, 0.000000000000000000 ) ) ;
#2114 = CARTESIAN_POINT ( 'NONE',  ( -0.7499999999999997780, 0.1999999999999999833, 0.6249999999999996669 ) ) ;
#2115 = ORIENTED_EDGE ( 'NONE', *, *, #1045, .F. ) ;
#2116 = DIRECTION ( 'NONE',  ( -1.000000000000000000, 0.000000000000000000, 3.252606517456513302E-16 ) ) ;
#2117 = DIRECTION ( 'NONE',  ( 0.000000000000000000, 0.000000000000000000, -1.000000000000000000 ) ) ;
#2118 = FILL_AREA_STYLE ('',( #1617 ) ) ;
#2119 = LINE ( 'NONE', #717, #205 ) ;
#2120 = EDGE_CURVE ( 'NONE', #1428, #1257, #934, .T. ) ;
#2121 = EDGE_CURVE ( 'NONE', #1046, #317, #1277, .T. ) ;
#2122 = DIRECTION ( 'NONE',  ( -0.000000000000000000, -0.000000000000000000, 1.000000000000000000 ) ) ;
#2123 = EDGE_LOOP ( 'NONE', ( #1106, #995, #858, #1596 ) ) ;
#2124 = DIRECTION ( 'NONE',  ( 0.000000000000000000, -0.000000000000000000, 1.000000000000000000 ) ) ;
#2125 = EDGE_CURVE ( 'NONE', #1867, #510, #775, .T. ) ;
#2126 = ORIENTED_EDGE ( 'NONE', *, *, #1576, .T. ) ;
#2127 = AXIS2_PLACEMENT_3D ( 'NONE', #607, #264, #419 ) ;
#2128 = CARTESIAN_POINT ( 'NONE',  ( -0.2499999999999997780, 0.1999999999999999833, 0.6249999999999994449 ) ) ;
#2129 = VECTOR ( 'NONE', #318, 1000.000000000000000 ) ;
#2130 = PLANE ( 'NONE',  #860 ) ;
#2131 = EDGE_CURVE ( 'NONE', #1688, #1353, #1085, .T. ) ;
#2132 = EDGE_CURVE ( 'NONE', #52, #832, #583, .T. ) ;
#2133 = PRESENTATION_STYLE_ASSIGNMENT (( #1443 ) ) ;
#2134 = DIRECTION ( 'NONE',  ( -1.000000000000000000, 0.000000000000000000, -0.000000000000000000 ) ) ;
#2135 = VERTEX_POINT ( 'NONE', #1437 ) ;
#2136 = CARTESIAN_POINT ( 'NONE',  ( -0.2499999999999997780, 0.2000000000000000111, -0.1250000000000003331 ) ) ;
#2137 = EDGE_CURVE ( 'NONE', #1217, #1848, #1957, .T. ) ;
#2138 = ORIENTED_EDGE ( 'NONE', *, *, #1344, .F. ) ;
#2139 = CARTESIAN_POINT ( 'NONE',  ( -0.5299999999999998046, 0.8000000000000000444, -0.4350000000000003864 ) ) ;
#2140 = VECTOR ( 'NONE', #521, 1000.000000000000000 ) ;
#2141 = CARTESIAN_POINT ( 'NONE',  ( 0.2499999999999997780, 0.000000000000000000, 0.1249999999999995143 ) ) ;
#2142 = CARTESIAN_POINT ( 'NONE',  ( -0.2499999999999997780, 0.2000000000000000111, -0.3750000000000004996 ) ) ;
#2143 = CARTESIAN_POINT ( 'NONE',  ( 0.000000000000000000, 0.2000000000000000111, 1.000000000000000000 ) ) ;
#2144 = CARTESIAN_POINT ( 'NONE',  ( -0.1499999999999998002, 0.04999999999999999584, -0.3750000000000004996 ) ) ;
#2145 = ORIENTED_EDGE ( 'NONE', *, *, #177, .T. ) ;
#2146 = CARTESIAN_POINT ( 'NONE',  ( -0.7499999999999997780, 0.7590169943749472958, -0.3750000000000003331 ) ) ;
#2147 = EDGE_CURVE ( 'NONE', #1330, #317, #2159, .T. ) ;
#2148 = VERTEX_POINT ( 'NONE', #963 ) ;
#2149 = LINE ( 'NONE', #601, #682 ) ;
#2150 =( NAMED_UNIT ( * ) PLANE_ANGLE_UNIT ( ) SI_UNIT ( $, .RADIAN. ) );
#2151 = DIRECTION ( 'NONE',  ( 1.000000000000000000, 0.000000000000000000, -1.445602896647339163E-16 ) ) ;
#2152 = DIRECTION ( 'NONE',  ( -1.000000000000000000, 0.000000000000000000, 1.445602896647339163E-16 ) ) ;
#2153 = ORIENTED_EDGE ( 'NONE', *, *, #925, .F. ) ;
#2154 = LINE ( 'NONE', #605, #1080 ) ;
#2155 = DIRECTION ( 'NONE',  ( -1.445602896647339163E-16, -0.000000000000000000, -1.000000000000000000 ) ) ;
#2156 = ORIENTED_EDGE ( 'NONE', *, *, #193, .T. ) ;
#2157 = AXIS2_PLACEMENT_3D ( 'NONE', #1429, #76, #1795 ) ;
#2158 = VECTOR ( 'NONE', #374, 1000.000000000000000 ) ;
#2159 = LINE ( 'NONE', #1816, #1116 ) ;
#2160 = ADVANCED_FACE ( 'NONE', ( #1770 ), #448, .F. ) ;
#2161 = ADVANCED_FACE ( 'NONE', ( #1096 ), #1979, .F. ) ;
#2162 = ORIENTED_EDGE ( 'NONE', *, *, #402, .F. ) ;
#2163 = EDGE_LOOP ( 'NONE', ( #876, #1141, #2153, #1154 ) ) ;
#2164 = FACE_OUTER_BOUND ( 'NONE', #298, .T. ) ;
#2165 = AXIS2_PLACEMENT_3D ( 'NONE', #2170, #81, #428 ) ;
#2166 = DIRECTION ( 'NONE',  ( -1.000000000000000000, 0.000000000000000000, 0.000000000000000000 ) ) ;
#2167 = CARTESIAN_POINT ( 'NONE',  ( -4.065758146820623139E-17, 0.05000000000000000278, 0.1249999999999994310 ) ) ;
#2168 = VERTEX_POINT ( 'NONE', #751 ) ;
#2169 = ORIENTED_EDGE ( 'NONE', *, *, #1647, .F. ) ;
#2170 = CARTESIAN_POINT ( 'NONE',  ( 0.000000000000000000, 0.000000000000000000, 1.000000000000000000 ) ) ;
#2171 = DIRECTION ( 'NONE',  ( -0.000000000000000000, 0.000000000000000000, 1.000000000000000000 ) ) ;
#2172 = ADVANCED_FACE ( 'NONE', ( #1287, #924 ), #950, .T. ) ;
#2173 = VERTEX_POINT ( 'NONE', #2198 ) ;
#2174 = CARTESIAN_POINT ( 'NONE',  ( -0.2499999999999997780, 0.2000000000000000111, -0.1250000000000003331 ) ) ;
#2175 = VERTEX_POINT ( 'NONE', #2006 ) ;
#2176 = EDGE_LOOP ( 'NONE', ( #2213, #1978, #1791, #1289 ) ) ;
#2177 = CARTESIAN_POINT ( 'NONE',  ( -0.2499999999999997780, 0.000000000000000000, -0.1250000000000003331 ) ) ;
#2178 = CARTESIAN_POINT ( 'NONE',  ( -0.7499999999999996669, 0.05000000000000000278, -0.1250000000000003331 ) ) ;
#2179 = FACE_OUTER_BOUND ( 'NONE', #391, .T. ) ;
#2180 = ORIENTED_EDGE ( 'NONE', *, *, #1845, .F. ) ;
#2181 = ORIENTED_EDGE ( 'NONE', *, *, #58, .F. ) ;
#2182 = DIRECTION ( 'NONE',  ( -0.000000000000000000, -0.000000000000000000, 1.000000000000000000 ) ) ;
#2183 = LINE ( 'NONE', #1323, #1064 ) ;
#2184 = EDGE_CURVE ( 'NONE', #25, #510, #305, .T. ) ;
#2185 = ORIENTED_EDGE ( 'NONE', *, *, #1721, .T. ) ;
#2186 = ORIENTED_EDGE ( 'NONE', *, *, #1847, .T. ) ;
#2187 = CARTESIAN_POINT ( 'NONE',  ( 0.2499999999999997780, 0.04999999999999999584, -0.3750000000000004996 ) ) ;
#2188 = SURFACE_STYLE_FILL_AREA ( #1346 ) ;
#2189 = ORIENTED_EDGE ( 'NONE', *, *, #136, .T. ) ;
#2190 = PLANE ( 'NONE',  #262 ) ;
#2191 = PLANE ( 'NONE',  #2165 ) ;
#2192 = VECTOR ( 'NONE', #548, 1000.000000000000000 ) ;
#2193 = CARTESIAN_POINT ( 'NONE',  ( 0.2499999999999997780, 0.2000000000000000111, -0.6250000000000003331 ) ) ;
#2194 = ADVANCED_FACE ( 'NONE', ( #462 ), #289, .F. ) ;
#2195 = ORIENTED_EDGE ( 'NONE', *, *, #397, .F. ) ;
#2196 = DIRECTION ( 'NONE',  ( -3.252606517456513302E-16, 0.000000000000000000, -1.000000000000000000 ) ) ;
#2197 = ORIENTED_EDGE ( 'NONE', *, *, #224, .T. ) ;
#2198 = CARTESIAN_POINT ( 'NONE',  ( -0.1499999999999998002, 0.05000000000000000278, -0.5249999999999999112 ) ) ;
#2199 = EDGE_CURVE ( 'NONE', #659, #787, #1843, .T. ) ;
#2200 = ORIENTED_EDGE ( 'NONE', *, *, #857, .T. ) ;
#2201 =( NAMED_UNIT ( * ) PLANE_ANGLE_UNIT ( ) SI_UNIT ( $, .RADIAN. ) );
#2202 = DIRECTION ( 'NONE',  ( 0.000000000000000000, 0.000000000000000000, 1.000000000000000000 ) ) ;
#2203 = ORIENTED_EDGE ( 'NONE', *, *, #50, .F. ) ;
#2204 = ORIENTED_EDGE ( 'NONE', *, *, #22, .T. ) ;
#2205 = DIRECTION ( 'NONE',  ( 1.000000000000000000, -0.000000000000000000, -3.252606517456513302E-16 ) ) ;
#2206 = ADVANCED_FACE ( 'NONE', ( #1829 ), #624, .T. ) ;
#2207 = DIRECTION ( 'NONE',  ( -1.000000000000000000, -0.000000000000000000, -0.000000000000000000 ) ) ;
#2208 = VECTOR ( 'NONE', #2122, 1000.000000000000000 ) ;
#2209 = ORIENTED_EDGE ( 'NONE', *, *, #649, .F. ) ;
#2210 = CARTESIAN_POINT ( 'NONE',  ( 0.2499999999999997780, 0.2000000000000000111, 0.6249999999999994449 ) ) ;
#2211 = ORIENTED_EDGE ( 'NONE', *, *, #747, .F. ) ;
#2212 = CLOSED_SHELL ( 'NONE', ( #1218, #1923, #1610, #323 ) ) ;
#2213 = ORIENTED_EDGE ( 'NONE', *, *, #83, .F. ) ;
#2214 = CARTESIAN_POINT ( 'NONE',  ( -0.7499999999999997780, 0.2000000000000000111, 0.6249999999999996669 ) ) ;
#2215 = EDGE_CURVE ( 'NONE', #1209, #1147, #2032, .T. ) ;
#2216 = SURFACE_SIDE_STYLE ('',( #1526 ) ) ;
#2217 = ORIENTED_EDGE ( 'NONE', *, *, #1955, .T. ) ;
#2218 = ORIENTED_EDGE ( 'NONE', *, *, #413, .F. ) ;
#2219 = CARTESIAN_POINT ( 'NONE',  ( -0.2499999999999997780, 0.000000000000000000, 0.3749999999999996669 ) ) ;
#2220 = CARTESIAN_POINT ( 'NONE',  ( 0.000000000000000000, 0.05000000000000000278, -0.6250000000000003331 ) ) ;
#2221 = VECTOR ( 'NONE', #635, 1000.000000000000000 ) ;
#2222 = VERTEX_POINT ( 'NONE', #977 ) ;
#2223 = LINE ( 'NONE', #1155, #1608 ) ;
#2224 = VERTEX_POINT ( 'NONE', #1855 ) ;
#2225 = VERTEX_POINT ( 'NONE', #2174 ) ;
#2226 = LINE ( 'NONE', #343, #658 ) ;
#2227 = CARTESIAN_POINT ( 'NONE',  ( 0.7499999999999997780, 0.7590169943749472958, 0.3749999999999996669 ) ) ;
#2228 = ORIENTED_EDGE ( 'NONE', *, *, #1740, .F. ) ;
#2229 = DIRECTION ( 'NONE',  ( 0.000000000000000000, 0.000000000000000000, -1.000000000000000000 ) ) ;
#2230 = DIRECTION ( 'NONE',  ( -1.445602896647339163E-16, -0.000000000000000000, -1.000000000000000000 ) ) ;
#2231 = DIRECTION ( 'NONE',  ( -0.000000000000000000, 0.000000000000000000, 1.000000000000000000 ) ) ;
#2232 = VECTOR ( 'NONE', #593, 1000.000000000000000 ) ;
#2233 = LINE ( 'NONE', #164, #540 ) ;
ENDSEC;
END-ISO-10303-21;
