ISO-10303-21;
HEADER;
FILE_DESCRIPTION(('STEP AP214'),'1');
FILE_NAME('CP_32_13_ADI','2025-09-29T09:47:00',(''),(''),'','','');
FILE_SCHEMA(('AUTOMOTIVE_DESIGN'));
ENDSEC;
DATA;
#1=SHAPE_DEFINITION_REPRESENTATION(#2,#3);
#2=PRODUCT_DEFINITION_SHAPE('',$,#4);
#3=SHAPE_REPRESENTATION('',(#188,#244,#540,#836,#1132,#1428,#1724,#2020,#2316,#2612,#2908,#3204,#3500,#3796,#4092,#4388,#4684,#4980,#5276,#5573,#6007,#6441,#6875,#7309,#7743,#8177,#8611,#9045,#9479,#9913,#10347,#10781,#11215,#11649,#12083,#19),#11);
#4=PRODUCT_DEFINITION('design','example product_definition',#6,#5);
#5=PRODUCT_DEFINITION_CONTEXT('3D Mechanical Parts',#10,'design');
#6=PRODUCT_DEFINITION_FORMATION('1.0','first version',#8);
#7=APPLICATION_PROTOCOL_DEFINITION('international standard','automotive_design',2003,#10);
#8=PRODUCT('product','part','',(#9));
#9=PRODUCT_CONTEXT('3D Mechanical Parts',#10,'mechanical');
#10=APPLICATION_CONTEXT('Core Data for Automotive Mechanical Design Process');
#11=(GEOMETRIC_REPRESENTATION_CONTEXT(3) GLOBAL_UNCERTAINTY_ASSIGNED_CONTEXT((#12)) GLOBAL_UNIT_ASSIGNED_CONTEXT((#13,#14,#18)) REPRESENTATION_CONTEXT('ID1','3D'));
#12=UNCERTAINTY_MEASURE_WITH_UNIT(LENGTH_MEASURE(1.E-005),#13,'DISTANCE_ACCURACY_VALUE','Maximum model space distance between geometric entities at asserted connectivities');
#13=(LENGTH_UNIT() NAMED_UNIT(*) SI_UNIT(.MILLI.,.METRE.));
#14=(CONVERSION_BASED_UNIT('degree',#16) NAMED_UNIT(#15) PLANE_ANGLE_UNIT());
#15=DIMENSIONAL_EXPONENTS(0.,0.,0.,0.,0.,0.,0.);
#16=MEASURE_WITH_UNIT(PLANE_ANGLE_MEASURE(0.01745329252),#17);
#17=(NAMED_UNIT(*) PLANE_ANGLE_UNIT() SI_UNIT($,.RADIAN.));
#18=(NAMED_UNIT(*) SI_UNIT($,.STERADIAN.) SOLID_ANGLE_UNIT());
#19=AXIS2_PLACEMENT_3D('',#20,#21,#22);
#20=CARTESIAN_POINT('',(0.0,0.0,0.0));
#21=DIRECTION('',(0.0,0.0,1.0));
#22=DIRECTION('',(1.0,0.0,0.0));
#25=MECHANICAL_DESIGN_GEOMETRIC_PRESENTATION_REPRESENTATION($,(#240,#241,#242,#246,#295,#344,#393,#442,#491,#542,#591,#640,#689,#738,#787,#838,#887,#936,#985,#1034,#1083,#1134,#1183,#1232,#1281,#1330,#1379,#1430,#1479,#1528,#1577,#1626,#1675,#1726,#1775,#1824,#1873,#1922,#1971,#2022,#2071,#2120,#2169,#2218,#2267,#2318,#2367,#2416,#2465,#2514,#2563,#2614,#2663,#2712,#2761,#2810,#2859,#2910,#2959,#3008,#3057,#3106,#3155,#3206,#3255,#3304,#3353,#3402,#3451,#3502,#3551,#3600,#3649,#3698,#3747,#3798,#3847,#3896,#3945,#3994,#4043,#4094,#4143,#4192,#4241,#4290,#4339,#4390,#4439,#4488,#4537,#4586,#4635,#4686,#4735,#4784,#4833,#4882,#4931,#4982,#5031,#5080,#5129,#5178,#5227,#5278,#5327,#5376,#5425,#5474,#5523,#5575,#5644,#5713,#5762,#5811,#5860,#5909,#5958,#6009,#6078,#6147,#6196,#6245,#6294,#6343,#6392,#6443,#6512,#6581,#6630,#6679,#6728,#6777,#6826,#6877,#6946,#7015,#7064,#7113,#7162,#7211,#7260,#7311,#7380,#7449,#7498,#7547,#7596,#7645,#7694,#7745,#7814,#7883,#7932,#7981,#8030,#8079,#8128,#8179,#8248,#8317,#8366,#8415,#8464,#8513,#8562,#8613,#8682,#8751,#8800,#8849,#8898,#8947,#8996,#9047,#9116,#9185,#9234,#9283,#9332,#9381,#9430,#9481,#9550,#9619,#9668,#9717,#9766,#9815,#9864,#9915,#9984,#10053,#10102,#10151,#10200,#10249,#10298,#10349,#10418,#10487,#10536,#10585,#10634,#10683,#10732,#10783,#10852,#10921,#10970,#11019,#11068,#11117,#11166,#11217,#11286,#11355,#11404,#11453,#11502,#11551,#11600,#11651,#11720,#11789,#11838,#11887,#11936,#11985,#12034,#12085,#12154,#12223,#12272,#12321,#12370,#12419,#12468),#11);
#26=PRODUCT_CATEGORY_RELATIONSHIP('','',#27,#28);
#27=PRODUCT_CATEGORY('part','');
#28=PRODUCT_RELATED_PRODUCT_CATEGORY('','',(#8));
#34=PRESENTATION_STYLE_ASSIGNMENT((#35,#40));
#35=SURFACE_STYLE_USAGE(.BOTH.,#36);
#36=SURFACE_SIDE_STYLE('',(#37));
#37=SURFACE_STYLE_FILL_AREA(#38);
#38=FILL_AREA_STYLE('',(#39));
#39=FILL_AREA_STYLE_COLOUR('',#41);
#40=CURVE_STYLE('',#42,POSITIVE_LENGTH_MEASURE(0.1),#41);
#41=COLOUR_RGB('Aluminum',0.725,0.725,0.725);
#42=DRAUGHTING_PRE_DEFINED_CURVE_FONT('continuous');
#43=PRESENTATION_STYLE_ASSIGNMENT((#44,#49));
#44=SURFACE_STYLE_USAGE(.BOTH.,#45);
#45=SURFACE_SIDE_STYLE('',(#46));
#46=SURFACE_STYLE_FILL_AREA(#47);
#47=FILL_AREA_STYLE('',(#48));
#48=FILL_AREA_STYLE_COLOUR('',#50);
#49=CURVE_STYLE('',#51,POSITIVE_LENGTH_MEASURE(0.1),#50);
#50=COLOUR_RGB('Black',0.196,0.196,0.196);
#51=DRAUGHTING_PRE_DEFINED_CURVE_FONT('continuous');
#52=PRESENTATION_STYLE_ASSIGNMENT((#53,#58));
#53=SURFACE_STYLE_USAGE(.BOTH.,#54);
#54=SURFACE_SIDE_STYLE('',(#55));
#55=SURFACE_STYLE_FILL_AREA(#56);
#56=FILL_AREA_STYLE('',(#57));
#57=FILL_AREA_STYLE_COLOUR('',#59);
#58=CURVE_STYLE('',#60,POSITIVE_LENGTH_MEASURE(0.1),#59);
#59=COLOUR_RGB('Pin1',0.588,0.588,0.588);
#60=DRAUGHTING_PRE_DEFINED_CURVE_FONT('continuous');
#61=PRESENTATION_STYLE_ASSIGNMENT((#62,#67));
#62=SURFACE_STYLE_USAGE(.BOTH.,#63);
#63=SURFACE_SIDE_STYLE('',(#64));
#64=SURFACE_STYLE_FILL_AREA(#65);
#65=FILL_AREA_STYLE('',(#66));
#66=FILL_AREA_STYLE_COLOUR('',#68);
#67=CURVE_STYLE('',#69,POSITIVE_LENGTH_MEASURE(0.1),#68);
#68=COLOUR_RGB('HeatTab',0.588,0.588,0.588);
#69=DRAUGHTING_PRE_DEFINED_CURVE_FONT('continuous');
#70=PRESENTATION_STYLE_ASSIGNMENT((#71,#76));
#71=SURFACE_STYLE_USAGE(.BOTH.,#72);
#72=SURFACE_SIDE_STYLE('',(#73));
#73=SURFACE_STYLE_FILL_AREA(#74);
#74=FILL_AREA_STYLE('',(#75));
#75=FILL_AREA_STYLE_COLOUR('',#77);
#76=CURVE_STYLE('',#78,POSITIVE_LENGTH_MEASURE(0.1),#77);
#77=COLOUR_RGB('Gold',0.843,0.686,0.0);
#78=DRAUGHTING_PRE_DEFINED_CURVE_FONT('continuous');
#79=PRESENTATION_STYLE_ASSIGNMENT((#80,#85));
#80=SURFACE_STYLE_USAGE(.BOTH.,#81);
#81=SURFACE_SIDE_STYLE('',(#82));
#82=SURFACE_STYLE_FILL_AREA(#83);
#83=FILL_AREA_STYLE('',(#84));
#84=FILL_AREA_STYLE_COLOUR('',#86);
#85=CURVE_STYLE('',#87,POSITIVE_LENGTH_MEASURE(0.1),#86);
#86=COLOUR_RGB('Brown',0.459,0.345,0.176);
#87=DRAUGHTING_PRE_DEFINED_CURVE_FONT('continuous');
#88=PRESENTATION_STYLE_ASSIGNMENT((#89,#94));
#89=SURFACE_STYLE_USAGE(.BOTH.,#90);
#90=SURFACE_SIDE_STYLE('',(#91));
#91=SURFACE_STYLE_FILL_AREA(#92);
#92=FILL_AREA_STYLE('',(#93));
#93=FILL_AREA_STYLE_COLOUR('',#95);
#94=CURVE_STYLE('',#96,POSITIVE_LENGTH_MEASURE(0.1),#95);
#95=COLOUR_RGB('Tan',0.784,0.686,0.51);
#96=DRAUGHTING_PRE_DEFINED_CURVE_FONT('continuous');
#97=PRESENTATION_STYLE_ASSIGNMENT((#98,#103));
#98=SURFACE_STYLE_USAGE(.BOTH.,#99);
#99=SURFACE_SIDE_STYLE('',(#100));
#100=SURFACE_STYLE_FILL_AREA(#101);
#101=FILL_AREA_STYLE('',(#102));
#102=FILL_AREA_STYLE_COLOUR('',#104);
#103=CURVE_STYLE('',#105,POSITIVE_LENGTH_MEASURE(0.1),#104);
#104=COLOUR_RGB('Gray',0.431,0.431,0.431);
#105=DRAUGHTING_PRE_DEFINED_CURVE_FONT('continuous');
#106=PRESENTATION_STYLE_ASSIGNMENT((#107,#112));
#107=SURFACE_STYLE_USAGE(.BOTH.,#108);
#108=SURFACE_SIDE_STYLE('',(#109));
#109=SURFACE_STYLE_FILL_AREA(#110);
#110=FILL_AREA_STYLE('',(#111));
#111=FILL_AREA_STYLE_COLOUR('',#113);
#112=CURVE_STYLE('',#114,POSITIVE_LENGTH_MEASURE(0.1),#113);
#113=COLOUR_RGB('Red',0.6,0.0,0.0);
#114=DRAUGHTING_PRE_DEFINED_CURVE_FONT('continuous');
#115=PRESENTATION_STYLE_ASSIGNMENT((#116,#121));
#116=SURFACE_STYLE_USAGE(.BOTH.,#117);
#117=SURFACE_SIDE_STYLE('',(#118));
#118=SURFACE_STYLE_FILL_AREA(#119);
#119=FILL_AREA_STYLE('',(#120));
#120=FILL_AREA_STYLE_COLOUR('',#122);
#121=CURVE_STYLE('',#123,POSITIVE_LENGTH_MEASURE(0.1),#122);
#122=COLOUR_RGB('Blue',0.157,0.157,0.588);
#123=DRAUGHTING_PRE_DEFINED_CURVE_FONT('continuous');
#124=PRESENTATION_STYLE_ASSIGNMENT((#125,#130));
#125=SURFACE_STYLE_USAGE(.BOTH.,#126);
#126=SURFACE_SIDE_STYLE('',(#127));
#127=SURFACE_STYLE_FILL_AREA(#128);
#128=FILL_AREA_STYLE('',(#129));
#129=FILL_AREA_STYLE_COLOUR('',#131);
#130=CURVE_STYLE('',#132,POSITIVE_LENGTH_MEASURE(0.1),#131);
#131=COLOUR_RGB('Maroon',0.294,0.0,0.0);
#132=DRAUGHTING_PRE_DEFINED_CURVE_FONT('continuous');
#133=PRESENTATION_STYLE_ASSIGNMENT((#134,#139));
#134=SURFACE_STYLE_USAGE(.BOTH.,#135);
#135=SURFACE_SIDE_STYLE('',(#136));
#136=SURFACE_STYLE_FILL_AREA(#137);
#137=FILL_AREA_STYLE('',(#138));
#138=FILL_AREA_STYLE_COLOUR('',#140);
#139=CURVE_STYLE('',#141,POSITIVE_LENGTH_MEASURE(0.1),#140);
#140=COLOUR_RGB('Green',0.0,0.294,0.0);
#141=DRAUGHTING_PRE_DEFINED_CURVE_FONT('continuous');
#142=PRESENTATION_STYLE_ASSIGNMENT((#143,#148));
#143=SURFACE_STYLE_USAGE(.BOTH.,#144);
#144=SURFACE_SIDE_STYLE('',(#145));
#145=SURFACE_STYLE_FILL_AREA(#146);
#146=FILL_AREA_STYLE('',(#147));
#147=FILL_AREA_STYLE_COLOUR('',#149);
#148=CURVE_STYLE('',#150,POSITIVE_LENGTH_MEASURE(0.1),#149);
#149=COLOUR_RGB('Pin1Wrap',0.98,0.706,0.176);
#150=DRAUGHTING_PRE_DEFINED_CURVE_FONT('continuous');
#151=PRESENTATION_STYLE_ASSIGNMENT((#152,#157));
#152=SURFACE_STYLE_USAGE(.BOTH.,#153);
#153=SURFACE_SIDE_STYLE('',(#154));
#154=SURFACE_STYLE_FILL_AREA(#155);
#155=FILL_AREA_STYLE('',(#156));
#156=FILL_AREA_STYLE_COLOUR('',#158);
#157=CURVE_STYLE('',#159,POSITIVE_LENGTH_MEASURE(0.1),#158);
#158=COLOUR_RGB('Pin1Rad',0.588,0.588,0.588);
#159=DRAUGHTING_PRE_DEFINED_CURVE_FONT('continuous');
#160=PRESENTATION_STYLE_ASSIGNMENT((#161,#166));
#161=SURFACE_STYLE_USAGE(.BOTH.,#162);
#162=SURFACE_SIDE_STYLE('',(#163));
#163=SURFACE_STYLE_FILL_AREA(#164);
#164=FILL_AREA_STYLE('',(#165));
#165=FILL_AREA_STYLE_COLOUR('',#167);
#166=CURVE_STYLE('',#168,POSITIVE_LENGTH_MEASURE(0.1),#167);
#167=COLOUR_RGB('Pin1Axial',0.98,0.706,0.176);
#168=DRAUGHTING_PRE_DEFINED_CURVE_FONT('continuous');
#169=PRESENTATION_STYLE_ASSIGNMENT((#170,#175));
#170=SURFACE_STYLE_USAGE(.BOTH.,#171);
#171=SURFACE_SIDE_STYLE('',(#172));
#172=SURFACE_STYLE_FILL_AREA(#173);
#173=FILL_AREA_STYLE('',(#174));
#174=FILL_AREA_STYLE_COLOUR('',#176);
#175=CURVE_STYLE('',#177,POSITIVE_LENGTH_MEASURE(0.1),#176);
#176=COLOUR_RGB('Pin1Tant',0.459,0.345,0.176);
#177=DRAUGHTING_PRE_DEFINED_CURVE_FONT('continuous');
#178=PRESENTATION_STYLE_ASSIGNMENT((#179,#184));
#179=SURFACE_STYLE_USAGE(.BOTH.,#180);
#180=SURFACE_SIDE_STYLE('',(#181));
#181=SURFACE_STYLE_FILL_AREA(#182);
#182=FILL_AREA_STYLE('',(#183));
#183=FILL_AREA_STYLE_COLOUR('',#185);
#184=CURVE_STYLE('',#186,POSITIVE_LENGTH_MEASURE(0.1),#185);
#185=COLOUR_RGB('Shroud',0.235,0.235,0.235);
#186=DRAUGHTING_PRE_DEFINED_CURVE_FONT('continuous');
#188=MANIFOLD_SOLID_BREP($,#189);
#189=CLOSED_SHELL('',(#190,#191,#192));
#190=ADVANCED_FACE($,(#196,#195),#213,.T.);
#191=ADVANCED_FACE($,(#197),#193,.F.);
#192=ADVANCED_FACE($,(#198),#194,.T.);
#193=PLANE($,#218);
#194=PLANE($,#219);
#195=FACE_BOUND($,#200,.T.);
#196=FACE_OUTER_BOUND($,#199,.T.);
#197=FACE_OUTER_BOUND($,#201,.T.);
#198=FACE_OUTER_BOUND($,#202,.T.);
#199=EDGE_LOOP($,(#209));
#200=EDGE_LOOP($,(#210));
#201=EDGE_LOOP($,(#211));
#202=EDGE_LOOP($,(#212));
#203=CIRCLE($,#216,0.125000004);
#204=CIRCLE($,#217,0.125000004);
#205=VERTEX_POINT('',#234);
#206=VERTEX_POINT('',#236);
#207=EDGE_CURVE($,#205,#205,#203,.T.);
#208=EDGE_CURVE($,#206,#206,#204,.T.);
#209=ORIENTED_EDGE($,*,*,#207,.F.);
#210=ORIENTED_EDGE($,*,*,#208,.F.);
#211=ORIENTED_EDGE($,*,*,#208,.T.);
#212=ORIENTED_EDGE($,*,*,#207,.T.);
#213=CYLINDRICAL_SURFACE($,#215,0.125000004);
#214=AXIS2_PLACEMENT_3D('placement',#232,#220,#221);
#215=AXIS2_PLACEMENT_3D($,#233,#222,#223);
#216=AXIS2_PLACEMENT_3D($,#235,#224,#225);
#217=AXIS2_PLACEMENT_3D($,#237,#226,#227);
#218=AXIS2_PLACEMENT_3D($,#238,#228,#229);
#219=AXIS2_PLACEMENT_3D($,#239,#230,#231);
#220=DIRECTION('axis',(0.,1.,0.));
#221=DIRECTION('refdir',(1.,0.,0.));
#222=DIRECTION('',(0.,0.,1.));
#223=DIRECTION('',(1.,0.,0.));
#224=DIRECTION('',(0.,0.,1.));
#225=DIRECTION('',(1.,0.,0.));
#226=DIRECTION('',(0.,0.,-1.));
#227=DIRECTION('',(1.,0.,0.));
#228=DIRECTION('',(0.,0.,1.));
#229=DIRECTION('',(0.,1.,0.));
#230=DIRECTION('',(0.,0.,1.));
#231=DIRECTION('',(0.,1.,0.));
#232=CARTESIAN_POINT('',(0.,0.,0.));
#233=CARTESIAN_POINT('',(-2.042,1.75,0.813));
#234=CARTESIAN_POINT('',(-2.167,1.75,0.815));
#235=CARTESIAN_POINT('',(-2.042,1.75,0.815));
#236=CARTESIAN_POINT('',(-2.167,1.75,0.813));
#237=CARTESIAN_POINT('',(-2.042,1.75,0.813));
#238=CARTESIAN_POINT('',(-2.042,1.75,0.813));
#239=CARTESIAN_POINT('',(-2.042,1.75,0.815));
#240=STYLED_ITEM('color',(#52),#190);
#241=STYLED_ITEM('color',(#52),#191);
#242=STYLED_ITEM('color',(#52),#192);
#244=MANIFOLD_SOLID_BREP($,#245);
#245=CLOSED_SHELL('',(#247,#296,#345,#394,#443,#492));
#246=STYLED_ITEM('',(#43),#247);
#247=ADVANCED_FACE('',(#253),#248,.T.);
#248=PLANE('',#249);
#249=AXIS2_PLACEMENT_3D('',#250,#251,#252);
#250=CARTESIAN_POINT('',(-2.553,-2.5,0.051));
#251=DIRECTION('',(0.0,-1.0,0.0));
#252=DIRECTION('',(0.,0.,1.));
#253=FACE_OUTER_BOUND('',#254,.T.);
#254=EDGE_LOOP('',(#255,#265,#275,#285));
#258=CARTESIAN_POINT('',(2.553,-2.5,0.051));
#257=VERTEX_POINT('',#258);
#260=CARTESIAN_POINT('',(-2.553,-2.5,0.051));
#259=VERTEX_POINT('',#260);
#256=EDGE_CURVE('',#257,#259,#261,.T.);
#261=LINE('',#258,#263);
#263=VECTOR('',#264,5.1054);
#264=DIRECTION('',(-1.0,0.0,0.0));
#255=ORIENTED_EDGE('',*,*,#256,.F.);
#268=CARTESIAN_POINT('',(2.553,-2.5,0.813));
#267=VERTEX_POINT('',#268);
#266=EDGE_CURVE('',#267,#257,#271,.T.);
#271=LINE('',#268,#273);
#273=VECTOR('',#274,0.762);
#274=DIRECTION('',(0.0,0.0,-1.0));
#265=ORIENTED_EDGE('',*,*,#266,.F.);
#278=CARTESIAN_POINT('',(-2.553,-2.5,0.813));
#277=VERTEX_POINT('',#278);
#276=EDGE_CURVE('',#277,#267,#281,.T.);
#281=LINE('',#278,#283);
#283=VECTOR('',#284,5.1054);
#284=DIRECTION('',(1.0,0.0,0.0));
#275=ORIENTED_EDGE('',*,*,#276,.F.);
#286=EDGE_CURVE('',#259,#277,#291,.T.);
#291=LINE('',#260,#293);
#293=VECTOR('',#294,0.762);
#294=DIRECTION('',(0.0,0.0,1.0));
#285=ORIENTED_EDGE('',*,*,#286,.F.);
#295=STYLED_ITEM('',(#43),#296);
#296=ADVANCED_FACE('',(#302),#297,.T.);
#297=PLANE('',#298);
#298=AXIS2_PLACEMENT_3D('',#299,#300,#301);
#299=CARTESIAN_POINT('',(2.553,-2.5,0.051));
#300=DIRECTION('',(1.0,0.0,0.0));
#301=DIRECTION('',(0.,0.,1.));
#302=FACE_OUTER_BOUND('',#303,.T.);
#303=EDGE_LOOP('',(#304,#314,#324,#334));
#307=CARTESIAN_POINT('',(2.553,2.5,0.051));
#306=VERTEX_POINT('',#307);
#305=EDGE_CURVE('',#306,#257,#310,.T.);
#310=LINE('',#307,#312);
#312=VECTOR('',#313,5.00000016);
#313=DIRECTION('',(0.0,-1.0,0.0));
#304=ORIENTED_EDGE('',*,*,#305,.F.);
#317=CARTESIAN_POINT('',(2.553,2.5,0.813));
#316=VERTEX_POINT('',#317);
#315=EDGE_CURVE('',#316,#306,#320,.T.);
#320=LINE('',#317,#322);
#322=VECTOR('',#323,0.762);
#323=DIRECTION('',(0.0,0.0,-1.0));
#314=ORIENTED_EDGE('',*,*,#315,.F.);
#325=EDGE_CURVE('',#267,#316,#330,.T.);
#330=LINE('',#268,#332);
#332=VECTOR('',#333,5.00000016);
#333=DIRECTION('',(0.0,1.0,0.0));
#324=ORIENTED_EDGE('',*,*,#325,.F.);
#334=ORIENTED_EDGE('',*,*,#266,.T.);
#344=STYLED_ITEM('',(#43),#345);
#345=ADVANCED_FACE('',(#351),#346,.T.);
#346=PLANE('',#347);
#347=AXIS2_PLACEMENT_3D('',#348,#349,#350);
#348=CARTESIAN_POINT('',(2.553,2.5,0.051));
#349=DIRECTION('',(0.0,1.0,0.0));
#350=DIRECTION('',(0.,0.,1.));
#351=FACE_OUTER_BOUND('',#352,.T.);
#352=EDGE_LOOP('',(#353,#363,#373,#383));
#356=CARTESIAN_POINT('',(-2.553,2.5,0.051));
#355=VERTEX_POINT('',#356);
#354=EDGE_CURVE('',#355,#306,#359,.T.);
#359=LINE('',#356,#361);
#361=VECTOR('',#362,5.1054);
#362=DIRECTION('',(1.0,0.0,0.0));
#353=ORIENTED_EDGE('',*,*,#354,.F.);
#366=CARTESIAN_POINT('',(-2.553,2.5,0.813));
#365=VERTEX_POINT('',#366);
#364=EDGE_CURVE('',#365,#355,#369,.T.);
#369=LINE('',#366,#371);
#371=VECTOR('',#372,0.762);
#372=DIRECTION('',(0.0,0.0,-1.0));
#363=ORIENTED_EDGE('',*,*,#364,.F.);
#374=EDGE_CURVE('',#316,#365,#379,.T.);
#379=LINE('',#317,#381);
#381=VECTOR('',#382,5.1054);
#382=DIRECTION('',(-1.0,0.0,0.0));
#373=ORIENTED_EDGE('',*,*,#374,.F.);
#383=ORIENTED_EDGE('',*,*,#315,.T.);
#393=STYLED_ITEM('',(#43),#394);
#394=ADVANCED_FACE('',(#400),#395,.T.);
#395=PLANE('',#396);
#396=AXIS2_PLACEMENT_3D('',#397,#398,#399);
#397=CARTESIAN_POINT('',(-2.553,2.5,0.051));
#398=DIRECTION('',(-1.0,0.0,0.0));
#399=DIRECTION('',(0.,0.,1.));
#400=FACE_OUTER_BOUND('',#401,.T.);
#401=EDGE_LOOP('',(#402,#412,#422,#432));
#403=EDGE_CURVE('',#259,#355,#408,.T.);
#408=LINE('',#260,#410);
#410=VECTOR('',#411,5.00000016);
#411=DIRECTION('',(0.0,1.0,0.0));
#402=ORIENTED_EDGE('',*,*,#403,.F.);
#412=ORIENTED_EDGE('',*,*,#286,.T.);
#423=EDGE_CURVE('',#365,#277,#428,.T.);
#428=LINE('',#366,#430);
#430=VECTOR('',#431,5.00000016);
#431=DIRECTION('',(0.0,-1.0,0.0));
#422=ORIENTED_EDGE('',*,*,#423,.F.);
#432=ORIENTED_EDGE('',*,*,#364,.T.);
#442=STYLED_ITEM('',(#43),#443);
#443=ADVANCED_FACE('',(#449),#444,.T.);
#444=PLANE('',#445);
#445=AXIS2_PLACEMENT_3D('',#446,#447,#448);
#446=CARTESIAN_POINT('',(-2.553,2.5,0.051));
#447=DIRECTION('',(0.0,0.0,-1.0));
#448=DIRECTION('',(0.,1.,0.));
#449=FACE_OUTER_BOUND('',#450,.T.);
#450=EDGE_LOOP('',(#451,#461,#471,#481));
#451=ORIENTED_EDGE('',*,*,#354,.T.);
#461=ORIENTED_EDGE('',*,*,#305,.T.);
#471=ORIENTED_EDGE('',*,*,#256,.T.);
#481=ORIENTED_EDGE('',*,*,#403,.T.);
#491=STYLED_ITEM('',(#43),#492);
#492=ADVANCED_FACE('',(#498),#493,.T.);
#493=PLANE('',#494);
#494=AXIS2_PLACEMENT_3D('',#495,#496,#497);
#495=CARTESIAN_POINT('',(-2.553,-2.5,0.813));
#496=DIRECTION('',(0.0,0.0,1.0));
#497=DIRECTION('',(0.,1.,0.));
#498=FACE_OUTER_BOUND('',#499,.T.);
#499=EDGE_LOOP('',(#500,#510,#520,#530));
#500=ORIENTED_EDGE('',*,*,#276,.T.);
#510=ORIENTED_EDGE('',*,*,#325,.T.);
#520=ORIENTED_EDGE('',*,*,#374,.T.);
#530=ORIENTED_EDGE('',*,*,#423,.T.);
#540=MANIFOLD_SOLID_BREP($,#541);
#541=CLOSED_SHELL('',(#543,#592,#641,#690,#739,#788));
#542=STYLED_ITEM('',(#34),#543);
#543=ADVANCED_FACE('',(#549),#544,.T.);
#544=PLANE('',#545);
#545=AXIS2_PLACEMENT_3D('',#546,#547,#548);
#546=CARTESIAN_POINT('',(-2.553,1.598,0.0));
#547=DIRECTION('',(0.0,-1.0,0.0));
#548=DIRECTION('',(0.,0.,1.));
#549=FACE_OUTER_BOUND('',#550,.T.);
#550=EDGE_LOOP('',(#551,#561,#571,#581));
#554=CARTESIAN_POINT('',(-2.045,1.598,0.0));
#553=VERTEX_POINT('',#554);
#556=CARTESIAN_POINT('',(-2.553,1.598,0.0));
#555=VERTEX_POINT('',#556);
#552=EDGE_CURVE('',#553,#555,#557,.T.);
#557=LINE('',#554,#559);
#559=VECTOR('',#560,0.508);
#560=DIRECTION('',(-1.0,0.0,0.0));
#551=ORIENTED_EDGE('',*,*,#552,.F.);
#564=CARTESIAN_POINT('',(-2.045,1.598,0.051));
#563=VERTEX_POINT('',#564);
#562=EDGE_CURVE('',#563,#553,#567,.T.);
#567=LINE('',#564,#569);
#569=VECTOR('',#570,0.0508);
#570=DIRECTION('',(0.0,0.0,-1.0));
#561=ORIENTED_EDGE('',*,*,#562,.F.);
#574=CARTESIAN_POINT('',(-2.553,1.598,0.051));
#573=VERTEX_POINT('',#574);
#572=EDGE_CURVE('',#573,#563,#577,.T.);
#577=LINE('',#574,#579);
#579=VECTOR('',#580,0.508);
#580=DIRECTION('',(1.0,0.0,0.0));
#571=ORIENTED_EDGE('',*,*,#572,.F.);
#582=EDGE_CURVE('',#555,#573,#587,.T.);
#587=LINE('',#556,#589);
#589=VECTOR('',#590,0.0508);
#590=DIRECTION('',(0.0,0.0,1.0));
#581=ORIENTED_EDGE('',*,*,#582,.F.);
#591=STYLED_ITEM('',(#34),#592);
#592=ADVANCED_FACE('',(#598),#593,.T.);
#593=PLANE('',#594);
#594=AXIS2_PLACEMENT_3D('',#595,#596,#597);
#595=CARTESIAN_POINT('',(-2.045,1.598,0.0));
#596=DIRECTION('',(1.0,0.0,0.0));
#597=DIRECTION('',(0.,0.,1.));
#598=FACE_OUTER_BOUND('',#599,.T.);
#599=EDGE_LOOP('',(#600,#610,#620,#630));
#603=CARTESIAN_POINT('',(-2.045,1.902,0.0));
#602=VERTEX_POINT('',#603);
#601=EDGE_CURVE('',#602,#553,#606,.T.);
#606=LINE('',#603,#608);
#608=VECTOR('',#609,0.3048);
#609=DIRECTION('',(0.0,-1.0,0.0));
#600=ORIENTED_EDGE('',*,*,#601,.F.);
#613=CARTESIAN_POINT('',(-2.045,1.902,0.051));
#612=VERTEX_POINT('',#613);
#611=EDGE_CURVE('',#612,#602,#616,.T.);
#616=LINE('',#613,#618);
#618=VECTOR('',#619,0.0508);
#619=DIRECTION('',(0.0,0.0,-1.0));
#610=ORIENTED_EDGE('',*,*,#611,.F.);
#621=EDGE_CURVE('',#563,#612,#626,.T.);
#626=LINE('',#564,#628);
#628=VECTOR('',#629,0.3048);
#629=DIRECTION('',(0.0,1.0,0.0));
#620=ORIENTED_EDGE('',*,*,#621,.F.);
#630=ORIENTED_EDGE('',*,*,#562,.T.);
#640=STYLED_ITEM('',(#34),#641);
#641=ADVANCED_FACE('',(#647),#642,.T.);
#642=PLANE('',#643);
#643=AXIS2_PLACEMENT_3D('',#644,#645,#646);
#644=CARTESIAN_POINT('',(-2.045,1.902,0.0));
#645=DIRECTION('',(0.0,1.0,0.0));
#646=DIRECTION('',(0.,0.,1.));
#647=FACE_OUTER_BOUND('',#648,.T.);
#648=EDGE_LOOP('',(#649,#659,#669,#679));
#652=CARTESIAN_POINT('',(-2.553,1.902,0.0));
#651=VERTEX_POINT('',#652);
#650=EDGE_CURVE('',#651,#602,#655,.T.);
#655=LINE('',#652,#657);
#657=VECTOR('',#658,0.508);
#658=DIRECTION('',(1.0,0.0,0.0));
#649=ORIENTED_EDGE('',*,*,#650,.F.);
#662=CARTESIAN_POINT('',(-2.553,1.902,0.051));
#661=VERTEX_POINT('',#662);
#660=EDGE_CURVE('',#661,#651,#665,.T.);
#665=LINE('',#662,#667);
#667=VECTOR('',#668,0.0508);
#668=DIRECTION('',(0.0,0.0,-1.0));
#659=ORIENTED_EDGE('',*,*,#660,.F.);
#670=EDGE_CURVE('',#612,#661,#675,.T.);
#675=LINE('',#613,#677);
#677=VECTOR('',#678,0.508);
#678=DIRECTION('',(-1.0,0.0,0.0));
#669=ORIENTED_EDGE('',*,*,#670,.F.);
#679=ORIENTED_EDGE('',*,*,#611,.T.);
#689=STYLED_ITEM('',(#34),#690);
#690=ADVANCED_FACE('',(#696),#691,.T.);
#691=PLANE('',#692);
#692=AXIS2_PLACEMENT_3D('',#693,#694,#695);
#693=CARTESIAN_POINT('',(-2.553,1.902,0.0));
#694=DIRECTION('',(-1.0,0.0,0.0));
#695=DIRECTION('',(0.,0.,1.));
#696=FACE_OUTER_BOUND('',#697,.T.);
#697=EDGE_LOOP('',(#698,#708,#718,#728));
#699=EDGE_CURVE('',#555,#651,#704,.T.);
#704=LINE('',#556,#706);
#706=VECTOR('',#707,0.3048);
#707=DIRECTION('',(0.0,1.0,0.0));
#698=ORIENTED_EDGE('',*,*,#699,.F.);
#708=ORIENTED_EDGE('',*,*,#582,.T.);
#719=EDGE_CURVE('',#661,#573,#724,.T.);
#724=LINE('',#662,#726);
#726=VECTOR('',#727,0.3048);
#727=DIRECTION('',(0.0,-1.0,0.0));
#718=ORIENTED_EDGE('',*,*,#719,.F.);
#728=ORIENTED_EDGE('',*,*,#660,.T.);
#738=STYLED_ITEM('',(#34),#739);
#739=ADVANCED_FACE('',(#745),#740,.T.);
#740=PLANE('',#741);
#741=AXIS2_PLACEMENT_3D('',#742,#743,#744);
#742=CARTESIAN_POINT('',(-2.553,1.902,0.0));
#743=DIRECTION('',(0.0,0.0,-1.0));
#744=DIRECTION('',(0.,1.,0.));
#745=FACE_OUTER_BOUND('',#746,.T.);
#746=EDGE_LOOP('',(#747,#757,#767,#777));
#747=ORIENTED_EDGE('',*,*,#650,.T.);
#757=ORIENTED_EDGE('',*,*,#601,.T.);
#767=ORIENTED_EDGE('',*,*,#552,.T.);
#777=ORIENTED_EDGE('',*,*,#699,.T.);
#787=STYLED_ITEM('',(#34),#788);
#788=ADVANCED_FACE('',(#794),#789,.T.);
#789=PLANE('',#790);
#790=AXIS2_PLACEMENT_3D('',#791,#792,#793);
#791=CARTESIAN_POINT('',(-2.553,1.598,0.051));
#792=DIRECTION('',(0.0,0.0,1.0));
#793=DIRECTION('',(0.,1.,0.));
#794=FACE_OUTER_BOUND('',#795,.T.);
#795=EDGE_LOOP('',(#796,#806,#816,#826));
#796=ORIENTED_EDGE('',*,*,#572,.T.);
#806=ORIENTED_EDGE('',*,*,#621,.T.);
#816=ORIENTED_EDGE('',*,*,#670,.T.);
#826=ORIENTED_EDGE('',*,*,#719,.T.);
#836=MANIFOLD_SOLID_BREP($,#837);
#837=CLOSED_SHELL('',(#839,#888,#937,#986,#1035,#1084));
#838=STYLED_ITEM('',(#34),#839);
#839=ADVANCED_FACE('',(#845),#840,.T.);
#840=PLANE('',#841);
#841=AXIS2_PLACEMENT_3D('',#842,#843,#844);
#842=CARTESIAN_POINT('',(-2.553,1.098,0.0));
#843=DIRECTION('',(0.0,-1.0,0.0));
#844=DIRECTION('',(0.,0.,1.));
#845=FACE_OUTER_BOUND('',#846,.T.);
#846=EDGE_LOOP('',(#847,#857,#867,#877));
#850=CARTESIAN_POINT('',(-2.045,1.098,0.0));
#849=VERTEX_POINT('',#850);
#852=CARTESIAN_POINT('',(-2.553,1.098,0.0));
#851=VERTEX_POINT('',#852);
#848=EDGE_CURVE('',#849,#851,#853,.T.);
#853=LINE('',#850,#855);
#855=VECTOR('',#856,0.508);
#856=DIRECTION('',(-1.0,0.0,0.0));
#847=ORIENTED_EDGE('',*,*,#848,.F.);
#860=CARTESIAN_POINT('',(-2.045,1.098,0.051));
#859=VERTEX_POINT('',#860);
#858=EDGE_CURVE('',#859,#849,#863,.T.);
#863=LINE('',#860,#865);
#865=VECTOR('',#866,0.0508);
#866=DIRECTION('',(0.0,0.0,-1.0));
#857=ORIENTED_EDGE('',*,*,#858,.F.);
#870=CARTESIAN_POINT('',(-2.553,1.098,0.051));
#869=VERTEX_POINT('',#870);
#868=EDGE_CURVE('',#869,#859,#873,.T.);
#873=LINE('',#870,#875);
#875=VECTOR('',#876,0.508);
#876=DIRECTION('',(1.0,0.0,0.0));
#867=ORIENTED_EDGE('',*,*,#868,.F.);
#878=EDGE_CURVE('',#851,#869,#883,.T.);
#883=LINE('',#852,#885);
#885=VECTOR('',#886,0.0508);
#886=DIRECTION('',(0.0,0.0,1.0));
#877=ORIENTED_EDGE('',*,*,#878,.F.);
#887=STYLED_ITEM('',(#34),#888);
#888=ADVANCED_FACE('',(#894),#889,.T.);
#889=PLANE('',#890);
#890=AXIS2_PLACEMENT_3D('',#891,#892,#893);
#891=CARTESIAN_POINT('',(-2.045,1.098,0.0));
#892=DIRECTION('',(1.0,0.0,0.0));
#893=DIRECTION('',(0.,0.,1.));
#894=FACE_OUTER_BOUND('',#895,.T.);
#895=EDGE_LOOP('',(#896,#906,#916,#926));
#899=CARTESIAN_POINT('',(-2.045,1.402,0.0));
#898=VERTEX_POINT('',#899);
#897=EDGE_CURVE('',#898,#849,#902,.T.);
#902=LINE('',#899,#904);
#904=VECTOR('',#905,0.3048);
#905=DIRECTION('',(0.0,-1.0,0.0));
#896=ORIENTED_EDGE('',*,*,#897,.F.);
#909=CARTESIAN_POINT('',(-2.045,1.402,0.051));
#908=VERTEX_POINT('',#909);
#907=EDGE_CURVE('',#908,#898,#912,.T.);
#912=LINE('',#909,#914);
#914=VECTOR('',#915,0.0508);
#915=DIRECTION('',(0.0,0.0,-1.0));
#906=ORIENTED_EDGE('',*,*,#907,.F.);
#917=EDGE_CURVE('',#859,#908,#922,.T.);
#922=LINE('',#860,#924);
#924=VECTOR('',#925,0.3048);
#925=DIRECTION('',(0.0,1.0,0.0));
#916=ORIENTED_EDGE('',*,*,#917,.F.);
#926=ORIENTED_EDGE('',*,*,#858,.T.);
#936=STYLED_ITEM('',(#34),#937);
#937=ADVANCED_FACE('',(#943),#938,.T.);
#938=PLANE('',#939);
#939=AXIS2_PLACEMENT_3D('',#940,#941,#942);
#940=CARTESIAN_POINT('',(-2.045,1.402,0.0));
#941=DIRECTION('',(0.0,1.0,0.0));
#942=DIRECTION('',(0.,0.,1.));
#943=FACE_OUTER_BOUND('',#944,.T.);
#944=EDGE_LOOP('',(#945,#955,#965,#975));
#948=CARTESIAN_POINT('',(-2.553,1.402,0.0));
#947=VERTEX_POINT('',#948);
#946=EDGE_CURVE('',#947,#898,#951,.T.);
#951=LINE('',#948,#953);
#953=VECTOR('',#954,0.508);
#954=DIRECTION('',(1.0,0.0,0.0));
#945=ORIENTED_EDGE('',*,*,#946,.F.);
#958=CARTESIAN_POINT('',(-2.553,1.402,0.051));
#957=VERTEX_POINT('',#958);
#956=EDGE_CURVE('',#957,#947,#961,.T.);
#961=LINE('',#958,#963);
#963=VECTOR('',#964,0.0508);
#964=DIRECTION('',(0.0,0.0,-1.0));
#955=ORIENTED_EDGE('',*,*,#956,.F.);
#966=EDGE_CURVE('',#908,#957,#971,.T.);
#971=LINE('',#909,#973);
#973=VECTOR('',#974,0.508);
#974=DIRECTION('',(-1.0,0.0,0.0));
#965=ORIENTED_EDGE('',*,*,#966,.F.);
#975=ORIENTED_EDGE('',*,*,#907,.T.);
#985=STYLED_ITEM('',(#34),#986);
#986=ADVANCED_FACE('',(#992),#987,.T.);
#987=PLANE('',#988);
#988=AXIS2_PLACEMENT_3D('',#989,#990,#991);
#989=CARTESIAN_POINT('',(-2.553,1.402,0.0));
#990=DIRECTION('',(-1.0,0.0,0.0));
#991=DIRECTION('',(0.,0.,1.));
#992=FACE_OUTER_BOUND('',#993,.T.);
#993=EDGE_LOOP('',(#994,#1004,#1014,#1024));
#995=EDGE_CURVE('',#851,#947,#1000,.T.);
#1000=LINE('',#852,#1002);
#1002=VECTOR('',#1003,0.3048);
#1003=DIRECTION('',(0.0,1.0,0.0));
#994=ORIENTED_EDGE('',*,*,#995,.F.);
#1004=ORIENTED_EDGE('',*,*,#878,.T.);
#1015=EDGE_CURVE('',#957,#869,#1020,.T.);
#1020=LINE('',#958,#1022);
#1022=VECTOR('',#1023,0.3048);
#1023=DIRECTION('',(0.0,-1.0,0.0));
#1014=ORIENTED_EDGE('',*,*,#1015,.F.);
#1024=ORIENTED_EDGE('',*,*,#956,.T.);
#1034=STYLED_ITEM('',(#34),#1035);
#1035=ADVANCED_FACE('',(#1041),#1036,.T.);
#1036=PLANE('',#1037);
#1037=AXIS2_PLACEMENT_3D('',#1038,#1039,#1040);
#1038=CARTESIAN_POINT('',(-2.553,1.402,0.0));
#1039=DIRECTION('',(0.0,0.0,-1.0));
#1040=DIRECTION('',(0.,1.,0.));
#1041=FACE_OUTER_BOUND('',#1042,.T.);
#1042=EDGE_LOOP('',(#1043,#1053,#1063,#1073));
#1043=ORIENTED_EDGE('',*,*,#946,.T.);
#1053=ORIENTED_EDGE('',*,*,#897,.T.);
#1063=ORIENTED_EDGE('',*,*,#848,.T.);
#1073=ORIENTED_EDGE('',*,*,#995,.T.);
#1083=STYLED_ITEM('',(#34),#1084);
#1084=ADVANCED_FACE('',(#1090),#1085,.T.);
#1085=PLANE('',#1086);
#1086=AXIS2_PLACEMENT_3D('',#1087,#1088,#1089);
#1087=CARTESIAN_POINT('',(-2.553,1.098,0.051));
#1088=DIRECTION('',(0.0,0.0,1.0));
#1089=DIRECTION('',(0.,1.,0.));
#1090=FACE_OUTER_BOUND('',#1091,.T.);
#1091=EDGE_LOOP('',(#1092,#1102,#1112,#1122));
#1092=ORIENTED_EDGE('',*,*,#868,.T.);
#1102=ORIENTED_EDGE('',*,*,#917,.T.);
#1112=ORIENTED_EDGE('',*,*,#966,.T.);
#1122=ORIENTED_EDGE('',*,*,#1015,.T.);
#1132=MANIFOLD_SOLID_BREP($,#1133);
#1133=CLOSED_SHELL('',(#1135,#1184,#1233,#1282,#1331,#1380));
#1134=STYLED_ITEM('',(#34),#1135);
#1135=ADVANCED_FACE('',(#1141),#1136,.T.);
#1136=PLANE('',#1137);
#1137=AXIS2_PLACEMENT_3D('',#1138,#1139,#1140);
#1138=CARTESIAN_POINT('',(-2.553,0.598,0.0));
#1139=DIRECTION('',(0.0,-1.0,0.0));
#1140=DIRECTION('',(0.,0.,1.));
#1141=FACE_OUTER_BOUND('',#1142,.T.);
#1142=EDGE_LOOP('',(#1143,#1153,#1163,#1173));
#1146=CARTESIAN_POINT('',(-2.045,0.598,0.0));
#1145=VERTEX_POINT('',#1146);
#1148=CARTESIAN_POINT('',(-2.553,0.598,0.0));
#1147=VERTEX_POINT('',#1148);
#1144=EDGE_CURVE('',#1145,#1147,#1149,.T.);
#1149=LINE('',#1146,#1151);
#1151=VECTOR('',#1152,0.508);
#1152=DIRECTION('',(-1.0,0.0,0.0));
#1143=ORIENTED_EDGE('',*,*,#1144,.F.);
#1156=CARTESIAN_POINT('',(-2.045,0.598,0.051));
#1155=VERTEX_POINT('',#1156);
#1154=EDGE_CURVE('',#1155,#1145,#1159,.T.);
#1159=LINE('',#1156,#1161);
#1161=VECTOR('',#1162,0.0508);
#1162=DIRECTION('',(0.0,0.0,-1.0));
#1153=ORIENTED_EDGE('',*,*,#1154,.F.);
#1166=CARTESIAN_POINT('',(-2.553,0.598,0.051));
#1165=VERTEX_POINT('',#1166);
#1164=EDGE_CURVE('',#1165,#1155,#1169,.T.);
#1169=LINE('',#1166,#1171);
#1171=VECTOR('',#1172,0.508);
#1172=DIRECTION('',(1.0,0.0,0.0));
#1163=ORIENTED_EDGE('',*,*,#1164,.F.);
#1174=EDGE_CURVE('',#1147,#1165,#1179,.T.);
#1179=LINE('',#1148,#1181);
#1181=VECTOR('',#1182,0.0508);
#1182=DIRECTION('',(0.0,0.0,1.0));
#1173=ORIENTED_EDGE('',*,*,#1174,.F.);
#1183=STYLED_ITEM('',(#34),#1184);
#1184=ADVANCED_FACE('',(#1190),#1185,.T.);
#1185=PLANE('',#1186);
#1186=AXIS2_PLACEMENT_3D('',#1187,#1188,#1189);
#1187=CARTESIAN_POINT('',(-2.045,0.598,0.0));
#1188=DIRECTION('',(1.0,0.0,0.0));
#1189=DIRECTION('',(0.,0.,1.));
#1190=FACE_OUTER_BOUND('',#1191,.T.);
#1191=EDGE_LOOP('',(#1192,#1202,#1212,#1222));
#1195=CARTESIAN_POINT('',(-2.045,0.902,0.0));
#1194=VERTEX_POINT('',#1195);
#1193=EDGE_CURVE('',#1194,#1145,#1198,.T.);
#1198=LINE('',#1195,#1200);
#1200=VECTOR('',#1201,0.3048);
#1201=DIRECTION('',(0.0,-1.0,0.0));
#1192=ORIENTED_EDGE('',*,*,#1193,.F.);
#1205=CARTESIAN_POINT('',(-2.045,0.902,0.051));
#1204=VERTEX_POINT('',#1205);
#1203=EDGE_CURVE('',#1204,#1194,#1208,.T.);
#1208=LINE('',#1205,#1210);
#1210=VECTOR('',#1211,0.0508);
#1211=DIRECTION('',(0.0,0.0,-1.0));
#1202=ORIENTED_EDGE('',*,*,#1203,.F.);
#1213=EDGE_CURVE('',#1155,#1204,#1218,.T.);
#1218=LINE('',#1156,#1220);
#1220=VECTOR('',#1221,0.3048);
#1221=DIRECTION('',(0.0,1.0,0.0));
#1212=ORIENTED_EDGE('',*,*,#1213,.F.);
#1222=ORIENTED_EDGE('',*,*,#1154,.T.);
#1232=STYLED_ITEM('',(#34),#1233);
#1233=ADVANCED_FACE('',(#1239),#1234,.T.);
#1234=PLANE('',#1235);
#1235=AXIS2_PLACEMENT_3D('',#1236,#1237,#1238);
#1236=CARTESIAN_POINT('',(-2.045,0.902,0.0));
#1237=DIRECTION('',(0.0,1.0,0.0));
#1238=DIRECTION('',(0.,0.,1.));
#1239=FACE_OUTER_BOUND('',#1240,.T.);
#1240=EDGE_LOOP('',(#1241,#1251,#1261,#1271));
#1244=CARTESIAN_POINT('',(-2.553,0.902,0.0));
#1243=VERTEX_POINT('',#1244);
#1242=EDGE_CURVE('',#1243,#1194,#1247,.T.);
#1247=LINE('',#1244,#1249);
#1249=VECTOR('',#1250,0.508);
#1250=DIRECTION('',(1.0,0.0,0.0));
#1241=ORIENTED_EDGE('',*,*,#1242,.F.);
#1254=CARTESIAN_POINT('',(-2.553,0.902,0.051));
#1253=VERTEX_POINT('',#1254);
#1252=EDGE_CURVE('',#1253,#1243,#1257,.T.);
#1257=LINE('',#1254,#1259);
#1259=VECTOR('',#1260,0.0508);
#1260=DIRECTION('',(0.0,0.0,-1.0));
#1251=ORIENTED_EDGE('',*,*,#1252,.F.);
#1262=EDGE_CURVE('',#1204,#1253,#1267,.T.);
#1267=LINE('',#1205,#1269);
#1269=VECTOR('',#1270,0.508);
#1270=DIRECTION('',(-1.0,0.0,0.0));
#1261=ORIENTED_EDGE('',*,*,#1262,.F.);
#1271=ORIENTED_EDGE('',*,*,#1203,.T.);
#1281=STYLED_ITEM('',(#34),#1282);
#1282=ADVANCED_FACE('',(#1288),#1283,.T.);
#1283=PLANE('',#1284);
#1284=AXIS2_PLACEMENT_3D('',#1285,#1286,#1287);
#1285=CARTESIAN_POINT('',(-2.553,0.902,0.0));
#1286=DIRECTION('',(-1.0,0.0,0.0));
#1287=DIRECTION('',(0.,0.,1.));
#1288=FACE_OUTER_BOUND('',#1289,.T.);
#1289=EDGE_LOOP('',(#1290,#1300,#1310,#1320));
#1291=EDGE_CURVE('',#1147,#1243,#1296,.T.);
#1296=LINE('',#1148,#1298);
#1298=VECTOR('',#1299,0.3048);
#1299=DIRECTION('',(0.0,1.0,0.0));
#1290=ORIENTED_EDGE('',*,*,#1291,.F.);
#1300=ORIENTED_EDGE('',*,*,#1174,.T.);
#1311=EDGE_CURVE('',#1253,#1165,#1316,.T.);
#1316=LINE('',#1254,#1318);
#1318=VECTOR('',#1319,0.3048);
#1319=DIRECTION('',(0.0,-1.0,0.0));
#1310=ORIENTED_EDGE('',*,*,#1311,.F.);
#1320=ORIENTED_EDGE('',*,*,#1252,.T.);
#1330=STYLED_ITEM('',(#34),#1331);
#1331=ADVANCED_FACE('',(#1337),#1332,.T.);
#1332=PLANE('',#1333);
#1333=AXIS2_PLACEMENT_3D('',#1334,#1335,#1336);
#1334=CARTESIAN_POINT('',(-2.553,0.902,0.0));
#1335=DIRECTION('',(0.0,0.0,-1.0));
#1336=DIRECTION('',(0.,1.,0.));
#1337=FACE_OUTER_BOUND('',#1338,.T.);
#1338=EDGE_LOOP('',(#1339,#1349,#1359,#1369));
#1339=ORIENTED_EDGE('',*,*,#1242,.T.);
#1349=ORIENTED_EDGE('',*,*,#1193,.T.);
#1359=ORIENTED_EDGE('',*,*,#1144,.T.);
#1369=ORIENTED_EDGE('',*,*,#1291,.T.);
#1379=STYLED_ITEM('',(#34),#1380);
#1380=ADVANCED_FACE('',(#1386),#1381,.T.);
#1381=PLANE('',#1382);
#1382=AXIS2_PLACEMENT_3D('',#1383,#1384,#1385);
#1383=CARTESIAN_POINT('',(-2.553,0.598,0.051));
#1384=DIRECTION('',(0.0,0.0,1.0));
#1385=DIRECTION('',(0.,1.,0.));
#1386=FACE_OUTER_BOUND('',#1387,.T.);
#1387=EDGE_LOOP('',(#1388,#1398,#1408,#1418));
#1388=ORIENTED_EDGE('',*,*,#1164,.T.);
#1398=ORIENTED_EDGE('',*,*,#1213,.T.);
#1408=ORIENTED_EDGE('',*,*,#1262,.T.);
#1418=ORIENTED_EDGE('',*,*,#1311,.T.);
#1428=MANIFOLD_SOLID_BREP($,#1429);
#1429=CLOSED_SHELL('',(#1431,#1480,#1529,#1578,#1627,#1676));
#1430=STYLED_ITEM('',(#34),#1431);
#1431=ADVANCED_FACE('',(#1437),#1432,.T.);
#1432=PLANE('',#1433);
#1433=AXIS2_PLACEMENT_3D('',#1434,#1435,#1436);
#1434=CARTESIAN_POINT('',(-2.553,0.098,0.0));
#1435=DIRECTION('',(0.0,-1.0,0.0));
#1436=DIRECTION('',(0.,0.,1.));
#1437=FACE_OUTER_BOUND('',#1438,.T.);
#1438=EDGE_LOOP('',(#1439,#1449,#1459,#1469));
#1442=CARTESIAN_POINT('',(-2.045,0.098,0.0));
#1441=VERTEX_POINT('',#1442);
#1444=CARTESIAN_POINT('',(-2.553,0.098,0.0));
#1443=VERTEX_POINT('',#1444);
#1440=EDGE_CURVE('',#1441,#1443,#1445,.T.);
#1445=LINE('',#1442,#1447);
#1447=VECTOR('',#1448,0.508);
#1448=DIRECTION('',(-1.0,0.0,0.0));
#1439=ORIENTED_EDGE('',*,*,#1440,.F.);
#1452=CARTESIAN_POINT('',(-2.045,0.098,0.051));
#1451=VERTEX_POINT('',#1452);
#1450=EDGE_CURVE('',#1451,#1441,#1455,.T.);
#1455=LINE('',#1452,#1457);
#1457=VECTOR('',#1458,0.0508);
#1458=DIRECTION('',(0.0,0.0,-1.0));
#1449=ORIENTED_EDGE('',*,*,#1450,.F.);
#1462=CARTESIAN_POINT('',(-2.553,0.098,0.051));
#1461=VERTEX_POINT('',#1462);
#1460=EDGE_CURVE('',#1461,#1451,#1465,.T.);
#1465=LINE('',#1462,#1467);
#1467=VECTOR('',#1468,0.508);
#1468=DIRECTION('',(1.0,0.0,0.0));
#1459=ORIENTED_EDGE('',*,*,#1460,.F.);
#1470=EDGE_CURVE('',#1443,#1461,#1475,.T.);
#1475=LINE('',#1444,#1477);
#1477=VECTOR('',#1478,0.0508);
#1478=DIRECTION('',(0.0,0.0,1.0));
#1469=ORIENTED_EDGE('',*,*,#1470,.F.);
#1479=STYLED_ITEM('',(#34),#1480);
#1480=ADVANCED_FACE('',(#1486),#1481,.T.);
#1481=PLANE('',#1482);
#1482=AXIS2_PLACEMENT_3D('',#1483,#1484,#1485);
#1483=CARTESIAN_POINT('',(-2.045,0.098,0.0));
#1484=DIRECTION('',(1.0,0.0,0.0));
#1485=DIRECTION('',(0.,0.,1.));
#1486=FACE_OUTER_BOUND('',#1487,.T.);
#1487=EDGE_LOOP('',(#1488,#1498,#1508,#1518));
#1491=CARTESIAN_POINT('',(-2.045,0.402,0.0));
#1490=VERTEX_POINT('',#1491);
#1489=EDGE_CURVE('',#1490,#1441,#1494,.T.);
#1494=LINE('',#1491,#1496);
#1496=VECTOR('',#1497,0.3048);
#1497=DIRECTION('',(0.0,-1.0,0.0));
#1488=ORIENTED_EDGE('',*,*,#1489,.F.);
#1501=CARTESIAN_POINT('',(-2.045,0.402,0.051));
#1500=VERTEX_POINT('',#1501);
#1499=EDGE_CURVE('',#1500,#1490,#1504,.T.);
#1504=LINE('',#1501,#1506);
#1506=VECTOR('',#1507,0.0508);
#1507=DIRECTION('',(0.0,0.0,-1.0));
#1498=ORIENTED_EDGE('',*,*,#1499,.F.);
#1509=EDGE_CURVE('',#1451,#1500,#1514,.T.);
#1514=LINE('',#1452,#1516);
#1516=VECTOR('',#1517,0.3048);
#1517=DIRECTION('',(0.0,1.0,0.0));
#1508=ORIENTED_EDGE('',*,*,#1509,.F.);
#1518=ORIENTED_EDGE('',*,*,#1450,.T.);
#1528=STYLED_ITEM('',(#34),#1529);
#1529=ADVANCED_FACE('',(#1535),#1530,.T.);
#1530=PLANE('',#1531);
#1531=AXIS2_PLACEMENT_3D('',#1532,#1533,#1534);
#1532=CARTESIAN_POINT('',(-2.045,0.402,0.0));
#1533=DIRECTION('',(0.0,1.0,0.0));
#1534=DIRECTION('',(0.,0.,1.));
#1535=FACE_OUTER_BOUND('',#1536,.T.);
#1536=EDGE_LOOP('',(#1537,#1547,#1557,#1567));
#1540=CARTESIAN_POINT('',(-2.553,0.402,0.0));
#1539=VERTEX_POINT('',#1540);
#1538=EDGE_CURVE('',#1539,#1490,#1543,.T.);
#1543=LINE('',#1540,#1545);
#1545=VECTOR('',#1546,0.508);
#1546=DIRECTION('',(1.0,0.0,0.0));
#1537=ORIENTED_EDGE('',*,*,#1538,.F.);
#1550=CARTESIAN_POINT('',(-2.553,0.402,0.051));
#1549=VERTEX_POINT('',#1550);
#1548=EDGE_CURVE('',#1549,#1539,#1553,.T.);
#1553=LINE('',#1550,#1555);
#1555=VECTOR('',#1556,0.0508);
#1556=DIRECTION('',(0.0,0.0,-1.0));
#1547=ORIENTED_EDGE('',*,*,#1548,.F.);
#1558=EDGE_CURVE('',#1500,#1549,#1563,.T.);
#1563=LINE('',#1501,#1565);
#1565=VECTOR('',#1566,0.508);
#1566=DIRECTION('',(-1.0,0.0,0.0));
#1557=ORIENTED_EDGE('',*,*,#1558,.F.);
#1567=ORIENTED_EDGE('',*,*,#1499,.T.);
#1577=STYLED_ITEM('',(#34),#1578);
#1578=ADVANCED_FACE('',(#1584),#1579,.T.);
#1579=PLANE('',#1580);
#1580=AXIS2_PLACEMENT_3D('',#1581,#1582,#1583);
#1581=CARTESIAN_POINT('',(-2.553,0.402,0.0));
#1582=DIRECTION('',(-1.0,0.0,0.0));
#1583=DIRECTION('',(0.,0.,1.));
#1584=FACE_OUTER_BOUND('',#1585,.T.);
#1585=EDGE_LOOP('',(#1586,#1596,#1606,#1616));
#1587=EDGE_CURVE('',#1443,#1539,#1592,.T.);
#1592=LINE('',#1444,#1594);
#1594=VECTOR('',#1595,0.3048);
#1595=DIRECTION('',(0.0,1.0,0.0));
#1586=ORIENTED_EDGE('',*,*,#1587,.F.);
#1596=ORIENTED_EDGE('',*,*,#1470,.T.);
#1607=EDGE_CURVE('',#1549,#1461,#1612,.T.);
#1612=LINE('',#1550,#1614);
#1614=VECTOR('',#1615,0.3048);
#1615=DIRECTION('',(0.0,-1.0,0.0));
#1606=ORIENTED_EDGE('',*,*,#1607,.F.);
#1616=ORIENTED_EDGE('',*,*,#1548,.T.);
#1626=STYLED_ITEM('',(#34),#1627);
#1627=ADVANCED_FACE('',(#1633),#1628,.T.);
#1628=PLANE('',#1629);
#1629=AXIS2_PLACEMENT_3D('',#1630,#1631,#1632);
#1630=CARTESIAN_POINT('',(-2.553,0.402,0.0));
#1631=DIRECTION('',(0.0,0.0,-1.0));
#1632=DIRECTION('',(0.,1.,0.));
#1633=FACE_OUTER_BOUND('',#1634,.T.);
#1634=EDGE_LOOP('',(#1635,#1645,#1655,#1665));
#1635=ORIENTED_EDGE('',*,*,#1538,.T.);
#1645=ORIENTED_EDGE('',*,*,#1489,.T.);
#1655=ORIENTED_EDGE('',*,*,#1440,.T.);
#1665=ORIENTED_EDGE('',*,*,#1587,.T.);
#1675=STYLED_ITEM('',(#34),#1676);
#1676=ADVANCED_FACE('',(#1682),#1677,.T.);
#1677=PLANE('',#1678);
#1678=AXIS2_PLACEMENT_3D('',#1679,#1680,#1681);
#1679=CARTESIAN_POINT('',(-2.553,0.098,0.051));
#1680=DIRECTION('',(0.0,0.0,1.0));
#1681=DIRECTION('',(0.,1.,0.));
#1682=FACE_OUTER_BOUND('',#1683,.T.);
#1683=EDGE_LOOP('',(#1684,#1694,#1704,#1714));
#1684=ORIENTED_EDGE('',*,*,#1460,.T.);
#1694=ORIENTED_EDGE('',*,*,#1509,.T.);
#1704=ORIENTED_EDGE('',*,*,#1558,.T.);
#1714=ORIENTED_EDGE('',*,*,#1607,.T.);
#1724=MANIFOLD_SOLID_BREP($,#1725);
#1725=CLOSED_SHELL('',(#1727,#1776,#1825,#1874,#1923,#1972));
#1726=STYLED_ITEM('',(#34),#1727);
#1727=ADVANCED_FACE('',(#1733),#1728,.T.);
#1728=PLANE('',#1729);
#1729=AXIS2_PLACEMENT_3D('',#1730,#1731,#1732);
#1730=CARTESIAN_POINT('',(-2.553,-0.402,0.0));
#1731=DIRECTION('',(0.0,-1.0,0.0));
#1732=DIRECTION('',(0.,0.,1.));
#1733=FACE_OUTER_BOUND('',#1734,.T.);
#1734=EDGE_LOOP('',(#1735,#1745,#1755,#1765));
#1738=CARTESIAN_POINT('',(-2.045,-0.402,0.0));
#1737=VERTEX_POINT('',#1738);
#1740=CARTESIAN_POINT('',(-2.553,-0.402,0.0));
#1739=VERTEX_POINT('',#1740);
#1736=EDGE_CURVE('',#1737,#1739,#1741,.T.);
#1741=LINE('',#1738,#1743);
#1743=VECTOR('',#1744,0.508);
#1744=DIRECTION('',(-1.0,0.0,0.0));
#1735=ORIENTED_EDGE('',*,*,#1736,.F.);
#1748=CARTESIAN_POINT('',(-2.045,-0.402,0.051));
#1747=VERTEX_POINT('',#1748);
#1746=EDGE_CURVE('',#1747,#1737,#1751,.T.);
#1751=LINE('',#1748,#1753);
#1753=VECTOR('',#1754,0.0508);
#1754=DIRECTION('',(0.0,0.0,-1.0));
#1745=ORIENTED_EDGE('',*,*,#1746,.F.);
#1758=CARTESIAN_POINT('',(-2.553,-0.402,0.051));
#1757=VERTEX_POINT('',#1758);
#1756=EDGE_CURVE('',#1757,#1747,#1761,.T.);
#1761=LINE('',#1758,#1763);
#1763=VECTOR('',#1764,0.508);
#1764=DIRECTION('',(1.0,0.0,0.0));
#1755=ORIENTED_EDGE('',*,*,#1756,.F.);
#1766=EDGE_CURVE('',#1739,#1757,#1771,.T.);
#1771=LINE('',#1740,#1773);
#1773=VECTOR('',#1774,0.0508);
#1774=DIRECTION('',(0.0,0.0,1.0));
#1765=ORIENTED_EDGE('',*,*,#1766,.F.);
#1775=STYLED_ITEM('',(#34),#1776);
#1776=ADVANCED_FACE('',(#1782),#1777,.T.);
#1777=PLANE('',#1778);
#1778=AXIS2_PLACEMENT_3D('',#1779,#1780,#1781);
#1779=CARTESIAN_POINT('',(-2.045,-0.402,0.0));
#1780=DIRECTION('',(1.0,0.0,0.0));
#1781=DIRECTION('',(0.,0.,1.));
#1782=FACE_OUTER_BOUND('',#1783,.T.);
#1783=EDGE_LOOP('',(#1784,#1794,#1804,#1814));
#1787=CARTESIAN_POINT('',(-2.045,-0.098,0.0));
#1786=VERTEX_POINT('',#1787);
#1785=EDGE_CURVE('',#1786,#1737,#1790,.T.);
#1790=LINE('',#1787,#1792);
#1792=VECTOR('',#1793,0.3048);
#1793=DIRECTION('',(0.0,-1.0,0.0));
#1784=ORIENTED_EDGE('',*,*,#1785,.F.);
#1797=CARTESIAN_POINT('',(-2.045,-0.098,0.051));
#1796=VERTEX_POINT('',#1797);
#1795=EDGE_CURVE('',#1796,#1786,#1800,.T.);
#1800=LINE('',#1797,#1802);
#1802=VECTOR('',#1803,0.0508);
#1803=DIRECTION('',(0.0,0.0,-1.0));
#1794=ORIENTED_EDGE('',*,*,#1795,.F.);
#1805=EDGE_CURVE('',#1747,#1796,#1810,.T.);
#1810=LINE('',#1748,#1812);
#1812=VECTOR('',#1813,0.3048);
#1813=DIRECTION('',(0.0,1.0,0.0));
#1804=ORIENTED_EDGE('',*,*,#1805,.F.);
#1814=ORIENTED_EDGE('',*,*,#1746,.T.);
#1824=STYLED_ITEM('',(#34),#1825);
#1825=ADVANCED_FACE('',(#1831),#1826,.T.);
#1826=PLANE('',#1827);
#1827=AXIS2_PLACEMENT_3D('',#1828,#1829,#1830);
#1828=CARTESIAN_POINT('',(-2.045,-0.098,0.0));
#1829=DIRECTION('',(0.0,1.0,0.0));
#1830=DIRECTION('',(0.,0.,1.));
#1831=FACE_OUTER_BOUND('',#1832,.T.);
#1832=EDGE_LOOP('',(#1833,#1843,#1853,#1863));
#1836=CARTESIAN_POINT('',(-2.553,-0.098,0.0));
#1835=VERTEX_POINT('',#1836);
#1834=EDGE_CURVE('',#1835,#1786,#1839,.T.);
#1839=LINE('',#1836,#1841);
#1841=VECTOR('',#1842,0.508);
#1842=DIRECTION('',(1.0,0.0,0.0));
#1833=ORIENTED_EDGE('',*,*,#1834,.F.);
#1846=CARTESIAN_POINT('',(-2.553,-0.098,0.051));
#1845=VERTEX_POINT('',#1846);
#1844=EDGE_CURVE('',#1845,#1835,#1849,.T.);
#1849=LINE('',#1846,#1851);
#1851=VECTOR('',#1852,0.0508);
#1852=DIRECTION('',(0.0,0.0,-1.0));
#1843=ORIENTED_EDGE('',*,*,#1844,.F.);
#1854=EDGE_CURVE('',#1796,#1845,#1859,.T.);
#1859=LINE('',#1797,#1861);
#1861=VECTOR('',#1862,0.508);
#1862=DIRECTION('',(-1.0,0.0,0.0));
#1853=ORIENTED_EDGE('',*,*,#1854,.F.);
#1863=ORIENTED_EDGE('',*,*,#1795,.T.);
#1873=STYLED_ITEM('',(#34),#1874);
#1874=ADVANCED_FACE('',(#1880),#1875,.T.);
#1875=PLANE('',#1876);
#1876=AXIS2_PLACEMENT_3D('',#1877,#1878,#1879);
#1877=CARTESIAN_POINT('',(-2.553,-0.098,0.0));
#1878=DIRECTION('',(-1.0,0.0,0.0));
#1879=DIRECTION('',(0.,0.,1.));
#1880=FACE_OUTER_BOUND('',#1881,.T.);
#1881=EDGE_LOOP('',(#1882,#1892,#1902,#1912));
#1883=EDGE_CURVE('',#1739,#1835,#1888,.T.);
#1888=LINE('',#1740,#1890);
#1890=VECTOR('',#1891,0.3048);
#1891=DIRECTION('',(0.0,1.0,0.0));
#1882=ORIENTED_EDGE('',*,*,#1883,.F.);
#1892=ORIENTED_EDGE('',*,*,#1766,.T.);
#1903=EDGE_CURVE('',#1845,#1757,#1908,.T.);
#1908=LINE('',#1846,#1910);
#1910=VECTOR('',#1911,0.3048);
#1911=DIRECTION('',(0.0,-1.0,0.0));
#1902=ORIENTED_EDGE('',*,*,#1903,.F.);
#1912=ORIENTED_EDGE('',*,*,#1844,.T.);
#1922=STYLED_ITEM('',(#34),#1923);
#1923=ADVANCED_FACE('',(#1929),#1924,.T.);
#1924=PLANE('',#1925);
#1925=AXIS2_PLACEMENT_3D('',#1926,#1927,#1928);
#1926=CARTESIAN_POINT('',(-2.553,-0.098,0.0));
#1927=DIRECTION('',(0.0,0.0,-1.0));
#1928=DIRECTION('',(0.,1.,0.));
#1929=FACE_OUTER_BOUND('',#1930,.T.);
#1930=EDGE_LOOP('',(#1931,#1941,#1951,#1961));
#1931=ORIENTED_EDGE('',*,*,#1834,.T.);
#1941=ORIENTED_EDGE('',*,*,#1785,.T.);
#1951=ORIENTED_EDGE('',*,*,#1736,.T.);
#1961=ORIENTED_EDGE('',*,*,#1883,.T.);
#1971=STYLED_ITEM('',(#34),#1972);
#1972=ADVANCED_FACE('',(#1978),#1973,.T.);
#1973=PLANE('',#1974);
#1974=AXIS2_PLACEMENT_3D('',#1975,#1976,#1977);
#1975=CARTESIAN_POINT('',(-2.553,-0.402,0.051));
#1976=DIRECTION('',(0.0,0.0,1.0));
#1977=DIRECTION('',(0.,1.,0.));
#1978=FACE_OUTER_BOUND('',#1979,.T.);
#1979=EDGE_LOOP('',(#1980,#1990,#2000,#2010));
#1980=ORIENTED_EDGE('',*,*,#1756,.T.);
#1990=ORIENTED_EDGE('',*,*,#1805,.T.);
#2000=ORIENTED_EDGE('',*,*,#1854,.T.);
#2010=ORIENTED_EDGE('',*,*,#1903,.T.);
#2020=MANIFOLD_SOLID_BREP($,#2021);
#2021=CLOSED_SHELL('',(#2023,#2072,#2121,#2170,#2219,#2268));
#2022=STYLED_ITEM('',(#34),#2023);
#2023=ADVANCED_FACE('',(#2029),#2024,.T.);
#2024=PLANE('',#2025);
#2025=AXIS2_PLACEMENT_3D('',#2026,#2027,#2028);
#2026=CARTESIAN_POINT('',(-2.553,-0.902,0.0));
#2027=DIRECTION('',(0.0,-1.0,0.0));
#2028=DIRECTION('',(0.,0.,1.));
#2029=FACE_OUTER_BOUND('',#2030,.T.);
#2030=EDGE_LOOP('',(#2031,#2041,#2051,#2061));
#2034=CARTESIAN_POINT('',(-2.045,-0.902,0.0));
#2033=VERTEX_POINT('',#2034);
#2036=CARTESIAN_POINT('',(-2.553,-0.902,0.0));
#2035=VERTEX_POINT('',#2036);
#2032=EDGE_CURVE('',#2033,#2035,#2037,.T.);
#2037=LINE('',#2034,#2039);
#2039=VECTOR('',#2040,0.508);
#2040=DIRECTION('',(-1.0,0.0,0.0));
#2031=ORIENTED_EDGE('',*,*,#2032,.F.);
#2044=CARTESIAN_POINT('',(-2.045,-0.902,0.051));
#2043=VERTEX_POINT('',#2044);
#2042=EDGE_CURVE('',#2043,#2033,#2047,.T.);
#2047=LINE('',#2044,#2049);
#2049=VECTOR('',#2050,0.0508);
#2050=DIRECTION('',(0.0,0.0,-1.0));
#2041=ORIENTED_EDGE('',*,*,#2042,.F.);
#2054=CARTESIAN_POINT('',(-2.553,-0.902,0.051));
#2053=VERTEX_POINT('',#2054);
#2052=EDGE_CURVE('',#2053,#2043,#2057,.T.);
#2057=LINE('',#2054,#2059);
#2059=VECTOR('',#2060,0.508);
#2060=DIRECTION('',(1.0,0.0,0.0));
#2051=ORIENTED_EDGE('',*,*,#2052,.F.);
#2062=EDGE_CURVE('',#2035,#2053,#2067,.T.);
#2067=LINE('',#2036,#2069);
#2069=VECTOR('',#2070,0.0508);
#2070=DIRECTION('',(0.0,0.0,1.0));
#2061=ORIENTED_EDGE('',*,*,#2062,.F.);
#2071=STYLED_ITEM('',(#34),#2072);
#2072=ADVANCED_FACE('',(#2078),#2073,.T.);
#2073=PLANE('',#2074);
#2074=AXIS2_PLACEMENT_3D('',#2075,#2076,#2077);
#2075=CARTESIAN_POINT('',(-2.045,-0.902,0.0));
#2076=DIRECTION('',(1.0,0.0,0.0));
#2077=DIRECTION('',(0.,0.,1.));
#2078=FACE_OUTER_BOUND('',#2079,.T.);
#2079=EDGE_LOOP('',(#2080,#2090,#2100,#2110));
#2083=CARTESIAN_POINT('',(-2.045,-0.598,0.0));
#2082=VERTEX_POINT('',#2083);
#2081=EDGE_CURVE('',#2082,#2033,#2086,.T.);
#2086=LINE('',#2083,#2088);
#2088=VECTOR('',#2089,0.3048);
#2089=DIRECTION('',(0.0,-1.0,0.0));
#2080=ORIENTED_EDGE('',*,*,#2081,.F.);
#2093=CARTESIAN_POINT('',(-2.045,-0.598,0.051));
#2092=VERTEX_POINT('',#2093);
#2091=EDGE_CURVE('',#2092,#2082,#2096,.T.);
#2096=LINE('',#2093,#2098);
#2098=VECTOR('',#2099,0.0508);
#2099=DIRECTION('',(0.0,0.0,-1.0));
#2090=ORIENTED_EDGE('',*,*,#2091,.F.);
#2101=EDGE_CURVE('',#2043,#2092,#2106,.T.);
#2106=LINE('',#2044,#2108);
#2108=VECTOR('',#2109,0.3048);
#2109=DIRECTION('',(0.0,1.0,0.0));
#2100=ORIENTED_EDGE('',*,*,#2101,.F.);
#2110=ORIENTED_EDGE('',*,*,#2042,.T.);
#2120=STYLED_ITEM('',(#34),#2121);
#2121=ADVANCED_FACE('',(#2127),#2122,.T.);
#2122=PLANE('',#2123);
#2123=AXIS2_PLACEMENT_3D('',#2124,#2125,#2126);
#2124=CARTESIAN_POINT('',(-2.045,-0.598,0.0));
#2125=DIRECTION('',(0.0,1.0,0.0));
#2126=DIRECTION('',(0.,0.,1.));
#2127=FACE_OUTER_BOUND('',#2128,.T.);
#2128=EDGE_LOOP('',(#2129,#2139,#2149,#2159));
#2132=CARTESIAN_POINT('',(-2.553,-0.598,0.0));
#2131=VERTEX_POINT('',#2132);
#2130=EDGE_CURVE('',#2131,#2082,#2135,.T.);
#2135=LINE('',#2132,#2137);
#2137=VECTOR('',#2138,0.508);
#2138=DIRECTION('',(1.0,0.0,0.0));
#2129=ORIENTED_EDGE('',*,*,#2130,.F.);
#2142=CARTESIAN_POINT('',(-2.553,-0.598,0.051));
#2141=VERTEX_POINT('',#2142);
#2140=EDGE_CURVE('',#2141,#2131,#2145,.T.);
#2145=LINE('',#2142,#2147);
#2147=VECTOR('',#2148,0.0508);
#2148=DIRECTION('',(0.0,0.0,-1.0));
#2139=ORIENTED_EDGE('',*,*,#2140,.F.);
#2150=EDGE_CURVE('',#2092,#2141,#2155,.T.);
#2155=LINE('',#2093,#2157);
#2157=VECTOR('',#2158,0.508);
#2158=DIRECTION('',(-1.0,0.0,0.0));
#2149=ORIENTED_EDGE('',*,*,#2150,.F.);
#2159=ORIENTED_EDGE('',*,*,#2091,.T.);
#2169=STYLED_ITEM('',(#34),#2170);
#2170=ADVANCED_FACE('',(#2176),#2171,.T.);
#2171=PLANE('',#2172);
#2172=AXIS2_PLACEMENT_3D('',#2173,#2174,#2175);
#2173=CARTESIAN_POINT('',(-2.553,-0.598,0.0));
#2174=DIRECTION('',(-1.0,0.0,0.0));
#2175=DIRECTION('',(0.,0.,1.));
#2176=FACE_OUTER_BOUND('',#2177,.T.);
#2177=EDGE_LOOP('',(#2178,#2188,#2198,#2208));
#2179=EDGE_CURVE('',#2035,#2131,#2184,.T.);
#2184=LINE('',#2036,#2186);
#2186=VECTOR('',#2187,0.3048);
#2187=DIRECTION('',(0.0,1.0,0.0));
#2178=ORIENTED_EDGE('',*,*,#2179,.F.);
#2188=ORIENTED_EDGE('',*,*,#2062,.T.);
#2199=EDGE_CURVE('',#2141,#2053,#2204,.T.);
#2204=LINE('',#2142,#2206);
#2206=VECTOR('',#2207,0.3048);
#2207=DIRECTION('',(0.0,-1.0,0.0));
#2198=ORIENTED_EDGE('',*,*,#2199,.F.);
#2208=ORIENTED_EDGE('',*,*,#2140,.T.);
#2218=STYLED_ITEM('',(#34),#2219);
#2219=ADVANCED_FACE('',(#2225),#2220,.T.);
#2220=PLANE('',#2221);
#2221=AXIS2_PLACEMENT_3D('',#2222,#2223,#2224);
#2222=CARTESIAN_POINT('',(-2.553,-0.598,0.0));
#2223=DIRECTION('',(0.0,0.0,-1.0));
#2224=DIRECTION('',(0.,1.,0.));
#2225=FACE_OUTER_BOUND('',#2226,.T.);
#2226=EDGE_LOOP('',(#2227,#2237,#2247,#2257));
#2227=ORIENTED_EDGE('',*,*,#2130,.T.);
#2237=ORIENTED_EDGE('',*,*,#2081,.T.);
#2247=ORIENTED_EDGE('',*,*,#2032,.T.);
#2257=ORIENTED_EDGE('',*,*,#2179,.T.);
#2267=STYLED_ITEM('',(#34),#2268);
#2268=ADVANCED_FACE('',(#2274),#2269,.T.);
#2269=PLANE('',#2270);
#2270=AXIS2_PLACEMENT_3D('',#2271,#2272,#2273);
#2271=CARTESIAN_POINT('',(-2.553,-0.902,0.051));
#2272=DIRECTION('',(0.0,0.0,1.0));
#2273=DIRECTION('',(0.,1.,0.));
#2274=FACE_OUTER_BOUND('',#2275,.T.);
#2275=EDGE_LOOP('',(#2276,#2286,#2296,#2306));
#2276=ORIENTED_EDGE('',*,*,#2052,.T.);
#2286=ORIENTED_EDGE('',*,*,#2101,.T.);
#2296=ORIENTED_EDGE('',*,*,#2150,.T.);
#2306=ORIENTED_EDGE('',*,*,#2199,.T.);
#2316=MANIFOLD_SOLID_BREP($,#2317);
#2317=CLOSED_SHELL('',(#2319,#2368,#2417,#2466,#2515,#2564));
#2318=STYLED_ITEM('',(#34),#2319);
#2319=ADVANCED_FACE('',(#2325),#2320,.T.);
#2320=PLANE('',#2321);
#2321=AXIS2_PLACEMENT_3D('',#2322,#2323,#2324);
#2322=CARTESIAN_POINT('',(-2.553,-1.402,0.0));
#2323=DIRECTION('',(0.0,-1.0,0.0));
#2324=DIRECTION('',(0.,0.,1.));
#2325=FACE_OUTER_BOUND('',#2326,.T.);
#2326=EDGE_LOOP('',(#2327,#2337,#2347,#2357));
#2330=CARTESIAN_POINT('',(-2.045,-1.402,0.0));
#2329=VERTEX_POINT('',#2330);
#2332=CARTESIAN_POINT('',(-2.553,-1.402,0.0));
#2331=VERTEX_POINT('',#2332);
#2328=EDGE_CURVE('',#2329,#2331,#2333,.T.);
#2333=LINE('',#2330,#2335);
#2335=VECTOR('',#2336,0.508);
#2336=DIRECTION('',(-1.0,0.0,0.0));
#2327=ORIENTED_EDGE('',*,*,#2328,.F.);
#2340=CARTESIAN_POINT('',(-2.045,-1.402,0.051));
#2339=VERTEX_POINT('',#2340);
#2338=EDGE_CURVE('',#2339,#2329,#2343,.T.);
#2343=LINE('',#2340,#2345);
#2345=VECTOR('',#2346,0.0508);
#2346=DIRECTION('',(0.0,0.0,-1.0));
#2337=ORIENTED_EDGE('',*,*,#2338,.F.);
#2350=CARTESIAN_POINT('',(-2.553,-1.402,0.051));
#2349=VERTEX_POINT('',#2350);
#2348=EDGE_CURVE('',#2349,#2339,#2353,.T.);
#2353=LINE('',#2350,#2355);
#2355=VECTOR('',#2356,0.508);
#2356=DIRECTION('',(1.0,0.0,0.0));
#2347=ORIENTED_EDGE('',*,*,#2348,.F.);
#2358=EDGE_CURVE('',#2331,#2349,#2363,.T.);
#2363=LINE('',#2332,#2365);
#2365=VECTOR('',#2366,0.0508);
#2366=DIRECTION('',(0.0,0.0,1.0));
#2357=ORIENTED_EDGE('',*,*,#2358,.F.);
#2367=STYLED_ITEM('',(#34),#2368);
#2368=ADVANCED_FACE('',(#2374),#2369,.T.);
#2369=PLANE('',#2370);
#2370=AXIS2_PLACEMENT_3D('',#2371,#2372,#2373);
#2371=CARTESIAN_POINT('',(-2.045,-1.402,0.0));
#2372=DIRECTION('',(1.0,0.0,0.0));
#2373=DIRECTION('',(0.,0.,1.));
#2374=FACE_OUTER_BOUND('',#2375,.T.);
#2375=EDGE_LOOP('',(#2376,#2386,#2396,#2406));
#2379=CARTESIAN_POINT('',(-2.045,-1.098,0.0));
#2378=VERTEX_POINT('',#2379);
#2377=EDGE_CURVE('',#2378,#2329,#2382,.T.);
#2382=LINE('',#2379,#2384);
#2384=VECTOR('',#2385,0.3048);
#2385=DIRECTION('',(0.0,-1.0,0.0));
#2376=ORIENTED_EDGE('',*,*,#2377,.F.);
#2389=CARTESIAN_POINT('',(-2.045,-1.098,0.051));
#2388=VERTEX_POINT('',#2389);
#2387=EDGE_CURVE('',#2388,#2378,#2392,.T.);
#2392=LINE('',#2389,#2394);
#2394=VECTOR('',#2395,0.0508);
#2395=DIRECTION('',(0.0,0.0,-1.0));
#2386=ORIENTED_EDGE('',*,*,#2387,.F.);
#2397=EDGE_CURVE('',#2339,#2388,#2402,.T.);
#2402=LINE('',#2340,#2404);
#2404=VECTOR('',#2405,0.3048);
#2405=DIRECTION('',(0.0,1.0,0.0));
#2396=ORIENTED_EDGE('',*,*,#2397,.F.);
#2406=ORIENTED_EDGE('',*,*,#2338,.T.);
#2416=STYLED_ITEM('',(#34),#2417);
#2417=ADVANCED_FACE('',(#2423),#2418,.T.);
#2418=PLANE('',#2419);
#2419=AXIS2_PLACEMENT_3D('',#2420,#2421,#2422);
#2420=CARTESIAN_POINT('',(-2.045,-1.098,0.0));
#2421=DIRECTION('',(0.0,1.0,0.0));
#2422=DIRECTION('',(0.,0.,1.));
#2423=FACE_OUTER_BOUND('',#2424,.T.);
#2424=EDGE_LOOP('',(#2425,#2435,#2445,#2455));
#2428=CARTESIAN_POINT('',(-2.553,-1.098,0.0));
#2427=VERTEX_POINT('',#2428);
#2426=EDGE_CURVE('',#2427,#2378,#2431,.T.);
#2431=LINE('',#2428,#2433);
#2433=VECTOR('',#2434,0.508);
#2434=DIRECTION('',(1.0,0.0,0.0));
#2425=ORIENTED_EDGE('',*,*,#2426,.F.);
#2438=CARTESIAN_POINT('',(-2.553,-1.098,0.051));
#2437=VERTEX_POINT('',#2438);
#2436=EDGE_CURVE('',#2437,#2427,#2441,.T.);
#2441=LINE('',#2438,#2443);
#2443=VECTOR('',#2444,0.0508);
#2444=DIRECTION('',(0.0,0.0,-1.0));
#2435=ORIENTED_EDGE('',*,*,#2436,.F.);
#2446=EDGE_CURVE('',#2388,#2437,#2451,.T.);
#2451=LINE('',#2389,#2453);
#2453=VECTOR('',#2454,0.508);
#2454=DIRECTION('',(-1.0,0.0,0.0));
#2445=ORIENTED_EDGE('',*,*,#2446,.F.);
#2455=ORIENTED_EDGE('',*,*,#2387,.T.);
#2465=STYLED_ITEM('',(#34),#2466);
#2466=ADVANCED_FACE('',(#2472),#2467,.T.);
#2467=PLANE('',#2468);
#2468=AXIS2_PLACEMENT_3D('',#2469,#2470,#2471);
#2469=CARTESIAN_POINT('',(-2.553,-1.098,0.0));
#2470=DIRECTION('',(-1.0,0.0,0.0));
#2471=DIRECTION('',(0.,0.,1.));
#2472=FACE_OUTER_BOUND('',#2473,.T.);
#2473=EDGE_LOOP('',(#2474,#2484,#2494,#2504));
#2475=EDGE_CURVE('',#2331,#2427,#2480,.T.);
#2480=LINE('',#2332,#2482);
#2482=VECTOR('',#2483,0.3048);
#2483=DIRECTION('',(0.0,1.0,0.0));
#2474=ORIENTED_EDGE('',*,*,#2475,.F.);
#2484=ORIENTED_EDGE('',*,*,#2358,.T.);
#2495=EDGE_CURVE('',#2437,#2349,#2500,.T.);
#2500=LINE('',#2438,#2502);
#2502=VECTOR('',#2503,0.3048);
#2503=DIRECTION('',(0.0,-1.0,0.0));
#2494=ORIENTED_EDGE('',*,*,#2495,.F.);
#2504=ORIENTED_EDGE('',*,*,#2436,.T.);
#2514=STYLED_ITEM('',(#34),#2515);
#2515=ADVANCED_FACE('',(#2521),#2516,.T.);
#2516=PLANE('',#2517);
#2517=AXIS2_PLACEMENT_3D('',#2518,#2519,#2520);
#2518=CARTESIAN_POINT('',(-2.553,-1.098,0.0));
#2519=DIRECTION('',(0.0,0.0,-1.0));
#2520=DIRECTION('',(0.,1.,0.));
#2521=FACE_OUTER_BOUND('',#2522,.T.);
#2522=EDGE_LOOP('',(#2523,#2533,#2543,#2553));
#2523=ORIENTED_EDGE('',*,*,#2426,.T.);
#2533=ORIENTED_EDGE('',*,*,#2377,.T.);
#2543=ORIENTED_EDGE('',*,*,#2328,.T.);
#2553=ORIENTED_EDGE('',*,*,#2475,.T.);
#2563=STYLED_ITEM('',(#34),#2564);
#2564=ADVANCED_FACE('',(#2570),#2565,.T.);
#2565=PLANE('',#2566);
#2566=AXIS2_PLACEMENT_3D('',#2567,#2568,#2569);
#2567=CARTESIAN_POINT('',(-2.553,-1.402,0.051));
#2568=DIRECTION('',(0.0,0.0,1.0));
#2569=DIRECTION('',(0.,1.,0.));
#2570=FACE_OUTER_BOUND('',#2571,.T.);
#2571=EDGE_LOOP('',(#2572,#2582,#2592,#2602));
#2572=ORIENTED_EDGE('',*,*,#2348,.T.);
#2582=ORIENTED_EDGE('',*,*,#2397,.T.);
#2592=ORIENTED_EDGE('',*,*,#2446,.T.);
#2602=ORIENTED_EDGE('',*,*,#2495,.T.);
#2612=MANIFOLD_SOLID_BREP($,#2613);
#2613=CLOSED_SHELL('',(#2615,#2664,#2713,#2762,#2811,#2860));
#2614=STYLED_ITEM('',(#34),#2615);
#2615=ADVANCED_FACE('',(#2621),#2616,.T.);
#2616=PLANE('',#2617);
#2617=AXIS2_PLACEMENT_3D('',#2618,#2619,#2620);
#2618=CARTESIAN_POINT('',(-2.553,-1.902,0.0));
#2619=DIRECTION('',(0.0,-1.0,0.0));
#2620=DIRECTION('',(0.,0.,1.));
#2621=FACE_OUTER_BOUND('',#2622,.T.);
#2622=EDGE_LOOP('',(#2623,#2633,#2643,#2653));
#2626=CARTESIAN_POINT('',(-2.045,-1.902,0.0));
#2625=VERTEX_POINT('',#2626);
#2628=CARTESIAN_POINT('',(-2.553,-1.902,0.0));
#2627=VERTEX_POINT('',#2628);
#2624=EDGE_CURVE('',#2625,#2627,#2629,.T.);
#2629=LINE('',#2626,#2631);
#2631=VECTOR('',#2632,0.508);
#2632=DIRECTION('',(-1.0,0.0,0.0));
#2623=ORIENTED_EDGE('',*,*,#2624,.F.);
#2636=CARTESIAN_POINT('',(-2.045,-1.902,0.051));
#2635=VERTEX_POINT('',#2636);
#2634=EDGE_CURVE('',#2635,#2625,#2639,.T.);
#2639=LINE('',#2636,#2641);
#2641=VECTOR('',#2642,0.0508);
#2642=DIRECTION('',(0.0,0.0,-1.0));
#2633=ORIENTED_EDGE('',*,*,#2634,.F.);
#2646=CARTESIAN_POINT('',(-2.553,-1.902,0.051));
#2645=VERTEX_POINT('',#2646);
#2644=EDGE_CURVE('',#2645,#2635,#2649,.T.);
#2649=LINE('',#2646,#2651);
#2651=VECTOR('',#2652,0.508);
#2652=DIRECTION('',(1.0,0.0,0.0));
#2643=ORIENTED_EDGE('',*,*,#2644,.F.);
#2654=EDGE_CURVE('',#2627,#2645,#2659,.T.);
#2659=LINE('',#2628,#2661);
#2661=VECTOR('',#2662,0.0508);
#2662=DIRECTION('',(0.0,0.0,1.0));
#2653=ORIENTED_EDGE('',*,*,#2654,.F.);
#2663=STYLED_ITEM('',(#34),#2664);
#2664=ADVANCED_FACE('',(#2670),#2665,.T.);
#2665=PLANE('',#2666);
#2666=AXIS2_PLACEMENT_3D('',#2667,#2668,#2669);
#2667=CARTESIAN_POINT('',(-2.045,-1.902,0.0));
#2668=DIRECTION('',(1.0,0.0,0.0));
#2669=DIRECTION('',(0.,0.,1.));
#2670=FACE_OUTER_BOUND('',#2671,.T.);
#2671=EDGE_LOOP('',(#2672,#2682,#2692,#2702));
#2675=CARTESIAN_POINT('',(-2.045,-1.598,0.0));
#2674=VERTEX_POINT('',#2675);
#2673=EDGE_CURVE('',#2674,#2625,#2678,.T.);
#2678=LINE('',#2675,#2680);
#2680=VECTOR('',#2681,0.3048);
#2681=DIRECTION('',(0.0,-1.0,0.0));
#2672=ORIENTED_EDGE('',*,*,#2673,.F.);
#2685=CARTESIAN_POINT('',(-2.045,-1.598,0.051));
#2684=VERTEX_POINT('',#2685);
#2683=EDGE_CURVE('',#2684,#2674,#2688,.T.);
#2688=LINE('',#2685,#2690);
#2690=VECTOR('',#2691,0.0508);
#2691=DIRECTION('',(0.0,0.0,-1.0));
#2682=ORIENTED_EDGE('',*,*,#2683,.F.);
#2693=EDGE_CURVE('',#2635,#2684,#2698,.T.);
#2698=LINE('',#2636,#2700);
#2700=VECTOR('',#2701,0.3048);
#2701=DIRECTION('',(0.0,1.0,0.0));
#2692=ORIENTED_EDGE('',*,*,#2693,.F.);
#2702=ORIENTED_EDGE('',*,*,#2634,.T.);
#2712=STYLED_ITEM('',(#34),#2713);
#2713=ADVANCED_FACE('',(#2719),#2714,.T.);
#2714=PLANE('',#2715);
#2715=AXIS2_PLACEMENT_3D('',#2716,#2717,#2718);
#2716=CARTESIAN_POINT('',(-2.045,-1.598,0.0));
#2717=DIRECTION('',(0.0,1.0,0.0));
#2718=DIRECTION('',(0.,0.,1.));
#2719=FACE_OUTER_BOUND('',#2720,.T.);
#2720=EDGE_LOOP('',(#2721,#2731,#2741,#2751));
#2724=CARTESIAN_POINT('',(-2.553,-1.598,0.0));
#2723=VERTEX_POINT('',#2724);
#2722=EDGE_CURVE('',#2723,#2674,#2727,.T.);
#2727=LINE('',#2724,#2729);
#2729=VECTOR('',#2730,0.508);
#2730=DIRECTION('',(1.0,0.0,0.0));
#2721=ORIENTED_EDGE('',*,*,#2722,.F.);
#2734=CARTESIAN_POINT('',(-2.553,-1.598,0.051));
#2733=VERTEX_POINT('',#2734);
#2732=EDGE_CURVE('',#2733,#2723,#2737,.T.);
#2737=LINE('',#2734,#2739);
#2739=VECTOR('',#2740,0.0508);
#2740=DIRECTION('',(0.0,0.0,-1.0));
#2731=ORIENTED_EDGE('',*,*,#2732,.F.);
#2742=EDGE_CURVE('',#2684,#2733,#2747,.T.);
#2747=LINE('',#2685,#2749);
#2749=VECTOR('',#2750,0.508);
#2750=DIRECTION('',(-1.0,0.0,0.0));
#2741=ORIENTED_EDGE('',*,*,#2742,.F.);
#2751=ORIENTED_EDGE('',*,*,#2683,.T.);
#2761=STYLED_ITEM('',(#34),#2762);
#2762=ADVANCED_FACE('',(#2768),#2763,.T.);
#2763=PLANE('',#2764);
#2764=AXIS2_PLACEMENT_3D('',#2765,#2766,#2767);
#2765=CARTESIAN_POINT('',(-2.553,-1.598,0.0));
#2766=DIRECTION('',(-1.0,0.0,0.0));
#2767=DIRECTION('',(0.,0.,1.));
#2768=FACE_OUTER_BOUND('',#2769,.T.);
#2769=EDGE_LOOP('',(#2770,#2780,#2790,#2800));
#2771=EDGE_CURVE('',#2627,#2723,#2776,.T.);
#2776=LINE('',#2628,#2778);
#2778=VECTOR('',#2779,0.3048);
#2779=DIRECTION('',(0.0,1.0,0.0));
#2770=ORIENTED_EDGE('',*,*,#2771,.F.);
#2780=ORIENTED_EDGE('',*,*,#2654,.T.);
#2791=EDGE_CURVE('',#2733,#2645,#2796,.T.);
#2796=LINE('',#2734,#2798);
#2798=VECTOR('',#2799,0.3048);
#2799=DIRECTION('',(0.0,-1.0,0.0));
#2790=ORIENTED_EDGE('',*,*,#2791,.F.);
#2800=ORIENTED_EDGE('',*,*,#2732,.T.);
#2810=STYLED_ITEM('',(#34),#2811);
#2811=ADVANCED_FACE('',(#2817),#2812,.T.);
#2812=PLANE('',#2813);
#2813=AXIS2_PLACEMENT_3D('',#2814,#2815,#2816);
#2814=CARTESIAN_POINT('',(-2.553,-1.598,0.0));
#2815=DIRECTION('',(0.0,0.0,-1.0));
#2816=DIRECTION('',(0.,1.,0.));
#2817=FACE_OUTER_BOUND('',#2818,.T.);
#2818=EDGE_LOOP('',(#2819,#2829,#2839,#2849));
#2819=ORIENTED_EDGE('',*,*,#2722,.T.);
#2829=ORIENTED_EDGE('',*,*,#2673,.T.);
#2839=ORIENTED_EDGE('',*,*,#2624,.T.);
#2849=ORIENTED_EDGE('',*,*,#2771,.T.);
#2859=STYLED_ITEM('',(#34),#2860);
#2860=ADVANCED_FACE('',(#2866),#2861,.T.);
#2861=PLANE('',#2862);
#2862=AXIS2_PLACEMENT_3D('',#2863,#2864,#2865);
#2863=CARTESIAN_POINT('',(-2.553,-1.902,0.051));
#2864=DIRECTION('',(0.0,0.0,1.0));
#2865=DIRECTION('',(0.,1.,0.));
#2866=FACE_OUTER_BOUND('',#2867,.T.);
#2867=EDGE_LOOP('',(#2868,#2878,#2888,#2898));
#2868=ORIENTED_EDGE('',*,*,#2644,.T.);
#2878=ORIENTED_EDGE('',*,*,#2693,.T.);
#2888=ORIENTED_EDGE('',*,*,#2742,.T.);
#2898=ORIENTED_EDGE('',*,*,#2791,.T.);
#2908=MANIFOLD_SOLID_BREP($,#2909);
#2909=CLOSED_SHELL('',(#2911,#2960,#3009,#3058,#3107,#3156));
#2910=STYLED_ITEM('',(#34),#2911);
#2911=ADVANCED_FACE('',(#2917),#2912,.T.);
#2912=PLANE('',#2913);
#2913=AXIS2_PLACEMENT_3D('',#2914,#2915,#2916);
#2914=CARTESIAN_POINT('',(2.045,-1.902,0.0));
#2915=DIRECTION('',(0.0,-1.0,0.0));
#2916=DIRECTION('',(0.,0.,1.));
#2917=FACE_OUTER_BOUND('',#2918,.T.);
#2918=EDGE_LOOP('',(#2919,#2929,#2939,#2949));
#2922=CARTESIAN_POINT('',(2.553,-1.902,0.0));
#2921=VERTEX_POINT('',#2922);
#2924=CARTESIAN_POINT('',(2.045,-1.902,0.0));
#2923=VERTEX_POINT('',#2924);
#2920=EDGE_CURVE('',#2921,#2923,#2925,.T.);
#2925=LINE('',#2922,#2927);
#2927=VECTOR('',#2928,0.508);
#2928=DIRECTION('',(-1.0,0.0,0.0));
#2919=ORIENTED_EDGE('',*,*,#2920,.F.);
#2932=CARTESIAN_POINT('',(2.553,-1.902,0.051));
#2931=VERTEX_POINT('',#2932);
#2930=EDGE_CURVE('',#2931,#2921,#2935,.T.);
#2935=LINE('',#2932,#2937);
#2937=VECTOR('',#2938,0.0508);
#2938=DIRECTION('',(0.0,0.0,-1.0));
#2929=ORIENTED_EDGE('',*,*,#2930,.F.);
#2942=CARTESIAN_POINT('',(2.045,-1.902,0.051));
#2941=VERTEX_POINT('',#2942);
#2940=EDGE_CURVE('',#2941,#2931,#2945,.T.);
#2945=LINE('',#2942,#2947);
#2947=VECTOR('',#2948,0.508);
#2948=DIRECTION('',(1.0,0.0,0.0));
#2939=ORIENTED_EDGE('',*,*,#2940,.F.);
#2950=EDGE_CURVE('',#2923,#2941,#2955,.T.);
#2955=LINE('',#2924,#2957);
#2957=VECTOR('',#2958,0.0508);
#2958=DIRECTION('',(0.0,0.0,1.0));
#2949=ORIENTED_EDGE('',*,*,#2950,.F.);
#2959=STYLED_ITEM('',(#34),#2960);
#2960=ADVANCED_FACE('',(#2966),#2961,.T.);
#2961=PLANE('',#2962);
#2962=AXIS2_PLACEMENT_3D('',#2963,#2964,#2965);
#2963=CARTESIAN_POINT('',(2.553,-1.902,0.0));
#2964=DIRECTION('',(1.0,0.0,0.0));
#2965=DIRECTION('',(0.,0.,1.));
#2966=FACE_OUTER_BOUND('',#2967,.T.);
#2967=EDGE_LOOP('',(#2968,#2978,#2988,#2998));
#2971=CARTESIAN_POINT('',(2.553,-1.598,0.0));
#2970=VERTEX_POINT('',#2971);
#2969=EDGE_CURVE('',#2970,#2921,#2974,.T.);
#2974=LINE('',#2971,#2976);
#2976=VECTOR('',#2977,0.3048);
#2977=DIRECTION('',(0.0,-1.0,0.0));
#2968=ORIENTED_EDGE('',*,*,#2969,.F.);
#2981=CARTESIAN_POINT('',(2.553,-1.598,0.051));
#2980=VERTEX_POINT('',#2981);
#2979=EDGE_CURVE('',#2980,#2970,#2984,.T.);
#2984=LINE('',#2981,#2986);
#2986=VECTOR('',#2987,0.0508);
#2987=DIRECTION('',(0.0,0.0,-1.0));
#2978=ORIENTED_EDGE('',*,*,#2979,.F.);
#2989=EDGE_CURVE('',#2931,#2980,#2994,.T.);
#2994=LINE('',#2932,#2996);
#2996=VECTOR('',#2997,0.3048);
#2997=DIRECTION('',(0.0,1.0,0.0));
#2988=ORIENTED_EDGE('',*,*,#2989,.F.);
#2998=ORIENTED_EDGE('',*,*,#2930,.T.);
#3008=STYLED_ITEM('',(#34),#3009);
#3009=ADVANCED_FACE('',(#3015),#3010,.T.);
#3010=PLANE('',#3011);
#3011=AXIS2_PLACEMENT_3D('',#3012,#3013,#3014);
#3012=CARTESIAN_POINT('',(2.553,-1.598,0.0));
#3013=DIRECTION('',(0.0,1.0,0.0));
#3014=DIRECTION('',(0.,0.,1.));
#3015=FACE_OUTER_BOUND('',#3016,.T.);
#3016=EDGE_LOOP('',(#3017,#3027,#3037,#3047));
#3020=CARTESIAN_POINT('',(2.045,-1.598,0.0));
#3019=VERTEX_POINT('',#3020);
#3018=EDGE_CURVE('',#3019,#2970,#3023,.T.);
#3023=LINE('',#3020,#3025);
#3025=VECTOR('',#3026,0.508);
#3026=DIRECTION('',(1.0,0.0,0.0));
#3017=ORIENTED_EDGE('',*,*,#3018,.F.);
#3030=CARTESIAN_POINT('',(2.045,-1.598,0.051));
#3029=VERTEX_POINT('',#3030);
#3028=EDGE_CURVE('',#3029,#3019,#3033,.T.);
#3033=LINE('',#3030,#3035);
#3035=VECTOR('',#3036,0.0508);
#3036=DIRECTION('',(0.0,0.0,-1.0));
#3027=ORIENTED_EDGE('',*,*,#3028,.F.);
#3038=EDGE_CURVE('',#2980,#3029,#3043,.T.);
#3043=LINE('',#2981,#3045);
#3045=VECTOR('',#3046,0.508);
#3046=DIRECTION('',(-1.0,0.0,0.0));
#3037=ORIENTED_EDGE('',*,*,#3038,.F.);
#3047=ORIENTED_EDGE('',*,*,#2979,.T.);
#3057=STYLED_ITEM('',(#34),#3058);
#3058=ADVANCED_FACE('',(#3064),#3059,.T.);
#3059=PLANE('',#3060);
#3060=AXIS2_PLACEMENT_3D('',#3061,#3062,#3063);
#3061=CARTESIAN_POINT('',(2.045,-1.598,0.0));
#3062=DIRECTION('',(-1.0,0.0,0.0));
#3063=DIRECTION('',(0.,0.,1.));
#3064=FACE_OUTER_BOUND('',#3065,.T.);
#3065=EDGE_LOOP('',(#3066,#3076,#3086,#3096));
#3067=EDGE_CURVE('',#2923,#3019,#3072,.T.);
#3072=LINE('',#2924,#3074);
#3074=VECTOR('',#3075,0.3048);
#3075=DIRECTION('',(0.0,1.0,0.0));
#3066=ORIENTED_EDGE('',*,*,#3067,.F.);
#3076=ORIENTED_EDGE('',*,*,#2950,.T.);
#3087=EDGE_CURVE('',#3029,#2941,#3092,.T.);
#3092=LINE('',#3030,#3094);
#3094=VECTOR('',#3095,0.3048);
#3095=DIRECTION('',(0.0,-1.0,0.0));
#3086=ORIENTED_EDGE('',*,*,#3087,.F.);
#3096=ORIENTED_EDGE('',*,*,#3028,.T.);
#3106=STYLED_ITEM('',(#34),#3107);
#3107=ADVANCED_FACE('',(#3113),#3108,.T.);
#3108=PLANE('',#3109);
#3109=AXIS2_PLACEMENT_3D('',#3110,#3111,#3112);
#3110=CARTESIAN_POINT('',(2.045,-1.598,0.0));
#3111=DIRECTION('',(0.0,0.0,-1.0));
#3112=DIRECTION('',(0.,1.,0.));
#3113=FACE_OUTER_BOUND('',#3114,.T.);
#3114=EDGE_LOOP('',(#3115,#3125,#3135,#3145));
#3115=ORIENTED_EDGE('',*,*,#3018,.T.);
#3125=ORIENTED_EDGE('',*,*,#2969,.T.);
#3135=ORIENTED_EDGE('',*,*,#2920,.T.);
#3145=ORIENTED_EDGE('',*,*,#3067,.T.);
#3155=STYLED_ITEM('',(#34),#3156);
#3156=ADVANCED_FACE('',(#3162),#3157,.T.);
#3157=PLANE('',#3158);
#3158=AXIS2_PLACEMENT_3D('',#3159,#3160,#3161);
#3159=CARTESIAN_POINT('',(2.045,-1.902,0.051));
#3160=DIRECTION('',(0.0,0.0,1.0));
#3161=DIRECTION('',(0.,1.,0.));
#3162=FACE_OUTER_BOUND('',#3163,.T.);
#3163=EDGE_LOOP('',(#3164,#3174,#3184,#3194));
#3164=ORIENTED_EDGE('',*,*,#2940,.T.);
#3174=ORIENTED_EDGE('',*,*,#2989,.T.);
#3184=ORIENTED_EDGE('',*,*,#3038,.T.);
#3194=ORIENTED_EDGE('',*,*,#3087,.T.);
#3204=MANIFOLD_SOLID_BREP($,#3205);
#3205=CLOSED_SHELL('',(#3207,#3256,#3305,#3354,#3403,#3452));
#3206=STYLED_ITEM('',(#34),#3207);
#3207=ADVANCED_FACE('',(#3213),#3208,.T.);
#3208=PLANE('',#3209);
#3209=AXIS2_PLACEMENT_3D('',#3210,#3211,#3212);
#3210=CARTESIAN_POINT('',(2.045,-1.402,0.0));
#3211=DIRECTION('',(0.0,-1.0,0.0));
#3212=DIRECTION('',(0.,0.,1.));
#3213=FACE_OUTER_BOUND('',#3214,.T.);
#3214=EDGE_LOOP('',(#3215,#3225,#3235,#3245));
#3218=CARTESIAN_POINT('',(2.553,-1.402,0.0));
#3217=VERTEX_POINT('',#3218);
#3220=CARTESIAN_POINT('',(2.045,-1.402,0.0));
#3219=VERTEX_POINT('',#3220);
#3216=EDGE_CURVE('',#3217,#3219,#3221,.T.);
#3221=LINE('',#3218,#3223);
#3223=VECTOR('',#3224,0.508);
#3224=DIRECTION('',(-1.0,0.0,0.0));
#3215=ORIENTED_EDGE('',*,*,#3216,.F.);
#3228=CARTESIAN_POINT('',(2.553,-1.402,0.051));
#3227=VERTEX_POINT('',#3228);
#3226=EDGE_CURVE('',#3227,#3217,#3231,.T.);
#3231=LINE('',#3228,#3233);
#3233=VECTOR('',#3234,0.0508);
#3234=DIRECTION('',(0.0,0.0,-1.0));
#3225=ORIENTED_EDGE('',*,*,#3226,.F.);
#3238=CARTESIAN_POINT('',(2.045,-1.402,0.051));
#3237=VERTEX_POINT('',#3238);
#3236=EDGE_CURVE('',#3237,#3227,#3241,.T.);
#3241=LINE('',#3238,#3243);
#3243=VECTOR('',#3244,0.508);
#3244=DIRECTION('',(1.0,0.0,0.0));
#3235=ORIENTED_EDGE('',*,*,#3236,.F.);
#3246=EDGE_CURVE('',#3219,#3237,#3251,.T.);
#3251=LINE('',#3220,#3253);
#3253=VECTOR('',#3254,0.0508);
#3254=DIRECTION('',(0.0,0.0,1.0));
#3245=ORIENTED_EDGE('',*,*,#3246,.F.);
#3255=STYLED_ITEM('',(#34),#3256);
#3256=ADVANCED_FACE('',(#3262),#3257,.T.);
#3257=PLANE('',#3258);
#3258=AXIS2_PLACEMENT_3D('',#3259,#3260,#3261);
#3259=CARTESIAN_POINT('',(2.553,-1.402,0.0));
#3260=DIRECTION('',(1.0,0.0,0.0));
#3261=DIRECTION('',(0.,0.,1.));
#3262=FACE_OUTER_BOUND('',#3263,.T.);
#3263=EDGE_LOOP('',(#3264,#3274,#3284,#3294));
#3267=CARTESIAN_POINT('',(2.553,-1.098,0.0));
#3266=VERTEX_POINT('',#3267);
#3265=EDGE_CURVE('',#3266,#3217,#3270,.T.);
#3270=LINE('',#3267,#3272);
#3272=VECTOR('',#3273,0.3048);
#3273=DIRECTION('',(0.0,-1.0,0.0));
#3264=ORIENTED_EDGE('',*,*,#3265,.F.);
#3277=CARTESIAN_POINT('',(2.553,-1.098,0.051));
#3276=VERTEX_POINT('',#3277);
#3275=EDGE_CURVE('',#3276,#3266,#3280,.T.);
#3280=LINE('',#3277,#3282);
#3282=VECTOR('',#3283,0.0508);
#3283=DIRECTION('',(0.0,0.0,-1.0));
#3274=ORIENTED_EDGE('',*,*,#3275,.F.);
#3285=EDGE_CURVE('',#3227,#3276,#3290,.T.);
#3290=LINE('',#3228,#3292);
#3292=VECTOR('',#3293,0.3048);
#3293=DIRECTION('',(0.0,1.0,0.0));
#3284=ORIENTED_EDGE('',*,*,#3285,.F.);
#3294=ORIENTED_EDGE('',*,*,#3226,.T.);
#3304=STYLED_ITEM('',(#34),#3305);
#3305=ADVANCED_FACE('',(#3311),#3306,.T.);
#3306=PLANE('',#3307);
#3307=AXIS2_PLACEMENT_3D('',#3308,#3309,#3310);
#3308=CARTESIAN_POINT('',(2.553,-1.098,0.0));
#3309=DIRECTION('',(0.0,1.0,0.0));
#3310=DIRECTION('',(0.,0.,1.));
#3311=FACE_OUTER_BOUND('',#3312,.T.);
#3312=EDGE_LOOP('',(#3313,#3323,#3333,#3343));
#3316=CARTESIAN_POINT('',(2.045,-1.098,0.0));
#3315=VERTEX_POINT('',#3316);
#3314=EDGE_CURVE('',#3315,#3266,#3319,.T.);
#3319=LINE('',#3316,#3321);
#3321=VECTOR('',#3322,0.508);
#3322=DIRECTION('',(1.0,0.0,0.0));
#3313=ORIENTED_EDGE('',*,*,#3314,.F.);
#3326=CARTESIAN_POINT('',(2.045,-1.098,0.051));
#3325=VERTEX_POINT('',#3326);
#3324=EDGE_CURVE('',#3325,#3315,#3329,.T.);
#3329=LINE('',#3326,#3331);
#3331=VECTOR('',#3332,0.0508);
#3332=DIRECTION('',(0.0,0.0,-1.0));
#3323=ORIENTED_EDGE('',*,*,#3324,.F.);
#3334=EDGE_CURVE('',#3276,#3325,#3339,.T.);
#3339=LINE('',#3277,#3341);
#3341=VECTOR('',#3342,0.508);
#3342=DIRECTION('',(-1.0,0.0,0.0));
#3333=ORIENTED_EDGE('',*,*,#3334,.F.);
#3343=ORIENTED_EDGE('',*,*,#3275,.T.);
#3353=STYLED_ITEM('',(#34),#3354);
#3354=ADVANCED_FACE('',(#3360),#3355,.T.);
#3355=PLANE('',#3356);
#3356=AXIS2_PLACEMENT_3D('',#3357,#3358,#3359);
#3357=CARTESIAN_POINT('',(2.045,-1.098,0.0));
#3358=DIRECTION('',(-1.0,0.0,0.0));
#3359=DIRECTION('',(0.,0.,1.));
#3360=FACE_OUTER_BOUND('',#3361,.T.);
#3361=EDGE_LOOP('',(#3362,#3372,#3382,#3392));
#3363=EDGE_CURVE('',#3219,#3315,#3368,.T.);
#3368=LINE('',#3220,#3370);
#3370=VECTOR('',#3371,0.3048);
#3371=DIRECTION('',(0.0,1.0,0.0));
#3362=ORIENTED_EDGE('',*,*,#3363,.F.);
#3372=ORIENTED_EDGE('',*,*,#3246,.T.);
#3383=EDGE_CURVE('',#3325,#3237,#3388,.T.);
#3388=LINE('',#3326,#3390);
#3390=VECTOR('',#3391,0.3048);
#3391=DIRECTION('',(0.0,-1.0,0.0));
#3382=ORIENTED_EDGE('',*,*,#3383,.F.);
#3392=ORIENTED_EDGE('',*,*,#3324,.T.);
#3402=STYLED_ITEM('',(#34),#3403);
#3403=ADVANCED_FACE('',(#3409),#3404,.T.);
#3404=PLANE('',#3405);
#3405=AXIS2_PLACEMENT_3D('',#3406,#3407,#3408);
#3406=CARTESIAN_POINT('',(2.045,-1.098,0.0));
#3407=DIRECTION('',(0.0,0.0,-1.0));
#3408=DIRECTION('',(0.,1.,0.));
#3409=FACE_OUTER_BOUND('',#3410,.T.);
#3410=EDGE_LOOP('',(#3411,#3421,#3431,#3441));
#3411=ORIENTED_EDGE('',*,*,#3314,.T.);
#3421=ORIENTED_EDGE('',*,*,#3265,.T.);
#3431=ORIENTED_EDGE('',*,*,#3216,.T.);
#3441=ORIENTED_EDGE('',*,*,#3363,.T.);
#3451=STYLED_ITEM('',(#34),#3452);
#3452=ADVANCED_FACE('',(#3458),#3453,.T.);
#3453=PLANE('',#3454);
#3454=AXIS2_PLACEMENT_3D('',#3455,#3456,#3457);
#3455=CARTESIAN_POINT('',(2.045,-1.402,0.051));
#3456=DIRECTION('',(0.0,0.0,1.0));
#3457=DIRECTION('',(0.,1.,0.));
#3458=FACE_OUTER_BOUND('',#3459,.T.);
#3459=EDGE_LOOP('',(#3460,#3470,#3480,#3490));
#3460=ORIENTED_EDGE('',*,*,#3236,.T.);
#3470=ORIENTED_EDGE('',*,*,#3285,.T.);
#3480=ORIENTED_EDGE('',*,*,#3334,.T.);
#3490=ORIENTED_EDGE('',*,*,#3383,.T.);
#3500=MANIFOLD_SOLID_BREP($,#3501);
#3501=CLOSED_SHELL('',(#3503,#3552,#3601,#3650,#3699,#3748));
#3502=STYLED_ITEM('',(#34),#3503);
#3503=ADVANCED_FACE('',(#3509),#3504,.T.);
#3504=PLANE('',#3505);
#3505=AXIS2_PLACEMENT_3D('',#3506,#3507,#3508);
#3506=CARTESIAN_POINT('',(2.045,-0.902,0.0));
#3507=DIRECTION('',(0.0,-1.0,0.0));
#3508=DIRECTION('',(0.,0.,1.));
#3509=FACE_OUTER_BOUND('',#3510,.T.);
#3510=EDGE_LOOP('',(#3511,#3521,#3531,#3541));
#3514=CARTESIAN_POINT('',(2.553,-0.902,0.0));
#3513=VERTEX_POINT('',#3514);
#3516=CARTESIAN_POINT('',(2.045,-0.902,0.0));
#3515=VERTEX_POINT('',#3516);
#3512=EDGE_CURVE('',#3513,#3515,#3517,.T.);
#3517=LINE('',#3514,#3519);
#3519=VECTOR('',#3520,0.508);
#3520=DIRECTION('',(-1.0,0.0,0.0));
#3511=ORIENTED_EDGE('',*,*,#3512,.F.);
#3524=CARTESIAN_POINT('',(2.553,-0.902,0.051));
#3523=VERTEX_POINT('',#3524);
#3522=EDGE_CURVE('',#3523,#3513,#3527,.T.);
#3527=LINE('',#3524,#3529);
#3529=VECTOR('',#3530,0.0508);
#3530=DIRECTION('',(0.0,0.0,-1.0));
#3521=ORIENTED_EDGE('',*,*,#3522,.F.);
#3534=CARTESIAN_POINT('',(2.045,-0.902,0.051));
#3533=VERTEX_POINT('',#3534);
#3532=EDGE_CURVE('',#3533,#3523,#3537,.T.);
#3537=LINE('',#3534,#3539);
#3539=VECTOR('',#3540,0.508);
#3540=DIRECTION('',(1.0,0.0,0.0));
#3531=ORIENTED_EDGE('',*,*,#3532,.F.);
#3542=EDGE_CURVE('',#3515,#3533,#3547,.T.);
#3547=LINE('',#3516,#3549);
#3549=VECTOR('',#3550,0.0508);
#3550=DIRECTION('',(0.0,0.0,1.0));
#3541=ORIENTED_EDGE('',*,*,#3542,.F.);
#3551=STYLED_ITEM('',(#34),#3552);
#3552=ADVANCED_FACE('',(#3558),#3553,.T.);
#3553=PLANE('',#3554);
#3554=AXIS2_PLACEMENT_3D('',#3555,#3556,#3557);
#3555=CARTESIAN_POINT('',(2.553,-0.902,0.0));
#3556=DIRECTION('',(1.0,0.0,0.0));
#3557=DIRECTION('',(0.,0.,1.));
#3558=FACE_OUTER_BOUND('',#3559,.T.);
#3559=EDGE_LOOP('',(#3560,#3570,#3580,#3590));
#3563=CARTESIAN_POINT('',(2.553,-0.598,0.0));
#3562=VERTEX_POINT('',#3563);
#3561=EDGE_CURVE('',#3562,#3513,#3566,.T.);
#3566=LINE('',#3563,#3568);
#3568=VECTOR('',#3569,0.3048);
#3569=DIRECTION('',(0.0,-1.0,0.0));
#3560=ORIENTED_EDGE('',*,*,#3561,.F.);
#3573=CARTESIAN_POINT('',(2.553,-0.598,0.051));
#3572=VERTEX_POINT('',#3573);
#3571=EDGE_CURVE('',#3572,#3562,#3576,.T.);
#3576=LINE('',#3573,#3578);
#3578=VECTOR('',#3579,0.0508);
#3579=DIRECTION('',(0.0,0.0,-1.0));
#3570=ORIENTED_EDGE('',*,*,#3571,.F.);
#3581=EDGE_CURVE('',#3523,#3572,#3586,.T.);
#3586=LINE('',#3524,#3588);
#3588=VECTOR('',#3589,0.3048);
#3589=DIRECTION('',(0.0,1.0,0.0));
#3580=ORIENTED_EDGE('',*,*,#3581,.F.);
#3590=ORIENTED_EDGE('',*,*,#3522,.T.);
#3600=STYLED_ITEM('',(#34),#3601);
#3601=ADVANCED_FACE('',(#3607),#3602,.T.);
#3602=PLANE('',#3603);
#3603=AXIS2_PLACEMENT_3D('',#3604,#3605,#3606);
#3604=CARTESIAN_POINT('',(2.553,-0.598,0.0));
#3605=DIRECTION('',(0.0,1.0,0.0));
#3606=DIRECTION('',(0.,0.,1.));
#3607=FACE_OUTER_BOUND('',#3608,.T.);
#3608=EDGE_LOOP('',(#3609,#3619,#3629,#3639));
#3612=CARTESIAN_POINT('',(2.045,-0.598,0.0));
#3611=VERTEX_POINT('',#3612);
#3610=EDGE_CURVE('',#3611,#3562,#3615,.T.);
#3615=LINE('',#3612,#3617);
#3617=VECTOR('',#3618,0.508);
#3618=DIRECTION('',(1.0,0.0,0.0));
#3609=ORIENTED_EDGE('',*,*,#3610,.F.);
#3622=CARTESIAN_POINT('',(2.045,-0.598,0.051));
#3621=VERTEX_POINT('',#3622);
#3620=EDGE_CURVE('',#3621,#3611,#3625,.T.);
#3625=LINE('',#3622,#3627);
#3627=VECTOR('',#3628,0.0508);
#3628=DIRECTION('',(0.0,0.0,-1.0));
#3619=ORIENTED_EDGE('',*,*,#3620,.F.);
#3630=EDGE_CURVE('',#3572,#3621,#3635,.T.);
#3635=LINE('',#3573,#3637);
#3637=VECTOR('',#3638,0.508);
#3638=DIRECTION('',(-1.0,0.0,0.0));
#3629=ORIENTED_EDGE('',*,*,#3630,.F.);
#3639=ORIENTED_EDGE('',*,*,#3571,.T.);
#3649=STYLED_ITEM('',(#34),#3650);
#3650=ADVANCED_FACE('',(#3656),#3651,.T.);
#3651=PLANE('',#3652);
#3652=AXIS2_PLACEMENT_3D('',#3653,#3654,#3655);
#3653=CARTESIAN_POINT('',(2.045,-0.598,0.0));
#3654=DIRECTION('',(-1.0,0.0,0.0));
#3655=DIRECTION('',(0.,0.,1.));
#3656=FACE_OUTER_BOUND('',#3657,.T.);
#3657=EDGE_LOOP('',(#3658,#3668,#3678,#3688));
#3659=EDGE_CURVE('',#3515,#3611,#3664,.T.);
#3664=LINE('',#3516,#3666);
#3666=VECTOR('',#3667,0.3048);
#3667=DIRECTION('',(0.0,1.0,0.0));
#3658=ORIENTED_EDGE('',*,*,#3659,.F.);
#3668=ORIENTED_EDGE('',*,*,#3542,.T.);
#3679=EDGE_CURVE('',#3621,#3533,#3684,.T.);
#3684=LINE('',#3622,#3686);
#3686=VECTOR('',#3687,0.3048);
#3687=DIRECTION('',(0.0,-1.0,0.0));
#3678=ORIENTED_EDGE('',*,*,#3679,.F.);
#3688=ORIENTED_EDGE('',*,*,#3620,.T.);
#3698=STYLED_ITEM('',(#34),#3699);
#3699=ADVANCED_FACE('',(#3705),#3700,.T.);
#3700=PLANE('',#3701);
#3701=AXIS2_PLACEMENT_3D('',#3702,#3703,#3704);
#3702=CARTESIAN_POINT('',(2.045,-0.598,0.0));
#3703=DIRECTION('',(0.0,0.0,-1.0));
#3704=DIRECTION('',(0.,1.,0.));
#3705=FACE_OUTER_BOUND('',#3706,.T.);
#3706=EDGE_LOOP('',(#3707,#3717,#3727,#3737));
#3707=ORIENTED_EDGE('',*,*,#3610,.T.);
#3717=ORIENTED_EDGE('',*,*,#3561,.T.);
#3727=ORIENTED_EDGE('',*,*,#3512,.T.);
#3737=ORIENTED_EDGE('',*,*,#3659,.T.);
#3747=STYLED_ITEM('',(#34),#3748);
#3748=ADVANCED_FACE('',(#3754),#3749,.T.);
#3749=PLANE('',#3750);
#3750=AXIS2_PLACEMENT_3D('',#3751,#3752,#3753);
#3751=CARTESIAN_POINT('',(2.045,-0.902,0.051));
#3752=DIRECTION('',(0.0,0.0,1.0));
#3753=DIRECTION('',(0.,1.,0.));
#3754=FACE_OUTER_BOUND('',#3755,.T.);
#3755=EDGE_LOOP('',(#3756,#3766,#3776,#3786));
#3756=ORIENTED_EDGE('',*,*,#3532,.T.);
#3766=ORIENTED_EDGE('',*,*,#3581,.T.);
#3776=ORIENTED_EDGE('',*,*,#3630,.T.);
#3786=ORIENTED_EDGE('',*,*,#3679,.T.);
#3796=MANIFOLD_SOLID_BREP($,#3797);
#3797=CLOSED_SHELL('',(#3799,#3848,#3897,#3946,#3995,#4044));
#3798=STYLED_ITEM('',(#34),#3799);
#3799=ADVANCED_FACE('',(#3805),#3800,.T.);
#3800=PLANE('',#3801);
#3801=AXIS2_PLACEMENT_3D('',#3802,#3803,#3804);
#3802=CARTESIAN_POINT('',(2.045,-0.402,0.0));
#3803=DIRECTION('',(0.0,-1.0,0.0));
#3804=DIRECTION('',(0.,0.,1.));
#3805=FACE_OUTER_BOUND('',#3806,.T.);
#3806=EDGE_LOOP('',(#3807,#3817,#3827,#3837));
#3810=CARTESIAN_POINT('',(2.553,-0.402,0.0));
#3809=VERTEX_POINT('',#3810);
#3812=CARTESIAN_POINT('',(2.045,-0.402,0.0));
#3811=VERTEX_POINT('',#3812);
#3808=EDGE_CURVE('',#3809,#3811,#3813,.T.);
#3813=LINE('',#3810,#3815);
#3815=VECTOR('',#3816,0.508);
#3816=DIRECTION('',(-1.0,0.0,0.0));
#3807=ORIENTED_EDGE('',*,*,#3808,.F.);
#3820=CARTESIAN_POINT('',(2.553,-0.402,0.051));
#3819=VERTEX_POINT('',#3820);
#3818=EDGE_CURVE('',#3819,#3809,#3823,.T.);
#3823=LINE('',#3820,#3825);
#3825=VECTOR('',#3826,0.0508);
#3826=DIRECTION('',(0.0,0.0,-1.0));
#3817=ORIENTED_EDGE('',*,*,#3818,.F.);
#3830=CARTESIAN_POINT('',(2.045,-0.402,0.051));
#3829=VERTEX_POINT('',#3830);
#3828=EDGE_CURVE('',#3829,#3819,#3833,.T.);
#3833=LINE('',#3830,#3835);
#3835=VECTOR('',#3836,0.508);
#3836=DIRECTION('',(1.0,0.0,0.0));
#3827=ORIENTED_EDGE('',*,*,#3828,.F.);
#3838=EDGE_CURVE('',#3811,#3829,#3843,.T.);
#3843=LINE('',#3812,#3845);
#3845=VECTOR('',#3846,0.0508);
#3846=DIRECTION('',(0.0,0.0,1.0));
#3837=ORIENTED_EDGE('',*,*,#3838,.F.);
#3847=STYLED_ITEM('',(#34),#3848);
#3848=ADVANCED_FACE('',(#3854),#3849,.T.);
#3849=PLANE('',#3850);
#3850=AXIS2_PLACEMENT_3D('',#3851,#3852,#3853);
#3851=CARTESIAN_POINT('',(2.553,-0.402,0.0));
#3852=DIRECTION('',(1.0,0.0,0.0));
#3853=DIRECTION('',(0.,0.,1.));
#3854=FACE_OUTER_BOUND('',#3855,.T.);
#3855=EDGE_LOOP('',(#3856,#3866,#3876,#3886));
#3859=CARTESIAN_POINT('',(2.553,-0.098,0.0));
#3858=VERTEX_POINT('',#3859);
#3857=EDGE_CURVE('',#3858,#3809,#3862,.T.);
#3862=LINE('',#3859,#3864);
#3864=VECTOR('',#3865,0.3048);
#3865=DIRECTION('',(0.0,-1.0,0.0));
#3856=ORIENTED_EDGE('',*,*,#3857,.F.);
#3869=CARTESIAN_POINT('',(2.553,-0.098,0.051));
#3868=VERTEX_POINT('',#3869);
#3867=EDGE_CURVE('',#3868,#3858,#3872,.T.);
#3872=LINE('',#3869,#3874);
#3874=VECTOR('',#3875,0.0508);
#3875=DIRECTION('',(0.0,0.0,-1.0));
#3866=ORIENTED_EDGE('',*,*,#3867,.F.);
#3877=EDGE_CURVE('',#3819,#3868,#3882,.T.);
#3882=LINE('',#3820,#3884);
#3884=VECTOR('',#3885,0.3048);
#3885=DIRECTION('',(0.0,1.0,0.0));
#3876=ORIENTED_EDGE('',*,*,#3877,.F.);
#3886=ORIENTED_EDGE('',*,*,#3818,.T.);
#3896=STYLED_ITEM('',(#34),#3897);
#3897=ADVANCED_FACE('',(#3903),#3898,.T.);
#3898=PLANE('',#3899);
#3899=AXIS2_PLACEMENT_3D('',#3900,#3901,#3902);
#3900=CARTESIAN_POINT('',(2.553,-0.098,0.0));
#3901=DIRECTION('',(0.0,1.0,0.0));
#3902=DIRECTION('',(0.,0.,1.));
#3903=FACE_OUTER_BOUND('',#3904,.T.);
#3904=EDGE_LOOP('',(#3905,#3915,#3925,#3935));
#3908=CARTESIAN_POINT('',(2.045,-0.098,0.0));
#3907=VERTEX_POINT('',#3908);
#3906=EDGE_CURVE('',#3907,#3858,#3911,.T.);
#3911=LINE('',#3908,#3913);
#3913=VECTOR('',#3914,0.508);
#3914=DIRECTION('',(1.0,0.0,0.0));
#3905=ORIENTED_EDGE('',*,*,#3906,.F.);
#3918=CARTESIAN_POINT('',(2.045,-0.098,0.051));
#3917=VERTEX_POINT('',#3918);
#3916=EDGE_CURVE('',#3917,#3907,#3921,.T.);
#3921=LINE('',#3918,#3923);
#3923=VECTOR('',#3924,0.0508);
#3924=DIRECTION('',(0.0,0.0,-1.0));
#3915=ORIENTED_EDGE('',*,*,#3916,.F.);
#3926=EDGE_CURVE('',#3868,#3917,#3931,.T.);
#3931=LINE('',#3869,#3933);
#3933=VECTOR('',#3934,0.508);
#3934=DIRECTION('',(-1.0,0.0,0.0));
#3925=ORIENTED_EDGE('',*,*,#3926,.F.);
#3935=ORIENTED_EDGE('',*,*,#3867,.T.);
#3945=STYLED_ITEM('',(#34),#3946);
#3946=ADVANCED_FACE('',(#3952),#3947,.T.);
#3947=PLANE('',#3948);
#3948=AXIS2_PLACEMENT_3D('',#3949,#3950,#3951);
#3949=CARTESIAN_POINT('',(2.045,-0.098,0.0));
#3950=DIRECTION('',(-1.0,0.0,0.0));
#3951=DIRECTION('',(0.,0.,1.));
#3952=FACE_OUTER_BOUND('',#3953,.T.);
#3953=EDGE_LOOP('',(#3954,#3964,#3974,#3984));
#3955=EDGE_CURVE('',#3811,#3907,#3960,.T.);
#3960=LINE('',#3812,#3962);
#3962=VECTOR('',#3963,0.3048);
#3963=DIRECTION('',(0.0,1.0,0.0));
#3954=ORIENTED_EDGE('',*,*,#3955,.F.);
#3964=ORIENTED_EDGE('',*,*,#3838,.T.);
#3975=EDGE_CURVE('',#3917,#3829,#3980,.T.);
#3980=LINE('',#3918,#3982);
#3982=VECTOR('',#3983,0.3048);
#3983=DIRECTION('',(0.0,-1.0,0.0));
#3974=ORIENTED_EDGE('',*,*,#3975,.F.);
#3984=ORIENTED_EDGE('',*,*,#3916,.T.);
#3994=STYLED_ITEM('',(#34),#3995);
#3995=ADVANCED_FACE('',(#4001),#3996,.T.);
#3996=PLANE('',#3997);
#3997=AXIS2_PLACEMENT_3D('',#3998,#3999,#4000);
#3998=CARTESIAN_POINT('',(2.045,-0.098,0.0));
#3999=DIRECTION('',(0.0,0.0,-1.0));
#4000=DIRECTION('',(0.,1.,0.));
#4001=FACE_OUTER_BOUND('',#4002,.T.);
#4002=EDGE_LOOP('',(#4003,#4013,#4023,#4033));
#4003=ORIENTED_EDGE('',*,*,#3906,.T.);
#4013=ORIENTED_EDGE('',*,*,#3857,.T.);
#4023=ORIENTED_EDGE('',*,*,#3808,.T.);
#4033=ORIENTED_EDGE('',*,*,#3955,.T.);
#4043=STYLED_ITEM('',(#34),#4044);
#4044=ADVANCED_FACE('',(#4050),#4045,.T.);
#4045=PLANE('',#4046);
#4046=AXIS2_PLACEMENT_3D('',#4047,#4048,#4049);
#4047=CARTESIAN_POINT('',(2.045,-0.402,0.051));
#4048=DIRECTION('',(0.0,0.0,1.0));
#4049=DIRECTION('',(0.,1.,0.));
#4050=FACE_OUTER_BOUND('',#4051,.T.);
#4051=EDGE_LOOP('',(#4052,#4062,#4072,#4082));
#4052=ORIENTED_EDGE('',*,*,#3828,.T.);
#4062=ORIENTED_EDGE('',*,*,#3877,.T.);
#4072=ORIENTED_EDGE('',*,*,#3926,.T.);
#4082=ORIENTED_EDGE('',*,*,#3975,.T.);
#4092=MANIFOLD_SOLID_BREP($,#4093);
#4093=CLOSED_SHELL('',(#4095,#4144,#4193,#4242,#4291,#4340));
#4094=STYLED_ITEM('',(#34),#4095);
#4095=ADVANCED_FACE('',(#4101),#4096,.T.);
#4096=PLANE('',#4097);
#4097=AXIS2_PLACEMENT_3D('',#4098,#4099,#4100);
#4098=CARTESIAN_POINT('',(2.045,0.098,0.0));
#4099=DIRECTION('',(0.0,-1.0,0.0));
#4100=DIRECTION('',(0.,0.,1.));
#4101=FACE_OUTER_BOUND('',#4102,.T.);
#4102=EDGE_LOOP('',(#4103,#4113,#4123,#4133));
#4106=CARTESIAN_POINT('',(2.553,0.098,0.0));
#4105=VERTEX_POINT('',#4106);
#4108=CARTESIAN_POINT('',(2.045,0.098,0.0));
#4107=VERTEX_POINT('',#4108);
#4104=EDGE_CURVE('',#4105,#4107,#4109,.T.);
#4109=LINE('',#4106,#4111);
#4111=VECTOR('',#4112,0.508);
#4112=DIRECTION('',(-1.0,0.0,0.0));
#4103=ORIENTED_EDGE('',*,*,#4104,.F.);
#4116=CARTESIAN_POINT('',(2.553,0.098,0.051));
#4115=VERTEX_POINT('',#4116);
#4114=EDGE_CURVE('',#4115,#4105,#4119,.T.);
#4119=LINE('',#4116,#4121);
#4121=VECTOR('',#4122,0.0508);
#4122=DIRECTION('',(0.0,0.0,-1.0));
#4113=ORIENTED_EDGE('',*,*,#4114,.F.);
#4126=CARTESIAN_POINT('',(2.045,0.098,0.051));
#4125=VERTEX_POINT('',#4126);
#4124=EDGE_CURVE('',#4125,#4115,#4129,.T.);
#4129=LINE('',#4126,#4131);
#4131=VECTOR('',#4132,0.508);
#4132=DIRECTION('',(1.0,0.0,0.0));
#4123=ORIENTED_EDGE('',*,*,#4124,.F.);
#4134=EDGE_CURVE('',#4107,#4125,#4139,.T.);
#4139=LINE('',#4108,#4141);
#4141=VECTOR('',#4142,0.0508);
#4142=DIRECTION('',(0.0,0.0,1.0));
#4133=ORIENTED_EDGE('',*,*,#4134,.F.);
#4143=STYLED_ITEM('',(#34),#4144);
#4144=ADVANCED_FACE('',(#4150),#4145,.T.);
#4145=PLANE('',#4146);
#4146=AXIS2_PLACEMENT_3D('',#4147,#4148,#4149);
#4147=CARTESIAN_POINT('',(2.553,0.098,0.0));
#4148=DIRECTION('',(1.0,0.0,0.0));
#4149=DIRECTION('',(0.,0.,1.));
#4150=FACE_OUTER_BOUND('',#4151,.T.);
#4151=EDGE_LOOP('',(#4152,#4162,#4172,#4182));
#4155=CARTESIAN_POINT('',(2.553,0.402,0.0));
#4154=VERTEX_POINT('',#4155);
#4153=EDGE_CURVE('',#4154,#4105,#4158,.T.);
#4158=LINE('',#4155,#4160);
#4160=VECTOR('',#4161,0.3048);
#4161=DIRECTION('',(0.0,-1.0,0.0));
#4152=ORIENTED_EDGE('',*,*,#4153,.F.);
#4165=CARTESIAN_POINT('',(2.553,0.402,0.051));
#4164=VERTEX_POINT('',#4165);
#4163=EDGE_CURVE('',#4164,#4154,#4168,.T.);
#4168=LINE('',#4165,#4170);
#4170=VECTOR('',#4171,0.0508);
#4171=DIRECTION('',(0.0,0.0,-1.0));
#4162=ORIENTED_EDGE('',*,*,#4163,.F.);
#4173=EDGE_CURVE('',#4115,#4164,#4178,.T.);
#4178=LINE('',#4116,#4180);
#4180=VECTOR('',#4181,0.3048);
#4181=DIRECTION('',(0.0,1.0,0.0));
#4172=ORIENTED_EDGE('',*,*,#4173,.F.);
#4182=ORIENTED_EDGE('',*,*,#4114,.T.);
#4192=STYLED_ITEM('',(#34),#4193);
#4193=ADVANCED_FACE('',(#4199),#4194,.T.);
#4194=PLANE('',#4195);
#4195=AXIS2_PLACEMENT_3D('',#4196,#4197,#4198);
#4196=CARTESIAN_POINT('',(2.553,0.402,0.0));
#4197=DIRECTION('',(0.0,1.0,0.0));
#4198=DIRECTION('',(0.,0.,1.));
#4199=FACE_OUTER_BOUND('',#4200,.T.);
#4200=EDGE_LOOP('',(#4201,#4211,#4221,#4231));
#4204=CARTESIAN_POINT('',(2.045,0.402,0.0));
#4203=VERTEX_POINT('',#4204);
#4202=EDGE_CURVE('',#4203,#4154,#4207,.T.);
#4207=LINE('',#4204,#4209);
#4209=VECTOR('',#4210,0.508);
#4210=DIRECTION('',(1.0,0.0,0.0));
#4201=ORIENTED_EDGE('',*,*,#4202,.F.);
#4214=CARTESIAN_POINT('',(2.045,0.402,0.051));
#4213=VERTEX_POINT('',#4214);
#4212=EDGE_CURVE('',#4213,#4203,#4217,.T.);
#4217=LINE('',#4214,#4219);
#4219=VECTOR('',#4220,0.0508);
#4220=DIRECTION('',(0.0,0.0,-1.0));
#4211=ORIENTED_EDGE('',*,*,#4212,.F.);
#4222=EDGE_CURVE('',#4164,#4213,#4227,.T.);
#4227=LINE('',#4165,#4229);
#4229=VECTOR('',#4230,0.508);
#4230=DIRECTION('',(-1.0,0.0,0.0));
#4221=ORIENTED_EDGE('',*,*,#4222,.F.);
#4231=ORIENTED_EDGE('',*,*,#4163,.T.);
#4241=STYLED_ITEM('',(#34),#4242);
#4242=ADVANCED_FACE('',(#4248),#4243,.T.);
#4243=PLANE('',#4244);
#4244=AXIS2_PLACEMENT_3D('',#4245,#4246,#4247);
#4245=CARTESIAN_POINT('',(2.045,0.402,0.0));
#4246=DIRECTION('',(-1.0,0.0,0.0));
#4247=DIRECTION('',(0.,0.,1.));
#4248=FACE_OUTER_BOUND('',#4249,.T.);
#4249=EDGE_LOOP('',(#4250,#4260,#4270,#4280));
#4251=EDGE_CURVE('',#4107,#4203,#4256,.T.);
#4256=LINE('',#4108,#4258);
#4258=VECTOR('',#4259,0.3048);
#4259=DIRECTION('',(0.0,1.0,0.0));
#4250=ORIENTED_EDGE('',*,*,#4251,.F.);
#4260=ORIENTED_EDGE('',*,*,#4134,.T.);
#4271=EDGE_CURVE('',#4213,#4125,#4276,.T.);
#4276=LINE('',#4214,#4278);
#4278=VECTOR('',#4279,0.3048);
#4279=DIRECTION('',(0.0,-1.0,0.0));
#4270=ORIENTED_EDGE('',*,*,#4271,.F.);
#4280=ORIENTED_EDGE('',*,*,#4212,.T.);
#4290=STYLED_ITEM('',(#34),#4291);
#4291=ADVANCED_FACE('',(#4297),#4292,.T.);
#4292=PLANE('',#4293);
#4293=AXIS2_PLACEMENT_3D('',#4294,#4295,#4296);
#4294=CARTESIAN_POINT('',(2.045,0.402,0.0));
#4295=DIRECTION('',(0.0,0.0,-1.0));
#4296=DIRECTION('',(0.,1.,0.));
#4297=FACE_OUTER_BOUND('',#4298,.T.);
#4298=EDGE_LOOP('',(#4299,#4309,#4319,#4329));
#4299=ORIENTED_EDGE('',*,*,#4202,.T.);
#4309=ORIENTED_EDGE('',*,*,#4153,.T.);
#4319=ORIENTED_EDGE('',*,*,#4104,.T.);
#4329=ORIENTED_EDGE('',*,*,#4251,.T.);
#4339=STYLED_ITEM('',(#34),#4340);
#4340=ADVANCED_FACE('',(#4346),#4341,.T.);
#4341=PLANE('',#4342);
#4342=AXIS2_PLACEMENT_3D('',#4343,#4344,#4345);
#4343=CARTESIAN_POINT('',(2.045,0.098,0.051));
#4344=DIRECTION('',(0.0,0.0,1.0));
#4345=DIRECTION('',(0.,1.,0.));
#4346=FACE_OUTER_BOUND('',#4347,.T.);
#4347=EDGE_LOOP('',(#4348,#4358,#4368,#4378));
#4348=ORIENTED_EDGE('',*,*,#4124,.T.);
#4358=ORIENTED_EDGE('',*,*,#4173,.T.);
#4368=ORIENTED_EDGE('',*,*,#4222,.T.);
#4378=ORIENTED_EDGE('',*,*,#4271,.T.);
#4388=MANIFOLD_SOLID_BREP($,#4389);
#4389=CLOSED_SHELL('',(#4391,#4440,#4489,#4538,#4587,#4636));
#4390=STYLED_ITEM('',(#34),#4391);
#4391=ADVANCED_FACE('',(#4397),#4392,.T.);
#4392=PLANE('',#4393);
#4393=AXIS2_PLACEMENT_3D('',#4394,#4395,#4396);
#4394=CARTESIAN_POINT('',(2.045,0.598,0.0));
#4395=DIRECTION('',(0.0,-1.0,0.0));
#4396=DIRECTION('',(0.,0.,1.));
#4397=FACE_OUTER_BOUND('',#4398,.T.);
#4398=EDGE_LOOP('',(#4399,#4409,#4419,#4429));
#4402=CARTESIAN_POINT('',(2.553,0.598,0.0));
#4401=VERTEX_POINT('',#4402);
#4404=CARTESIAN_POINT('',(2.045,0.598,0.0));
#4403=VERTEX_POINT('',#4404);
#4400=EDGE_CURVE('',#4401,#4403,#4405,.T.);
#4405=LINE('',#4402,#4407);
#4407=VECTOR('',#4408,0.508);
#4408=DIRECTION('',(-1.0,0.0,0.0));
#4399=ORIENTED_EDGE('',*,*,#4400,.F.);
#4412=CARTESIAN_POINT('',(2.553,0.598,0.051));
#4411=VERTEX_POINT('',#4412);
#4410=EDGE_CURVE('',#4411,#4401,#4415,.T.);
#4415=LINE('',#4412,#4417);
#4417=VECTOR('',#4418,0.0508);
#4418=DIRECTION('',(0.0,0.0,-1.0));
#4409=ORIENTED_EDGE('',*,*,#4410,.F.);
#4422=CARTESIAN_POINT('',(2.045,0.598,0.051));
#4421=VERTEX_POINT('',#4422);
#4420=EDGE_CURVE('',#4421,#4411,#4425,.T.);
#4425=LINE('',#4422,#4427);
#4427=VECTOR('',#4428,0.508);
#4428=DIRECTION('',(1.0,0.0,0.0));
#4419=ORIENTED_EDGE('',*,*,#4420,.F.);
#4430=EDGE_CURVE('',#4403,#4421,#4435,.T.);
#4435=LINE('',#4404,#4437);
#4437=VECTOR('',#4438,0.0508);
#4438=DIRECTION('',(0.0,0.0,1.0));
#4429=ORIENTED_EDGE('',*,*,#4430,.F.);
#4439=STYLED_ITEM('',(#34),#4440);
#4440=ADVANCED_FACE('',(#4446),#4441,.T.);
#4441=PLANE('',#4442);
#4442=AXIS2_PLACEMENT_3D('',#4443,#4444,#4445);
#4443=CARTESIAN_POINT('',(2.553,0.598,0.0));
#4444=DIRECTION('',(1.0,0.0,0.0));
#4445=DIRECTION('',(0.,0.,1.));
#4446=FACE_OUTER_BOUND('',#4447,.T.);
#4447=EDGE_LOOP('',(#4448,#4458,#4468,#4478));
#4451=CARTESIAN_POINT('',(2.553,0.902,0.0));
#4450=VERTEX_POINT('',#4451);
#4449=EDGE_CURVE('',#4450,#4401,#4454,.T.);
#4454=LINE('',#4451,#4456);
#4456=VECTOR('',#4457,0.3048);
#4457=DIRECTION('',(0.0,-1.0,0.0));
#4448=ORIENTED_EDGE('',*,*,#4449,.F.);
#4461=CARTESIAN_POINT('',(2.553,0.902,0.051));
#4460=VERTEX_POINT('',#4461);
#4459=EDGE_CURVE('',#4460,#4450,#4464,.T.);
#4464=LINE('',#4461,#4466);
#4466=VECTOR('',#4467,0.0508);
#4467=DIRECTION('',(0.0,0.0,-1.0));
#4458=ORIENTED_EDGE('',*,*,#4459,.F.);
#4469=EDGE_CURVE('',#4411,#4460,#4474,.T.);
#4474=LINE('',#4412,#4476);
#4476=VECTOR('',#4477,0.3048);
#4477=DIRECTION('',(0.0,1.0,0.0));
#4468=ORIENTED_EDGE('',*,*,#4469,.F.);
#4478=ORIENTED_EDGE('',*,*,#4410,.T.);
#4488=STYLED_ITEM('',(#34),#4489);
#4489=ADVANCED_FACE('',(#4495),#4490,.T.);
#4490=PLANE('',#4491);
#4491=AXIS2_PLACEMENT_3D('',#4492,#4493,#4494);
#4492=CARTESIAN_POINT('',(2.553,0.902,0.0));
#4493=DIRECTION('',(0.0,1.0,0.0));
#4494=DIRECTION('',(0.,0.,1.));
#4495=FACE_OUTER_BOUND('',#4496,.T.);
#4496=EDGE_LOOP('',(#4497,#4507,#4517,#4527));
#4500=CARTESIAN_POINT('',(2.045,0.902,0.0));
#4499=VERTEX_POINT('',#4500);
#4498=EDGE_CURVE('',#4499,#4450,#4503,.T.);
#4503=LINE('',#4500,#4505);
#4505=VECTOR('',#4506,0.508);
#4506=DIRECTION('',(1.0,0.0,0.0));
#4497=ORIENTED_EDGE('',*,*,#4498,.F.);
#4510=CARTESIAN_POINT('',(2.045,0.902,0.051));
#4509=VERTEX_POINT('',#4510);
#4508=EDGE_CURVE('',#4509,#4499,#4513,.T.);
#4513=LINE('',#4510,#4515);
#4515=VECTOR('',#4516,0.0508);
#4516=DIRECTION('',(0.0,0.0,-1.0));
#4507=ORIENTED_EDGE('',*,*,#4508,.F.);
#4518=EDGE_CURVE('',#4460,#4509,#4523,.T.);
#4523=LINE('',#4461,#4525);
#4525=VECTOR('',#4526,0.508);
#4526=DIRECTION('',(-1.0,0.0,0.0));
#4517=ORIENTED_EDGE('',*,*,#4518,.F.);
#4527=ORIENTED_EDGE('',*,*,#4459,.T.);
#4537=STYLED_ITEM('',(#34),#4538);
#4538=ADVANCED_FACE('',(#4544),#4539,.T.);
#4539=PLANE('',#4540);
#4540=AXIS2_PLACEMENT_3D('',#4541,#4542,#4543);
#4541=CARTESIAN_POINT('',(2.045,0.902,0.0));
#4542=DIRECTION('',(-1.0,0.0,0.0));
#4543=DIRECTION('',(0.,0.,1.));
#4544=FACE_OUTER_BOUND('',#4545,.T.);
#4545=EDGE_LOOP('',(#4546,#4556,#4566,#4576));
#4547=EDGE_CURVE('',#4403,#4499,#4552,.T.);
#4552=LINE('',#4404,#4554);
#4554=VECTOR('',#4555,0.3048);
#4555=DIRECTION('',(0.0,1.0,0.0));
#4546=ORIENTED_EDGE('',*,*,#4547,.F.);
#4556=ORIENTED_EDGE('',*,*,#4430,.T.);
#4567=EDGE_CURVE('',#4509,#4421,#4572,.T.);
#4572=LINE('',#4510,#4574);
#4574=VECTOR('',#4575,0.3048);
#4575=DIRECTION('',(0.0,-1.0,0.0));
#4566=ORIENTED_EDGE('',*,*,#4567,.F.);
#4576=ORIENTED_EDGE('',*,*,#4508,.T.);
#4586=STYLED_ITEM('',(#34),#4587);
#4587=ADVANCED_FACE('',(#4593),#4588,.T.);
#4588=PLANE('',#4589);
#4589=AXIS2_PLACEMENT_3D('',#4590,#4591,#4592);
#4590=CARTESIAN_POINT('',(2.045,0.902,0.0));
#4591=DIRECTION('',(0.0,0.0,-1.0));
#4592=DIRECTION('',(0.,1.,0.));
#4593=FACE_OUTER_BOUND('',#4594,.T.);
#4594=EDGE_LOOP('',(#4595,#4605,#4615,#4625));
#4595=ORIENTED_EDGE('',*,*,#4498,.T.);
#4605=ORIENTED_EDGE('',*,*,#4449,.T.);
#4615=ORIENTED_EDGE('',*,*,#4400,.T.);
#4625=ORIENTED_EDGE('',*,*,#4547,.T.);
#4635=STYLED_ITEM('',(#34),#4636);
#4636=ADVANCED_FACE('',(#4642),#4637,.T.);
#4637=PLANE('',#4638);
#4638=AXIS2_PLACEMENT_3D('',#4639,#4640,#4641);
#4639=CARTESIAN_POINT('',(2.045,0.598,0.051));
#4640=DIRECTION('',(0.0,0.0,1.0));
#4641=DIRECTION('',(0.,1.,0.));
#4642=FACE_OUTER_BOUND('',#4643,.T.);
#4643=EDGE_LOOP('',(#4644,#4654,#4664,#4674));
#4644=ORIENTED_EDGE('',*,*,#4420,.T.);
#4654=ORIENTED_EDGE('',*,*,#4469,.T.);
#4664=ORIENTED_EDGE('',*,*,#4518,.T.);
#4674=ORIENTED_EDGE('',*,*,#4567,.T.);
#4684=MANIFOLD_SOLID_BREP($,#4685);
#4685=CLOSED_SHELL('',(#4687,#4736,#4785,#4834,#4883,#4932));
#4686=STYLED_ITEM('',(#34),#4687);
#4687=ADVANCED_FACE('',(#4693),#4688,.T.);
#4688=PLANE('',#4689);
#4689=AXIS2_PLACEMENT_3D('',#4690,#4691,#4692);
#4690=CARTESIAN_POINT('',(2.045,1.098,0.0));
#4691=DIRECTION('',(0.0,-1.0,0.0));
#4692=DIRECTION('',(0.,0.,1.));
#4693=FACE_OUTER_BOUND('',#4694,.T.);
#4694=EDGE_LOOP('',(#4695,#4705,#4715,#4725));
#4698=CARTESIAN_POINT('',(2.553,1.098,0.0));
#4697=VERTEX_POINT('',#4698);
#4700=CARTESIAN_POINT('',(2.045,1.098,0.0));
#4699=VERTEX_POINT('',#4700);
#4696=EDGE_CURVE('',#4697,#4699,#4701,.T.);
#4701=LINE('',#4698,#4703);
#4703=VECTOR('',#4704,0.508);
#4704=DIRECTION('',(-1.0,0.0,0.0));
#4695=ORIENTED_EDGE('',*,*,#4696,.F.);
#4708=CARTESIAN_POINT('',(2.553,1.098,0.051));
#4707=VERTEX_POINT('',#4708);
#4706=EDGE_CURVE('',#4707,#4697,#4711,.T.);
#4711=LINE('',#4708,#4713);
#4713=VECTOR('',#4714,0.0508);
#4714=DIRECTION('',(0.0,0.0,-1.0));
#4705=ORIENTED_EDGE('',*,*,#4706,.F.);
#4718=CARTESIAN_POINT('',(2.045,1.098,0.051));
#4717=VERTEX_POINT('',#4718);
#4716=EDGE_CURVE('',#4717,#4707,#4721,.T.);
#4721=LINE('',#4718,#4723);
#4723=VECTOR('',#4724,0.508);
#4724=DIRECTION('',(1.0,0.0,0.0));
#4715=ORIENTED_EDGE('',*,*,#4716,.F.);
#4726=EDGE_CURVE('',#4699,#4717,#4731,.T.);
#4731=LINE('',#4700,#4733);
#4733=VECTOR('',#4734,0.0508);
#4734=DIRECTION('',(0.0,0.0,1.0));
#4725=ORIENTED_EDGE('',*,*,#4726,.F.);
#4735=STYLED_ITEM('',(#34),#4736);
#4736=ADVANCED_FACE('',(#4742),#4737,.T.);
#4737=PLANE('',#4738);
#4738=AXIS2_PLACEMENT_3D('',#4739,#4740,#4741);
#4739=CARTESIAN_POINT('',(2.553,1.098,0.0));
#4740=DIRECTION('',(1.0,0.0,0.0));
#4741=DIRECTION('',(0.,0.,1.));
#4742=FACE_OUTER_BOUND('',#4743,.T.);
#4743=EDGE_LOOP('',(#4744,#4754,#4764,#4774));
#4747=CARTESIAN_POINT('',(2.553,1.402,0.0));
#4746=VERTEX_POINT('',#4747);
#4745=EDGE_CURVE('',#4746,#4697,#4750,.T.);
#4750=LINE('',#4747,#4752);
#4752=VECTOR('',#4753,0.3048);
#4753=DIRECTION('',(0.0,-1.0,0.0));
#4744=ORIENTED_EDGE('',*,*,#4745,.F.);
#4757=CARTESIAN_POINT('',(2.553,1.402,0.051));
#4756=VERTEX_POINT('',#4757);
#4755=EDGE_CURVE('',#4756,#4746,#4760,.T.);
#4760=LINE('',#4757,#4762);
#4762=VECTOR('',#4763,0.0508);
#4763=DIRECTION('',(0.0,0.0,-1.0));
#4754=ORIENTED_EDGE('',*,*,#4755,.F.);
#4765=EDGE_CURVE('',#4707,#4756,#4770,.T.);
#4770=LINE('',#4708,#4772);
#4772=VECTOR('',#4773,0.3048);
#4773=DIRECTION('',(0.0,1.0,0.0));
#4764=ORIENTED_EDGE('',*,*,#4765,.F.);
#4774=ORIENTED_EDGE('',*,*,#4706,.T.);
#4784=STYLED_ITEM('',(#34),#4785);
#4785=ADVANCED_FACE('',(#4791),#4786,.T.);
#4786=PLANE('',#4787);
#4787=AXIS2_PLACEMENT_3D('',#4788,#4789,#4790);
#4788=CARTESIAN_POINT('',(2.553,1.402,0.0));
#4789=DIRECTION('',(0.0,1.0,0.0));
#4790=DIRECTION('',(0.,0.,1.));
#4791=FACE_OUTER_BOUND('',#4792,.T.);
#4792=EDGE_LOOP('',(#4793,#4803,#4813,#4823));
#4796=CARTESIAN_POINT('',(2.045,1.402,0.0));
#4795=VERTEX_POINT('',#4796);
#4794=EDGE_CURVE('',#4795,#4746,#4799,.T.);
#4799=LINE('',#4796,#4801);
#4801=VECTOR('',#4802,0.508);
#4802=DIRECTION('',(1.0,0.0,0.0));
#4793=ORIENTED_EDGE('',*,*,#4794,.F.);
#4806=CARTESIAN_POINT('',(2.045,1.402,0.051));
#4805=VERTEX_POINT('',#4806);
#4804=EDGE_CURVE('',#4805,#4795,#4809,.T.);
#4809=LINE('',#4806,#4811);
#4811=VECTOR('',#4812,0.0508);
#4812=DIRECTION('',(0.0,0.0,-1.0));
#4803=ORIENTED_EDGE('',*,*,#4804,.F.);
#4814=EDGE_CURVE('',#4756,#4805,#4819,.T.);
#4819=LINE('',#4757,#4821);
#4821=VECTOR('',#4822,0.508);
#4822=DIRECTION('',(-1.0,0.0,0.0));
#4813=ORIENTED_EDGE('',*,*,#4814,.F.);
#4823=ORIENTED_EDGE('',*,*,#4755,.T.);
#4833=STYLED_ITEM('',(#34),#4834);
#4834=ADVANCED_FACE('',(#4840),#4835,.T.);
#4835=PLANE('',#4836);
#4836=AXIS2_PLACEMENT_3D('',#4837,#4838,#4839);
#4837=CARTESIAN_POINT('',(2.045,1.402,0.0));
#4838=DIRECTION('',(-1.0,0.0,0.0));
#4839=DIRECTION('',(0.,0.,1.));
#4840=FACE_OUTER_BOUND('',#4841,.T.);
#4841=EDGE_LOOP('',(#4842,#4852,#4862,#4872));
#4843=EDGE_CURVE('',#4699,#4795,#4848,.T.);
#4848=LINE('',#4700,#4850);
#4850=VECTOR('',#4851,0.3048);
#4851=DIRECTION('',(0.0,1.0,0.0));
#4842=ORIENTED_EDGE('',*,*,#4843,.F.);
#4852=ORIENTED_EDGE('',*,*,#4726,.T.);
#4863=EDGE_CURVE('',#4805,#4717,#4868,.T.);
#4868=LINE('',#4806,#4870);
#4870=VECTOR('',#4871,0.3048);
#4871=DIRECTION('',(0.0,-1.0,0.0));
#4862=ORIENTED_EDGE('',*,*,#4863,.F.);
#4872=ORIENTED_EDGE('',*,*,#4804,.T.);
#4882=STYLED_ITEM('',(#34),#4883);
#4883=ADVANCED_FACE('',(#4889),#4884,.T.);
#4884=PLANE('',#4885);
#4885=AXIS2_PLACEMENT_3D('',#4886,#4887,#4888);
#4886=CARTESIAN_POINT('',(2.045,1.402,0.0));
#4887=DIRECTION('',(0.0,0.0,-1.0));
#4888=DIRECTION('',(0.,1.,0.));
#4889=FACE_OUTER_BOUND('',#4890,.T.);
#4890=EDGE_LOOP('',(#4891,#4901,#4911,#4921));
#4891=ORIENTED_EDGE('',*,*,#4794,.T.);
#4901=ORIENTED_EDGE('',*,*,#4745,.T.);
#4911=ORIENTED_EDGE('',*,*,#4696,.T.);
#4921=ORIENTED_EDGE('',*,*,#4843,.T.);
#4931=STYLED_ITEM('',(#34),#4932);
#4932=ADVANCED_FACE('',(#4938),#4933,.T.);
#4933=PLANE('',#4934);
#4934=AXIS2_PLACEMENT_3D('',#4935,#4936,#4937);
#4935=CARTESIAN_POINT('',(2.045,1.098,0.051));
#4936=DIRECTION('',(0.0,0.0,1.0));
#4937=DIRECTION('',(0.,1.,0.));
#4938=FACE_OUTER_BOUND('',#4939,.T.);
#4939=EDGE_LOOP('',(#4940,#4950,#4960,#4970));
#4940=ORIENTED_EDGE('',*,*,#4716,.T.);
#4950=ORIENTED_EDGE('',*,*,#4765,.T.);
#4960=ORIENTED_EDGE('',*,*,#4814,.T.);
#4970=ORIENTED_EDGE('',*,*,#4863,.T.);
#4980=MANIFOLD_SOLID_BREP($,#4981);
#4981=CLOSED_SHELL('',(#4983,#5032,#5081,#5130,#5179,#5228));
#4982=STYLED_ITEM('',(#34),#4983);
#4983=ADVANCED_FACE('',(#4989),#4984,.T.);
#4984=PLANE('',#4985);
#4985=AXIS2_PLACEMENT_3D('',#4986,#4987,#4988);
#4986=CARTESIAN_POINT('',(2.045,1.598,0.0));
#4987=DIRECTION('',(0.0,-1.0,0.0));
#4988=DIRECTION('',(0.,0.,1.));
#4989=FACE_OUTER_BOUND('',#4990,.T.);
#4990=EDGE_LOOP('',(#4991,#5001,#5011,#5021));
#4994=CARTESIAN_POINT('',(2.553,1.598,0.0));
#4993=VERTEX_POINT('',#4994);
#4996=CARTESIAN_POINT('',(2.045,1.598,0.0));
#4995=VERTEX_POINT('',#4996);
#4992=EDGE_CURVE('',#4993,#4995,#4997,.T.);
#4997=LINE('',#4994,#4999);
#4999=VECTOR('',#5000,0.508);
#5000=DIRECTION('',(-1.0,0.0,0.0));
#4991=ORIENTED_EDGE('',*,*,#4992,.F.);
#5004=CARTESIAN_POINT('',(2.553,1.598,0.051));
#5003=VERTEX_POINT('',#5004);
#5002=EDGE_CURVE('',#5003,#4993,#5007,.T.);
#5007=LINE('',#5004,#5009);
#5009=VECTOR('',#5010,0.0508);
#5010=DIRECTION('',(0.0,0.0,-1.0));
#5001=ORIENTED_EDGE('',*,*,#5002,.F.);
#5014=CARTESIAN_POINT('',(2.045,1.598,0.051));
#5013=VERTEX_POINT('',#5014);
#5012=EDGE_CURVE('',#5013,#5003,#5017,.T.);
#5017=LINE('',#5014,#5019);
#5019=VECTOR('',#5020,0.508);
#5020=DIRECTION('',(1.0,0.0,0.0));
#5011=ORIENTED_EDGE('',*,*,#5012,.F.);
#5022=EDGE_CURVE('',#4995,#5013,#5027,.T.);
#5027=LINE('',#4996,#5029);
#5029=VECTOR('',#5030,0.0508);
#5030=DIRECTION('',(0.0,0.0,1.0));
#5021=ORIENTED_EDGE('',*,*,#5022,.F.);
#5031=STYLED_ITEM('',(#34),#5032);
#5032=ADVANCED_FACE('',(#5038),#5033,.T.);
#5033=PLANE('',#5034);
#5034=AXIS2_PLACEMENT_3D('',#5035,#5036,#5037);
#5035=CARTESIAN_POINT('',(2.553,1.598,0.0));
#5036=DIRECTION('',(1.0,0.0,0.0));
#5037=DIRECTION('',(0.,0.,1.));
#5038=FACE_OUTER_BOUND('',#5039,.T.);
#5039=EDGE_LOOP('',(#5040,#5050,#5060,#5070));
#5043=CARTESIAN_POINT('',(2.553,1.902,0.0));
#5042=VERTEX_POINT('',#5043);
#5041=EDGE_CURVE('',#5042,#4993,#5046,.T.);
#5046=LINE('',#5043,#5048);
#5048=VECTOR('',#5049,0.3048);
#5049=DIRECTION('',(0.0,-1.0,0.0));
#5040=ORIENTED_EDGE('',*,*,#5041,.F.);
#5053=CARTESIAN_POINT('',(2.553,1.902,0.051));
#5052=VERTEX_POINT('',#5053);
#5051=EDGE_CURVE('',#5052,#5042,#5056,.T.);
#5056=LINE('',#5053,#5058);
#5058=VECTOR('',#5059,0.0508);
#5059=DIRECTION('',(0.0,0.0,-1.0));
#5050=ORIENTED_EDGE('',*,*,#5051,.F.);
#5061=EDGE_CURVE('',#5003,#5052,#5066,.T.);
#5066=LINE('',#5004,#5068);
#5068=VECTOR('',#5069,0.3048);
#5069=DIRECTION('',(0.0,1.0,0.0));
#5060=ORIENTED_EDGE('',*,*,#5061,.F.);
#5070=ORIENTED_EDGE('',*,*,#5002,.T.);
#5080=STYLED_ITEM('',(#34),#5081);
#5081=ADVANCED_FACE('',(#5087),#5082,.T.);
#5082=PLANE('',#5083);
#5083=AXIS2_PLACEMENT_3D('',#5084,#5085,#5086);
#5084=CARTESIAN_POINT('',(2.553,1.902,0.0));
#5085=DIRECTION('',(0.0,1.0,0.0));
#5086=DIRECTION('',(0.,0.,1.));
#5087=FACE_OUTER_BOUND('',#5088,.T.);
#5088=EDGE_LOOP('',(#5089,#5099,#5109,#5119));
#5092=CARTESIAN_POINT('',(2.045,1.902,0.0));
#5091=VERTEX_POINT('',#5092);
#5090=EDGE_CURVE('',#5091,#5042,#5095,.T.);
#5095=LINE('',#5092,#5097);
#5097=VECTOR('',#5098,0.508);
#5098=DIRECTION('',(1.0,0.0,0.0));
#5089=ORIENTED_EDGE('',*,*,#5090,.F.);
#5102=CARTESIAN_POINT('',(2.045,1.902,0.051));
#5101=VERTEX_POINT('',#5102);
#5100=EDGE_CURVE('',#5101,#5091,#5105,.T.);
#5105=LINE('',#5102,#5107);
#5107=VECTOR('',#5108,0.0508);
#5108=DIRECTION('',(0.0,0.0,-1.0));
#5099=ORIENTED_EDGE('',*,*,#5100,.F.);
#5110=EDGE_CURVE('',#5052,#5101,#5115,.T.);
#5115=LINE('',#5053,#5117);
#5117=VECTOR('',#5118,0.508);
#5118=DIRECTION('',(-1.0,0.0,0.0));
#5109=ORIENTED_EDGE('',*,*,#5110,.F.);
#5119=ORIENTED_EDGE('',*,*,#5051,.T.);
#5129=STYLED_ITEM('',(#34),#5130);
#5130=ADVANCED_FACE('',(#5136),#5131,.T.);
#5131=PLANE('',#5132);
#5132=AXIS2_PLACEMENT_3D('',#5133,#5134,#5135);
#5133=CARTESIAN_POINT('',(2.045,1.902,0.0));
#5134=DIRECTION('',(-1.0,0.0,0.0));
#5135=DIRECTION('',(0.,0.,1.));
#5136=FACE_OUTER_BOUND('',#5137,.T.);
#5137=EDGE_LOOP('',(#5138,#5148,#5158,#5168));
#5139=EDGE_CURVE('',#4995,#5091,#5144,.T.);
#5144=LINE('',#4996,#5146);
#5146=VECTOR('',#5147,0.3048);
#5147=DIRECTION('',(0.0,1.0,0.0));
#5138=ORIENTED_EDGE('',*,*,#5139,.F.);
#5148=ORIENTED_EDGE('',*,*,#5022,.T.);
#5159=EDGE_CURVE('',#5101,#5013,#5164,.T.);
#5164=LINE('',#5102,#5166);
#5166=VECTOR('',#5167,0.3048);
#5167=DIRECTION('',(0.0,-1.0,0.0));
#5158=ORIENTED_EDGE('',*,*,#5159,.F.);
#5168=ORIENTED_EDGE('',*,*,#5100,.T.);
#5178=STYLED_ITEM('',(#34),#5179);
#5179=ADVANCED_FACE('',(#5185),#5180,.T.);
#5180=PLANE('',#5181);
#5181=AXIS2_PLACEMENT_3D('',#5182,#5183,#5184);
#5182=CARTESIAN_POINT('',(2.045,1.902,0.0));
#5183=DIRECTION('',(0.0,0.0,-1.0));
#5184=DIRECTION('',(0.,1.,0.));
#5185=FACE_OUTER_BOUND('',#5186,.T.);
#5186=EDGE_LOOP('',(#5187,#5197,#5207,#5217));
#5187=ORIENTED_EDGE('',*,*,#5090,.T.);
#5197=ORIENTED_EDGE('',*,*,#5041,.T.);
#5207=ORIENTED_EDGE('',*,*,#4992,.T.);
#5217=ORIENTED_EDGE('',*,*,#5139,.T.);
#5227=STYLED_ITEM('',(#34),#5228);
#5228=ADVANCED_FACE('',(#5234),#5229,.T.);
#5229=PLANE('',#5230);
#5230=AXIS2_PLACEMENT_3D('',#5231,#5232,#5233);
#5231=CARTESIAN_POINT('',(2.045,1.598,0.051));
#5232=DIRECTION('',(0.0,0.0,1.0));
#5233=DIRECTION('',(0.,1.,0.));
#5234=FACE_OUTER_BOUND('',#5235,.T.);
#5235=EDGE_LOOP('',(#5236,#5246,#5256,#5266));
#5236=ORIENTED_EDGE('',*,*,#5012,.T.);
#5246=ORIENTED_EDGE('',*,*,#5061,.T.);
#5256=ORIENTED_EDGE('',*,*,#5110,.T.);
#5266=ORIENTED_EDGE('',*,*,#5159,.T.);
#5276=MANIFOLD_SOLID_BREP($,#5277);
#5277=CLOSED_SHELL('',(#5279,#5328,#5377,#5426,#5475,#5524));
#5278=STYLED_ITEM('',(#61),#5279);
#5279=ADVANCED_FACE('',(#5285),#5280,.T.);
#5280=PLANE('',#5281);
#5281=AXIS2_PLACEMENT_3D('',#5282,#5283,#5284);
#5282=CARTESIAN_POINT('',(-1.65,-1.65,0.0));
#5283=DIRECTION('',(0.0,-1.0,0.0));
#5284=DIRECTION('',(0.,0.,1.));
#5285=FACE_OUTER_BOUND('',#5286,.T.);
#5286=EDGE_LOOP('',(#5287,#5297,#5307,#5317));
#5290=CARTESIAN_POINT('',(1.65,-1.65,0.0));
#5289=VERTEX_POINT('',#5290);
#5292=CARTESIAN_POINT('',(-1.65,-1.65,0.0));
#5291=VERTEX_POINT('',#5292);
#5288=EDGE_CURVE('',#5289,#5291,#5293,.T.);
#5293=LINE('',#5290,#5295);
#5295=VECTOR('',#5296,3.30000102);
#5296=DIRECTION('',(-1.0,0.0,0.0));
#5287=ORIENTED_EDGE('',*,*,#5288,.F.);
#5300=CARTESIAN_POINT('',(1.65,-1.65,0.051));
#5299=VERTEX_POINT('',#5300);
#5298=EDGE_CURVE('',#5299,#5289,#5303,.T.);
#5303=LINE('',#5300,#5305);
#5305=VECTOR('',#5306,0.0508);
#5306=DIRECTION('',(0.0,0.0,-1.0));
#5297=ORIENTED_EDGE('',*,*,#5298,.F.);
#5310=CARTESIAN_POINT('',(-1.65,-1.65,0.051));
#5309=VERTEX_POINT('',#5310);
#5308=EDGE_CURVE('',#5309,#5299,#5313,.T.);
#5313=LINE('',#5310,#5315);
#5315=VECTOR('',#5316,3.30000102);
#5316=DIRECTION('',(1.0,0.0,0.0));
#5307=ORIENTED_EDGE('',*,*,#5308,.F.);
#5318=EDGE_CURVE('',#5291,#5309,#5323,.T.);
#5323=LINE('',#5292,#5325);
#5325=VECTOR('',#5326,0.0508);
#5326=DIRECTION('',(0.0,0.0,1.0));
#5317=ORIENTED_EDGE('',*,*,#5318,.F.);
#5327=STYLED_ITEM('',(#61),#5328);
#5328=ADVANCED_FACE('',(#5334),#5329,.T.);
#5329=PLANE('',#5330);
#5330=AXIS2_PLACEMENT_3D('',#5331,#5332,#5333);
#5331=CARTESIAN_POINT('',(1.65,-1.65,0.0));
#5332=DIRECTION('',(1.0,0.0,0.0));
#5333=DIRECTION('',(0.,0.,1.));
#5334=FACE_OUTER_BOUND('',#5335,.T.);
#5335=EDGE_LOOP('',(#5336,#5346,#5356,#5366));
#5339=CARTESIAN_POINT('',(1.65,1.65,0.0));
#5338=VERTEX_POINT('',#5339);
#5337=EDGE_CURVE('',#5338,#5289,#5342,.T.);
#5342=LINE('',#5339,#5344);
#5344=VECTOR('',#5345,3.30000102);
#5345=DIRECTION('',(0.0,-1.0,0.0));
#5336=ORIENTED_EDGE('',*,*,#5337,.F.);
#5349=CARTESIAN_POINT('',(1.65,1.65,0.051));
#5348=VERTEX_POINT('',#5349);
#5347=EDGE_CURVE('',#5348,#5338,#5352,.T.);
#5352=LINE('',#5349,#5354);
#5354=VECTOR('',#5355,0.0508);
#5355=DIRECTION('',(0.0,0.0,-1.0));
#5346=ORIENTED_EDGE('',*,*,#5347,.F.);
#5357=EDGE_CURVE('',#5299,#5348,#5362,.T.);
#5362=LINE('',#5300,#5364);
#5364=VECTOR('',#5365,3.30000102);
#5365=DIRECTION('',(0.0,1.0,0.0));
#5356=ORIENTED_EDGE('',*,*,#5357,.F.);
#5366=ORIENTED_EDGE('',*,*,#5298,.T.);
#5376=STYLED_ITEM('',(#61),#5377);
#5377=ADVANCED_FACE('',(#5383),#5378,.T.);
#5378=PLANE('',#5379);
#5379=AXIS2_PLACEMENT_3D('',#5380,#5381,#5382);
#5380=CARTESIAN_POINT('',(1.65,1.65,0.0));
#5381=DIRECTION('',(0.0,1.0,0.0));
#5382=DIRECTION('',(0.,0.,1.));
#5383=FACE_OUTER_BOUND('',#5384,.T.);
#5384=EDGE_LOOP('',(#5385,#5395,#5405,#5415));
#5388=CARTESIAN_POINT('',(-1.65,1.65,0.0));
#5387=VERTEX_POINT('',#5388);
#5386=EDGE_CURVE('',#5387,#5338,#5391,.T.);
#5391=LINE('',#5388,#5393);
#5393=VECTOR('',#5394,3.30000102);
#5394=DIRECTION('',(1.0,0.0,0.0));
#5385=ORIENTED_EDGE('',*,*,#5386,.F.);
#5398=CARTESIAN_POINT('',(-1.65,1.65,0.051));
#5397=VERTEX_POINT('',#5398);
#5396=EDGE_CURVE('',#5397,#5387,#5401,.T.);
#5401=LINE('',#5398,#5403);
#5403=VECTOR('',#5404,0.0508);
#5404=DIRECTION('',(0.0,0.0,-1.0));
#5395=ORIENTED_EDGE('',*,*,#5396,.F.);
#5406=EDGE_CURVE('',#5348,#5397,#5411,.T.);
#5411=LINE('',#5349,#5413);
#5413=VECTOR('',#5414,3.30000102);
#5414=DIRECTION('',(-1.0,0.0,0.0));
#5405=ORIENTED_EDGE('',*,*,#5406,.F.);
#5415=ORIENTED_EDGE('',*,*,#5347,.T.);
#5425=STYLED_ITEM('',(#61),#5426);
#5426=ADVANCED_FACE('',(#5432),#5427,.T.);
#5427=PLANE('',#5428);
#5428=AXIS2_PLACEMENT_3D('',#5429,#5430,#5431);
#5429=CARTESIAN_POINT('',(-1.65,1.65,0.0));
#5430=DIRECTION('',(-1.0,0.0,0.0));
#5431=DIRECTION('',(0.,0.,1.));
#5432=FACE_OUTER_BOUND('',#5433,.T.);
#5433=EDGE_LOOP('',(#5434,#5444,#5454,#5464));
#5435=EDGE_CURVE('',#5291,#5387,#5440,.T.);
#5440=LINE('',#5292,#5442);
#5442=VECTOR('',#5443,3.30000102);
#5443=DIRECTION('',(0.0,1.0,0.0));
#5434=ORIENTED_EDGE('',*,*,#5435,.F.);
#5444=ORIENTED_EDGE('',*,*,#5318,.T.);
#5455=EDGE_CURVE('',#5397,#5309,#5460,.T.);
#5460=LINE('',#5398,#5462);
#5462=VECTOR('',#5463,3.30000102);
#5463=DIRECTION('',(0.0,-1.0,0.0));
#5454=ORIENTED_EDGE('',*,*,#5455,.F.);
#5464=ORIENTED_EDGE('',*,*,#5396,.T.);
#5474=STYLED_ITEM('',(#61),#5475);
#5475=ADVANCED_FACE('',(#5481),#5476,.T.);
#5476=PLANE('',#5477);
#5477=AXIS2_PLACEMENT_3D('',#5478,#5479,#5480);
#5478=CARTESIAN_POINT('',(-1.65,1.65,0.0));
#5479=DIRECTION('',(0.0,0.0,-1.0));
#5480=DIRECTION('',(0.,1.,0.));
#5481=FACE_OUTER_BOUND('',#5482,.T.);
#5482=EDGE_LOOP('',(#5483,#5493,#5503,#5513));
#5483=ORIENTED_EDGE('',*,*,#5386,.T.);
#5493=ORIENTED_EDGE('',*,*,#5337,.T.);
#5503=ORIENTED_EDGE('',*,*,#5288,.T.);
#5513=ORIENTED_EDGE('',*,*,#5435,.T.);
#5523=STYLED_ITEM('',(#61),#5524);
#5524=ADVANCED_FACE('',(#5530),#5525,.T.);
#5525=PLANE('',#5526);
#5526=AXIS2_PLACEMENT_3D('',#5527,#5528,#5529);
#5527=CARTESIAN_POINT('',(-1.65,-1.65,0.051));
#5528=DIRECTION('',(0.0,0.0,1.0));
#5529=DIRECTION('',(0.,1.,0.));
#5530=FACE_OUTER_BOUND('',#5531,.T.);
#5531=EDGE_LOOP('',(#5532,#5542,#5552,#5562));
#5532=ORIENTED_EDGE('',*,*,#5308,.T.);
#5542=ORIENTED_EDGE('',*,*,#5357,.T.);
#5552=ORIENTED_EDGE('',*,*,#5406,.T.);
#5562=ORIENTED_EDGE('',*,*,#5455,.T.);
#5573=MANIFOLD_SOLID_BREP($,#5574);
#5574=CLOSED_SHELL('',(#5576,#5645,#5714,#5763,#5812,#5861,#5910,#5959));
#5575=STYLED_ITEM('',(#34),#5576);
#5576=ADVANCED_FACE('',(#5582),#5577,.T.);
#5577=PLANE('',#5578);
#5578=AXIS2_PLACEMENT_3D('',#5579,#5580,#5581);
#5579=CARTESIAN_POINT('',(-1.598,-2.553,0.0));
#5580=DIRECTION('',(1.0,0.0,0.0));
#5581=DIRECTION('',(0.,0.,1.));
#5582=FACE_OUTER_BOUND('',#5583,.T.);
#5583=EDGE_LOOP('',(#5584,#5594,#5604,#5614,#5624,#5634));
#5587=CARTESIAN_POINT('',(-1.598,-2.045,0.0));
#5586=VERTEX_POINT('',#5587);
#5589=CARTESIAN_POINT('',(-1.598,-2.553,0.0));
#5588=VERTEX_POINT('',#5589);
#5585=EDGE_CURVE('',#5586,#5588,#5590,.T.);
#5590=LINE('',#5587,#5592);
#5592=VECTOR('',#5593,0.508);
#5593=DIRECTION('',(0.0,-1.0,0.0));
#5584=ORIENTED_EDGE('',*,*,#5585,.F.);
#5597=CARTESIAN_POINT('',(-1.598,-2.045,0.051));
#5596=VERTEX_POINT('',#5597);
#5595=EDGE_CURVE('',#5596,#5586,#5600,.T.);
#5600=LINE('',#5597,#5602);
#5602=VECTOR('',#5603,0.0508);
#5603=DIRECTION('',(0.0,0.0,-1.0));
#5594=ORIENTED_EDGE('',*,*,#5595,.F.);
#5607=CARTESIAN_POINT('',(-1.598,-2.5,0.051));
#5606=VERTEX_POINT('',#5607);
#5605=EDGE_CURVE('',#5606,#5596,#5610,.T.);
#5610=LINE('',#5607,#5612);
#5612=VECTOR('',#5613,0.45530008);
#5613=DIRECTION('',(0.0,1.0,0.0));
#5604=ORIENTED_EDGE('',*,*,#5605,.F.);
#5617=CARTESIAN_POINT('',(-1.598,-2.5,0.394));
#5616=VERTEX_POINT('',#5617);
#5615=EDGE_CURVE('',#5616,#5606,#5620,.T.);
#5620=LINE('',#5617,#5622);
#5622=VECTOR('',#5623,0.3429);
#5623=DIRECTION('',(0.0,0.0,-1.0));
#5614=ORIENTED_EDGE('',*,*,#5615,.F.);
#5627=CARTESIAN_POINT('',(-1.598,-2.553,0.394));
#5626=VERTEX_POINT('',#5627);
#5625=EDGE_CURVE('',#5626,#5616,#5630,.T.);
#5630=LINE('',#5627,#5632);
#5632=VECTOR('',#5633,0.0526999199999999);
#5633=DIRECTION('',(0.0,1.0,0.0));
#5624=ORIENTED_EDGE('',*,*,#5625,.F.);
#5635=EDGE_CURVE('',#5588,#5626,#5640,.T.);
#5640=LINE('',#5589,#5642);
#5642=VECTOR('',#5643,0.3937);
#5643=DIRECTION('',(0.0,0.0,1.0));
#5634=ORIENTED_EDGE('',*,*,#5635,.F.);
#5644=STYLED_ITEM('',(#34),#5645);
#5645=ADVANCED_FACE('',(#5651),#5646,.T.);
#5646=PLANE('',#5647);
#5647=AXIS2_PLACEMENT_3D('',#5648,#5649,#5650);
#5648=CARTESIAN_POINT('',(-1.902,-2.045,0.0));
#5649=DIRECTION('',(-1.0,0.0,0.0));
#5650=DIRECTION('',(0.,0.,1.));
#5651=FACE_OUTER_BOUND('',#5652,.T.);
#5652=EDGE_LOOP('',(#5653,#5663,#5673,#5683,#5693,#5703));
#5656=CARTESIAN_POINT('',(-1.902,-2.553,0.0));
#5655=VERTEX_POINT('',#5656);
#5658=CARTESIAN_POINT('',(-1.902,-2.045,0.0));
#5657=VERTEX_POINT('',#5658);
#5654=EDGE_CURVE('',#5655,#5657,#5659,.T.);
#5659=LINE('',#5656,#5661);
#5661=VECTOR('',#5662,0.508);
#5662=DIRECTION('',(0.0,1.0,0.0));
#5653=ORIENTED_EDGE('',*,*,#5654,.F.);
#5666=CARTESIAN_POINT('',(-1.902,-2.553,0.394));
#5665=VERTEX_POINT('',#5666);
#5664=EDGE_CURVE('',#5665,#5655,#5669,.T.);
#5669=LINE('',#5666,#5671);
#5671=VECTOR('',#5672,0.3937);
#5672=DIRECTION('',(0.0,0.0,-1.0));
#5663=ORIENTED_EDGE('',*,*,#5664,.F.);
#5676=CARTESIAN_POINT('',(-1.902,-2.5,0.394));
#5675=VERTEX_POINT('',#5676);
#5674=EDGE_CURVE('',#5675,#5665,#5679,.T.);
#5679=LINE('',#5676,#5681);
#5681=VECTOR('',#5682,0.0526999199999999);
#5682=DIRECTION('',(0.0,-1.0,0.0));
#5673=ORIENTED_EDGE('',*,*,#5674,.F.);
#5686=CARTESIAN_POINT('',(-1.902,-2.5,0.051));
#5685=VERTEX_POINT('',#5686);
#5684=EDGE_CURVE('',#5685,#5675,#5689,.T.);
#5689=LINE('',#5686,#5691);
#5691=VECTOR('',#5692,0.3429);
#5692=DIRECTION('',(0.0,0.0,1.0));
#5683=ORIENTED_EDGE('',*,*,#5684,.F.);
#5696=CARTESIAN_POINT('',(-1.902,-2.045,0.051));
#5695=VERTEX_POINT('',#5696);
#5694=EDGE_CURVE('',#5695,#5685,#5699,.T.);
#5699=LINE('',#5696,#5701);
#5701=VECTOR('',#5702,0.45530008);
#5702=DIRECTION('',(0.0,-1.0,0.0));
#5693=ORIENTED_EDGE('',*,*,#5694,.F.);
#5704=EDGE_CURVE('',#5657,#5695,#5709,.T.);
#5709=LINE('',#5658,#5711);
#5711=VECTOR('',#5712,0.0508);
#5712=DIRECTION('',(0.0,0.0,1.0));
#5703=ORIENTED_EDGE('',*,*,#5704,.F.);
#5713=STYLED_ITEM('',(#34),#5714);
#5714=ADVANCED_FACE('',(#5720),#5715,.T.);
#5715=PLANE('',#5716);
#5716=AXIS2_PLACEMENT_3D('',#5717,#5718,#5719);
#5717=CARTESIAN_POINT('',(-1.598,-2.553,0.394));
#5718=DIRECTION('',(0.0,0.0,1.0));
#5719=DIRECTION('',(0.,1.,0.));
#5720=FACE_OUTER_BOUND('',#5721,.T.);
#5721=EDGE_LOOP('',(#5722,#5732,#5742,#5752));
#5722=ORIENTED_EDGE('',*,*,#5625,.T.);
#5733=EDGE_CURVE('',#5675,#5616,#5738,.T.);
#5738=LINE('',#5676,#5740);
#5740=VECTOR('',#5741,0.3048);
#5741=DIRECTION('',(1.0,0.0,0.0));
#5732=ORIENTED_EDGE('',*,*,#5733,.F.);
#5742=ORIENTED_EDGE('',*,*,#5674,.T.);
#5753=EDGE_CURVE('',#5626,#5665,#5758,.T.);
#5758=LINE('',#5627,#5760);
#5760=VECTOR('',#5761,0.3048);
#5761=DIRECTION('',(-1.0,0.0,0.0));
#5752=ORIENTED_EDGE('',*,*,#5753,.F.);
#5762=STYLED_ITEM('',(#34),#5763);
#5763=ADVANCED_FACE('',(#5769),#5764,.T.);
#5764=PLANE('',#5765);
#5765=AXIS2_PLACEMENT_3D('',#5766,#5767,#5768);
#5766=CARTESIAN_POINT('',(-1.598,-2.5,0.051));
#5767=DIRECTION('',(0.0,0.0,1.0));
#5768=DIRECTION('',(0.,1.,0.));
#5769=FACE_OUTER_BOUND('',#5770,.T.);
#5770=EDGE_LOOP('',(#5771,#5781,#5791,#5801));
#5771=ORIENTED_EDGE('',*,*,#5605,.T.);
#5782=EDGE_CURVE('',#5695,#5596,#5787,.T.);
#5787=LINE('',#5696,#5789);
#5789=VECTOR('',#5790,0.3048);
#5790=DIRECTION('',(1.0,0.0,0.0));
#5781=ORIENTED_EDGE('',*,*,#5782,.F.);
#5791=ORIENTED_EDGE('',*,*,#5694,.T.);
#5802=EDGE_CURVE('',#5606,#5685,#5807,.T.);
#5807=LINE('',#5607,#5809);
#5809=VECTOR('',#5810,0.3048);
#5810=DIRECTION('',(-1.0,0.0,0.0));
#5801=ORIENTED_EDGE('',*,*,#5802,.F.);
#5811=STYLED_ITEM('',(#34),#5812);
#5812=ADVANCED_FACE('',(#5818),#5813,.T.);
#5813=PLANE('',#5814);
#5814=AXIS2_PLACEMENT_3D('',#5815,#5816,#5817);
#5815=CARTESIAN_POINT('',(-1.902,-2.553,0.0));
#5816=DIRECTION('',(0.0,-1.0,0.0));
#5817=DIRECTION('',(0.,0.,1.));
#5818=FACE_OUTER_BOUND('',#5819,.T.);
#5819=EDGE_LOOP('',(#5820,#5830,#5840,#5850));
#5821=EDGE_CURVE('',#5588,#5655,#5826,.T.);
#5826=LINE('',#5589,#5828);
#5828=VECTOR('',#5829,0.3048);
#5829=DIRECTION('',(-1.0,0.0,0.0));
#5820=ORIENTED_EDGE('',*,*,#5821,.F.);
#5830=ORIENTED_EDGE('',*,*,#5635,.T.);
#5840=ORIENTED_EDGE('',*,*,#5753,.T.);
#5850=ORIENTED_EDGE('',*,*,#5664,.T.);
#5860=STYLED_ITEM('',(#34),#5861);
#5861=ADVANCED_FACE('',(#5867),#5862,.T.);
#5862=PLANE('',#5863);
#5863=AXIS2_PLACEMENT_3D('',#5864,#5865,#5866);
#5864=CARTESIAN_POINT('',(-1.598,-2.045,0.0));
#5865=DIRECTION('',(0.0,1.0,0.0));
#5866=DIRECTION('',(0.,0.,1.));
#5867=FACE_OUTER_BOUND('',#5868,.T.);
#5868=EDGE_LOOP('',(#5869,#5879,#5889,#5899));
#5870=EDGE_CURVE('',#5657,#5586,#5875,.T.);
#5875=LINE('',#5658,#5877);
#5877=VECTOR('',#5878,0.3048);
#5878=DIRECTION('',(1.0,0.0,0.0));
#5869=ORIENTED_EDGE('',*,*,#5870,.F.);
#5879=ORIENTED_EDGE('',*,*,#5704,.T.);
#5889=ORIENTED_EDGE('',*,*,#5782,.T.);
#5899=ORIENTED_EDGE('',*,*,#5595,.T.);
#5909=STYLED_ITEM('',(#34),#5910);
#5910=ADVANCED_FACE('',(#5916),#5911,.T.);
#5911=PLANE('',#5912);
#5912=AXIS2_PLACEMENT_3D('',#5913,#5914,#5915);
#5913=CARTESIAN_POINT('',(-1.598,-2.5,0.051));
#5914=DIRECTION('',(0.0,1.0,0.0));
#5915=DIRECTION('',(0.,0.,1.));
#5916=FACE_OUTER_BOUND('',#5917,.T.);
#5917=EDGE_LOOP('',(#5918,#5928,#5938,#5948));
#5918=ORIENTED_EDGE('',*,*,#5802,.T.);
#5928=ORIENTED_EDGE('',*,*,#5684,.T.);
#5938=ORIENTED_EDGE('',*,*,#5733,.T.);
#5948=ORIENTED_EDGE('',*,*,#5615,.T.);
#5958=STYLED_ITEM('',(#34),#5959);
#5959=ADVANCED_FACE('',(#5965),#5960,.T.);
#5960=PLANE('',#5961);
#5961=AXIS2_PLACEMENT_3D('',#5962,#5963,#5964);
#5962=CARTESIAN_POINT('',(-1.902,-2.553,0.0));
#5963=DIRECTION('',(0.0,0.0,-1.0));
#5964=DIRECTION('',(0.,1.,0.));
#5965=FACE_OUTER_BOUND('',#5966,.T.);
#5966=EDGE_LOOP('',(#5967,#5977,#5987,#5997));
#5967=ORIENTED_EDGE('',*,*,#5654,.T.);
#5977=ORIENTED_EDGE('',*,*,#5870,.T.);
#5987=ORIENTED_EDGE('',*,*,#5585,.T.);
#5997=ORIENTED_EDGE('',*,*,#5821,.T.);
#6007=MANIFOLD_SOLID_BREP($,#6008);
#6008=CLOSED_SHELL('',(#6010,#6079,#6148,#6197,#6246,#6295,#6344,#6393));
#6009=STYLED_ITEM('',(#34),#6010);
#6010=ADVANCED_FACE('',(#6016),#6011,.T.);
#6011=PLANE('',#6012);
#6012=AXIS2_PLACEMENT_3D('',#6013,#6014,#6015);
#6013=CARTESIAN_POINT('',(-1.098,-2.553,0.0));
#6014=DIRECTION('',(1.0,0.0,0.0));
#6015=DIRECTION('',(0.,0.,1.));
#6016=FACE_OUTER_BOUND('',#6017,.T.);
#6017=EDGE_LOOP('',(#6018,#6028,#6038,#6048,#6058,#6068));
#6021=CARTESIAN_POINT('',(-1.098,-2.045,0.0));
#6020=VERTEX_POINT('',#6021);
#6023=CARTESIAN_POINT('',(-1.098,-2.553,0.0));
#6022=VERTEX_POINT('',#6023);
#6019=EDGE_CURVE('',#6020,#6022,#6024,.T.);
#6024=LINE('',#6021,#6026);
#6026=VECTOR('',#6027,0.508);
#6027=DIRECTION('',(0.0,-1.0,0.0));
#6018=ORIENTED_EDGE('',*,*,#6019,.F.);
#6031=CARTESIAN_POINT('',(-1.098,-2.045,0.051));
#6030=VERTEX_POINT('',#6031);
#6029=EDGE_CURVE('',#6030,#6020,#6034,.T.);
#6034=LINE('',#6031,#6036);
#6036=VECTOR('',#6037,0.0508);
#6037=DIRECTION('',(0.0,0.0,-1.0));
#6028=ORIENTED_EDGE('',*,*,#6029,.F.);
#6041=CARTESIAN_POINT('',(-1.098,-2.5,0.051));
#6040=VERTEX_POINT('',#6041);
#6039=EDGE_CURVE('',#6040,#6030,#6044,.T.);
#6044=LINE('',#6041,#6046);
#6046=VECTOR('',#6047,0.45530008);
#6047=DIRECTION('',(0.0,1.0,0.0));
#6038=ORIENTED_EDGE('',*,*,#6039,.F.);
#6051=CARTESIAN_POINT('',(-1.098,-2.5,0.394));
#6050=VERTEX_POINT('',#6051);
#6049=EDGE_CURVE('',#6050,#6040,#6054,.T.);
#6054=LINE('',#6051,#6056);
#6056=VECTOR('',#6057,0.3429);
#6057=DIRECTION('',(0.0,0.0,-1.0));
#6048=ORIENTED_EDGE('',*,*,#6049,.F.);
#6061=CARTESIAN_POINT('',(-1.098,-2.553,0.394));
#6060=VERTEX_POINT('',#6061);
#6059=EDGE_CURVE('',#6060,#6050,#6064,.T.);
#6064=LINE('',#6061,#6066);
#6066=VECTOR('',#6067,0.0526999199999999);
#6067=DIRECTION('',(0.0,1.0,0.0));
#6058=ORIENTED_EDGE('',*,*,#6059,.F.);
#6069=EDGE_CURVE('',#6022,#6060,#6074,.T.);
#6074=LINE('',#6023,#6076);
#6076=VECTOR('',#6077,0.3937);
#6077=DIRECTION('',(0.0,0.0,1.0));
#6068=ORIENTED_EDGE('',*,*,#6069,.F.);
#6078=STYLED_ITEM('',(#34),#6079);
#6079=ADVANCED_FACE('',(#6085),#6080,.T.);
#6080=PLANE('',#6081);
#6081=AXIS2_PLACEMENT_3D('',#6082,#6083,#6084);
#6082=CARTESIAN_POINT('',(-1.402,-2.045,0.0));
#6083=DIRECTION('',(-1.0,0.0,0.0));
#6084=DIRECTION('',(0.,0.,1.));
#6085=FACE_OUTER_BOUND('',#6086,.T.);
#6086=EDGE_LOOP('',(#6087,#6097,#6107,#6117,#6127,#6137));
#6090=CARTESIAN_POINT('',(-1.402,-2.553,0.0));
#6089=VERTEX_POINT('',#6090);
#6092=CARTESIAN_POINT('',(-1.402,-2.045,0.0));
#6091=VERTEX_POINT('',#6092);
#6088=EDGE_CURVE('',#6089,#6091,#6093,.T.);
#6093=LINE('',#6090,#6095);
#6095=VECTOR('',#6096,0.508);
#6096=DIRECTION('',(0.0,1.0,0.0));
#6087=ORIENTED_EDGE('',*,*,#6088,.F.);
#6100=CARTESIAN_POINT('',(-1.402,-2.553,0.394));
#6099=VERTEX_POINT('',#6100);
#6098=EDGE_CURVE('',#6099,#6089,#6103,.T.);
#6103=LINE('',#6100,#6105);
#6105=VECTOR('',#6106,0.3937);
#6106=DIRECTION('',(0.0,0.0,-1.0));
#6097=ORIENTED_EDGE('',*,*,#6098,.F.);
#6110=CARTESIAN_POINT('',(-1.402,-2.5,0.394));
#6109=VERTEX_POINT('',#6110);
#6108=EDGE_CURVE('',#6109,#6099,#6113,.T.);
#6113=LINE('',#6110,#6115);
#6115=VECTOR('',#6116,0.0526999199999999);
#6116=DIRECTION('',(0.0,-1.0,0.0));
#6107=ORIENTED_EDGE('',*,*,#6108,.F.);
#6120=CARTESIAN_POINT('',(-1.402,-2.5,0.051));
#6119=VERTEX_POINT('',#6120);
#6118=EDGE_CURVE('',#6119,#6109,#6123,.T.);
#6123=LINE('',#6120,#6125);
#6125=VECTOR('',#6126,0.3429);
#6126=DIRECTION('',(0.0,0.0,1.0));
#6117=ORIENTED_EDGE('',*,*,#6118,.F.);
#6130=CARTESIAN_POINT('',(-1.402,-2.045,0.051));
#6129=VERTEX_POINT('',#6130);
#6128=EDGE_CURVE('',#6129,#6119,#6133,.T.);
#6133=LINE('',#6130,#6135);
#6135=VECTOR('',#6136,0.45530008);
#6136=DIRECTION('',(0.0,-1.0,0.0));
#6127=ORIENTED_EDGE('',*,*,#6128,.F.);
#6138=EDGE_CURVE('',#6091,#6129,#6143,.T.);
#6143=LINE('',#6092,#6145);
#6145=VECTOR('',#6146,0.0508);
#6146=DIRECTION('',(0.0,0.0,1.0));
#6137=ORIENTED_EDGE('',*,*,#6138,.F.);
#6147=STYLED_ITEM('',(#34),#6148);
#6148=ADVANCED_FACE('',(#6154),#6149,.T.);
#6149=PLANE('',#6150);
#6150=AXIS2_PLACEMENT_3D('',#6151,#6152,#6153);
#6151=CARTESIAN_POINT('',(-1.098,-2.553,0.394));
#6152=DIRECTION('',(0.0,0.0,1.0));
#6153=DIRECTION('',(0.,1.,0.));
#6154=FACE_OUTER_BOUND('',#6155,.T.);
#6155=EDGE_LOOP('',(#6156,#6166,#6176,#6186));
#6156=ORIENTED_EDGE('',*,*,#6059,.T.);
#6167=EDGE_CURVE('',#6109,#6050,#6172,.T.);
#6172=LINE('',#6110,#6174);
#6174=VECTOR('',#6175,0.3048);
#6175=DIRECTION('',(1.0,0.0,0.0));
#6166=ORIENTED_EDGE('',*,*,#6167,.F.);
#6176=ORIENTED_EDGE('',*,*,#6108,.T.);
#6187=EDGE_CURVE('',#6060,#6099,#6192,.T.);
#6192=LINE('',#6061,#6194);
#6194=VECTOR('',#6195,0.3048);
#6195=DIRECTION('',(-1.0,0.0,0.0));
#6186=ORIENTED_EDGE('',*,*,#6187,.F.);
#6196=STYLED_ITEM('',(#34),#6197);
#6197=ADVANCED_FACE('',(#6203),#6198,.T.);
#6198=PLANE('',#6199);
#6199=AXIS2_PLACEMENT_3D('',#6200,#6201,#6202);
#6200=CARTESIAN_POINT('',(-1.098,-2.5,0.051));
#6201=DIRECTION('',(0.0,0.0,1.0));
#6202=DIRECTION('',(0.,1.,0.));
#6203=FACE_OUTER_BOUND('',#6204,.T.);
#6204=EDGE_LOOP('',(#6205,#6215,#6225,#6235));
#6205=ORIENTED_EDGE('',*,*,#6039,.T.);
#6216=EDGE_CURVE('',#6129,#6030,#6221,.T.);
#6221=LINE('',#6130,#6223);
#6223=VECTOR('',#6224,0.3048);
#6224=DIRECTION('',(1.0,0.0,0.0));
#6215=ORIENTED_EDGE('',*,*,#6216,.F.);
#6225=ORIENTED_EDGE('',*,*,#6128,.T.);
#6236=EDGE_CURVE('',#6040,#6119,#6241,.T.);
#6241=LINE('',#6041,#6243);
#6243=VECTOR('',#6244,0.3048);
#6244=DIRECTION('',(-1.0,0.0,0.0));
#6235=ORIENTED_EDGE('',*,*,#6236,.F.);
#6245=STYLED_ITEM('',(#34),#6246);
#6246=ADVANCED_FACE('',(#6252),#6247,.T.);
#6247=PLANE('',#6248);
#6248=AXIS2_PLACEMENT_3D('',#6249,#6250,#6251);
#6249=CARTESIAN_POINT('',(-1.402,-2.553,0.0));
#6250=DIRECTION('',(0.0,-1.0,0.0));
#6251=DIRECTION('',(0.,0.,1.));
#6252=FACE_OUTER_BOUND('',#6253,.T.);
#6253=EDGE_LOOP('',(#6254,#6264,#6274,#6284));
#6255=EDGE_CURVE('',#6022,#6089,#6260,.T.);
#6260=LINE('',#6023,#6262);
#6262=VECTOR('',#6263,0.3048);
#6263=DIRECTION('',(-1.0,0.0,0.0));
#6254=ORIENTED_EDGE('',*,*,#6255,.F.);
#6264=ORIENTED_EDGE('',*,*,#6069,.T.);
#6274=ORIENTED_EDGE('',*,*,#6187,.T.);
#6284=ORIENTED_EDGE('',*,*,#6098,.T.);
#6294=STYLED_ITEM('',(#34),#6295);
#6295=ADVANCED_FACE('',(#6301),#6296,.T.);
#6296=PLANE('',#6297);
#6297=AXIS2_PLACEMENT_3D('',#6298,#6299,#6300);
#6298=CARTESIAN_POINT('',(-1.098,-2.045,0.0));
#6299=DIRECTION('',(0.0,1.0,0.0));
#6300=DIRECTION('',(0.,0.,1.));
#6301=FACE_OUTER_BOUND('',#6302,.T.);
#6302=EDGE_LOOP('',(#6303,#6313,#6323,#6333));
#6304=EDGE_CURVE('',#6091,#6020,#6309,.T.);
#6309=LINE('',#6092,#6311);
#6311=VECTOR('',#6312,0.3048);
#6312=DIRECTION('',(1.0,0.0,0.0));
#6303=ORIENTED_EDGE('',*,*,#6304,.F.);
#6313=ORIENTED_EDGE('',*,*,#6138,.T.);
#6323=ORIENTED_EDGE('',*,*,#6216,.T.);
#6333=ORIENTED_EDGE('',*,*,#6029,.T.);
#6343=STYLED_ITEM('',(#34),#6344);
#6344=ADVANCED_FACE('',(#6350),#6345,.T.);
#6345=PLANE('',#6346);
#6346=AXIS2_PLACEMENT_3D('',#6347,#6348,#6349);
#6347=CARTESIAN_POINT('',(-1.098,-2.5,0.051));
#6348=DIRECTION('',(0.0,1.0,0.0));
#6349=DIRECTION('',(0.,0.,1.));
#6350=FACE_OUTER_BOUND('',#6351,.T.);
#6351=EDGE_LOOP('',(#6352,#6362,#6372,#6382));
#6352=ORIENTED_EDGE('',*,*,#6236,.T.);
#6362=ORIENTED_EDGE('',*,*,#6118,.T.);
#6372=ORIENTED_EDGE('',*,*,#6167,.T.);
#6382=ORIENTED_EDGE('',*,*,#6049,.T.);
#6392=STYLED_ITEM('',(#34),#6393);
#6393=ADVANCED_FACE('',(#6399),#6394,.T.);
#6394=PLANE('',#6395);
#6395=AXIS2_PLACEMENT_3D('',#6396,#6397,#6398);
#6396=CARTESIAN_POINT('',(-1.402,-2.553,0.0));
#6397=DIRECTION('',(0.0,0.0,-1.0));
#6398=DIRECTION('',(0.,1.,0.));
#6399=FACE_OUTER_BOUND('',#6400,.T.);
#6400=EDGE_LOOP('',(#6401,#6411,#6421,#6431));
#6401=ORIENTED_EDGE('',*,*,#6088,.T.);
#6411=ORIENTED_EDGE('',*,*,#6304,.T.);
#6421=ORIENTED_EDGE('',*,*,#6019,.T.);
#6431=ORIENTED_EDGE('',*,*,#6255,.T.);
#6441=MANIFOLD_SOLID_BREP($,#6442);
#6442=CLOSED_SHELL('',(#6444,#6513,#6582,#6631,#6680,#6729,#6778,#6827));
#6443=STYLED_ITEM('',(#34),#6444);
#6444=ADVANCED_FACE('',(#6450),#6445,.T.);
#6445=PLANE('',#6446);
#6446=AXIS2_PLACEMENT_3D('',#6447,#6448,#6449);
#6447=CARTESIAN_POINT('',(-0.598,-2.553,0.0));
#6448=DIRECTION('',(1.0,0.0,0.0));
#6449=DIRECTION('',(0.,0.,1.));
#6450=FACE_OUTER_BOUND('',#6451,.T.);
#6451=EDGE_LOOP('',(#6452,#6462,#6472,#6482,#6492,#6502));
#6455=CARTESIAN_POINT('',(-0.598,-2.045,0.0));
#6454=VERTEX_POINT('',#6455);
#6457=CARTESIAN_POINT('',(-0.598,-2.553,0.0));
#6456=VERTEX_POINT('',#6457);
#6453=EDGE_CURVE('',#6454,#6456,#6458,.T.);
#6458=LINE('',#6455,#6460);
#6460=VECTOR('',#6461,0.508);
#6461=DIRECTION('',(0.0,-1.0,0.0));
#6452=ORIENTED_EDGE('',*,*,#6453,.F.);
#6465=CARTESIAN_POINT('',(-0.598,-2.045,0.051));
#6464=VERTEX_POINT('',#6465);
#6463=EDGE_CURVE('',#6464,#6454,#6468,.T.);
#6468=LINE('',#6465,#6470);
#6470=VECTOR('',#6471,0.0508);
#6471=DIRECTION('',(0.0,0.0,-1.0));
#6462=ORIENTED_EDGE('',*,*,#6463,.F.);
#6475=CARTESIAN_POINT('',(-0.598,-2.5,0.051));
#6474=VERTEX_POINT('',#6475);
#6473=EDGE_CURVE('',#6474,#6464,#6478,.T.);
#6478=LINE('',#6475,#6480);
#6480=VECTOR('',#6481,0.45530008);
#6481=DIRECTION('',(0.0,1.0,0.0));
#6472=ORIENTED_EDGE('',*,*,#6473,.F.);
#6485=CARTESIAN_POINT('',(-0.598,-2.5,0.394));
#6484=VERTEX_POINT('',#6485);
#6483=EDGE_CURVE('',#6484,#6474,#6488,.T.);
#6488=LINE('',#6485,#6490);
#6490=VECTOR('',#6491,0.3429);
#6491=DIRECTION('',(0.0,0.0,-1.0));
#6482=ORIENTED_EDGE('',*,*,#6483,.F.);
#6495=CARTESIAN_POINT('',(-0.598,-2.553,0.394));
#6494=VERTEX_POINT('',#6495);
#6493=EDGE_CURVE('',#6494,#6484,#6498,.T.);
#6498=LINE('',#6495,#6500);
#6500=VECTOR('',#6501,0.0526999199999999);
#6501=DIRECTION('',(0.0,1.0,0.0));
#6492=ORIENTED_EDGE('',*,*,#6493,.F.);
#6503=EDGE_CURVE('',#6456,#6494,#6508,.T.);
#6508=LINE('',#6457,#6510);
#6510=VECTOR('',#6511,0.3937);
#6511=DIRECTION('',(0.0,0.0,1.0));
#6502=ORIENTED_EDGE('',*,*,#6503,.F.);
#6512=STYLED_ITEM('',(#34),#6513);
#6513=ADVANCED_FACE('',(#6519),#6514,.T.);
#6514=PLANE('',#6515);
#6515=AXIS2_PLACEMENT_3D('',#6516,#6517,#6518);
#6516=CARTESIAN_POINT('',(-0.902,-2.045,0.0));
#6517=DIRECTION('',(-1.0,0.0,0.0));
#6518=DIRECTION('',(0.,0.,1.));
#6519=FACE_OUTER_BOUND('',#6520,.T.);
#6520=EDGE_LOOP('',(#6521,#6531,#6541,#6551,#6561,#6571));
#6524=CARTESIAN_POINT('',(-0.902,-2.553,0.0));
#6523=VERTEX_POINT('',#6524);
#6526=CARTESIAN_POINT('',(-0.902,-2.045,0.0));
#6525=VERTEX_POINT('',#6526);
#6522=EDGE_CURVE('',#6523,#6525,#6527,.T.);
#6527=LINE('',#6524,#6529);
#6529=VECTOR('',#6530,0.508);
#6530=DIRECTION('',(0.0,1.0,0.0));
#6521=ORIENTED_EDGE('',*,*,#6522,.F.);
#6534=CARTESIAN_POINT('',(-0.902,-2.553,0.394));
#6533=VERTEX_POINT('',#6534);
#6532=EDGE_CURVE('',#6533,#6523,#6537,.T.);
#6537=LINE('',#6534,#6539);
#6539=VECTOR('',#6540,0.3937);
#6540=DIRECTION('',(0.0,0.0,-1.0));
#6531=ORIENTED_EDGE('',*,*,#6532,.F.);
#6544=CARTESIAN_POINT('',(-0.902,-2.5,0.394));
#6543=VERTEX_POINT('',#6544);
#6542=EDGE_CURVE('',#6543,#6533,#6547,.T.);
#6547=LINE('',#6544,#6549);
#6549=VECTOR('',#6550,0.0526999199999999);
#6550=DIRECTION('',(0.0,-1.0,0.0));
#6541=ORIENTED_EDGE('',*,*,#6542,.F.);
#6554=CARTESIAN_POINT('',(-0.902,-2.5,0.051));
#6553=VERTEX_POINT('',#6554);
#6552=EDGE_CURVE('',#6553,#6543,#6557,.T.);
#6557=LINE('',#6554,#6559);
#6559=VECTOR('',#6560,0.3429);
#6560=DIRECTION('',(0.0,0.0,1.0));
#6551=ORIENTED_EDGE('',*,*,#6552,.F.);
#6564=CARTESIAN_POINT('',(-0.902,-2.045,0.051));
#6563=VERTEX_POINT('',#6564);
#6562=EDGE_CURVE('',#6563,#6553,#6567,.T.);
#6567=LINE('',#6564,#6569);
#6569=VECTOR('',#6570,0.45530008);
#6570=DIRECTION('',(0.0,-1.0,0.0));
#6561=ORIENTED_EDGE('',*,*,#6562,.F.);
#6572=EDGE_CURVE('',#6525,#6563,#6577,.T.);
#6577=LINE('',#6526,#6579);
#6579=VECTOR('',#6580,0.0508);
#6580=DIRECTION('',(0.0,0.0,1.0));
#6571=ORIENTED_EDGE('',*,*,#6572,.F.);
#6581=STYLED_ITEM('',(#34),#6582);
#6582=ADVANCED_FACE('',(#6588),#6583,.T.);
#6583=PLANE('',#6584);
#6584=AXIS2_PLACEMENT_3D('',#6585,#6586,#6587);
#6585=CARTESIAN_POINT('',(-0.598,-2.553,0.394));
#6586=DIRECTION('',(0.0,0.0,1.0));
#6587=DIRECTION('',(0.,1.,0.));
#6588=FACE_OUTER_BOUND('',#6589,.T.);
#6589=EDGE_LOOP('',(#6590,#6600,#6610,#6620));
#6590=ORIENTED_EDGE('',*,*,#6493,.T.);
#6601=EDGE_CURVE('',#6543,#6484,#6606,.T.);
#6606=LINE('',#6544,#6608);
#6608=VECTOR('',#6609,0.3048);
#6609=DIRECTION('',(1.0,0.0,0.0));
#6600=ORIENTED_EDGE('',*,*,#6601,.F.);
#6610=ORIENTED_EDGE('',*,*,#6542,.T.);
#6621=EDGE_CURVE('',#6494,#6533,#6626,.T.);
#6626=LINE('',#6495,#6628);
#6628=VECTOR('',#6629,0.3048);
#6629=DIRECTION('',(-1.0,0.0,0.0));
#6620=ORIENTED_EDGE('',*,*,#6621,.F.);
#6630=STYLED_ITEM('',(#34),#6631);
#6631=ADVANCED_FACE('',(#6637),#6632,.T.);
#6632=PLANE('',#6633);
#6633=AXIS2_PLACEMENT_3D('',#6634,#6635,#6636);
#6634=CARTESIAN_POINT('',(-0.598,-2.5,0.051));
#6635=DIRECTION('',(0.0,0.0,1.0));
#6636=DIRECTION('',(0.,1.,0.));
#6637=FACE_OUTER_BOUND('',#6638,.T.);
#6638=EDGE_LOOP('',(#6639,#6649,#6659,#6669));
#6639=ORIENTED_EDGE('',*,*,#6473,.T.);
#6650=EDGE_CURVE('',#6563,#6464,#6655,.T.);
#6655=LINE('',#6564,#6657);
#6657=VECTOR('',#6658,0.3048);
#6658=DIRECTION('',(1.0,0.0,0.0));
#6649=ORIENTED_EDGE('',*,*,#6650,.F.);
#6659=ORIENTED_EDGE('',*,*,#6562,.T.);
#6670=EDGE_CURVE('',#6474,#6553,#6675,.T.);
#6675=LINE('',#6475,#6677);
#6677=VECTOR('',#6678,0.3048);
#6678=DIRECTION('',(-1.0,0.0,0.0));
#6669=ORIENTED_EDGE('',*,*,#6670,.F.);
#6679=STYLED_ITEM('',(#34),#6680);
#6680=ADVANCED_FACE('',(#6686),#6681,.T.);
#6681=PLANE('',#6682);
#6682=AXIS2_PLACEMENT_3D('',#6683,#6684,#6685);
#6683=CARTESIAN_POINT('',(-0.902,-2.553,0.0));
#6684=DIRECTION('',(0.0,-1.0,0.0));
#6685=DIRECTION('',(0.,0.,1.));
#6686=FACE_OUTER_BOUND('',#6687,.T.);
#6687=EDGE_LOOP('',(#6688,#6698,#6708,#6718));
#6689=EDGE_CURVE('',#6456,#6523,#6694,.T.);
#6694=LINE('',#6457,#6696);
#6696=VECTOR('',#6697,0.3048);
#6697=DIRECTION('',(-1.0,0.0,0.0));
#6688=ORIENTED_EDGE('',*,*,#6689,.F.);
#6698=ORIENTED_EDGE('',*,*,#6503,.T.);
#6708=ORIENTED_EDGE('',*,*,#6621,.T.);
#6718=ORIENTED_EDGE('',*,*,#6532,.T.);
#6728=STYLED_ITEM('',(#34),#6729);
#6729=ADVANCED_FACE('',(#6735),#6730,.T.);
#6730=PLANE('',#6731);
#6731=AXIS2_PLACEMENT_3D('',#6732,#6733,#6734);
#6732=CARTESIAN_POINT('',(-0.598,-2.045,0.0));
#6733=DIRECTION('',(0.0,1.0,0.0));
#6734=DIRECTION('',(0.,0.,1.));
#6735=FACE_OUTER_BOUND('',#6736,.T.);
#6736=EDGE_LOOP('',(#6737,#6747,#6757,#6767));
#6738=EDGE_CURVE('',#6525,#6454,#6743,.T.);
#6743=LINE('',#6526,#6745);
#6745=VECTOR('',#6746,0.3048);
#6746=DIRECTION('',(1.0,0.0,0.0));
#6737=ORIENTED_EDGE('',*,*,#6738,.F.);
#6747=ORIENTED_EDGE('',*,*,#6572,.T.);
#6757=ORIENTED_EDGE('',*,*,#6650,.T.);
#6767=ORIENTED_EDGE('',*,*,#6463,.T.);
#6777=STYLED_ITEM('',(#34),#6778);
#6778=ADVANCED_FACE('',(#6784),#6779,.T.);
#6779=PLANE('',#6780);
#6780=AXIS2_PLACEMENT_3D('',#6781,#6782,#6783);
#6781=CARTESIAN_POINT('',(-0.598,-2.5,0.051));
#6782=DIRECTION('',(0.0,1.0,0.0));
#6783=DIRECTION('',(0.,0.,1.));
#6784=FACE_OUTER_BOUND('',#6785,.T.);
#6785=EDGE_LOOP('',(#6786,#6796,#6806,#6816));
#6786=ORIENTED_EDGE('',*,*,#6670,.T.);
#6796=ORIENTED_EDGE('',*,*,#6552,.T.);
#6806=ORIENTED_EDGE('',*,*,#6601,.T.);
#6816=ORIENTED_EDGE('',*,*,#6483,.T.);
#6826=STYLED_ITEM('',(#34),#6827);
#6827=ADVANCED_FACE('',(#6833),#6828,.T.);
#6828=PLANE('',#6829);
#6829=AXIS2_PLACEMENT_3D('',#6830,#6831,#6832);
#6830=CARTESIAN_POINT('',(-0.902,-2.553,0.0));
#6831=DIRECTION('',(0.0,0.0,-1.0));
#6832=DIRECTION('',(0.,1.,0.));
#6833=FACE_OUTER_BOUND('',#6834,.T.);
#6834=EDGE_LOOP('',(#6835,#6845,#6855,#6865));
#6835=ORIENTED_EDGE('',*,*,#6522,.T.);
#6845=ORIENTED_EDGE('',*,*,#6738,.T.);
#6855=ORIENTED_EDGE('',*,*,#6453,.T.);
#6865=ORIENTED_EDGE('',*,*,#6689,.T.);
#6875=MANIFOLD_SOLID_BREP($,#6876);
#6876=CLOSED_SHELL('',(#6878,#6947,#7016,#7065,#7114,#7163,#7212,#7261));
#6877=STYLED_ITEM('',(#34),#6878);
#6878=ADVANCED_FACE('',(#6884),#6879,.T.);
#6879=PLANE('',#6880);
#6880=AXIS2_PLACEMENT_3D('',#6881,#6882,#6883);
#6881=CARTESIAN_POINT('',(-0.098,-2.553,0.0));
#6882=DIRECTION('',(1.0,0.0,0.0));
#6883=DIRECTION('',(0.,0.,1.));
#6884=FACE_OUTER_BOUND('',#6885,.T.);
#6885=EDGE_LOOP('',(#6886,#6896,#6906,#6916,#6926,#6936));
#6889=CARTESIAN_POINT('',(-0.098,-2.045,0.0));
#6888=VERTEX_POINT('',#6889);
#6891=CARTESIAN_POINT('',(-0.098,-2.553,0.0));
#6890=VERTEX_POINT('',#6891);
#6887=EDGE_CURVE('',#6888,#6890,#6892,.T.);
#6892=LINE('',#6889,#6894);
#6894=VECTOR('',#6895,0.508);
#6895=DIRECTION('',(0.0,-1.0,0.0));
#6886=ORIENTED_EDGE('',*,*,#6887,.F.);
#6899=CARTESIAN_POINT('',(-0.098,-2.045,0.051));
#6898=VERTEX_POINT('',#6899);
#6897=EDGE_CURVE('',#6898,#6888,#6902,.T.);
#6902=LINE('',#6899,#6904);
#6904=VECTOR('',#6905,0.0508);
#6905=DIRECTION('',(0.0,0.0,-1.0));
#6896=ORIENTED_EDGE('',*,*,#6897,.F.);
#6909=CARTESIAN_POINT('',(-0.098,-2.5,0.051));
#6908=VERTEX_POINT('',#6909);
#6907=EDGE_CURVE('',#6908,#6898,#6912,.T.);
#6912=LINE('',#6909,#6914);
#6914=VECTOR('',#6915,0.45530008);
#6915=DIRECTION('',(0.0,1.0,0.0));
#6906=ORIENTED_EDGE('',*,*,#6907,.F.);
#6919=CARTESIAN_POINT('',(-0.098,-2.5,0.394));
#6918=VERTEX_POINT('',#6919);
#6917=EDGE_CURVE('',#6918,#6908,#6922,.T.);
#6922=LINE('',#6919,#6924);
#6924=VECTOR('',#6925,0.3429);
#6925=DIRECTION('',(0.0,0.0,-1.0));
#6916=ORIENTED_EDGE('',*,*,#6917,.F.);
#6929=CARTESIAN_POINT('',(-0.098,-2.553,0.394));
#6928=VERTEX_POINT('',#6929);
#6927=EDGE_CURVE('',#6928,#6918,#6932,.T.);
#6932=LINE('',#6929,#6934);
#6934=VECTOR('',#6935,0.0526999199999999);
#6935=DIRECTION('',(0.0,1.0,0.0));
#6926=ORIENTED_EDGE('',*,*,#6927,.F.);
#6937=EDGE_CURVE('',#6890,#6928,#6942,.T.);
#6942=LINE('',#6891,#6944);
#6944=VECTOR('',#6945,0.3937);
#6945=DIRECTION('',(0.0,0.0,1.0));
#6936=ORIENTED_EDGE('',*,*,#6937,.F.);
#6946=STYLED_ITEM('',(#34),#6947);
#6947=ADVANCED_FACE('',(#6953),#6948,.T.);
#6948=PLANE('',#6949);
#6949=AXIS2_PLACEMENT_3D('',#6950,#6951,#6952);
#6950=CARTESIAN_POINT('',(-0.402,-2.045,0.0));
#6951=DIRECTION('',(-1.0,0.0,0.0));
#6952=DIRECTION('',(0.,0.,1.));
#6953=FACE_OUTER_BOUND('',#6954,.T.);
#6954=EDGE_LOOP('',(#6955,#6965,#6975,#6985,#6995,#7005));
#6958=CARTESIAN_POINT('',(-0.402,-2.553,0.0));
#6957=VERTEX_POINT('',#6958);
#6960=CARTESIAN_POINT('',(-0.402,-2.045,0.0));
#6959=VERTEX_POINT('',#6960);
#6956=EDGE_CURVE('',#6957,#6959,#6961,.T.);
#6961=LINE('',#6958,#6963);
#6963=VECTOR('',#6964,0.508);
#6964=DIRECTION('',(0.0,1.0,0.0));
#6955=ORIENTED_EDGE('',*,*,#6956,.F.);
#6968=CARTESIAN_POINT('',(-0.402,-2.553,0.394));
#6967=VERTEX_POINT('',#6968);
#6966=EDGE_CURVE('',#6967,#6957,#6971,.T.);
#6971=LINE('',#6968,#6973);
#6973=VECTOR('',#6974,0.3937);
#6974=DIRECTION('',(0.0,0.0,-1.0));
#6965=ORIENTED_EDGE('',*,*,#6966,.F.);
#6978=CARTESIAN_POINT('',(-0.402,-2.5,0.394));
#6977=VERTEX_POINT('',#6978);
#6976=EDGE_CURVE('',#6977,#6967,#6981,.T.);
#6981=LINE('',#6978,#6983);
#6983=VECTOR('',#6984,0.0526999199999999);
#6984=DIRECTION('',(0.0,-1.0,0.0));
#6975=ORIENTED_EDGE('',*,*,#6976,.F.);
#6988=CARTESIAN_POINT('',(-0.402,-2.5,0.051));
#6987=VERTEX_POINT('',#6988);
#6986=EDGE_CURVE('',#6987,#6977,#6991,.T.);
#6991=LINE('',#6988,#6993);
#6993=VECTOR('',#6994,0.3429);
#6994=DIRECTION('',(0.0,0.0,1.0));
#6985=ORIENTED_EDGE('',*,*,#6986,.F.);
#6998=CARTESIAN_POINT('',(-0.402,-2.045,0.051));
#6997=VERTEX_POINT('',#6998);
#6996=EDGE_CURVE('',#6997,#6987,#7001,.T.);
#7001=LINE('',#6998,#7003);
#7003=VECTOR('',#7004,0.45530008);
#7004=DIRECTION('',(0.0,-1.0,0.0));
#6995=ORIENTED_EDGE('',*,*,#6996,.F.);
#7006=EDGE_CURVE('',#6959,#6997,#7011,.T.);
#7011=LINE('',#6960,#7013);
#7013=VECTOR('',#7014,0.0508);
#7014=DIRECTION('',(0.0,0.0,1.0));
#7005=ORIENTED_EDGE('',*,*,#7006,.F.);
#7015=STYLED_ITEM('',(#34),#7016);
#7016=ADVANCED_FACE('',(#7022),#7017,.T.);
#7017=PLANE('',#7018);
#7018=AXIS2_PLACEMENT_3D('',#7019,#7020,#7021);
#7019=CARTESIAN_POINT('',(-0.098,-2.553,0.394));
#7020=DIRECTION('',(0.0,0.0,1.0));
#7021=DIRECTION('',(0.,1.,0.));
#7022=FACE_OUTER_BOUND('',#7023,.T.);
#7023=EDGE_LOOP('',(#7024,#7034,#7044,#7054));
#7024=ORIENTED_EDGE('',*,*,#6927,.T.);
#7035=EDGE_CURVE('',#6977,#6918,#7040,.T.);
#7040=LINE('',#6978,#7042);
#7042=VECTOR('',#7043,0.3048);
#7043=DIRECTION('',(1.0,0.0,0.0));
#7034=ORIENTED_EDGE('',*,*,#7035,.F.);
#7044=ORIENTED_EDGE('',*,*,#6976,.T.);
#7055=EDGE_CURVE('',#6928,#6967,#7060,.T.);
#7060=LINE('',#6929,#7062);
#7062=VECTOR('',#7063,0.3048);
#7063=DIRECTION('',(-1.0,0.0,0.0));
#7054=ORIENTED_EDGE('',*,*,#7055,.F.);
#7064=STYLED_ITEM('',(#34),#7065);
#7065=ADVANCED_FACE('',(#7071),#7066,.T.);
#7066=PLANE('',#7067);
#7067=AXIS2_PLACEMENT_3D('',#7068,#7069,#7070);
#7068=CARTESIAN_POINT('',(-0.098,-2.5,0.051));
#7069=DIRECTION('',(0.0,0.0,1.0));
#7070=DIRECTION('',(0.,1.,0.));
#7071=FACE_OUTER_BOUND('',#7072,.T.);
#7072=EDGE_LOOP('',(#7073,#7083,#7093,#7103));
#7073=ORIENTED_EDGE('',*,*,#6907,.T.);
#7084=EDGE_CURVE('',#6997,#6898,#7089,.T.);
#7089=LINE('',#6998,#7091);
#7091=VECTOR('',#7092,0.3048);
#7092=DIRECTION('',(1.0,0.0,0.0));
#7083=ORIENTED_EDGE('',*,*,#7084,.F.);
#7093=ORIENTED_EDGE('',*,*,#6996,.T.);
#7104=EDGE_CURVE('',#6908,#6987,#7109,.T.);
#7109=LINE('',#6909,#7111);
#7111=VECTOR('',#7112,0.3048);
#7112=DIRECTION('',(-1.0,0.0,0.0));
#7103=ORIENTED_EDGE('',*,*,#7104,.F.);
#7113=STYLED_ITEM('',(#34),#7114);
#7114=ADVANCED_FACE('',(#7120),#7115,.T.);
#7115=PLANE('',#7116);
#7116=AXIS2_PLACEMENT_3D('',#7117,#7118,#7119);
#7117=CARTESIAN_POINT('',(-0.402,-2.553,0.0));
#7118=DIRECTION('',(0.0,-1.0,0.0));
#7119=DIRECTION('',(0.,0.,1.));
#7120=FACE_OUTER_BOUND('',#7121,.T.);
#7121=EDGE_LOOP('',(#7122,#7132,#7142,#7152));
#7123=EDGE_CURVE('',#6890,#6957,#7128,.T.);
#7128=LINE('',#6891,#7130);
#7130=VECTOR('',#7131,0.3048);
#7131=DIRECTION('',(-1.0,0.0,0.0));
#7122=ORIENTED_EDGE('',*,*,#7123,.F.);
#7132=ORIENTED_EDGE('',*,*,#6937,.T.);
#7142=ORIENTED_EDGE('',*,*,#7055,.T.);
#7152=ORIENTED_EDGE('',*,*,#6966,.T.);
#7162=STYLED_ITEM('',(#34),#7163);
#7163=ADVANCED_FACE('',(#7169),#7164,.T.);
#7164=PLANE('',#7165);
#7165=AXIS2_PLACEMENT_3D('',#7166,#7167,#7168);
#7166=CARTESIAN_POINT('',(-0.098,-2.045,0.0));
#7167=DIRECTION('',(0.0,1.0,0.0));
#7168=DIRECTION('',(0.,0.,1.));
#7169=FACE_OUTER_BOUND('',#7170,.T.);
#7170=EDGE_LOOP('',(#7171,#7181,#7191,#7201));
#7172=EDGE_CURVE('',#6959,#6888,#7177,.T.);
#7177=LINE('',#6960,#7179);
#7179=VECTOR('',#7180,0.3048);
#7180=DIRECTION('',(1.0,0.0,0.0));
#7171=ORIENTED_EDGE('',*,*,#7172,.F.);
#7181=ORIENTED_EDGE('',*,*,#7006,.T.);
#7191=ORIENTED_EDGE('',*,*,#7084,.T.);
#7201=ORIENTED_EDGE('',*,*,#6897,.T.);
#7211=STYLED_ITEM('',(#34),#7212);
#7212=ADVANCED_FACE('',(#7218),#7213,.T.);
#7213=PLANE('',#7214);
#7214=AXIS2_PLACEMENT_3D('',#7215,#7216,#7217);
#7215=CARTESIAN_POINT('',(-0.098,-2.5,0.051));
#7216=DIRECTION('',(0.0,1.0,0.0));
#7217=DIRECTION('',(0.,0.,1.));
#7218=FACE_OUTER_BOUND('',#7219,.T.);
#7219=EDGE_LOOP('',(#7220,#7230,#7240,#7250));
#7220=ORIENTED_EDGE('',*,*,#7104,.T.);
#7230=ORIENTED_EDGE('',*,*,#6986,.T.);
#7240=ORIENTED_EDGE('',*,*,#7035,.T.);
#7250=ORIENTED_EDGE('',*,*,#6917,.T.);
#7260=STYLED_ITEM('',(#34),#7261);
#7261=ADVANCED_FACE('',(#7267),#7262,.T.);
#7262=PLANE('',#7263);
#7263=AXIS2_PLACEMENT_3D('',#7264,#7265,#7266);
#7264=CARTESIAN_POINT('',(-0.402,-2.553,0.0));
#7265=DIRECTION('',(0.0,0.0,-1.0));
#7266=DIRECTION('',(0.,1.,0.));
#7267=FACE_OUTER_BOUND('',#7268,.T.);
#7268=EDGE_LOOP('',(#7269,#7279,#7289,#7299));
#7269=ORIENTED_EDGE('',*,*,#6956,.T.);
#7279=ORIENTED_EDGE('',*,*,#7172,.T.);
#7289=ORIENTED_EDGE('',*,*,#6887,.T.);
#7299=ORIENTED_EDGE('',*,*,#7123,.T.);
#7309=MANIFOLD_SOLID_BREP($,#7310);
#7310=CLOSED_SHELL('',(#7312,#7381,#7450,#7499,#7548,#7597,#7646,#7695));
#7311=STYLED_ITEM('',(#34),#7312);
#7312=ADVANCED_FACE('',(#7318),#7313,.T.);
#7313=PLANE('',#7314);
#7314=AXIS2_PLACEMENT_3D('',#7315,#7316,#7317);
#7315=CARTESIAN_POINT('',(0.402,-2.553,0.0));
#7316=DIRECTION('',(1.0,0.0,0.0));
#7317=DIRECTION('',(0.,0.,1.));
#7318=FACE_OUTER_BOUND('',#7319,.T.);
#7319=EDGE_LOOP('',(#7320,#7330,#7340,#7350,#7360,#7370));
#7323=CARTESIAN_POINT('',(0.402,-2.045,0.0));
#7322=VERTEX_POINT('',#7323);
#7325=CARTESIAN_POINT('',(0.402,-2.553,0.0));
#7324=VERTEX_POINT('',#7325);
#7321=EDGE_CURVE('',#7322,#7324,#7326,.T.);
#7326=LINE('',#7323,#7328);
#7328=VECTOR('',#7329,0.508);
#7329=DIRECTION('',(0.0,-1.0,0.0));
#7320=ORIENTED_EDGE('',*,*,#7321,.F.);
#7333=CARTESIAN_POINT('',(0.402,-2.045,0.051));
#7332=VERTEX_POINT('',#7333);
#7331=EDGE_CURVE('',#7332,#7322,#7336,.T.);
#7336=LINE('',#7333,#7338);
#7338=VECTOR('',#7339,0.0508);
#7339=DIRECTION('',(0.0,0.0,-1.0));
#7330=ORIENTED_EDGE('',*,*,#7331,.F.);
#7343=CARTESIAN_POINT('',(0.402,-2.5,0.051));
#7342=VERTEX_POINT('',#7343);
#7341=EDGE_CURVE('',#7342,#7332,#7346,.T.);
#7346=LINE('',#7343,#7348);
#7348=VECTOR('',#7349,0.45530008);
#7349=DIRECTION('',(0.0,1.0,0.0));
#7340=ORIENTED_EDGE('',*,*,#7341,.F.);
#7353=CARTESIAN_POINT('',(0.402,-2.5,0.394));
#7352=VERTEX_POINT('',#7353);
#7351=EDGE_CURVE('',#7352,#7342,#7356,.T.);
#7356=LINE('',#7353,#7358);
#7358=VECTOR('',#7359,0.3429);
#7359=DIRECTION('',(0.0,0.0,-1.0));
#7350=ORIENTED_EDGE('',*,*,#7351,.F.);
#7363=CARTESIAN_POINT('',(0.402,-2.553,0.394));
#7362=VERTEX_POINT('',#7363);
#7361=EDGE_CURVE('',#7362,#7352,#7366,.T.);
#7366=LINE('',#7363,#7368);
#7368=VECTOR('',#7369,0.0526999199999999);
#7369=DIRECTION('',(0.0,1.0,0.0));
#7360=ORIENTED_EDGE('',*,*,#7361,.F.);
#7371=EDGE_CURVE('',#7324,#7362,#7376,.T.);
#7376=LINE('',#7325,#7378);
#7378=VECTOR('',#7379,0.3937);
#7379=DIRECTION('',(0.0,0.0,1.0));
#7370=ORIENTED_EDGE('',*,*,#7371,.F.);
#7380=STYLED_ITEM('',(#34),#7381);
#7381=ADVANCED_FACE('',(#7387),#7382,.T.);
#7382=PLANE('',#7383);
#7383=AXIS2_PLACEMENT_3D('',#7384,#7385,#7386);
#7384=CARTESIAN_POINT('',(0.098,-2.045,0.0));
#7385=DIRECTION('',(-1.0,0.0,0.0));
#7386=DIRECTION('',(0.,0.,1.));
#7387=FACE_OUTER_BOUND('',#7388,.T.);
#7388=EDGE_LOOP('',(#7389,#7399,#7409,#7419,#7429,#7439));
#7392=CARTESIAN_POINT('',(0.098,-2.553,0.0));
#7391=VERTEX_POINT('',#7392);
#7394=CARTESIAN_POINT('',(0.098,-2.045,0.0));
#7393=VERTEX_POINT('',#7394);
#7390=EDGE_CURVE('',#7391,#7393,#7395,.T.);
#7395=LINE('',#7392,#7397);
#7397=VECTOR('',#7398,0.508);
#7398=DIRECTION('',(0.0,1.0,0.0));
#7389=ORIENTED_EDGE('',*,*,#7390,.F.);
#7402=CARTESIAN_POINT('',(0.098,-2.553,0.394));
#7401=VERTEX_POINT('',#7402);
#7400=EDGE_CURVE('',#7401,#7391,#7405,.T.);
#7405=LINE('',#7402,#7407);
#7407=VECTOR('',#7408,0.3937);
#7408=DIRECTION('',(0.0,0.0,-1.0));
#7399=ORIENTED_EDGE('',*,*,#7400,.F.);
#7412=CARTESIAN_POINT('',(0.098,-2.5,0.394));
#7411=VERTEX_POINT('',#7412);
#7410=EDGE_CURVE('',#7411,#7401,#7415,.T.);
#7415=LINE('',#7412,#7417);
#7417=VECTOR('',#7418,0.0526999199999999);
#7418=DIRECTION('',(0.0,-1.0,0.0));
#7409=ORIENTED_EDGE('',*,*,#7410,.F.);
#7422=CARTESIAN_POINT('',(0.098,-2.5,0.051));
#7421=VERTEX_POINT('',#7422);
#7420=EDGE_CURVE('',#7421,#7411,#7425,.T.);
#7425=LINE('',#7422,#7427);
#7427=VECTOR('',#7428,0.3429);
#7428=DIRECTION('',(0.0,0.0,1.0));
#7419=ORIENTED_EDGE('',*,*,#7420,.F.);
#7432=CARTESIAN_POINT('',(0.098,-2.045,0.051));
#7431=VERTEX_POINT('',#7432);
#7430=EDGE_CURVE('',#7431,#7421,#7435,.T.);
#7435=LINE('',#7432,#7437);
#7437=VECTOR('',#7438,0.45530008);
#7438=DIRECTION('',(0.0,-1.0,0.0));
#7429=ORIENTED_EDGE('',*,*,#7430,.F.);
#7440=EDGE_CURVE('',#7393,#7431,#7445,.T.);
#7445=LINE('',#7394,#7447);
#7447=VECTOR('',#7448,0.0508);
#7448=DIRECTION('',(0.0,0.0,1.0));
#7439=ORIENTED_EDGE('',*,*,#7440,.F.);
#7449=STYLED_ITEM('',(#34),#7450);
#7450=ADVANCED_FACE('',(#7456),#7451,.T.);
#7451=PLANE('',#7452);
#7452=AXIS2_PLACEMENT_3D('',#7453,#7454,#7455);
#7453=CARTESIAN_POINT('',(0.402,-2.553,0.394));
#7454=DIRECTION('',(0.0,0.0,1.0));
#7455=DIRECTION('',(0.,1.,0.));
#7456=FACE_OUTER_BOUND('',#7457,.T.);
#7457=EDGE_LOOP('',(#7458,#7468,#7478,#7488));
#7458=ORIENTED_EDGE('',*,*,#7361,.T.);
#7469=EDGE_CURVE('',#7411,#7352,#7474,.T.);
#7474=LINE('',#7412,#7476);
#7476=VECTOR('',#7477,0.3048);
#7477=DIRECTION('',(1.0,0.0,0.0));
#7468=ORIENTED_EDGE('',*,*,#7469,.F.);
#7478=ORIENTED_EDGE('',*,*,#7410,.T.);
#7489=EDGE_CURVE('',#7362,#7401,#7494,.T.);
#7494=LINE('',#7363,#7496);
#7496=VECTOR('',#7497,0.3048);
#7497=DIRECTION('',(-1.0,0.0,0.0));
#7488=ORIENTED_EDGE('',*,*,#7489,.F.);
#7498=STYLED_ITEM('',(#34),#7499);
#7499=ADVANCED_FACE('',(#7505),#7500,.T.);
#7500=PLANE('',#7501);
#7501=AXIS2_PLACEMENT_3D('',#7502,#7503,#7504);
#7502=CARTESIAN_POINT('',(0.402,-2.5,0.051));
#7503=DIRECTION('',(0.0,0.0,1.0));
#7504=DIRECTION('',(0.,1.,0.));
#7505=FACE_OUTER_BOUND('',#7506,.T.);
#7506=EDGE_LOOP('',(#7507,#7517,#7527,#7537));
#7507=ORIENTED_EDGE('',*,*,#7341,.T.);
#7518=EDGE_CURVE('',#7431,#7332,#7523,.T.);
#7523=LINE('',#7432,#7525);
#7525=VECTOR('',#7526,0.3048);
#7526=DIRECTION('',(1.0,0.0,0.0));
#7517=ORIENTED_EDGE('',*,*,#7518,.F.);
#7527=ORIENTED_EDGE('',*,*,#7430,.T.);
#7538=EDGE_CURVE('',#7342,#7421,#7543,.T.);
#7543=LINE('',#7343,#7545);
#7545=VECTOR('',#7546,0.3048);
#7546=DIRECTION('',(-1.0,0.0,0.0));
#7537=ORIENTED_EDGE('',*,*,#7538,.F.);
#7547=STYLED_ITEM('',(#34),#7548);
#7548=ADVANCED_FACE('',(#7554),#7549,.T.);
#7549=PLANE('',#7550);
#7550=AXIS2_PLACEMENT_3D('',#7551,#7552,#7553);
#7551=CARTESIAN_POINT('',(0.098,-2.553,0.0));
#7552=DIRECTION('',(0.0,-1.0,0.0));
#7553=DIRECTION('',(0.,0.,1.));
#7554=FACE_OUTER_BOUND('',#7555,.T.);
#7555=EDGE_LOOP('',(#7556,#7566,#7576,#7586));
#7557=EDGE_CURVE('',#7324,#7391,#7562,.T.);
#7562=LINE('',#7325,#7564);
#7564=VECTOR('',#7565,0.3048);
#7565=DIRECTION('',(-1.0,0.0,0.0));
#7556=ORIENTED_EDGE('',*,*,#7557,.F.);
#7566=ORIENTED_EDGE('',*,*,#7371,.T.);
#7576=ORIENTED_EDGE('',*,*,#7489,.T.);
#7586=ORIENTED_EDGE('',*,*,#7400,.T.);
#7596=STYLED_ITEM('',(#34),#7597);
#7597=ADVANCED_FACE('',(#7603),#7598,.T.);
#7598=PLANE('',#7599);
#7599=AXIS2_PLACEMENT_3D('',#7600,#7601,#7602);
#7600=CARTESIAN_POINT('',(0.402,-2.045,0.0));
#7601=DIRECTION('',(0.0,1.0,0.0));
#7602=DIRECTION('',(0.,0.,1.));
#7603=FACE_OUTER_BOUND('',#7604,.T.);
#7604=EDGE_LOOP('',(#7605,#7615,#7625,#7635));
#7606=EDGE_CURVE('',#7393,#7322,#7611,.T.);
#7611=LINE('',#7394,#7613);
#7613=VECTOR('',#7614,0.3048);
#7614=DIRECTION('',(1.0,0.0,0.0));
#7605=ORIENTED_EDGE('',*,*,#7606,.F.);
#7615=ORIENTED_EDGE('',*,*,#7440,.T.);
#7625=ORIENTED_EDGE('',*,*,#7518,.T.);
#7635=ORIENTED_EDGE('',*,*,#7331,.T.);
#7645=STYLED_ITEM('',(#34),#7646);
#7646=ADVANCED_FACE('',(#7652),#7647,.T.);
#7647=PLANE('',#7648);
#7648=AXIS2_PLACEMENT_3D('',#7649,#7650,#7651);
#7649=CARTESIAN_POINT('',(0.402,-2.5,0.051));
#7650=DIRECTION('',(0.0,1.0,0.0));
#7651=DIRECTION('',(0.,0.,1.));
#7652=FACE_OUTER_BOUND('',#7653,.T.);
#7653=EDGE_LOOP('',(#7654,#7664,#7674,#7684));
#7654=ORIENTED_EDGE('',*,*,#7538,.T.);
#7664=ORIENTED_EDGE('',*,*,#7420,.T.);
#7674=ORIENTED_EDGE('',*,*,#7469,.T.);
#7684=ORIENTED_EDGE('',*,*,#7351,.T.);
#7694=STYLED_ITEM('',(#34),#7695);
#7695=ADVANCED_FACE('',(#7701),#7696,.T.);
#7696=PLANE('',#7697);
#7697=AXIS2_PLACEMENT_3D('',#7698,#7699,#7700);
#7698=CARTESIAN_POINT('',(0.098,-2.553,0.0));
#7699=DIRECTION('',(0.0,0.0,-1.0));
#7700=DIRECTION('',(0.,1.,0.));
#7701=FACE_OUTER_BOUND('',#7702,.T.);
#7702=EDGE_LOOP('',(#7703,#7713,#7723,#7733));
#7703=ORIENTED_EDGE('',*,*,#7390,.T.);
#7713=ORIENTED_EDGE('',*,*,#7606,.T.);
#7723=ORIENTED_EDGE('',*,*,#7321,.T.);
#7733=ORIENTED_EDGE('',*,*,#7557,.T.);
#7743=MANIFOLD_SOLID_BREP($,#7744);
#7744=CLOSED_SHELL('',(#7746,#7815,#7884,#7933,#7982,#8031,#8080,#8129));
#7745=STYLED_ITEM('',(#34),#7746);
#7746=ADVANCED_FACE('',(#7752),#7747,.T.);
#7747=PLANE('',#7748);
#7748=AXIS2_PLACEMENT_3D('',#7749,#7750,#7751);
#7749=CARTESIAN_POINT('',(0.902,-2.553,0.0));
#7750=DIRECTION('',(1.0,0.0,0.0));
#7751=DIRECTION('',(0.,0.,1.));
#7752=FACE_OUTER_BOUND('',#7753,.T.);
#7753=EDGE_LOOP('',(#7754,#7764,#7774,#7784,#7794,#7804));
#7757=CARTESIAN_POINT('',(0.902,-2.045,0.0));
#7756=VERTEX_POINT('',#7757);
#7759=CARTESIAN_POINT('',(0.902,-2.553,0.0));
#7758=VERTEX_POINT('',#7759);
#7755=EDGE_CURVE('',#7756,#7758,#7760,.T.);
#7760=LINE('',#7757,#7762);
#7762=VECTOR('',#7763,0.508);
#7763=DIRECTION('',(0.0,-1.0,0.0));
#7754=ORIENTED_EDGE('',*,*,#7755,.F.);
#7767=CARTESIAN_POINT('',(0.902,-2.045,0.051));
#7766=VERTEX_POINT('',#7767);
#7765=EDGE_CURVE('',#7766,#7756,#7770,.T.);
#7770=LINE('',#7767,#7772);
#7772=VECTOR('',#7773,0.0508);
#7773=DIRECTION('',(0.0,0.0,-1.0));
#7764=ORIENTED_EDGE('',*,*,#7765,.F.);
#7777=CARTESIAN_POINT('',(0.902,-2.5,0.051));
#7776=VERTEX_POINT('',#7777);
#7775=EDGE_CURVE('',#7776,#7766,#7780,.T.);
#7780=LINE('',#7777,#7782);
#7782=VECTOR('',#7783,0.45530008);
#7783=DIRECTION('',(0.0,1.0,0.0));
#7774=ORIENTED_EDGE('',*,*,#7775,.F.);
#7787=CARTESIAN_POINT('',(0.902,-2.5,0.394));
#7786=VERTEX_POINT('',#7787);
#7785=EDGE_CURVE('',#7786,#7776,#7790,.T.);
#7790=LINE('',#7787,#7792);
#7792=VECTOR('',#7793,0.3429);
#7793=DIRECTION('',(0.0,0.0,-1.0));
#7784=ORIENTED_EDGE('',*,*,#7785,.F.);
#7797=CARTESIAN_POINT('',(0.902,-2.553,0.394));
#7796=VERTEX_POINT('',#7797);
#7795=EDGE_CURVE('',#7796,#7786,#7800,.T.);
#7800=LINE('',#7797,#7802);
#7802=VECTOR('',#7803,0.0526999199999999);
#7803=DIRECTION('',(0.0,1.0,0.0));
#7794=ORIENTED_EDGE('',*,*,#7795,.F.);
#7805=EDGE_CURVE('',#7758,#7796,#7810,.T.);
#7810=LINE('',#7759,#7812);
#7812=VECTOR('',#7813,0.3937);
#7813=DIRECTION('',(0.0,0.0,1.0));
#7804=ORIENTED_EDGE('',*,*,#7805,.F.);
#7814=STYLED_ITEM('',(#34),#7815);
#7815=ADVANCED_FACE('',(#7821),#7816,.T.);
#7816=PLANE('',#7817);
#7817=AXIS2_PLACEMENT_3D('',#7818,#7819,#7820);
#7818=CARTESIAN_POINT('',(0.598,-2.045,0.0));
#7819=DIRECTION('',(-1.0,0.0,0.0));
#7820=DIRECTION('',(0.,0.,1.));
#7821=FACE_OUTER_BOUND('',#7822,.T.);
#7822=EDGE_LOOP('',(#7823,#7833,#7843,#7853,#7863,#7873));
#7826=CARTESIAN_POINT('',(0.598,-2.553,0.0));
#7825=VERTEX_POINT('',#7826);
#7828=CARTESIAN_POINT('',(0.598,-2.045,0.0));
#7827=VERTEX_POINT('',#7828);
#7824=EDGE_CURVE('',#7825,#7827,#7829,.T.);
#7829=LINE('',#7826,#7831);
#7831=VECTOR('',#7832,0.508);
#7832=DIRECTION('',(0.0,1.0,0.0));
#7823=ORIENTED_EDGE('',*,*,#7824,.F.);
#7836=CARTESIAN_POINT('',(0.598,-2.553,0.394));
#7835=VERTEX_POINT('',#7836);
#7834=EDGE_CURVE('',#7835,#7825,#7839,.T.);
#7839=LINE('',#7836,#7841);
#7841=VECTOR('',#7842,0.3937);
#7842=DIRECTION('',(0.0,0.0,-1.0));
#7833=ORIENTED_EDGE('',*,*,#7834,.F.);
#7846=CARTESIAN_POINT('',(0.598,-2.5,0.394));
#7845=VERTEX_POINT('',#7846);
#7844=EDGE_CURVE('',#7845,#7835,#7849,.T.);
#7849=LINE('',#7846,#7851);
#7851=VECTOR('',#7852,0.0526999199999999);
#7852=DIRECTION('',(0.0,-1.0,0.0));
#7843=ORIENTED_EDGE('',*,*,#7844,.F.);
#7856=CARTESIAN_POINT('',(0.598,-2.5,0.051));
#7855=VERTEX_POINT('',#7856);
#7854=EDGE_CURVE('',#7855,#7845,#7859,.T.);
#7859=LINE('',#7856,#7861);
#7861=VECTOR('',#7862,0.3429);
#7862=DIRECTION('',(0.0,0.0,1.0));
#7853=ORIENTED_EDGE('',*,*,#7854,.F.);
#7866=CARTESIAN_POINT('',(0.598,-2.045,0.051));
#7865=VERTEX_POINT('',#7866);
#7864=EDGE_CURVE('',#7865,#7855,#7869,.T.);
#7869=LINE('',#7866,#7871);
#7871=VECTOR('',#7872,0.45530008);
#7872=DIRECTION('',(0.0,-1.0,0.0));
#7863=ORIENTED_EDGE('',*,*,#7864,.F.);
#7874=EDGE_CURVE('',#7827,#7865,#7879,.T.);
#7879=LINE('',#7828,#7881);
#7881=VECTOR('',#7882,0.0508);
#7882=DIRECTION('',(0.0,0.0,1.0));
#7873=ORIENTED_EDGE('',*,*,#7874,.F.);
#7883=STYLED_ITEM('',(#34),#7884);
#7884=ADVANCED_FACE('',(#7890),#7885,.T.);
#7885=PLANE('',#7886);
#7886=AXIS2_PLACEMENT_3D('',#7887,#7888,#7889);
#7887=CARTESIAN_POINT('',(0.902,-2.553,0.394));
#7888=DIRECTION('',(0.0,0.0,1.0));
#7889=DIRECTION('',(0.,1.,0.));
#7890=FACE_OUTER_BOUND('',#7891,.T.);
#7891=EDGE_LOOP('',(#7892,#7902,#7912,#7922));
#7892=ORIENTED_EDGE('',*,*,#7795,.T.);
#7903=EDGE_CURVE('',#7845,#7786,#7908,.T.);
#7908=LINE('',#7846,#7910);
#7910=VECTOR('',#7911,0.3048);
#7911=DIRECTION('',(1.0,0.0,0.0));
#7902=ORIENTED_EDGE('',*,*,#7903,.F.);
#7912=ORIENTED_EDGE('',*,*,#7844,.T.);
#7923=EDGE_CURVE('',#7796,#7835,#7928,.T.);
#7928=LINE('',#7797,#7930);
#7930=VECTOR('',#7931,0.3048);
#7931=DIRECTION('',(-1.0,0.0,0.0));
#7922=ORIENTED_EDGE('',*,*,#7923,.F.);
#7932=STYLED_ITEM('',(#34),#7933);
#7933=ADVANCED_FACE('',(#7939),#7934,.T.);
#7934=PLANE('',#7935);
#7935=AXIS2_PLACEMENT_3D('',#7936,#7937,#7938);
#7936=CARTESIAN_POINT('',(0.902,-2.5,0.051));
#7937=DIRECTION('',(0.0,0.0,1.0));
#7938=DIRECTION('',(0.,1.,0.));
#7939=FACE_OUTER_BOUND('',#7940,.T.);
#7940=EDGE_LOOP('',(#7941,#7951,#7961,#7971));
#7941=ORIENTED_EDGE('',*,*,#7775,.T.);
#7952=EDGE_CURVE('',#7865,#7766,#7957,.T.);
#7957=LINE('',#7866,#7959);
#7959=VECTOR('',#7960,0.3048);
#7960=DIRECTION('',(1.0,0.0,0.0));
#7951=ORIENTED_EDGE('',*,*,#7952,.F.);
#7961=ORIENTED_EDGE('',*,*,#7864,.T.);
#7972=EDGE_CURVE('',#7776,#7855,#7977,.T.);
#7977=LINE('',#7777,#7979);
#7979=VECTOR('',#7980,0.3048);
#7980=DIRECTION('',(-1.0,0.0,0.0));
#7971=ORIENTED_EDGE('',*,*,#7972,.F.);
#7981=STYLED_ITEM('',(#34),#7982);
#7982=ADVANCED_FACE('',(#7988),#7983,.T.);
#7983=PLANE('',#7984);
#7984=AXIS2_PLACEMENT_3D('',#7985,#7986,#7987);
#7985=CARTESIAN_POINT('',(0.598,-2.553,0.0));
#7986=DIRECTION('',(0.0,-1.0,0.0));
#7987=DIRECTION('',(0.,0.,1.));
#7988=FACE_OUTER_BOUND('',#7989,.T.);
#7989=EDGE_LOOP('',(#7990,#8000,#8010,#8020));
#7991=EDGE_CURVE('',#7758,#7825,#7996,.T.);
#7996=LINE('',#7759,#7998);
#7998=VECTOR('',#7999,0.3048);
#7999=DIRECTION('',(-1.0,0.0,0.0));
#7990=ORIENTED_EDGE('',*,*,#7991,.F.);
#8000=ORIENTED_EDGE('',*,*,#7805,.T.);
#8010=ORIENTED_EDGE('',*,*,#7923,.T.);
#8020=ORIENTED_EDGE('',*,*,#7834,.T.);
#8030=STYLED_ITEM('',(#34),#8031);
#8031=ADVANCED_FACE('',(#8037),#8032,.T.);
#8032=PLANE('',#8033);
#8033=AXIS2_PLACEMENT_3D('',#8034,#8035,#8036);
#8034=CARTESIAN_POINT('',(0.902,-2.045,0.0));
#8035=DIRECTION('',(0.0,1.0,0.0));
#8036=DIRECTION('',(0.,0.,1.));
#8037=FACE_OUTER_BOUND('',#8038,.T.);
#8038=EDGE_LOOP('',(#8039,#8049,#8059,#8069));
#8040=EDGE_CURVE('',#7827,#7756,#8045,.T.);
#8045=LINE('',#7828,#8047);
#8047=VECTOR('',#8048,0.3048);
#8048=DIRECTION('',(1.0,0.0,0.0));
#8039=ORIENTED_EDGE('',*,*,#8040,.F.);
#8049=ORIENTED_EDGE('',*,*,#7874,.T.);
#8059=ORIENTED_EDGE('',*,*,#7952,.T.);
#8069=ORIENTED_EDGE('',*,*,#7765,.T.);
#8079=STYLED_ITEM('',(#34),#8080);
#8080=ADVANCED_FACE('',(#8086),#8081,.T.);
#8081=PLANE('',#8082);
#8082=AXIS2_PLACEMENT_3D('',#8083,#8084,#8085);
#8083=CARTESIAN_POINT('',(0.902,-2.5,0.051));
#8084=DIRECTION('',(0.0,1.0,0.0));
#8085=DIRECTION('',(0.,0.,1.));
#8086=FACE_OUTER_BOUND('',#8087,.T.);
#8087=EDGE_LOOP('',(#8088,#8098,#8108,#8118));
#8088=ORIENTED_EDGE('',*,*,#7972,.T.);
#8098=ORIENTED_EDGE('',*,*,#7854,.T.);
#8108=ORIENTED_EDGE('',*,*,#7903,.T.);
#8118=ORIENTED_EDGE('',*,*,#7785,.T.);
#8128=STYLED_ITEM('',(#34),#8129);
#8129=ADVANCED_FACE('',(#8135),#8130,.T.);
#8130=PLANE('',#8131);
#8131=AXIS2_PLACEMENT_3D('',#8132,#8133,#8134);
#8132=CARTESIAN_POINT('',(0.598,-2.553,0.0));
#8133=DIRECTION('',(0.0,0.0,-1.0));
#8134=DIRECTION('',(0.,1.,0.));
#8135=FACE_OUTER_BOUND('',#8136,.T.);
#8136=EDGE_LOOP('',(#8137,#8147,#8157,#8167));
#8137=ORIENTED_EDGE('',*,*,#7824,.T.);
#8147=ORIENTED_EDGE('',*,*,#8040,.T.);
#8157=ORIENTED_EDGE('',*,*,#7755,.T.);
#8167=ORIENTED_EDGE('',*,*,#7991,.T.);
#8177=MANIFOLD_SOLID_BREP($,#8178);
#8178=CLOSED_SHELL('',(#8180,#8249,#8318,#8367,#8416,#8465,#8514,#8563));
#8179=STYLED_ITEM('',(#34),#8180);
#8180=ADVANCED_FACE('',(#8186),#8181,.T.);
#8181=PLANE('',#8182);
#8182=AXIS2_PLACEMENT_3D('',#8183,#8184,#8185);
#8183=CARTESIAN_POINT('',(1.402,-2.553,0.0));
#8184=DIRECTION('',(1.0,0.0,0.0));
#8185=DIRECTION('',(0.,0.,1.));
#8186=FACE_OUTER_BOUND('',#8187,.T.);
#8187=EDGE_LOOP('',(#8188,#8198,#8208,#8218,#8228,#8238));
#8191=CARTESIAN_POINT('',(1.402,-2.045,0.0));
#8190=VERTEX_POINT('',#8191);
#8193=CARTESIAN_POINT('',(1.402,-2.553,0.0));
#8192=VERTEX_POINT('',#8193);
#8189=EDGE_CURVE('',#8190,#8192,#8194,.T.);
#8194=LINE('',#8191,#8196);
#8196=VECTOR('',#8197,0.508);
#8197=DIRECTION('',(0.0,-1.0,0.0));
#8188=ORIENTED_EDGE('',*,*,#8189,.F.);
#8201=CARTESIAN_POINT('',(1.402,-2.045,0.051));
#8200=VERTEX_POINT('',#8201);
#8199=EDGE_CURVE('',#8200,#8190,#8204,.T.);
#8204=LINE('',#8201,#8206);
#8206=VECTOR('',#8207,0.0508);
#8207=DIRECTION('',(0.0,0.0,-1.0));
#8198=ORIENTED_EDGE('',*,*,#8199,.F.);
#8211=CARTESIAN_POINT('',(1.402,-2.5,0.051));
#8210=VERTEX_POINT('',#8211);
#8209=EDGE_CURVE('',#8210,#8200,#8214,.T.);
#8214=LINE('',#8211,#8216);
#8216=VECTOR('',#8217,0.45530008);
#8217=DIRECTION('',(0.0,1.0,0.0));
#8208=ORIENTED_EDGE('',*,*,#8209,.F.);
#8221=CARTESIAN_POINT('',(1.402,-2.5,0.394));
#8220=VERTEX_POINT('',#8221);
#8219=EDGE_CURVE('',#8220,#8210,#8224,.T.);
#8224=LINE('',#8221,#8226);
#8226=VECTOR('',#8227,0.3429);
#8227=DIRECTION('',(0.0,0.0,-1.0));
#8218=ORIENTED_EDGE('',*,*,#8219,.F.);
#8231=CARTESIAN_POINT('',(1.402,-2.553,0.394));
#8230=VERTEX_POINT('',#8231);
#8229=EDGE_CURVE('',#8230,#8220,#8234,.T.);
#8234=LINE('',#8231,#8236);
#8236=VECTOR('',#8237,0.0526999199999999);
#8237=DIRECTION('',(0.0,1.0,0.0));
#8228=ORIENTED_EDGE('',*,*,#8229,.F.);
#8239=EDGE_CURVE('',#8192,#8230,#8244,.T.);
#8244=LINE('',#8193,#8246);
#8246=VECTOR('',#8247,0.3937);
#8247=DIRECTION('',(0.0,0.0,1.0));
#8238=ORIENTED_EDGE('',*,*,#8239,.F.);
#8248=STYLED_ITEM('',(#34),#8249);
#8249=ADVANCED_FACE('',(#8255),#8250,.T.);
#8250=PLANE('',#8251);
#8251=AXIS2_PLACEMENT_3D('',#8252,#8253,#8254);
#8252=CARTESIAN_POINT('',(1.098,-2.045,0.0));
#8253=DIRECTION('',(-1.0,0.0,0.0));
#8254=DIRECTION('',(0.,0.,1.));
#8255=FACE_OUTER_BOUND('',#8256,.T.);
#8256=EDGE_LOOP('',(#8257,#8267,#8277,#8287,#8297,#8307));
#8260=CARTESIAN_POINT('',(1.098,-2.553,0.0));
#8259=VERTEX_POINT('',#8260);
#8262=CARTESIAN_POINT('',(1.098,-2.045,0.0));
#8261=VERTEX_POINT('',#8262);
#8258=EDGE_CURVE('',#8259,#8261,#8263,.T.);
#8263=LINE('',#8260,#8265);
#8265=VECTOR('',#8266,0.508);
#8266=DIRECTION('',(0.0,1.0,0.0));
#8257=ORIENTED_EDGE('',*,*,#8258,.F.);
#8270=CARTESIAN_POINT('',(1.098,-2.553,0.394));
#8269=VERTEX_POINT('',#8270);
#8268=EDGE_CURVE('',#8269,#8259,#8273,.T.);
#8273=LINE('',#8270,#8275);
#8275=VECTOR('',#8276,0.3937);
#8276=DIRECTION('',(0.0,0.0,-1.0));
#8267=ORIENTED_EDGE('',*,*,#8268,.F.);
#8280=CARTESIAN_POINT('',(1.098,-2.5,0.394));
#8279=VERTEX_POINT('',#8280);
#8278=EDGE_CURVE('',#8279,#8269,#8283,.T.);
#8283=LINE('',#8280,#8285);
#8285=VECTOR('',#8286,0.0526999199999999);
#8286=DIRECTION('',(0.0,-1.0,0.0));
#8277=ORIENTED_EDGE('',*,*,#8278,.F.);
#8290=CARTESIAN_POINT('',(1.098,-2.5,0.051));
#8289=VERTEX_POINT('',#8290);
#8288=EDGE_CURVE('',#8289,#8279,#8293,.T.);
#8293=LINE('',#8290,#8295);
#8295=VECTOR('',#8296,0.3429);
#8296=DIRECTION('',(0.0,0.0,1.0));
#8287=ORIENTED_EDGE('',*,*,#8288,.F.);
#8300=CARTESIAN_POINT('',(1.098,-2.045,0.051));
#8299=VERTEX_POINT('',#8300);
#8298=EDGE_CURVE('',#8299,#8289,#8303,.T.);
#8303=LINE('',#8300,#8305);
#8305=VECTOR('',#8306,0.45530008);
#8306=DIRECTION('',(0.0,-1.0,0.0));
#8297=ORIENTED_EDGE('',*,*,#8298,.F.);
#8308=EDGE_CURVE('',#8261,#8299,#8313,.T.);
#8313=LINE('',#8262,#8315);
#8315=VECTOR('',#8316,0.0508);
#8316=DIRECTION('',(0.0,0.0,1.0));
#8307=ORIENTED_EDGE('',*,*,#8308,.F.);
#8317=STYLED_ITEM('',(#34),#8318);
#8318=ADVANCED_FACE('',(#8324),#8319,.T.);
#8319=PLANE('',#8320);
#8320=AXIS2_PLACEMENT_3D('',#8321,#8322,#8323);
#8321=CARTESIAN_POINT('',(1.402,-2.553,0.394));
#8322=DIRECTION('',(0.0,0.0,1.0));
#8323=DIRECTION('',(0.,1.,0.));
#8324=FACE_OUTER_BOUND('',#8325,.T.);
#8325=EDGE_LOOP('',(#8326,#8336,#8346,#8356));
#8326=ORIENTED_EDGE('',*,*,#8229,.T.);
#8337=EDGE_CURVE('',#8279,#8220,#8342,.T.);
#8342=LINE('',#8280,#8344);
#8344=VECTOR('',#8345,0.3048);
#8345=DIRECTION('',(1.0,0.0,0.0));
#8336=ORIENTED_EDGE('',*,*,#8337,.F.);
#8346=ORIENTED_EDGE('',*,*,#8278,.T.);
#8357=EDGE_CURVE('',#8230,#8269,#8362,.T.);
#8362=LINE('',#8231,#8364);
#8364=VECTOR('',#8365,0.3048);
#8365=DIRECTION('',(-1.0,0.0,0.0));
#8356=ORIENTED_EDGE('',*,*,#8357,.F.);
#8366=STYLED_ITEM('',(#34),#8367);
#8367=ADVANCED_FACE('',(#8373),#8368,.T.);
#8368=PLANE('',#8369);
#8369=AXIS2_PLACEMENT_3D('',#8370,#8371,#8372);
#8370=CARTESIAN_POINT('',(1.402,-2.5,0.051));
#8371=DIRECTION('',(0.0,0.0,1.0));
#8372=DIRECTION('',(0.,1.,0.));
#8373=FACE_OUTER_BOUND('',#8374,.T.);
#8374=EDGE_LOOP('',(#8375,#8385,#8395,#8405));
#8375=ORIENTED_EDGE('',*,*,#8209,.T.);
#8386=EDGE_CURVE('',#8299,#8200,#8391,.T.);
#8391=LINE('',#8300,#8393);
#8393=VECTOR('',#8394,0.3048);
#8394=DIRECTION('',(1.0,0.0,0.0));
#8385=ORIENTED_EDGE('',*,*,#8386,.F.);
#8395=ORIENTED_EDGE('',*,*,#8298,.T.);
#8406=EDGE_CURVE('',#8210,#8289,#8411,.T.);
#8411=LINE('',#8211,#8413);
#8413=VECTOR('',#8414,0.3048);
#8414=DIRECTION('',(-1.0,0.0,0.0));
#8405=ORIENTED_EDGE('',*,*,#8406,.F.);
#8415=STYLED_ITEM('',(#34),#8416);
#8416=ADVANCED_FACE('',(#8422),#8417,.T.);
#8417=PLANE('',#8418);
#8418=AXIS2_PLACEMENT_3D('',#8419,#8420,#8421);
#8419=CARTESIAN_POINT('',(1.098,-2.553,0.0));
#8420=DIRECTION('',(0.0,-1.0,0.0));
#8421=DIRECTION('',(0.,0.,1.));
#8422=FACE_OUTER_BOUND('',#8423,.T.);
#8423=EDGE_LOOP('',(#8424,#8434,#8444,#8454));
#8425=EDGE_CURVE('',#8192,#8259,#8430,.T.);
#8430=LINE('',#8193,#8432);
#8432=VECTOR('',#8433,0.3048);
#8433=DIRECTION('',(-1.0,0.0,0.0));
#8424=ORIENTED_EDGE('',*,*,#8425,.F.);
#8434=ORIENTED_EDGE('',*,*,#8239,.T.);
#8444=ORIENTED_EDGE('',*,*,#8357,.T.);
#8454=ORIENTED_EDGE('',*,*,#8268,.T.);
#8464=STYLED_ITEM('',(#34),#8465);
#8465=ADVANCED_FACE('',(#8471),#8466,.T.);
#8466=PLANE('',#8467);
#8467=AXIS2_PLACEMENT_3D('',#8468,#8469,#8470);
#8468=CARTESIAN_POINT('',(1.402,-2.045,0.0));
#8469=DIRECTION('',(0.0,1.0,0.0));
#8470=DIRECTION('',(0.,0.,1.));
#8471=FACE_OUTER_BOUND('',#8472,.T.);
#8472=EDGE_LOOP('',(#8473,#8483,#8493,#8503));
#8474=EDGE_CURVE('',#8261,#8190,#8479,.T.);
#8479=LINE('',#8262,#8481);
#8481=VECTOR('',#8482,0.3048);
#8482=DIRECTION('',(1.0,0.0,0.0));
#8473=ORIENTED_EDGE('',*,*,#8474,.F.);
#8483=ORIENTED_EDGE('',*,*,#8308,.T.);
#8493=ORIENTED_EDGE('',*,*,#8386,.T.);
#8503=ORIENTED_EDGE('',*,*,#8199,.T.);
#8513=STYLED_ITEM('',(#34),#8514);
#8514=ADVANCED_FACE('',(#8520),#8515,.T.);
#8515=PLANE('',#8516);
#8516=AXIS2_PLACEMENT_3D('',#8517,#8518,#8519);
#8517=CARTESIAN_POINT('',(1.402,-2.5,0.051));
#8518=DIRECTION('',(0.0,1.0,0.0));
#8519=DIRECTION('',(0.,0.,1.));
#8520=FACE_OUTER_BOUND('',#8521,.T.);
#8521=EDGE_LOOP('',(#8522,#8532,#8542,#8552));
#8522=ORIENTED_EDGE('',*,*,#8406,.T.);
#8532=ORIENTED_EDGE('',*,*,#8288,.T.);
#8542=ORIENTED_EDGE('',*,*,#8337,.T.);
#8552=ORIENTED_EDGE('',*,*,#8219,.T.);
#8562=STYLED_ITEM('',(#34),#8563);
#8563=ADVANCED_FACE('',(#8569),#8564,.T.);
#8564=PLANE('',#8565);
#8565=AXIS2_PLACEMENT_3D('',#8566,#8567,#8568);
#8566=CARTESIAN_POINT('',(1.098,-2.553,0.0));
#8567=DIRECTION('',(0.0,0.0,-1.0));
#8568=DIRECTION('',(0.,1.,0.));
#8569=FACE_OUTER_BOUND('',#8570,.T.);
#8570=EDGE_LOOP('',(#8571,#8581,#8591,#8601));
#8571=ORIENTED_EDGE('',*,*,#8258,.T.);
#8581=ORIENTED_EDGE('',*,*,#8474,.T.);
#8591=ORIENTED_EDGE('',*,*,#8189,.T.);
#8601=ORIENTED_EDGE('',*,*,#8425,.T.);
#8611=MANIFOLD_SOLID_BREP($,#8612);
#8612=CLOSED_SHELL('',(#8614,#8683,#8752,#8801,#8850,#8899,#8948,#8997));
#8613=STYLED_ITEM('',(#34),#8614);
#8614=ADVANCED_FACE('',(#8620),#8615,.T.);
#8615=PLANE('',#8616);
#8616=AXIS2_PLACEMENT_3D('',#8617,#8618,#8619);
#8617=CARTESIAN_POINT('',(1.902,-2.553,0.0));
#8618=DIRECTION('',(1.0,0.0,0.0));
#8619=DIRECTION('',(0.,0.,1.));
#8620=FACE_OUTER_BOUND('',#8621,.T.);
#8621=EDGE_LOOP('',(#8622,#8632,#8642,#8652,#8662,#8672));
#8625=CARTESIAN_POINT('',(1.902,-2.045,0.0));
#8624=VERTEX_POINT('',#8625);
#8627=CARTESIAN_POINT('',(1.902,-2.553,0.0));
#8626=VERTEX_POINT('',#8627);
#8623=EDGE_CURVE('',#8624,#8626,#8628,.T.);
#8628=LINE('',#8625,#8630);
#8630=VECTOR('',#8631,0.508);
#8631=DIRECTION('',(0.0,-1.0,0.0));
#8622=ORIENTED_EDGE('',*,*,#8623,.F.);
#8635=CARTESIAN_POINT('',(1.902,-2.045,0.051));
#8634=VERTEX_POINT('',#8635);
#8633=EDGE_CURVE('',#8634,#8624,#8638,.T.);
#8638=LINE('',#8635,#8640);
#8640=VECTOR('',#8641,0.0508);
#8641=DIRECTION('',(0.0,0.0,-1.0));
#8632=ORIENTED_EDGE('',*,*,#8633,.F.);
#8645=CARTESIAN_POINT('',(1.902,-2.5,0.051));
#8644=VERTEX_POINT('',#8645);
#8643=EDGE_CURVE('',#8644,#8634,#8648,.T.);
#8648=LINE('',#8645,#8650);
#8650=VECTOR('',#8651,0.45530008);
#8651=DIRECTION('',(0.0,1.0,0.0));
#8642=ORIENTED_EDGE('',*,*,#8643,.F.);
#8655=CARTESIAN_POINT('',(1.902,-2.5,0.394));
#8654=VERTEX_POINT('',#8655);
#8653=EDGE_CURVE('',#8654,#8644,#8658,.T.);
#8658=LINE('',#8655,#8660);
#8660=VECTOR('',#8661,0.3429);
#8661=DIRECTION('',(0.0,0.0,-1.0));
#8652=ORIENTED_EDGE('',*,*,#8653,.F.);
#8665=CARTESIAN_POINT('',(1.902,-2.553,0.394));
#8664=VERTEX_POINT('',#8665);
#8663=EDGE_CURVE('',#8664,#8654,#8668,.T.);
#8668=LINE('',#8665,#8670);
#8670=VECTOR('',#8671,0.0526999199999999);
#8671=DIRECTION('',(0.0,1.0,0.0));
#8662=ORIENTED_EDGE('',*,*,#8663,.F.);
#8673=EDGE_CURVE('',#8626,#8664,#8678,.T.);
#8678=LINE('',#8627,#8680);
#8680=VECTOR('',#8681,0.3937);
#8681=DIRECTION('',(0.0,0.0,1.0));
#8672=ORIENTED_EDGE('',*,*,#8673,.F.);
#8682=STYLED_ITEM('',(#34),#8683);
#8683=ADVANCED_FACE('',(#8689),#8684,.T.);
#8684=PLANE('',#8685);
#8685=AXIS2_PLACEMENT_3D('',#8686,#8687,#8688);
#8686=CARTESIAN_POINT('',(1.598,-2.045,0.0));
#8687=DIRECTION('',(-1.0,0.0,0.0));
#8688=DIRECTION('',(0.,0.,1.));
#8689=FACE_OUTER_BOUND('',#8690,.T.);
#8690=EDGE_LOOP('',(#8691,#8701,#8711,#8721,#8731,#8741));
#8694=CARTESIAN_POINT('',(1.598,-2.553,0.0));
#8693=VERTEX_POINT('',#8694);
#8696=CARTESIAN_POINT('',(1.598,-2.045,0.0));
#8695=VERTEX_POINT('',#8696);
#8692=EDGE_CURVE('',#8693,#8695,#8697,.T.);
#8697=LINE('',#8694,#8699);
#8699=VECTOR('',#8700,0.508);
#8700=DIRECTION('',(0.0,1.0,0.0));
#8691=ORIENTED_EDGE('',*,*,#8692,.F.);
#8704=CARTESIAN_POINT('',(1.598,-2.553,0.394));
#8703=VERTEX_POINT('',#8704);
#8702=EDGE_CURVE('',#8703,#8693,#8707,.T.);
#8707=LINE('',#8704,#8709);
#8709=VECTOR('',#8710,0.3937);
#8710=DIRECTION('',(0.0,0.0,-1.0));
#8701=ORIENTED_EDGE('',*,*,#8702,.F.);
#8714=CARTESIAN_POINT('',(1.598,-2.5,0.394));
#8713=VERTEX_POINT('',#8714);
#8712=EDGE_CURVE('',#8713,#8703,#8717,.T.);
#8717=LINE('',#8714,#8719);
#8719=VECTOR('',#8720,0.0526999199999999);
#8720=DIRECTION('',(0.0,-1.0,0.0));
#8711=ORIENTED_EDGE('',*,*,#8712,.F.);
#8724=CARTESIAN_POINT('',(1.598,-2.5,0.051));
#8723=VERTEX_POINT('',#8724);
#8722=EDGE_CURVE('',#8723,#8713,#8727,.T.);
#8727=LINE('',#8724,#8729);
#8729=VECTOR('',#8730,0.3429);
#8730=DIRECTION('',(0.0,0.0,1.0));
#8721=ORIENTED_EDGE('',*,*,#8722,.F.);
#8734=CARTESIAN_POINT('',(1.598,-2.045,0.051));
#8733=VERTEX_POINT('',#8734);
#8732=EDGE_CURVE('',#8733,#8723,#8737,.T.);
#8737=LINE('',#8734,#8739);
#8739=VECTOR('',#8740,0.45530008);
#8740=DIRECTION('',(0.0,-1.0,0.0));
#8731=ORIENTED_EDGE('',*,*,#8732,.F.);
#8742=EDGE_CURVE('',#8695,#8733,#8747,.T.);
#8747=LINE('',#8696,#8749);
#8749=VECTOR('',#8750,0.0508);
#8750=DIRECTION('',(0.0,0.0,1.0));
#8741=ORIENTED_EDGE('',*,*,#8742,.F.);
#8751=STYLED_ITEM('',(#34),#8752);
#8752=ADVANCED_FACE('',(#8758),#8753,.T.);
#8753=PLANE('',#8754);
#8754=AXIS2_PLACEMENT_3D('',#8755,#8756,#8757);
#8755=CARTESIAN_POINT('',(1.902,-2.553,0.394));
#8756=DIRECTION('',(0.0,0.0,1.0));
#8757=DIRECTION('',(0.,1.,0.));
#8758=FACE_OUTER_BOUND('',#8759,.T.);
#8759=EDGE_LOOP('',(#8760,#8770,#8780,#8790));
#8760=ORIENTED_EDGE('',*,*,#8663,.T.);
#8771=EDGE_CURVE('',#8713,#8654,#8776,.T.);
#8776=LINE('',#8714,#8778);
#8778=VECTOR('',#8779,0.3048);
#8779=DIRECTION('',(1.0,0.0,0.0));
#8770=ORIENTED_EDGE('',*,*,#8771,.F.);
#8780=ORIENTED_EDGE('',*,*,#8712,.T.);
#8791=EDGE_CURVE('',#8664,#8703,#8796,.T.);
#8796=LINE('',#8665,#8798);
#8798=VECTOR('',#8799,0.3048);
#8799=DIRECTION('',(-1.0,0.0,0.0));
#8790=ORIENTED_EDGE('',*,*,#8791,.F.);
#8800=STYLED_ITEM('',(#34),#8801);
#8801=ADVANCED_FACE('',(#8807),#8802,.T.);
#8802=PLANE('',#8803);
#8803=AXIS2_PLACEMENT_3D('',#8804,#8805,#8806);
#8804=CARTESIAN_POINT('',(1.902,-2.5,0.051));
#8805=DIRECTION('',(0.0,0.0,1.0));
#8806=DIRECTION('',(0.,1.,0.));
#8807=FACE_OUTER_BOUND('',#8808,.T.);
#8808=EDGE_LOOP('',(#8809,#8819,#8829,#8839));
#8809=ORIENTED_EDGE('',*,*,#8643,.T.);
#8820=EDGE_CURVE('',#8733,#8634,#8825,.T.);
#8825=LINE('',#8734,#8827);
#8827=VECTOR('',#8828,0.3048);
#8828=DIRECTION('',(1.0,0.0,0.0));
#8819=ORIENTED_EDGE('',*,*,#8820,.F.);
#8829=ORIENTED_EDGE('',*,*,#8732,.T.);
#8840=EDGE_CURVE('',#8644,#8723,#8845,.T.);
#8845=LINE('',#8645,#8847);
#8847=VECTOR('',#8848,0.3048);
#8848=DIRECTION('',(-1.0,0.0,0.0));
#8839=ORIENTED_EDGE('',*,*,#8840,.F.);
#8849=STYLED_ITEM('',(#34),#8850);
#8850=ADVANCED_FACE('',(#8856),#8851,.T.);
#8851=PLANE('',#8852);
#8852=AXIS2_PLACEMENT_3D('',#8853,#8854,#8855);
#8853=CARTESIAN_POINT('',(1.598,-2.553,0.0));
#8854=DIRECTION('',(0.0,-1.0,0.0));
#8855=DIRECTION('',(0.,0.,1.));
#8856=FACE_OUTER_BOUND('',#8857,.T.);
#8857=EDGE_LOOP('',(#8858,#8868,#8878,#8888));
#8859=EDGE_CURVE('',#8626,#8693,#8864,.T.);
#8864=LINE('',#8627,#8866);
#8866=VECTOR('',#8867,0.3048);
#8867=DIRECTION('',(-1.0,0.0,0.0));
#8858=ORIENTED_EDGE('',*,*,#8859,.F.);
#8868=ORIENTED_EDGE('',*,*,#8673,.T.);
#8878=ORIENTED_EDGE('',*,*,#8791,.T.);
#8888=ORIENTED_EDGE('',*,*,#8702,.T.);
#8898=STYLED_ITEM('',(#34),#8899);
#8899=ADVANCED_FACE('',(#8905),#8900,.T.);
#8900=PLANE('',#8901);
#8901=AXIS2_PLACEMENT_3D('',#8902,#8903,#8904);
#8902=CARTESIAN_POINT('',(1.902,-2.045,0.0));
#8903=DIRECTION('',(0.0,1.0,0.0));
#8904=DIRECTION('',(0.,0.,1.));
#8905=FACE_OUTER_BOUND('',#8906,.T.);
#8906=EDGE_LOOP('',(#8907,#8917,#8927,#8937));
#8908=EDGE_CURVE('',#8695,#8624,#8913,.T.);
#8913=LINE('',#8696,#8915);
#8915=VECTOR('',#8916,0.3048);
#8916=DIRECTION('',(1.0,0.0,0.0));
#8907=ORIENTED_EDGE('',*,*,#8908,.F.);
#8917=ORIENTED_EDGE('',*,*,#8742,.T.);
#8927=ORIENTED_EDGE('',*,*,#8820,.T.);
#8937=ORIENTED_EDGE('',*,*,#8633,.T.);
#8947=STYLED_ITEM('',(#34),#8948);
#8948=ADVANCED_FACE('',(#8954),#8949,.T.);
#8949=PLANE('',#8950);
#8950=AXIS2_PLACEMENT_3D('',#8951,#8952,#8953);
#8951=CARTESIAN_POINT('',(1.902,-2.5,0.051));
#8952=DIRECTION('',(0.0,1.0,0.0));
#8953=DIRECTION('',(0.,0.,1.));
#8954=FACE_OUTER_BOUND('',#8955,.T.);
#8955=EDGE_LOOP('',(#8956,#8966,#8976,#8986));
#8956=ORIENTED_EDGE('',*,*,#8840,.T.);
#8966=ORIENTED_EDGE('',*,*,#8722,.T.);
#8976=ORIENTED_EDGE('',*,*,#8771,.T.);
#8986=ORIENTED_EDGE('',*,*,#8653,.T.);
#8996=STYLED_ITEM('',(#34),#8997);
#8997=ADVANCED_FACE('',(#9003),#8998,.T.);
#8998=PLANE('',#8999);
#8999=AXIS2_PLACEMENT_3D('',#9000,#9001,#9002);
#9000=CARTESIAN_POINT('',(1.598,-2.553,0.0));
#9001=DIRECTION('',(0.0,0.0,-1.0));
#9002=DIRECTION('',(0.,1.,0.));
#9003=FACE_OUTER_BOUND('',#9004,.T.);
#9004=EDGE_LOOP('',(#9005,#9015,#9025,#9035));
#9005=ORIENTED_EDGE('',*,*,#8692,.T.);
#9015=ORIENTED_EDGE('',*,*,#8908,.T.);
#9025=ORIENTED_EDGE('',*,*,#8623,.T.);
#9035=ORIENTED_EDGE('',*,*,#8859,.T.);
#9045=MANIFOLD_SOLID_BREP($,#9046);
#9046=CLOSED_SHELL('',(#9048,#9117,#9186,#9235,#9284,#9333,#9382,#9431));
#9047=STYLED_ITEM('',(#34),#9048);
#9048=ADVANCED_FACE('',(#9054),#9049,.T.);
#9049=PLANE('',#9050);
#9050=AXIS2_PLACEMENT_3D('',#9051,#9052,#9053);
#9051=CARTESIAN_POINT('',(1.598,2.553,0.0));
#9052=DIRECTION('',(-1.0,0.0,0.0));
#9053=DIRECTION('',(0.,0.,1.));
#9054=FACE_OUTER_BOUND('',#9055,.T.);
#9055=EDGE_LOOP('',(#9056,#9066,#9076,#9086,#9096,#9106));
#9059=CARTESIAN_POINT('',(1.598,2.045,0.0));
#9058=VERTEX_POINT('',#9059);
#9061=CARTESIAN_POINT('',(1.598,2.553,0.0));
#9060=VERTEX_POINT('',#9061);
#9057=EDGE_CURVE('',#9058,#9060,#9062,.T.);
#9062=LINE('',#9059,#9064);
#9064=VECTOR('',#9065,0.508);
#9065=DIRECTION('',(0.0,1.0,0.0));
#9056=ORIENTED_EDGE('',*,*,#9057,.F.);
#9069=CARTESIAN_POINT('',(1.598,2.045,0.051));
#9068=VERTEX_POINT('',#9069);
#9067=EDGE_CURVE('',#9068,#9058,#9072,.T.);
#9072=LINE('',#9069,#9074);
#9074=VECTOR('',#9075,0.0508);
#9075=DIRECTION('',(0.0,0.0,-1.0));
#9066=ORIENTED_EDGE('',*,*,#9067,.F.);
#9079=CARTESIAN_POINT('',(1.598,2.5,0.051));
#9078=VERTEX_POINT('',#9079);
#9077=EDGE_CURVE('',#9078,#9068,#9082,.T.);
#9082=LINE('',#9079,#9084);
#9084=VECTOR('',#9085,0.45530008);
#9085=DIRECTION('',(0.0,-1.0,0.0));
#9076=ORIENTED_EDGE('',*,*,#9077,.F.);
#9089=CARTESIAN_POINT('',(1.598,2.5,0.394));
#9088=VERTEX_POINT('',#9089);
#9087=EDGE_CURVE('',#9088,#9078,#9092,.T.);
#9092=LINE('',#9089,#9094);
#9094=VECTOR('',#9095,0.3429);
#9095=DIRECTION('',(0.0,0.0,-1.0));
#9086=ORIENTED_EDGE('',*,*,#9087,.F.);
#9099=CARTESIAN_POINT('',(1.598,2.553,0.394));
#9098=VERTEX_POINT('',#9099);
#9097=EDGE_CURVE('',#9098,#9088,#9102,.T.);
#9102=LINE('',#9099,#9104);
#9104=VECTOR('',#9105,0.0526999199999999);
#9105=DIRECTION('',(0.0,-1.0,0.0));
#9096=ORIENTED_EDGE('',*,*,#9097,.F.);
#9107=EDGE_CURVE('',#9060,#9098,#9112,.T.);
#9112=LINE('',#9061,#9114);
#9114=VECTOR('',#9115,0.3937);
#9115=DIRECTION('',(0.0,0.0,1.0));
#9106=ORIENTED_EDGE('',*,*,#9107,.F.);
#9116=STYLED_ITEM('',(#34),#9117);
#9117=ADVANCED_FACE('',(#9123),#9118,.T.);
#9118=PLANE('',#9119);
#9119=AXIS2_PLACEMENT_3D('',#9120,#9121,#9122);
#9120=CARTESIAN_POINT('',(1.902,2.045,0.0));
#9121=DIRECTION('',(1.0,0.0,0.0));
#9122=DIRECTION('',(0.,0.,1.));
#9123=FACE_OUTER_BOUND('',#9124,.T.);
#9124=EDGE_LOOP('',(#9125,#9135,#9145,#9155,#9165,#9175));
#9128=CARTESIAN_POINT('',(1.902,2.553,0.0));
#9127=VERTEX_POINT('',#9128);
#9130=CARTESIAN_POINT('',(1.902,2.045,0.0));
#9129=VERTEX_POINT('',#9130);
#9126=EDGE_CURVE('',#9127,#9129,#9131,.T.);
#9131=LINE('',#9128,#9133);
#9133=VECTOR('',#9134,0.508);
#9134=DIRECTION('',(0.0,-1.0,0.0));
#9125=ORIENTED_EDGE('',*,*,#9126,.F.);
#9138=CARTESIAN_POINT('',(1.902,2.553,0.394));
#9137=VERTEX_POINT('',#9138);
#9136=EDGE_CURVE('',#9137,#9127,#9141,.T.);
#9141=LINE('',#9138,#9143);
#9143=VECTOR('',#9144,0.3937);
#9144=DIRECTION('',(0.0,0.0,-1.0));
#9135=ORIENTED_EDGE('',*,*,#9136,.F.);
#9148=CARTESIAN_POINT('',(1.902,2.5,0.394));
#9147=VERTEX_POINT('',#9148);
#9146=EDGE_CURVE('',#9147,#9137,#9151,.T.);
#9151=LINE('',#9148,#9153);
#9153=VECTOR('',#9154,0.0526999199999999);
#9154=DIRECTION('',(0.0,1.0,0.0));
#9145=ORIENTED_EDGE('',*,*,#9146,.F.);
#9158=CARTESIAN_POINT('',(1.902,2.5,0.051));
#9157=VERTEX_POINT('',#9158);
#9156=EDGE_CURVE('',#9157,#9147,#9161,.T.);
#9161=LINE('',#9158,#9163);
#9163=VECTOR('',#9164,0.3429);
#9164=DIRECTION('',(0.0,0.0,1.0));
#9155=ORIENTED_EDGE('',*,*,#9156,.F.);
#9168=CARTESIAN_POINT('',(1.902,2.045,0.051));
#9167=VERTEX_POINT('',#9168);
#9166=EDGE_CURVE('',#9167,#9157,#9171,.T.);
#9171=LINE('',#9168,#9173);
#9173=VECTOR('',#9174,0.45530008);
#9174=DIRECTION('',(0.0,1.0,0.0));
#9165=ORIENTED_EDGE('',*,*,#9166,.F.);
#9176=EDGE_CURVE('',#9129,#9167,#9181,.T.);
#9181=LINE('',#9130,#9183);
#9183=VECTOR('',#9184,0.0508);
#9184=DIRECTION('',(0.0,0.0,1.0));
#9175=ORIENTED_EDGE('',*,*,#9176,.F.);
#9185=STYLED_ITEM('',(#34),#9186);
#9186=ADVANCED_FACE('',(#9192),#9187,.T.);
#9187=PLANE('',#9188);
#9188=AXIS2_PLACEMENT_3D('',#9189,#9190,#9191);
#9189=CARTESIAN_POINT('',(1.598,2.553,0.394));
#9190=DIRECTION('',(0.0,0.0,1.0));
#9191=DIRECTION('',(0.,1.,0.));
#9192=FACE_OUTER_BOUND('',#9193,.T.);
#9193=EDGE_LOOP('',(#9194,#9204,#9214,#9224));
#9194=ORIENTED_EDGE('',*,*,#9097,.T.);
#9205=EDGE_CURVE('',#9147,#9088,#9210,.T.);
#9210=LINE('',#9148,#9212);
#9212=VECTOR('',#9213,0.3048);
#9213=DIRECTION('',(-1.0,0.0,0.0));
#9204=ORIENTED_EDGE('',*,*,#9205,.F.);
#9214=ORIENTED_EDGE('',*,*,#9146,.T.);
#9225=EDGE_CURVE('',#9098,#9137,#9230,.T.);
#9230=LINE('',#9099,#9232);
#9232=VECTOR('',#9233,0.3048);
#9233=DIRECTION('',(1.0,0.0,0.0));
#9224=ORIENTED_EDGE('',*,*,#9225,.F.);
#9234=STYLED_ITEM('',(#34),#9235);
#9235=ADVANCED_FACE('',(#9241),#9236,.T.);
#9236=PLANE('',#9237);
#9237=AXIS2_PLACEMENT_3D('',#9238,#9239,#9240);
#9238=CARTESIAN_POINT('',(1.598,2.5,0.051));
#9239=DIRECTION('',(0.0,0.0,1.0));
#9240=DIRECTION('',(0.,1.,0.));
#9241=FACE_OUTER_BOUND('',#9242,.T.);
#9242=EDGE_LOOP('',(#9243,#9253,#9263,#9273));
#9243=ORIENTED_EDGE('',*,*,#9077,.T.);
#9254=EDGE_CURVE('',#9167,#9068,#9259,.T.);
#9259=LINE('',#9168,#9261);
#9261=VECTOR('',#9262,0.3048);
#9262=DIRECTION('',(-1.0,0.0,0.0));
#9253=ORIENTED_EDGE('',*,*,#9254,.F.);
#9263=ORIENTED_EDGE('',*,*,#9166,.T.);
#9274=EDGE_CURVE('',#9078,#9157,#9279,.T.);
#9279=LINE('',#9079,#9281);
#9281=VECTOR('',#9282,0.3048);
#9282=DIRECTION('',(1.0,0.0,0.0));
#9273=ORIENTED_EDGE('',*,*,#9274,.F.);
#9283=STYLED_ITEM('',(#34),#9284);
#9284=ADVANCED_FACE('',(#9290),#9285,.T.);
#9285=PLANE('',#9286);
#9286=AXIS2_PLACEMENT_3D('',#9287,#9288,#9289);
#9287=CARTESIAN_POINT('',(1.902,2.553,0.0));
#9288=DIRECTION('',(0.0,1.0,0.0));
#9289=DIRECTION('',(0.,0.,1.));
#9290=FACE_OUTER_BOUND('',#9291,.T.);
#9291=EDGE_LOOP('',(#9292,#9302,#9312,#9322));
#9293=EDGE_CURVE('',#9060,#9127,#9298,.T.);
#9298=LINE('',#9061,#9300);
#9300=VECTOR('',#9301,0.3048);
#9301=DIRECTION('',(1.0,0.0,0.0));
#9292=ORIENTED_EDGE('',*,*,#9293,.F.);
#9302=ORIENTED_EDGE('',*,*,#9107,.T.);
#9312=ORIENTED_EDGE('',*,*,#9225,.T.);
#9322=ORIENTED_EDGE('',*,*,#9136,.T.);
#9332=STYLED_ITEM('',(#34),#9333);
#9333=ADVANCED_FACE('',(#9339),#9334,.T.);
#9334=PLANE('',#9335);
#9335=AXIS2_PLACEMENT_3D('',#9336,#9337,#9338);
#9336=CARTESIAN_POINT('',(1.598,2.045,0.0));
#9337=DIRECTION('',(0.0,-1.0,0.0));
#9338=DIRECTION('',(0.,0.,1.));
#9339=FACE_OUTER_BOUND('',#9340,.T.);
#9340=EDGE_LOOP('',(#9341,#9351,#9361,#9371));
#9342=EDGE_CURVE('',#9129,#9058,#9347,.T.);
#9347=LINE('',#9130,#9349);
#9349=VECTOR('',#9350,0.3048);
#9350=DIRECTION('',(-1.0,0.0,0.0));
#9341=ORIENTED_EDGE('',*,*,#9342,.F.);
#9351=ORIENTED_EDGE('',*,*,#9176,.T.);
#9361=ORIENTED_EDGE('',*,*,#9254,.T.);
#9371=ORIENTED_EDGE('',*,*,#9067,.T.);
#9381=STYLED_ITEM('',(#34),#9382);
#9382=ADVANCED_FACE('',(#9388),#9383,.T.);
#9383=PLANE('',#9384);
#9384=AXIS2_PLACEMENT_3D('',#9385,#9386,#9387);
#9385=CARTESIAN_POINT('',(1.598,2.5,0.051));
#9386=DIRECTION('',(0.0,-1.0,0.0));
#9387=DIRECTION('',(0.,0.,1.));
#9388=FACE_OUTER_BOUND('',#9389,.T.);
#9389=EDGE_LOOP('',(#9390,#9400,#9410,#9420));
#9390=ORIENTED_EDGE('',*,*,#9274,.T.);
#9400=ORIENTED_EDGE('',*,*,#9156,.T.);
#9410=ORIENTED_EDGE('',*,*,#9205,.T.);
#9420=ORIENTED_EDGE('',*,*,#9087,.T.);
#9430=STYLED_ITEM('',(#34),#9431);
#9431=ADVANCED_FACE('',(#9437),#9432,.T.);
#9432=PLANE('',#9433);
#9433=AXIS2_PLACEMENT_3D('',#9434,#9435,#9436);
#9434=CARTESIAN_POINT('',(1.902,2.553,0.0));
#9435=DIRECTION('',(0.0,0.0,-1.0));
#9436=DIRECTION('',(0.,1.,0.));
#9437=FACE_OUTER_BOUND('',#9438,.T.);
#9438=EDGE_LOOP('',(#9439,#9449,#9459,#9469));
#9439=ORIENTED_EDGE('',*,*,#9126,.T.);
#9449=ORIENTED_EDGE('',*,*,#9342,.T.);
#9459=ORIENTED_EDGE('',*,*,#9057,.T.);
#9469=ORIENTED_EDGE('',*,*,#9293,.T.);
#9479=MANIFOLD_SOLID_BREP($,#9480);
#9480=CLOSED_SHELL('',(#9482,#9551,#9620,#9669,#9718,#9767,#9816,#9865));
#9481=STYLED_ITEM('',(#34),#9482);
#9482=ADVANCED_FACE('',(#9488),#9483,.T.);
#9483=PLANE('',#9484);
#9484=AXIS2_PLACEMENT_3D('',#9485,#9486,#9487);
#9485=CARTESIAN_POINT('',(1.098,2.553,0.0));
#9486=DIRECTION('',(-1.0,0.0,0.0));
#9487=DIRECTION('',(0.,0.,1.));
#9488=FACE_OUTER_BOUND('',#9489,.T.);
#9489=EDGE_LOOP('',(#9490,#9500,#9510,#9520,#9530,#9540));
#9493=CARTESIAN_POINT('',(1.098,2.045,0.0));
#9492=VERTEX_POINT('',#9493);
#9495=CARTESIAN_POINT('',(1.098,2.553,0.0));
#9494=VERTEX_POINT('',#9495);
#9491=EDGE_CURVE('',#9492,#9494,#9496,.T.);
#9496=LINE('',#9493,#9498);
#9498=VECTOR('',#9499,0.508);
#9499=DIRECTION('',(0.0,1.0,0.0));
#9490=ORIENTED_EDGE('',*,*,#9491,.F.);
#9503=CARTESIAN_POINT('',(1.098,2.045,0.051));
#9502=VERTEX_POINT('',#9503);
#9501=EDGE_CURVE('',#9502,#9492,#9506,.T.);
#9506=LINE('',#9503,#9508);
#9508=VECTOR('',#9509,0.0508);
#9509=DIRECTION('',(0.0,0.0,-1.0));
#9500=ORIENTED_EDGE('',*,*,#9501,.F.);
#9513=CARTESIAN_POINT('',(1.098,2.5,0.051));
#9512=VERTEX_POINT('',#9513);
#9511=EDGE_CURVE('',#9512,#9502,#9516,.T.);
#9516=LINE('',#9513,#9518);
#9518=VECTOR('',#9519,0.45530008);
#9519=DIRECTION('',(0.0,-1.0,0.0));
#9510=ORIENTED_EDGE('',*,*,#9511,.F.);
#9523=CARTESIAN_POINT('',(1.098,2.5,0.394));
#9522=VERTEX_POINT('',#9523);
#9521=EDGE_CURVE('',#9522,#9512,#9526,.T.);
#9526=LINE('',#9523,#9528);
#9528=VECTOR('',#9529,0.3429);
#9529=DIRECTION('',(0.0,0.0,-1.0));
#9520=ORIENTED_EDGE('',*,*,#9521,.F.);
#9533=CARTESIAN_POINT('',(1.098,2.553,0.394));
#9532=VERTEX_POINT('',#9533);
#9531=EDGE_CURVE('',#9532,#9522,#9536,.T.);
#9536=LINE('',#9533,#9538);
#9538=VECTOR('',#9539,0.0526999199999999);
#9539=DIRECTION('',(0.0,-1.0,0.0));
#9530=ORIENTED_EDGE('',*,*,#9531,.F.);
#9541=EDGE_CURVE('',#9494,#9532,#9546,.T.);
#9546=LINE('',#9495,#9548);
#9548=VECTOR('',#9549,0.3937);
#9549=DIRECTION('',(0.0,0.0,1.0));
#9540=ORIENTED_EDGE('',*,*,#9541,.F.);
#9550=STYLED_ITEM('',(#34),#9551);
#9551=ADVANCED_FACE('',(#9557),#9552,.T.);
#9552=PLANE('',#9553);
#9553=AXIS2_PLACEMENT_3D('',#9554,#9555,#9556);
#9554=CARTESIAN_POINT('',(1.402,2.045,0.0));
#9555=DIRECTION('',(1.0,0.0,0.0));
#9556=DIRECTION('',(0.,0.,1.));
#9557=FACE_OUTER_BOUND('',#9558,.T.);
#9558=EDGE_LOOP('',(#9559,#9569,#9579,#9589,#9599,#9609));
#9562=CARTESIAN_POINT('',(1.402,2.553,0.0));
#9561=VERTEX_POINT('',#9562);
#9564=CARTESIAN_POINT('',(1.402,2.045,0.0));
#9563=VERTEX_POINT('',#9564);
#9560=EDGE_CURVE('',#9561,#9563,#9565,.T.);
#9565=LINE('',#9562,#9567);
#9567=VECTOR('',#9568,0.508);
#9568=DIRECTION('',(0.0,-1.0,0.0));
#9559=ORIENTED_EDGE('',*,*,#9560,.F.);
#9572=CARTESIAN_POINT('',(1.402,2.553,0.394));
#9571=VERTEX_POINT('',#9572);
#9570=EDGE_CURVE('',#9571,#9561,#9575,.T.);
#9575=LINE('',#9572,#9577);
#9577=VECTOR('',#9578,0.3937);
#9578=DIRECTION('',(0.0,0.0,-1.0));
#9569=ORIENTED_EDGE('',*,*,#9570,.F.);
#9582=CARTESIAN_POINT('',(1.402,2.5,0.394));
#9581=VERTEX_POINT('',#9582);
#9580=EDGE_CURVE('',#9581,#9571,#9585,.T.);
#9585=LINE('',#9582,#9587);
#9587=VECTOR('',#9588,0.0526999199999999);
#9588=DIRECTION('',(0.0,1.0,0.0));
#9579=ORIENTED_EDGE('',*,*,#9580,.F.);
#9592=CARTESIAN_POINT('',(1.402,2.5,0.051));
#9591=VERTEX_POINT('',#9592);
#9590=EDGE_CURVE('',#9591,#9581,#9595,.T.);
#9595=LINE('',#9592,#9597);
#9597=VECTOR('',#9598,0.3429);
#9598=DIRECTION('',(0.0,0.0,1.0));
#9589=ORIENTED_EDGE('',*,*,#9590,.F.);
#9602=CARTESIAN_POINT('',(1.402,2.045,0.051));
#9601=VERTEX_POINT('',#9602);
#9600=EDGE_CURVE('',#9601,#9591,#9605,.T.);
#9605=LINE('',#9602,#9607);
#9607=VECTOR('',#9608,0.45530008);
#9608=DIRECTION('',(0.0,1.0,0.0));
#9599=ORIENTED_EDGE('',*,*,#9600,.F.);
#9610=EDGE_CURVE('',#9563,#9601,#9615,.T.);
#9615=LINE('',#9564,#9617);
#9617=VECTOR('',#9618,0.0508);
#9618=DIRECTION('',(0.0,0.0,1.0));
#9609=ORIENTED_EDGE('',*,*,#9610,.F.);
#9619=STYLED_ITEM('',(#34),#9620);
#9620=ADVANCED_FACE('',(#9626),#9621,.T.);
#9621=PLANE('',#9622);
#9622=AXIS2_PLACEMENT_3D('',#9623,#9624,#9625);
#9623=CARTESIAN_POINT('',(1.098,2.553,0.394));
#9624=DIRECTION('',(0.0,0.0,1.0));
#9625=DIRECTION('',(0.,1.,0.));
#9626=FACE_OUTER_BOUND('',#9627,.T.);
#9627=EDGE_LOOP('',(#9628,#9638,#9648,#9658));
#9628=ORIENTED_EDGE('',*,*,#9531,.T.);
#9639=EDGE_CURVE('',#9581,#9522,#9644,.T.);
#9644=LINE('',#9582,#9646);
#9646=VECTOR('',#9647,0.3048);
#9647=DIRECTION('',(-1.0,0.0,0.0));
#9638=ORIENTED_EDGE('',*,*,#9639,.F.);
#9648=ORIENTED_EDGE('',*,*,#9580,.T.);
#9659=EDGE_CURVE('',#9532,#9571,#9664,.T.);
#9664=LINE('',#9533,#9666);
#9666=VECTOR('',#9667,0.3048);
#9667=DIRECTION('',(1.0,0.0,0.0));
#9658=ORIENTED_EDGE('',*,*,#9659,.F.);
#9668=STYLED_ITEM('',(#34),#9669);
#9669=ADVANCED_FACE('',(#9675),#9670,.T.);
#9670=PLANE('',#9671);
#9671=AXIS2_PLACEMENT_3D('',#9672,#9673,#9674);
#9672=CARTESIAN_POINT('',(1.098,2.5,0.051));
#9673=DIRECTION('',(0.0,0.0,1.0));
#9674=DIRECTION('',(0.,1.,0.));
#9675=FACE_OUTER_BOUND('',#9676,.T.);
#9676=EDGE_LOOP('',(#9677,#9687,#9697,#9707));
#9677=ORIENTED_EDGE('',*,*,#9511,.T.);
#9688=EDGE_CURVE('',#9601,#9502,#9693,.T.);
#9693=LINE('',#9602,#9695);
#9695=VECTOR('',#9696,0.3048);
#9696=DIRECTION('',(-1.0,0.0,0.0));
#9687=ORIENTED_EDGE('',*,*,#9688,.F.);
#9697=ORIENTED_EDGE('',*,*,#9600,.T.);
#9708=EDGE_CURVE('',#9512,#9591,#9713,.T.);
#9713=LINE('',#9513,#9715);
#9715=VECTOR('',#9716,0.3048);
#9716=DIRECTION('',(1.0,0.0,0.0));
#9707=ORIENTED_EDGE('',*,*,#9708,.F.);
#9717=STYLED_ITEM('',(#34),#9718);
#9718=ADVANCED_FACE('',(#9724),#9719,.T.);
#9719=PLANE('',#9720);
#9720=AXIS2_PLACEMENT_3D('',#9721,#9722,#9723);
#9721=CARTESIAN_POINT('',(1.402,2.553,0.0));
#9722=DIRECTION('',(0.0,1.0,0.0));
#9723=DIRECTION('',(0.,0.,1.));
#9724=FACE_OUTER_BOUND('',#9725,.T.);
#9725=EDGE_LOOP('',(#9726,#9736,#9746,#9756));
#9727=EDGE_CURVE('',#9494,#9561,#9732,.T.);
#9732=LINE('',#9495,#9734);
#9734=VECTOR('',#9735,0.3048);
#9735=DIRECTION('',(1.0,0.0,0.0));
#9726=ORIENTED_EDGE('',*,*,#9727,.F.);
#9736=ORIENTED_EDGE('',*,*,#9541,.T.);
#9746=ORIENTED_EDGE('',*,*,#9659,.T.);
#9756=ORIENTED_EDGE('',*,*,#9570,.T.);
#9766=STYLED_ITEM('',(#34),#9767);
#9767=ADVANCED_FACE('',(#9773),#9768,.T.);
#9768=PLANE('',#9769);
#9769=AXIS2_PLACEMENT_3D('',#9770,#9771,#9772);
#9770=CARTESIAN_POINT('',(1.098,2.045,0.0));
#9771=DIRECTION('',(0.0,-1.0,0.0));
#9772=DIRECTION('',(0.,0.,1.));
#9773=FACE_OUTER_BOUND('',#9774,.T.);
#9774=EDGE_LOOP('',(#9775,#9785,#9795,#9805));
#9776=EDGE_CURVE('',#9563,#9492,#9781,.T.);
#9781=LINE('',#9564,#9783);
#9783=VECTOR('',#9784,0.3048);
#9784=DIRECTION('',(-1.0,0.0,0.0));
#9775=ORIENTED_EDGE('',*,*,#9776,.F.);
#9785=ORIENTED_EDGE('',*,*,#9610,.T.);
#9795=ORIENTED_EDGE('',*,*,#9688,.T.);
#9805=ORIENTED_EDGE('',*,*,#9501,.T.);
#9815=STYLED_ITEM('',(#34),#9816);
#9816=ADVANCED_FACE('',(#9822),#9817,.T.);
#9817=PLANE('',#9818);
#9818=AXIS2_PLACEMENT_3D('',#9819,#9820,#9821);
#9819=CARTESIAN_POINT('',(1.098,2.5,0.051));
#9820=DIRECTION('',(0.0,-1.0,0.0));
#9821=DIRECTION('',(0.,0.,1.));
#9822=FACE_OUTER_BOUND('',#9823,.T.);
#9823=EDGE_LOOP('',(#9824,#9834,#9844,#9854));
#9824=ORIENTED_EDGE('',*,*,#9708,.T.);
#9834=ORIENTED_EDGE('',*,*,#9590,.T.);
#9844=ORIENTED_EDGE('',*,*,#9639,.T.);
#9854=ORIENTED_EDGE('',*,*,#9521,.T.);
#9864=STYLED_ITEM('',(#34),#9865);
#9865=ADVANCED_FACE('',(#9871),#9866,.T.);
#9866=PLANE('',#9867);
#9867=AXIS2_PLACEMENT_3D('',#9868,#9869,#9870);
#9868=CARTESIAN_POINT('',(1.402,2.553,0.0));
#9869=DIRECTION('',(0.0,0.0,-1.0));
#9870=DIRECTION('',(0.,1.,0.));
#9871=FACE_OUTER_BOUND('',#9872,.T.);
#9872=EDGE_LOOP('',(#9873,#9883,#9893,#9903));
#9873=ORIENTED_EDGE('',*,*,#9560,.T.);
#9883=ORIENTED_EDGE('',*,*,#9776,.T.);
#9893=ORIENTED_EDGE('',*,*,#9491,.T.);
#9903=ORIENTED_EDGE('',*,*,#9727,.T.);
#9913=MANIFOLD_SOLID_BREP($,#9914);
#9914=CLOSED_SHELL('',(#9916,#9985,#10054,#10103,#10152,#10201,#10250,#10299));
#9915=STYLED_ITEM('',(#34),#9916);
#9916=ADVANCED_FACE('',(#9922),#9917,.T.);
#9917=PLANE('',#9918);
#9918=AXIS2_PLACEMENT_3D('',#9919,#9920,#9921);
#9919=CARTESIAN_POINT('',(0.598,2.553,0.0));
#9920=DIRECTION('',(-1.0,0.0,0.0));
#9921=DIRECTION('',(0.,0.,1.));
#9922=FACE_OUTER_BOUND('',#9923,.T.);
#9923=EDGE_LOOP('',(#9924,#9934,#9944,#9954,#9964,#9974));
#9927=CARTESIAN_POINT('',(0.598,2.045,0.0));
#9926=VERTEX_POINT('',#9927);
#9929=CARTESIAN_POINT('',(0.598,2.553,0.0));
#9928=VERTEX_POINT('',#9929);
#9925=EDGE_CURVE('',#9926,#9928,#9930,.T.);
#9930=LINE('',#9927,#9932);
#9932=VECTOR('',#9933,0.508);
#9933=DIRECTION('',(0.0,1.0,0.0));
#9924=ORIENTED_EDGE('',*,*,#9925,.F.);
#9937=CARTESIAN_POINT('',(0.598,2.045,0.051));
#9936=VERTEX_POINT('',#9937);
#9935=EDGE_CURVE('',#9936,#9926,#9940,.T.);
#9940=LINE('',#9937,#9942);
#9942=VECTOR('',#9943,0.0508);
#9943=DIRECTION('',(0.0,0.0,-1.0));
#9934=ORIENTED_EDGE('',*,*,#9935,.F.);
#9947=CARTESIAN_POINT('',(0.598,2.5,0.051));
#9946=VERTEX_POINT('',#9947);
#9945=EDGE_CURVE('',#9946,#9936,#9950,.T.);
#9950=LINE('',#9947,#9952);
#9952=VECTOR('',#9953,0.45530008);
#9953=DIRECTION('',(0.0,-1.0,0.0));
#9944=ORIENTED_EDGE('',*,*,#9945,.F.);
#9957=CARTESIAN_POINT('',(0.598,2.5,0.394));
#9956=VERTEX_POINT('',#9957);
#9955=EDGE_CURVE('',#9956,#9946,#9960,.T.);
#9960=LINE('',#9957,#9962);
#9962=VECTOR('',#9963,0.3429);
#9963=DIRECTION('',(0.0,0.0,-1.0));
#9954=ORIENTED_EDGE('',*,*,#9955,.F.);
#9967=CARTESIAN_POINT('',(0.598,2.553,0.394));
#9966=VERTEX_POINT('',#9967);
#9965=EDGE_CURVE('',#9966,#9956,#9970,.T.);
#9970=LINE('',#9967,#9972);
#9972=VECTOR('',#9973,0.0526999199999999);
#9973=DIRECTION('',(0.0,-1.0,0.0));
#9964=ORIENTED_EDGE('',*,*,#9965,.F.);
#9975=EDGE_CURVE('',#9928,#9966,#9980,.T.);
#9980=LINE('',#9929,#9982);
#9982=VECTOR('',#9983,0.3937);
#9983=DIRECTION('',(0.0,0.0,1.0));
#9974=ORIENTED_EDGE('',*,*,#9975,.F.);
#9984=STYLED_ITEM('',(#34),#9985);
#9985=ADVANCED_FACE('',(#9991),#9986,.T.);
#9986=PLANE('',#9987);
#9987=AXIS2_PLACEMENT_3D('',#9988,#9989,#9990);
#9988=CARTESIAN_POINT('',(0.902,2.045,0.0));
#9989=DIRECTION('',(1.0,0.0,0.0));
#9990=DIRECTION('',(0.,0.,1.));
#9991=FACE_OUTER_BOUND('',#9992,.T.);
#9992=EDGE_LOOP('',(#9993,#10003,#10013,#10023,#10033,#10043));
#9996=CARTESIAN_POINT('',(0.902,2.553,0.0));
#9995=VERTEX_POINT('',#9996);
#9998=CARTESIAN_POINT('',(0.902,2.045,0.0));
#9997=VERTEX_POINT('',#9998);
#9994=EDGE_CURVE('',#9995,#9997,#9999,.T.);
#9999=LINE('',#9996,#10001);
#10001=VECTOR('',#10002,0.508);
#10002=DIRECTION('',(0.0,-1.0,0.0));
#9993=ORIENTED_EDGE('',*,*,#9994,.F.);
#10006=CARTESIAN_POINT('',(0.902,2.553,0.394));
#10005=VERTEX_POINT('',#10006);
#10004=EDGE_CURVE('',#10005,#9995,#10009,.T.);
#10009=LINE('',#10006,#10011);
#10011=VECTOR('',#10012,0.3937);
#10012=DIRECTION('',(0.0,0.0,-1.0));
#10003=ORIENTED_EDGE('',*,*,#10004,.F.);
#10016=CARTESIAN_POINT('',(0.902,2.5,0.394));
#10015=VERTEX_POINT('',#10016);
#10014=EDGE_CURVE('',#10015,#10005,#10019,.T.);
#10019=LINE('',#10016,#10021);
#10021=VECTOR('',#10022,0.0526999199999999);
#10022=DIRECTION('',(0.0,1.0,0.0));
#10013=ORIENTED_EDGE('',*,*,#10014,.F.);
#10026=CARTESIAN_POINT('',(0.902,2.5,0.051));
#10025=VERTEX_POINT('',#10026);
#10024=EDGE_CURVE('',#10025,#10015,#10029,.T.);
#10029=LINE('',#10026,#10031);
#10031=VECTOR('',#10032,0.3429);
#10032=DIRECTION('',(0.0,0.0,1.0));
#10023=ORIENTED_EDGE('',*,*,#10024,.F.);
#10036=CARTESIAN_POINT('',(0.902,2.045,0.051));
#10035=VERTEX_POINT('',#10036);
#10034=EDGE_CURVE('',#10035,#10025,#10039,.T.);
#10039=LINE('',#10036,#10041);
#10041=VECTOR('',#10042,0.45530008);
#10042=DIRECTION('',(0.0,1.0,0.0));
#10033=ORIENTED_EDGE('',*,*,#10034,.F.);
#10044=EDGE_CURVE('',#9997,#10035,#10049,.T.);
#10049=LINE('',#9998,#10051);
#10051=VECTOR('',#10052,0.0508);
#10052=DIRECTION('',(0.0,0.0,1.0));
#10043=ORIENTED_EDGE('',*,*,#10044,.F.);
#10053=STYLED_ITEM('',(#34),#10054);
#10054=ADVANCED_FACE('',(#10060),#10055,.T.);
#10055=PLANE('',#10056);
#10056=AXIS2_PLACEMENT_3D('',#10057,#10058,#10059);
#10057=CARTESIAN_POINT('',(0.598,2.553,0.394));
#10058=DIRECTION('',(0.0,0.0,1.0));
#10059=DIRECTION('',(0.,1.,0.));
#10060=FACE_OUTER_BOUND('',#10061,.T.);
#10061=EDGE_LOOP('',(#10062,#10072,#10082,#10092));
#10062=ORIENTED_EDGE('',*,*,#9965,.T.);
#10073=EDGE_CURVE('',#10015,#9956,#10078,.T.);
#10078=LINE('',#10016,#10080);
#10080=VECTOR('',#10081,0.3048);
#10081=DIRECTION('',(-1.0,0.0,0.0));
#10072=ORIENTED_EDGE('',*,*,#10073,.F.);
#10082=ORIENTED_EDGE('',*,*,#10014,.T.);
#10093=EDGE_CURVE('',#9966,#10005,#10098,.T.);
#10098=LINE('',#9967,#10100);
#10100=VECTOR('',#10101,0.3048);
#10101=DIRECTION('',(1.0,0.0,0.0));
#10092=ORIENTED_EDGE('',*,*,#10093,.F.);
#10102=STYLED_ITEM('',(#34),#10103);
#10103=ADVANCED_FACE('',(#10109),#10104,.T.);
#10104=PLANE('',#10105);
#10105=AXIS2_PLACEMENT_3D('',#10106,#10107,#10108);
#10106=CARTESIAN_POINT('',(0.598,2.5,0.051));
#10107=DIRECTION('',(0.0,0.0,1.0));
#10108=DIRECTION('',(0.,1.,0.));
#10109=FACE_OUTER_BOUND('',#10110,.T.);
#10110=EDGE_LOOP('',(#10111,#10121,#10131,#10141));
#10111=ORIENTED_EDGE('',*,*,#9945,.T.);
#10122=EDGE_CURVE('',#10035,#9936,#10127,.T.);
#10127=LINE('',#10036,#10129);
#10129=VECTOR('',#10130,0.3048);
#10130=DIRECTION('',(-1.0,0.0,0.0));
#10121=ORIENTED_EDGE('',*,*,#10122,.F.);
#10131=ORIENTED_EDGE('',*,*,#10034,.T.);
#10142=EDGE_CURVE('',#9946,#10025,#10147,.T.);
#10147=LINE('',#9947,#10149);
#10149=VECTOR('',#10150,0.3048);
#10150=DIRECTION('',(1.0,0.0,0.0));
#10141=ORIENTED_EDGE('',*,*,#10142,.F.);
#10151=STYLED_ITEM('',(#34),#10152);
#10152=ADVANCED_FACE('',(#10158),#10153,.T.);
#10153=PLANE('',#10154);
#10154=AXIS2_PLACEMENT_3D('',#10155,#10156,#10157);
#10155=CARTESIAN_POINT('',(0.902,2.553,0.0));
#10156=DIRECTION('',(0.0,1.0,0.0));
#10157=DIRECTION('',(0.,0.,1.));
#10158=FACE_OUTER_BOUND('',#10159,.T.);
#10159=EDGE_LOOP('',(#10160,#10170,#10180,#10190));
#10161=EDGE_CURVE('',#9928,#9995,#10166,.T.);
#10166=LINE('',#9929,#10168);
#10168=VECTOR('',#10169,0.3048);
#10169=DIRECTION('',(1.0,0.0,0.0));
#10160=ORIENTED_EDGE('',*,*,#10161,.F.);
#10170=ORIENTED_EDGE('',*,*,#9975,.T.);
#10180=ORIENTED_EDGE('',*,*,#10093,.T.);
#10190=ORIENTED_EDGE('',*,*,#10004,.T.);
#10200=STYLED_ITEM('',(#34),#10201);
#10201=ADVANCED_FACE('',(#10207),#10202,.T.);
#10202=PLANE('',#10203);
#10203=AXIS2_PLACEMENT_3D('',#10204,#10205,#10206);
#10204=CARTESIAN_POINT('',(0.598,2.045,0.0));
#10205=DIRECTION('',(0.0,-1.0,0.0));
#10206=DIRECTION('',(0.,0.,1.));
#10207=FACE_OUTER_BOUND('',#10208,.T.);
#10208=EDGE_LOOP('',(#10209,#10219,#10229,#10239));
#10210=EDGE_CURVE('',#9997,#9926,#10215,.T.);
#10215=LINE('',#9998,#10217);
#10217=VECTOR('',#10218,0.3048);
#10218=DIRECTION('',(-1.0,0.0,0.0));
#10209=ORIENTED_EDGE('',*,*,#10210,.F.);
#10219=ORIENTED_EDGE('',*,*,#10044,.T.);
#10229=ORIENTED_EDGE('',*,*,#10122,.T.);
#10239=ORIENTED_EDGE('',*,*,#9935,.T.);
#10249=STYLED_ITEM('',(#34),#10250);
#10250=ADVANCED_FACE('',(#10256),#10251,.T.);
#10251=PLANE('',#10252);
#10252=AXIS2_PLACEMENT_3D('',#10253,#10254,#10255);
#10253=CARTESIAN_POINT('',(0.598,2.5,0.051));
#10254=DIRECTION('',(0.0,-1.0,0.0));
#10255=DIRECTION('',(0.,0.,1.));
#10256=FACE_OUTER_BOUND('',#10257,.T.);
#10257=EDGE_LOOP('',(#10258,#10268,#10278,#10288));
#10258=ORIENTED_EDGE('',*,*,#10142,.T.);
#10268=ORIENTED_EDGE('',*,*,#10024,.T.);
#10278=ORIENTED_EDGE('',*,*,#10073,.T.);
#10288=ORIENTED_EDGE('',*,*,#9955,.T.);
#10298=STYLED_ITEM('',(#34),#10299);
#10299=ADVANCED_FACE('',(#10305),#10300,.T.);
#10300=PLANE('',#10301);
#10301=AXIS2_PLACEMENT_3D('',#10302,#10303,#10304);
#10302=CARTESIAN_POINT('',(0.902,2.553,0.0));
#10303=DIRECTION('',(0.0,0.0,-1.0));
#10304=DIRECTION('',(0.,1.,0.));
#10305=FACE_OUTER_BOUND('',#10306,.T.);
#10306=EDGE_LOOP('',(#10307,#10317,#10327,#10337));
#10307=ORIENTED_EDGE('',*,*,#9994,.T.);
#10317=ORIENTED_EDGE('',*,*,#10210,.T.);
#10327=ORIENTED_EDGE('',*,*,#9925,.T.);
#10337=ORIENTED_EDGE('',*,*,#10161,.T.);
#10347=MANIFOLD_SOLID_BREP($,#10348);
#10348=CLOSED_SHELL('',(#10350,#10419,#10488,#10537,#10586,#10635,#10684,#10733));
#10349=STYLED_ITEM('',(#34),#10350);
#10350=ADVANCED_FACE('',(#10356),#10351,.T.);
#10351=PLANE('',#10352);
#10352=AXIS2_PLACEMENT_3D('',#10353,#10354,#10355);
#10353=CARTESIAN_POINT('',(0.098,2.553,0.0));
#10354=DIRECTION('',(-1.0,0.0,0.0));
#10355=DIRECTION('',(0.,0.,1.));
#10356=FACE_OUTER_BOUND('',#10357,.T.);
#10357=EDGE_LOOP('',(#10358,#10368,#10378,#10388,#10398,#10408));
#10361=CARTESIAN_POINT('',(0.098,2.045,0.0));
#10360=VERTEX_POINT('',#10361);
#10363=CARTESIAN_POINT('',(0.098,2.553,0.0));
#10362=VERTEX_POINT('',#10363);
#10359=EDGE_CURVE('',#10360,#10362,#10364,.T.);
#10364=LINE('',#10361,#10366);
#10366=VECTOR('',#10367,0.508);
#10367=DIRECTION('',(0.0,1.0,0.0));
#10358=ORIENTED_EDGE('',*,*,#10359,.F.);
#10371=CARTESIAN_POINT('',(0.098,2.045,0.051));
#10370=VERTEX_POINT('',#10371);
#10369=EDGE_CURVE('',#10370,#10360,#10374,.T.);
#10374=LINE('',#10371,#10376);
#10376=VECTOR('',#10377,0.0508);
#10377=DIRECTION('',(0.0,0.0,-1.0));
#10368=ORIENTED_EDGE('',*,*,#10369,.F.);
#10381=CARTESIAN_POINT('',(0.098,2.5,0.051));
#10380=VERTEX_POINT('',#10381);
#10379=EDGE_CURVE('',#10380,#10370,#10384,.T.);
#10384=LINE('',#10381,#10386);
#10386=VECTOR('',#10387,0.45530008);
#10387=DIRECTION('',(0.0,-1.0,0.0));
#10378=ORIENTED_EDGE('',*,*,#10379,.F.);
#10391=CARTESIAN_POINT('',(0.098,2.5,0.394));
#10390=VERTEX_POINT('',#10391);
#10389=EDGE_CURVE('',#10390,#10380,#10394,.T.);
#10394=LINE('',#10391,#10396);
#10396=VECTOR('',#10397,0.3429);
#10397=DIRECTION('',(0.0,0.0,-1.0));
#10388=ORIENTED_EDGE('',*,*,#10389,.F.);
#10401=CARTESIAN_POINT('',(0.098,2.553,0.394));
#10400=VERTEX_POINT('',#10401);
#10399=EDGE_CURVE('',#10400,#10390,#10404,.T.);
#10404=LINE('',#10401,#10406);
#10406=VECTOR('',#10407,0.0526999199999999);
#10407=DIRECTION('',(0.0,-1.0,0.0));
#10398=ORIENTED_EDGE('',*,*,#10399,.F.);
#10409=EDGE_CURVE('',#10362,#10400,#10414,.T.);
#10414=LINE('',#10363,#10416);
#10416=VECTOR('',#10417,0.3937);
#10417=DIRECTION('',(0.0,0.0,1.0));
#10408=ORIENTED_EDGE('',*,*,#10409,.F.);
#10418=STYLED_ITEM('',(#34),#10419);
#10419=ADVANCED_FACE('',(#10425),#10420,.T.);
#10420=PLANE('',#10421);
#10421=AXIS2_PLACEMENT_3D('',#10422,#10423,#10424);
#10422=CARTESIAN_POINT('',(0.402,2.045,0.0));
#10423=DIRECTION('',(1.0,0.0,0.0));
#10424=DIRECTION('',(0.,0.,1.));
#10425=FACE_OUTER_BOUND('',#10426,.T.);
#10426=EDGE_LOOP('',(#10427,#10437,#10447,#10457,#10467,#10477));
#10430=CARTESIAN_POINT('',(0.402,2.553,0.0));
#10429=VERTEX_POINT('',#10430);
#10432=CARTESIAN_POINT('',(0.402,2.045,0.0));
#10431=VERTEX_POINT('',#10432);
#10428=EDGE_CURVE('',#10429,#10431,#10433,.T.);
#10433=LINE('',#10430,#10435);
#10435=VECTOR('',#10436,0.508);
#10436=DIRECTION('',(0.0,-1.0,0.0));
#10427=ORIENTED_EDGE('',*,*,#10428,.F.);
#10440=CARTESIAN_POINT('',(0.402,2.553,0.394));
#10439=VERTEX_POINT('',#10440);
#10438=EDGE_CURVE('',#10439,#10429,#10443,.T.);
#10443=LINE('',#10440,#10445);
#10445=VECTOR('',#10446,0.3937);
#10446=DIRECTION('',(0.0,0.0,-1.0));
#10437=ORIENTED_EDGE('',*,*,#10438,.F.);
#10450=CARTESIAN_POINT('',(0.402,2.5,0.394));
#10449=VERTEX_POINT('',#10450);
#10448=EDGE_CURVE('',#10449,#10439,#10453,.T.);
#10453=LINE('',#10450,#10455);
#10455=VECTOR('',#10456,0.0526999199999999);
#10456=DIRECTION('',(0.0,1.0,0.0));
#10447=ORIENTED_EDGE('',*,*,#10448,.F.);
#10460=CARTESIAN_POINT('',(0.402,2.5,0.051));
#10459=VERTEX_POINT('',#10460);
#10458=EDGE_CURVE('',#10459,#10449,#10463,.T.);
#10463=LINE('',#10460,#10465);
#10465=VECTOR('',#10466,0.3429);
#10466=DIRECTION('',(0.0,0.0,1.0));
#10457=ORIENTED_EDGE('',*,*,#10458,.F.);
#10470=CARTESIAN_POINT('',(0.402,2.045,0.051));
#10469=VERTEX_POINT('',#10470);
#10468=EDGE_CURVE('',#10469,#10459,#10473,.T.);
#10473=LINE('',#10470,#10475);
#10475=VECTOR('',#10476,0.45530008);
#10476=DIRECTION('',(0.0,1.0,0.0));
#10467=ORIENTED_EDGE('',*,*,#10468,.F.);
#10478=EDGE_CURVE('',#10431,#10469,#10483,.T.);
#10483=LINE('',#10432,#10485);
#10485=VECTOR('',#10486,0.0508);
#10486=DIRECTION('',(0.0,0.0,1.0));
#10477=ORIENTED_EDGE('',*,*,#10478,.F.);
#10487=STYLED_ITEM('',(#34),#10488);
#10488=ADVANCED_FACE('',(#10494),#10489,.T.);
#10489=PLANE('',#10490);
#10490=AXIS2_PLACEMENT_3D('',#10491,#10492,#10493);
#10491=CARTESIAN_POINT('',(0.098,2.553,0.394));
#10492=DIRECTION('',(0.0,0.0,1.0));
#10493=DIRECTION('',(0.,1.,0.));
#10494=FACE_OUTER_BOUND('',#10495,.T.);
#10495=EDGE_LOOP('',(#10496,#10506,#10516,#10526));
#10496=ORIENTED_EDGE('',*,*,#10399,.T.);
#10507=EDGE_CURVE('',#10449,#10390,#10512,.T.);
#10512=LINE('',#10450,#10514);
#10514=VECTOR('',#10515,0.3048);
#10515=DIRECTION('',(-1.0,0.0,0.0));
#10506=ORIENTED_EDGE('',*,*,#10507,.F.);
#10516=ORIENTED_EDGE('',*,*,#10448,.T.);
#10527=EDGE_CURVE('',#10400,#10439,#10532,.T.);
#10532=LINE('',#10401,#10534);
#10534=VECTOR('',#10535,0.3048);
#10535=DIRECTION('',(1.0,0.0,0.0));
#10526=ORIENTED_EDGE('',*,*,#10527,.F.);
#10536=STYLED_ITEM('',(#34),#10537);
#10537=ADVANCED_FACE('',(#10543),#10538,.T.);
#10538=PLANE('',#10539);
#10539=AXIS2_PLACEMENT_3D('',#10540,#10541,#10542);
#10540=CARTESIAN_POINT('',(0.098,2.5,0.051));
#10541=DIRECTION('',(0.0,0.0,1.0));
#10542=DIRECTION('',(0.,1.,0.));
#10543=FACE_OUTER_BOUND('',#10544,.T.);
#10544=EDGE_LOOP('',(#10545,#10555,#10565,#10575));
#10545=ORIENTED_EDGE('',*,*,#10379,.T.);
#10556=EDGE_CURVE('',#10469,#10370,#10561,.T.);
#10561=LINE('',#10470,#10563);
#10563=VECTOR('',#10564,0.3048);
#10564=DIRECTION('',(-1.0,0.0,0.0));
#10555=ORIENTED_EDGE('',*,*,#10556,.F.);
#10565=ORIENTED_EDGE('',*,*,#10468,.T.);
#10576=EDGE_CURVE('',#10380,#10459,#10581,.T.);
#10581=LINE('',#10381,#10583);
#10583=VECTOR('',#10584,0.3048);
#10584=DIRECTION('',(1.0,0.0,0.0));
#10575=ORIENTED_EDGE('',*,*,#10576,.F.);
#10585=STYLED_ITEM('',(#34),#10586);
#10586=ADVANCED_FACE('',(#10592),#10587,.T.);
#10587=PLANE('',#10588);
#10588=AXIS2_PLACEMENT_3D('',#10589,#10590,#10591);
#10589=CARTESIAN_POINT('',(0.402,2.553,0.0));
#10590=DIRECTION('',(0.0,1.0,0.0));
#10591=DIRECTION('',(0.,0.,1.));
#10592=FACE_OUTER_BOUND('',#10593,.T.);
#10593=EDGE_LOOP('',(#10594,#10604,#10614,#10624));
#10595=EDGE_CURVE('',#10362,#10429,#10600,.T.);
#10600=LINE('',#10363,#10602);
#10602=VECTOR('',#10603,0.3048);
#10603=DIRECTION('',(1.0,0.0,0.0));
#10594=ORIENTED_EDGE('',*,*,#10595,.F.);
#10604=ORIENTED_EDGE('',*,*,#10409,.T.);
#10614=ORIENTED_EDGE('',*,*,#10527,.T.);
#10624=ORIENTED_EDGE('',*,*,#10438,.T.);
#10634=STYLED_ITEM('',(#34),#10635);
#10635=ADVANCED_FACE('',(#10641),#10636,.T.);
#10636=PLANE('',#10637);
#10637=AXIS2_PLACEMENT_3D('',#10638,#10639,#10640);
#10638=CARTESIAN_POINT('',(0.098,2.045,0.0));
#10639=DIRECTION('',(0.0,-1.0,0.0));
#10640=DIRECTION('',(0.,0.,1.));
#10641=FACE_OUTER_BOUND('',#10642,.T.);
#10642=EDGE_LOOP('',(#10643,#10653,#10663,#10673));
#10644=EDGE_CURVE('',#10431,#10360,#10649,.T.);
#10649=LINE('',#10432,#10651);
#10651=VECTOR('',#10652,0.3048);
#10652=DIRECTION('',(-1.0,0.0,0.0));
#10643=ORIENTED_EDGE('',*,*,#10644,.F.);
#10653=ORIENTED_EDGE('',*,*,#10478,.T.);
#10663=ORIENTED_EDGE('',*,*,#10556,.T.);
#10673=ORIENTED_EDGE('',*,*,#10369,.T.);
#10683=STYLED_ITEM('',(#34),#10684);
#10684=ADVANCED_FACE('',(#10690),#10685,.T.);
#10685=PLANE('',#10686);
#10686=AXIS2_PLACEMENT_3D('',#10687,#10688,#10689);
#10687=CARTESIAN_POINT('',(0.098,2.5,0.051));
#10688=DIRECTION('',(0.0,-1.0,0.0));
#10689=DIRECTION('',(0.,0.,1.));
#10690=FACE_OUTER_BOUND('',#10691,.T.);
#10691=EDGE_LOOP('',(#10692,#10702,#10712,#10722));
#10692=ORIENTED_EDGE('',*,*,#10576,.T.);
#10702=ORIENTED_EDGE('',*,*,#10458,.T.);
#10712=ORIENTED_EDGE('',*,*,#10507,.T.);
#10722=ORIENTED_EDGE('',*,*,#10389,.T.);
#10732=STYLED_ITEM('',(#34),#10733);
#10733=ADVANCED_FACE('',(#10739),#10734,.T.);
#10734=PLANE('',#10735);
#10735=AXIS2_PLACEMENT_3D('',#10736,#10737,#10738);
#10736=CARTESIAN_POINT('',(0.402,2.553,0.0));
#10737=DIRECTION('',(0.0,0.0,-1.0));
#10738=DIRECTION('',(0.,1.,0.));
#10739=FACE_OUTER_BOUND('',#10740,.T.);
#10740=EDGE_LOOP('',(#10741,#10751,#10761,#10771));
#10741=ORIENTED_EDGE('',*,*,#10428,.T.);
#10751=ORIENTED_EDGE('',*,*,#10644,.T.);
#10761=ORIENTED_EDGE('',*,*,#10359,.T.);
#10771=ORIENTED_EDGE('',*,*,#10595,.T.);
#10781=MANIFOLD_SOLID_BREP($,#10782);
#10782=CLOSED_SHELL('',(#10784,#10853,#10922,#10971,#11020,#11069,#11118,#11167));
#10783=STYLED_ITEM('',(#34),#10784);
#10784=ADVANCED_FACE('',(#10790),#10785,.T.);
#10785=PLANE('',#10786);
#10786=AXIS2_PLACEMENT_3D('',#10787,#10788,#10789);
#10787=CARTESIAN_POINT('',(-0.402,2.553,0.0));
#10788=DIRECTION('',(-1.0,0.0,0.0));
#10789=DIRECTION('',(0.,0.,1.));
#10790=FACE_OUTER_BOUND('',#10791,.T.);
#10791=EDGE_LOOP('',(#10792,#10802,#10812,#10822,#10832,#10842));
#10795=CARTESIAN_POINT('',(-0.402,2.045,0.0));
#10794=VERTEX_POINT('',#10795);
#10797=CARTESIAN_POINT('',(-0.402,2.553,0.0));
#10796=VERTEX_POINT('',#10797);
#10793=EDGE_CURVE('',#10794,#10796,#10798,.T.);
#10798=LINE('',#10795,#10800);
#10800=VECTOR('',#10801,0.508);
#10801=DIRECTION('',(0.0,1.0,0.0));
#10792=ORIENTED_EDGE('',*,*,#10793,.F.);
#10805=CARTESIAN_POINT('',(-0.402,2.045,0.051));
#10804=VERTEX_POINT('',#10805);
#10803=EDGE_CURVE('',#10804,#10794,#10808,.T.);
#10808=LINE('',#10805,#10810);
#10810=VECTOR('',#10811,0.0508);
#10811=DIRECTION('',(0.0,0.0,-1.0));
#10802=ORIENTED_EDGE('',*,*,#10803,.F.);
#10815=CARTESIAN_POINT('',(-0.402,2.5,0.051));
#10814=VERTEX_POINT('',#10815);
#10813=EDGE_CURVE('',#10814,#10804,#10818,.T.);
#10818=LINE('',#10815,#10820);
#10820=VECTOR('',#10821,0.45530008);
#10821=DIRECTION('',(0.0,-1.0,0.0));
#10812=ORIENTED_EDGE('',*,*,#10813,.F.);
#10825=CARTESIAN_POINT('',(-0.402,2.5,0.394));
#10824=VERTEX_POINT('',#10825);
#10823=EDGE_CURVE('',#10824,#10814,#10828,.T.);
#10828=LINE('',#10825,#10830);
#10830=VECTOR('',#10831,0.3429);
#10831=DIRECTION('',(0.0,0.0,-1.0));
#10822=ORIENTED_EDGE('',*,*,#10823,.F.);
#10835=CARTESIAN_POINT('',(-0.402,2.553,0.394));
#10834=VERTEX_POINT('',#10835);
#10833=EDGE_CURVE('',#10834,#10824,#10838,.T.);
#10838=LINE('',#10835,#10840);
#10840=VECTOR('',#10841,0.0526999199999999);
#10841=DIRECTION('',(0.0,-1.0,0.0));
#10832=ORIENTED_EDGE('',*,*,#10833,.F.);
#10843=EDGE_CURVE('',#10796,#10834,#10848,.T.);
#10848=LINE('',#10797,#10850);
#10850=VECTOR('',#10851,0.3937);
#10851=DIRECTION('',(0.0,0.0,1.0));
#10842=ORIENTED_EDGE('',*,*,#10843,.F.);
#10852=STYLED_ITEM('',(#34),#10853);
#10853=ADVANCED_FACE('',(#10859),#10854,.T.);
#10854=PLANE('',#10855);
#10855=AXIS2_PLACEMENT_3D('',#10856,#10857,#10858);
#10856=CARTESIAN_POINT('',(-0.098,2.045,0.0));
#10857=DIRECTION('',(1.0,0.0,0.0));
#10858=DIRECTION('',(0.,0.,1.));
#10859=FACE_OUTER_BOUND('',#10860,.T.);
#10860=EDGE_LOOP('',(#10861,#10871,#10881,#10891,#10901,#10911));
#10864=CARTESIAN_POINT('',(-0.098,2.553,0.0));
#10863=VERTEX_POINT('',#10864);
#10866=CARTESIAN_POINT('',(-0.098,2.045,0.0));
#10865=VERTEX_POINT('',#10866);
#10862=EDGE_CURVE('',#10863,#10865,#10867,.T.);
#10867=LINE('',#10864,#10869);
#10869=VECTOR('',#10870,0.508);
#10870=DIRECTION('',(0.0,-1.0,0.0));
#10861=ORIENTED_EDGE('',*,*,#10862,.F.);
#10874=CARTESIAN_POINT('',(-0.098,2.553,0.394));
#10873=VERTEX_POINT('',#10874);
#10872=EDGE_CURVE('',#10873,#10863,#10877,.T.);
#10877=LINE('',#10874,#10879);
#10879=VECTOR('',#10880,0.3937);
#10880=DIRECTION('',(0.0,0.0,-1.0));
#10871=ORIENTED_EDGE('',*,*,#10872,.F.);
#10884=CARTESIAN_POINT('',(-0.098,2.5,0.394));
#10883=VERTEX_POINT('',#10884);
#10882=EDGE_CURVE('',#10883,#10873,#10887,.T.);
#10887=LINE('',#10884,#10889);
#10889=VECTOR('',#10890,0.0526999199999999);
#10890=DIRECTION('',(0.0,1.0,0.0));
#10881=ORIENTED_EDGE('',*,*,#10882,.F.);
#10894=CARTESIAN_POINT('',(-0.098,2.5,0.051));
#10893=VERTEX_POINT('',#10894);
#10892=EDGE_CURVE('',#10893,#10883,#10897,.T.);
#10897=LINE('',#10894,#10899);
#10899=VECTOR('',#10900,0.3429);
#10900=DIRECTION('',(0.0,0.0,1.0));
#10891=ORIENTED_EDGE('',*,*,#10892,.F.);
#10904=CARTESIAN_POINT('',(-0.098,2.045,0.051));
#10903=VERTEX_POINT('',#10904);
#10902=EDGE_CURVE('',#10903,#10893,#10907,.T.);
#10907=LINE('',#10904,#10909);
#10909=VECTOR('',#10910,0.45530008);
#10910=DIRECTION('',(0.0,1.0,0.0));
#10901=ORIENTED_EDGE('',*,*,#10902,.F.);
#10912=EDGE_CURVE('',#10865,#10903,#10917,.T.);
#10917=LINE('',#10866,#10919);
#10919=VECTOR('',#10920,0.0508);
#10920=DIRECTION('',(0.0,0.0,1.0));
#10911=ORIENTED_EDGE('',*,*,#10912,.F.);
#10921=STYLED_ITEM('',(#34),#10922);
#10922=ADVANCED_FACE('',(#10928),#10923,.T.);
#10923=PLANE('',#10924);
#10924=AXIS2_PLACEMENT_3D('',#10925,#10926,#10927);
#10925=CARTESIAN_POINT('',(-0.402,2.553,0.394));
#10926=DIRECTION('',(0.0,0.0,1.0));
#10927=DIRECTION('',(0.,1.,0.));
#10928=FACE_OUTER_BOUND('',#10929,.T.);
#10929=EDGE_LOOP('',(#10930,#10940,#10950,#10960));
#10930=ORIENTED_EDGE('',*,*,#10833,.T.);
#10941=EDGE_CURVE('',#10883,#10824,#10946,.T.);
#10946=LINE('',#10884,#10948);
#10948=VECTOR('',#10949,0.3048);
#10949=DIRECTION('',(-1.0,0.0,0.0));
#10940=ORIENTED_EDGE('',*,*,#10941,.F.);
#10950=ORIENTED_EDGE('',*,*,#10882,.T.);
#10961=EDGE_CURVE('',#10834,#10873,#10966,.T.);
#10966=LINE('',#10835,#10968);
#10968=VECTOR('',#10969,0.3048);
#10969=DIRECTION('',(1.0,0.0,0.0));
#10960=ORIENTED_EDGE('',*,*,#10961,.F.);
#10970=STYLED_ITEM('',(#34),#10971);
#10971=ADVANCED_FACE('',(#10977),#10972,.T.);
#10972=PLANE('',#10973);
#10973=AXIS2_PLACEMENT_3D('',#10974,#10975,#10976);
#10974=CARTESIAN_POINT('',(-0.402,2.5,0.051));
#10975=DIRECTION('',(0.0,0.0,1.0));
#10976=DIRECTION('',(0.,1.,0.));
#10977=FACE_OUTER_BOUND('',#10978,.T.);
#10978=EDGE_LOOP('',(#10979,#10989,#10999,#11009));
#10979=ORIENTED_EDGE('',*,*,#10813,.T.);
#10990=EDGE_CURVE('',#10903,#10804,#10995,.T.);
#10995=LINE('',#10904,#10997);
#10997=VECTOR('',#10998,0.3048);
#10998=DIRECTION('',(-1.0,0.0,0.0));
#10989=ORIENTED_EDGE('',*,*,#10990,.F.);
#10999=ORIENTED_EDGE('',*,*,#10902,.T.);
#11010=EDGE_CURVE('',#10814,#10893,#11015,.T.);
#11015=LINE('',#10815,#11017);
#11017=VECTOR('',#11018,0.3048);
#11018=DIRECTION('',(1.0,0.0,0.0));
#11009=ORIENTED_EDGE('',*,*,#11010,.F.);
#11019=STYLED_ITEM('',(#34),#11020);
#11020=ADVANCED_FACE('',(#11026),#11021,.T.);
#11021=PLANE('',#11022);
#11022=AXIS2_PLACEMENT_3D('',#11023,#11024,#11025);
#11023=CARTESIAN_POINT('',(-0.098,2.553,0.0));
#11024=DIRECTION('',(0.0,1.0,0.0));
#11025=DIRECTION('',(0.,0.,1.));
#11026=FACE_OUTER_BOUND('',#11027,.T.);
#11027=EDGE_LOOP('',(#11028,#11038,#11048,#11058));
#11029=EDGE_CURVE('',#10796,#10863,#11034,.T.);
#11034=LINE('',#10797,#11036);
#11036=VECTOR('',#11037,0.3048);
#11037=DIRECTION('',(1.0,0.0,0.0));
#11028=ORIENTED_EDGE('',*,*,#11029,.F.);
#11038=ORIENTED_EDGE('',*,*,#10843,.T.);
#11048=ORIENTED_EDGE('',*,*,#10961,.T.);
#11058=ORIENTED_EDGE('',*,*,#10872,.T.);
#11068=STYLED_ITEM('',(#34),#11069);
#11069=ADVANCED_FACE('',(#11075),#11070,.T.);
#11070=PLANE('',#11071);
#11071=AXIS2_PLACEMENT_3D('',#11072,#11073,#11074);
#11072=CARTESIAN_POINT('',(-0.402,2.045,0.0));
#11073=DIRECTION('',(0.0,-1.0,0.0));
#11074=DIRECTION('',(0.,0.,1.));
#11075=FACE_OUTER_BOUND('',#11076,.T.);
#11076=EDGE_LOOP('',(#11077,#11087,#11097,#11107));
#11078=EDGE_CURVE('',#10865,#10794,#11083,.T.);
#11083=LINE('',#10866,#11085);
#11085=VECTOR('',#11086,0.3048);
#11086=DIRECTION('',(-1.0,0.0,0.0));
#11077=ORIENTED_EDGE('',*,*,#11078,.F.);
#11087=ORIENTED_EDGE('',*,*,#10912,.T.);
#11097=ORIENTED_EDGE('',*,*,#10990,.T.);
#11107=ORIENTED_EDGE('',*,*,#10803,.T.);
#11117=STYLED_ITEM('',(#34),#11118);
#11118=ADVANCED_FACE('',(#11124),#11119,.T.);
#11119=PLANE('',#11120);
#11120=AXIS2_PLACEMENT_3D('',#11121,#11122,#11123);
#11121=CARTESIAN_POINT('',(-0.402,2.5,0.051));
#11122=DIRECTION('',(0.0,-1.0,0.0));
#11123=DIRECTION('',(0.,0.,1.));
#11124=FACE_OUTER_BOUND('',#11125,.T.);
#11125=EDGE_LOOP('',(#11126,#11136,#11146,#11156));
#11126=ORIENTED_EDGE('',*,*,#11010,.T.);
#11136=ORIENTED_EDGE('',*,*,#10892,.T.);
#11146=ORIENTED_EDGE('',*,*,#10941,.T.);
#11156=ORIENTED_EDGE('',*,*,#10823,.T.);
#11166=STYLED_ITEM('',(#34),#11167);
#11167=ADVANCED_FACE('',(#11173),#11168,.T.);
#11168=PLANE('',#11169);
#11169=AXIS2_PLACEMENT_3D('',#11170,#11171,#11172);
#11170=CARTESIAN_POINT('',(-0.098,2.553,0.0));
#11171=DIRECTION('',(0.0,0.0,-1.0));
#11172=DIRECTION('',(0.,1.,0.));
#11173=FACE_OUTER_BOUND('',#11174,.T.);
#11174=EDGE_LOOP('',(#11175,#11185,#11195,#11205));
#11175=ORIENTED_EDGE('',*,*,#10862,.T.);
#11185=ORIENTED_EDGE('',*,*,#11078,.T.);
#11195=ORIENTED_EDGE('',*,*,#10793,.T.);
#11205=ORIENTED_EDGE('',*,*,#11029,.T.);
#11215=MANIFOLD_SOLID_BREP($,#11216);
#11216=CLOSED_SHELL('',(#11218,#11287,#11356,#11405,#11454,#11503,#11552,#11601));
#11217=STYLED_ITEM('',(#34),#11218);
#11218=ADVANCED_FACE('',(#11224),#11219,.T.);
#11219=PLANE('',#11220);
#11220=AXIS2_PLACEMENT_3D('',#11221,#11222,#11223);
#11221=CARTESIAN_POINT('',(-0.902,2.553,0.0));
#11222=DIRECTION('',(-1.0,0.0,0.0));
#11223=DIRECTION('',(0.,0.,1.));
#11224=FACE_OUTER_BOUND('',#11225,.T.);
#11225=EDGE_LOOP('',(#11226,#11236,#11246,#11256,#11266,#11276));
#11229=CARTESIAN_POINT('',(-0.902,2.045,0.0));
#11228=VERTEX_POINT('',#11229);
#11231=CARTESIAN_POINT('',(-0.902,2.553,0.0));
#11230=VERTEX_POINT('',#11231);
#11227=EDGE_CURVE('',#11228,#11230,#11232,.T.);
#11232=LINE('',#11229,#11234);
#11234=VECTOR('',#11235,0.508);
#11235=DIRECTION('',(0.0,1.0,0.0));
#11226=ORIENTED_EDGE('',*,*,#11227,.F.);
#11239=CARTESIAN_POINT('',(-0.902,2.045,0.051));
#11238=VERTEX_POINT('',#11239);
#11237=EDGE_CURVE('',#11238,#11228,#11242,.T.);
#11242=LINE('',#11239,#11244);
#11244=VECTOR('',#11245,0.0508);
#11245=DIRECTION('',(0.0,0.0,-1.0));
#11236=ORIENTED_EDGE('',*,*,#11237,.F.);
#11249=CARTESIAN_POINT('',(-0.902,2.5,0.051));
#11248=VERTEX_POINT('',#11249);
#11247=EDGE_CURVE('',#11248,#11238,#11252,.T.);
#11252=LINE('',#11249,#11254);
#11254=VECTOR('',#11255,0.45530008);
#11255=DIRECTION('',(0.0,-1.0,0.0));
#11246=ORIENTED_EDGE('',*,*,#11247,.F.);
#11259=CARTESIAN_POINT('',(-0.902,2.5,0.394));
#11258=VERTEX_POINT('',#11259);
#11257=EDGE_CURVE('',#11258,#11248,#11262,.T.);
#11262=LINE('',#11259,#11264);
#11264=VECTOR('',#11265,0.3429);
#11265=DIRECTION('',(0.0,0.0,-1.0));
#11256=ORIENTED_EDGE('',*,*,#11257,.F.);
#11269=CARTESIAN_POINT('',(-0.902,2.553,0.394));
#11268=VERTEX_POINT('',#11269);
#11267=EDGE_CURVE('',#11268,#11258,#11272,.T.);
#11272=LINE('',#11269,#11274);
#11274=VECTOR('',#11275,0.0526999199999999);
#11275=DIRECTION('',(0.0,-1.0,0.0));
#11266=ORIENTED_EDGE('',*,*,#11267,.F.);
#11277=EDGE_CURVE('',#11230,#11268,#11282,.T.);
#11282=LINE('',#11231,#11284);
#11284=VECTOR('',#11285,0.3937);
#11285=DIRECTION('',(0.0,0.0,1.0));
#11276=ORIENTED_EDGE('',*,*,#11277,.F.);
#11286=STYLED_ITEM('',(#34),#11287);
#11287=ADVANCED_FACE('',(#11293),#11288,.T.);
#11288=PLANE('',#11289);
#11289=AXIS2_PLACEMENT_3D('',#11290,#11291,#11292);
#11290=CARTESIAN_POINT('',(-0.598,2.045,0.0));
#11291=DIRECTION('',(1.0,0.0,0.0));
#11292=DIRECTION('',(0.,0.,1.));
#11293=FACE_OUTER_BOUND('',#11294,.T.);
#11294=EDGE_LOOP('',(#11295,#11305,#11315,#11325,#11335,#11345));
#11298=CARTESIAN_POINT('',(-0.598,2.553,0.0));
#11297=VERTEX_POINT('',#11298);
#11300=CARTESIAN_POINT('',(-0.598,2.045,0.0));
#11299=VERTEX_POINT('',#11300);
#11296=EDGE_CURVE('',#11297,#11299,#11301,.T.);
#11301=LINE('',#11298,#11303);
#11303=VECTOR('',#11304,0.508);
#11304=DIRECTION('',(0.0,-1.0,0.0));
#11295=ORIENTED_EDGE('',*,*,#11296,.F.);
#11308=CARTESIAN_POINT('',(-0.598,2.553,0.394));
#11307=VERTEX_POINT('',#11308);
#11306=EDGE_CURVE('',#11307,#11297,#11311,.T.);
#11311=LINE('',#11308,#11313);
#11313=VECTOR('',#11314,0.3937);
#11314=DIRECTION('',(0.0,0.0,-1.0));
#11305=ORIENTED_EDGE('',*,*,#11306,.F.);
#11318=CARTESIAN_POINT('',(-0.598,2.5,0.394));
#11317=VERTEX_POINT('',#11318);
#11316=EDGE_CURVE('',#11317,#11307,#11321,.T.);
#11321=LINE('',#11318,#11323);
#11323=VECTOR('',#11324,0.0526999199999999);
#11324=DIRECTION('',(0.0,1.0,0.0));
#11315=ORIENTED_EDGE('',*,*,#11316,.F.);
#11328=CARTESIAN_POINT('',(-0.598,2.5,0.051));
#11327=VERTEX_POINT('',#11328);
#11326=EDGE_CURVE('',#11327,#11317,#11331,.T.);
#11331=LINE('',#11328,#11333);
#11333=VECTOR('',#11334,0.3429);
#11334=DIRECTION('',(0.0,0.0,1.0));
#11325=ORIENTED_EDGE('',*,*,#11326,.F.);
#11338=CARTESIAN_POINT('',(-0.598,2.045,0.051));
#11337=VERTEX_POINT('',#11338);
#11336=EDGE_CURVE('',#11337,#11327,#11341,.T.);
#11341=LINE('',#11338,#11343);
#11343=VECTOR('',#11344,0.45530008);
#11344=DIRECTION('',(0.0,1.0,0.0));
#11335=ORIENTED_EDGE('',*,*,#11336,.F.);
#11346=EDGE_CURVE('',#11299,#11337,#11351,.T.);
#11351=LINE('',#11300,#11353);
#11353=VECTOR('',#11354,0.0508);
#11354=DIRECTION('',(0.0,0.0,1.0));
#11345=ORIENTED_EDGE('',*,*,#11346,.F.);
#11355=STYLED_ITEM('',(#34),#11356);
#11356=ADVANCED_FACE('',(#11362),#11357,.T.);
#11357=PLANE('',#11358);
#11358=AXIS2_PLACEMENT_3D('',#11359,#11360,#11361);
#11359=CARTESIAN_POINT('',(-0.902,2.553,0.394));
#11360=DIRECTION('',(0.0,0.0,1.0));
#11361=DIRECTION('',(0.,1.,0.));
#11362=FACE_OUTER_BOUND('',#11363,.T.);
#11363=EDGE_LOOP('',(#11364,#11374,#11384,#11394));
#11364=ORIENTED_EDGE('',*,*,#11267,.T.);
#11375=EDGE_CURVE('',#11317,#11258,#11380,.T.);
#11380=LINE('',#11318,#11382);
#11382=VECTOR('',#11383,0.3048);
#11383=DIRECTION('',(-1.0,0.0,0.0));
#11374=ORIENTED_EDGE('',*,*,#11375,.F.);
#11384=ORIENTED_EDGE('',*,*,#11316,.T.);
#11395=EDGE_CURVE('',#11268,#11307,#11400,.T.);
#11400=LINE('',#11269,#11402);
#11402=VECTOR('',#11403,0.3048);
#11403=DIRECTION('',(1.0,0.0,0.0));
#11394=ORIENTED_EDGE('',*,*,#11395,.F.);
#11404=STYLED_ITEM('',(#34),#11405);
#11405=ADVANCED_FACE('',(#11411),#11406,.T.);
#11406=PLANE('',#11407);
#11407=AXIS2_PLACEMENT_3D('',#11408,#11409,#11410);
#11408=CARTESIAN_POINT('',(-0.902,2.5,0.051));
#11409=DIRECTION('',(0.0,0.0,1.0));
#11410=DIRECTION('',(0.,1.,0.));
#11411=FACE_OUTER_BOUND('',#11412,.T.);
#11412=EDGE_LOOP('',(#11413,#11423,#11433,#11443));
#11413=ORIENTED_EDGE('',*,*,#11247,.T.);
#11424=EDGE_CURVE('',#11337,#11238,#11429,.T.);
#11429=LINE('',#11338,#11431);
#11431=VECTOR('',#11432,0.3048);
#11432=DIRECTION('',(-1.0,0.0,0.0));
#11423=ORIENTED_EDGE('',*,*,#11424,.F.);
#11433=ORIENTED_EDGE('',*,*,#11336,.T.);
#11444=EDGE_CURVE('',#11248,#11327,#11449,.T.);
#11449=LINE('',#11249,#11451);
#11451=VECTOR('',#11452,0.3048);
#11452=DIRECTION('',(1.0,0.0,0.0));
#11443=ORIENTED_EDGE('',*,*,#11444,.F.);
#11453=STYLED_ITEM('',(#34),#11454);
#11454=ADVANCED_FACE('',(#11460),#11455,.T.);
#11455=PLANE('',#11456);
#11456=AXIS2_PLACEMENT_3D('',#11457,#11458,#11459);
#11457=CARTESIAN_POINT('',(-0.598,2.553,0.0));
#11458=DIRECTION('',(0.0,1.0,0.0));
#11459=DIRECTION('',(0.,0.,1.));
#11460=FACE_OUTER_BOUND('',#11461,.T.);
#11461=EDGE_LOOP('',(#11462,#11472,#11482,#11492));
#11463=EDGE_CURVE('',#11230,#11297,#11468,.T.);
#11468=LINE('',#11231,#11470);
#11470=VECTOR('',#11471,0.3048);
#11471=DIRECTION('',(1.0,0.0,0.0));
#11462=ORIENTED_EDGE('',*,*,#11463,.F.);
#11472=ORIENTED_EDGE('',*,*,#11277,.T.);
#11482=ORIENTED_EDGE('',*,*,#11395,.T.);
#11492=ORIENTED_EDGE('',*,*,#11306,.T.);
#11502=STYLED_ITEM('',(#34),#11503);
#11503=ADVANCED_FACE('',(#11509),#11504,.T.);
#11504=PLANE('',#11505);
#11505=AXIS2_PLACEMENT_3D('',#11506,#11507,#11508);
#11506=CARTESIAN_POINT('',(-0.902,2.045,0.0));
#11507=DIRECTION('',(0.0,-1.0,0.0));
#11508=DIRECTION('',(0.,0.,1.));
#11509=FACE_OUTER_BOUND('',#11510,.T.);
#11510=EDGE_LOOP('',(#11511,#11521,#11531,#11541));
#11512=EDGE_CURVE('',#11299,#11228,#11517,.T.);
#11517=LINE('',#11300,#11519);
#11519=VECTOR('',#11520,0.3048);
#11520=DIRECTION('',(-1.0,0.0,0.0));
#11511=ORIENTED_EDGE('',*,*,#11512,.F.);
#11521=ORIENTED_EDGE('',*,*,#11346,.T.);
#11531=ORIENTED_EDGE('',*,*,#11424,.T.);
#11541=ORIENTED_EDGE('',*,*,#11237,.T.);
#11551=STYLED_ITEM('',(#34),#11552);
#11552=ADVANCED_FACE('',(#11558),#11553,.T.);
#11553=PLANE('',#11554);
#11554=AXIS2_PLACEMENT_3D('',#11555,#11556,#11557);
#11555=CARTESIAN_POINT('',(-0.902,2.5,0.051));
#11556=DIRECTION('',(0.0,-1.0,0.0));
#11557=DIRECTION('',(0.,0.,1.));
#11558=FACE_OUTER_BOUND('',#11559,.T.);
#11559=EDGE_LOOP('',(#11560,#11570,#11580,#11590));
#11560=ORIENTED_EDGE('',*,*,#11444,.T.);
#11570=ORIENTED_EDGE('',*,*,#11326,.T.);
#11580=ORIENTED_EDGE('',*,*,#11375,.T.);
#11590=ORIENTED_EDGE('',*,*,#11257,.T.);
#11600=STYLED_ITEM('',(#34),#11601);
#11601=ADVANCED_FACE('',(#11607),#11602,.T.);
#11602=PLANE('',#11603);
#11603=AXIS2_PLACEMENT_3D('',#11604,#11605,#11606);
#11604=CARTESIAN_POINT('',(-0.598,2.553,0.0));
#11605=DIRECTION('',(0.0,0.0,-1.0));
#11606=DIRECTION('',(0.,1.,0.));
#11607=FACE_OUTER_BOUND('',#11608,.T.);
#11608=EDGE_LOOP('',(#11609,#11619,#11629,#11639));
#11609=ORIENTED_EDGE('',*,*,#11296,.T.);
#11619=ORIENTED_EDGE('',*,*,#11512,.T.);
#11629=ORIENTED_EDGE('',*,*,#11227,.T.);
#11639=ORIENTED_EDGE('',*,*,#11463,.T.);
#11649=MANIFOLD_SOLID_BREP($,#11650);
#11650=CLOSED_SHELL('',(#11652,#11721,#11790,#11839,#11888,#11937,#11986,#12035));
#11651=STYLED_ITEM('',(#34),#11652);
#11652=ADVANCED_FACE('',(#11658),#11653,.T.);
#11653=PLANE('',#11654);
#11654=AXIS2_PLACEMENT_3D('',#11655,#11656,#11657);
#11655=CARTESIAN_POINT('',(-1.402,2.553,0.0));
#11656=DIRECTION('',(-1.0,0.0,0.0));
#11657=DIRECTION('',(0.,0.,1.));
#11658=FACE_OUTER_BOUND('',#11659,.T.);
#11659=EDGE_LOOP('',(#11660,#11670,#11680,#11690,#11700,#11710));
#11663=CARTESIAN_POINT('',(-1.402,2.045,0.0));
#11662=VERTEX_POINT('',#11663);
#11665=CARTESIAN_POINT('',(-1.402,2.553,0.0));
#11664=VERTEX_POINT('',#11665);
#11661=EDGE_CURVE('',#11662,#11664,#11666,.T.);
#11666=LINE('',#11663,#11668);
#11668=VECTOR('',#11669,0.508);
#11669=DIRECTION('',(0.0,1.0,0.0));
#11660=ORIENTED_EDGE('',*,*,#11661,.F.);
#11673=CARTESIAN_POINT('',(-1.402,2.045,0.051));
#11672=VERTEX_POINT('',#11673);
#11671=EDGE_CURVE('',#11672,#11662,#11676,.T.);
#11676=LINE('',#11673,#11678);
#11678=VECTOR('',#11679,0.0508);
#11679=DIRECTION('',(0.0,0.0,-1.0));
#11670=ORIENTED_EDGE('',*,*,#11671,.F.);
#11683=CARTESIAN_POINT('',(-1.402,2.5,0.051));
#11682=VERTEX_POINT('',#11683);
#11681=EDGE_CURVE('',#11682,#11672,#11686,.T.);
#11686=LINE('',#11683,#11688);
#11688=VECTOR('',#11689,0.45530008);
#11689=DIRECTION('',(0.0,-1.0,0.0));
#11680=ORIENTED_EDGE('',*,*,#11681,.F.);
#11693=CARTESIAN_POINT('',(-1.402,2.5,0.394));
#11692=VERTEX_POINT('',#11693);
#11691=EDGE_CURVE('',#11692,#11682,#11696,.T.);
#11696=LINE('',#11693,#11698);
#11698=VECTOR('',#11699,0.3429);
#11699=DIRECTION('',(0.0,0.0,-1.0));
#11690=ORIENTED_EDGE('',*,*,#11691,.F.);
#11703=CARTESIAN_POINT('',(-1.402,2.553,0.394));
#11702=VERTEX_POINT('',#11703);
#11701=EDGE_CURVE('',#11702,#11692,#11706,.T.);
#11706=LINE('',#11703,#11708);
#11708=VECTOR('',#11709,0.0526999199999999);
#11709=DIRECTION('',(0.0,-1.0,0.0));
#11700=ORIENTED_EDGE('',*,*,#11701,.F.);
#11711=EDGE_CURVE('',#11664,#11702,#11716,.T.);
#11716=LINE('',#11665,#11718);
#11718=VECTOR('',#11719,0.3937);
#11719=DIRECTION('',(0.0,0.0,1.0));
#11710=ORIENTED_EDGE('',*,*,#11711,.F.);
#11720=STYLED_ITEM('',(#34),#11721);
#11721=ADVANCED_FACE('',(#11727),#11722,.T.);
#11722=PLANE('',#11723);
#11723=AXIS2_PLACEMENT_3D('',#11724,#11725,#11726);
#11724=CARTESIAN_POINT('',(-1.098,2.045,0.0));
#11725=DIRECTION('',(1.0,0.0,0.0));
#11726=DIRECTION('',(0.,0.,1.));
#11727=FACE_OUTER_BOUND('',#11728,.T.);
#11728=EDGE_LOOP('',(#11729,#11739,#11749,#11759,#11769,#11779));
#11732=CARTESIAN_POINT('',(-1.098,2.553,0.0));
#11731=VERTEX_POINT('',#11732);
#11734=CARTESIAN_POINT('',(-1.098,2.045,0.0));
#11733=VERTEX_POINT('',#11734);
#11730=EDGE_CURVE('',#11731,#11733,#11735,.T.);
#11735=LINE('',#11732,#11737);
#11737=VECTOR('',#11738,0.508);
#11738=DIRECTION('',(0.0,-1.0,0.0));
#11729=ORIENTED_EDGE('',*,*,#11730,.F.);
#11742=CARTESIAN_POINT('',(-1.098,2.553,0.394));
#11741=VERTEX_POINT('',#11742);
#11740=EDGE_CURVE('',#11741,#11731,#11745,.T.);
#11745=LINE('',#11742,#11747);
#11747=VECTOR('',#11748,0.3937);
#11748=DIRECTION('',(0.0,0.0,-1.0));
#11739=ORIENTED_EDGE('',*,*,#11740,.F.);
#11752=CARTESIAN_POINT('',(-1.098,2.5,0.394));
#11751=VERTEX_POINT('',#11752);
#11750=EDGE_CURVE('',#11751,#11741,#11755,.T.);
#11755=LINE('',#11752,#11757);
#11757=VECTOR('',#11758,0.0526999199999999);
#11758=DIRECTION('',(0.0,1.0,0.0));
#11749=ORIENTED_EDGE('',*,*,#11750,.F.);
#11762=CARTESIAN_POINT('',(-1.098,2.5,0.051));
#11761=VERTEX_POINT('',#11762);
#11760=EDGE_CURVE('',#11761,#11751,#11765,.T.);
#11765=LINE('',#11762,#11767);
#11767=VECTOR('',#11768,0.3429);
#11768=DIRECTION('',(0.0,0.0,1.0));
#11759=ORIENTED_EDGE('',*,*,#11760,.F.);
#11772=CARTESIAN_POINT('',(-1.098,2.045,0.051));
#11771=VERTEX_POINT('',#11772);
#11770=EDGE_CURVE('',#11771,#11761,#11775,.T.);
#11775=LINE('',#11772,#11777);
#11777=VECTOR('',#11778,0.45530008);
#11778=DIRECTION('',(0.0,1.0,0.0));
#11769=ORIENTED_EDGE('',*,*,#11770,.F.);
#11780=EDGE_CURVE('',#11733,#11771,#11785,.T.);
#11785=LINE('',#11734,#11787);
#11787=VECTOR('',#11788,0.0508);
#11788=DIRECTION('',(0.0,0.0,1.0));
#11779=ORIENTED_EDGE('',*,*,#11780,.F.);
#11789=STYLED_ITEM('',(#34),#11790);
#11790=ADVANCED_FACE('',(#11796),#11791,.T.);
#11791=PLANE('',#11792);
#11792=AXIS2_PLACEMENT_3D('',#11793,#11794,#11795);
#11793=CARTESIAN_POINT('',(-1.402,2.553,0.394));
#11794=DIRECTION('',(0.0,0.0,1.0));
#11795=DIRECTION('',(0.,1.,0.));
#11796=FACE_OUTER_BOUND('',#11797,.T.);
#11797=EDGE_LOOP('',(#11798,#11808,#11818,#11828));
#11798=ORIENTED_EDGE('',*,*,#11701,.T.);
#11809=EDGE_CURVE('',#11751,#11692,#11814,.T.);
#11814=LINE('',#11752,#11816);
#11816=VECTOR('',#11817,0.3048);
#11817=DIRECTION('',(-1.0,0.0,0.0));
#11808=ORIENTED_EDGE('',*,*,#11809,.F.);
#11818=ORIENTED_EDGE('',*,*,#11750,.T.);
#11829=EDGE_CURVE('',#11702,#11741,#11834,.T.);
#11834=LINE('',#11703,#11836);
#11836=VECTOR('',#11837,0.3048);
#11837=DIRECTION('',(1.0,0.0,0.0));
#11828=ORIENTED_EDGE('',*,*,#11829,.F.);
#11838=STYLED_ITEM('',(#34),#11839);
#11839=ADVANCED_FACE('',(#11845),#11840,.T.);
#11840=PLANE('',#11841);
#11841=AXIS2_PLACEMENT_3D('',#11842,#11843,#11844);
#11842=CARTESIAN_POINT('',(-1.402,2.5,0.051));
#11843=DIRECTION('',(0.0,0.0,1.0));
#11844=DIRECTION('',(0.,1.,0.));
#11845=FACE_OUTER_BOUND('',#11846,.T.);
#11846=EDGE_LOOP('',(#11847,#11857,#11867,#11877));
#11847=ORIENTED_EDGE('',*,*,#11681,.T.);
#11858=EDGE_CURVE('',#11771,#11672,#11863,.T.);
#11863=LINE('',#11772,#11865);
#11865=VECTOR('',#11866,0.3048);
#11866=DIRECTION('',(-1.0,0.0,0.0));
#11857=ORIENTED_EDGE('',*,*,#11858,.F.);
#11867=ORIENTED_EDGE('',*,*,#11770,.T.);
#11878=EDGE_CURVE('',#11682,#11761,#11883,.T.);
#11883=LINE('',#11683,#11885);
#11885=VECTOR('',#11886,0.3048);
#11886=DIRECTION('',(1.0,0.0,0.0));
#11877=ORIENTED_EDGE('',*,*,#11878,.F.);
#11887=STYLED_ITEM('',(#34),#11888);
#11888=ADVANCED_FACE('',(#11894),#11889,.T.);
#11889=PLANE('',#11890);
#11890=AXIS2_PLACEMENT_3D('',#11891,#11892,#11893);
#11891=CARTESIAN_POINT('',(-1.098,2.553,0.0));
#11892=DIRECTION('',(0.0,1.0,0.0));
#11893=DIRECTION('',(0.,0.,1.));
#11894=FACE_OUTER_BOUND('',#11895,.T.);
#11895=EDGE_LOOP('',(#11896,#11906,#11916,#11926));
#11897=EDGE_CURVE('',#11664,#11731,#11902,.T.);
#11902=LINE('',#11665,#11904);
#11904=VECTOR('',#11905,0.3048);
#11905=DIRECTION('',(1.0,0.0,0.0));
#11896=ORIENTED_EDGE('',*,*,#11897,.F.);
#11906=ORIENTED_EDGE('',*,*,#11711,.T.);
#11916=ORIENTED_EDGE('',*,*,#11829,.T.);
#11926=ORIENTED_EDGE('',*,*,#11740,.T.);
#11936=STYLED_ITEM('',(#34),#11937);
#11937=ADVANCED_FACE('',(#11943),#11938,.T.);
#11938=PLANE('',#11939);
#11939=AXIS2_PLACEMENT_3D('',#11940,#11941,#11942);
#11940=CARTESIAN_POINT('',(-1.402,2.045,0.0));
#11941=DIRECTION('',(0.0,-1.0,0.0));
#11942=DIRECTION('',(0.,0.,1.));
#11943=FACE_OUTER_BOUND('',#11944,.T.);
#11944=EDGE_LOOP('',(#11945,#11955,#11965,#11975));
#11946=EDGE_CURVE('',#11733,#11662,#11951,.T.);
#11951=LINE('',#11734,#11953);
#11953=VECTOR('',#11954,0.3048);
#11954=DIRECTION('',(-1.0,0.0,0.0));
#11945=ORIENTED_EDGE('',*,*,#11946,.F.);
#11955=ORIENTED_EDGE('',*,*,#11780,.T.);
#11965=ORIENTED_EDGE('',*,*,#11858,.T.);
#11975=ORIENTED_EDGE('',*,*,#11671,.T.);
#11985=STYLED_ITEM('',(#34),#11986);
#11986=ADVANCED_FACE('',(#11992),#11987,.T.);
#11987=PLANE('',#11988);
#11988=AXIS2_PLACEMENT_3D('',#11989,#11990,#11991);
#11989=CARTESIAN_POINT('',(-1.402,2.5,0.051));
#11990=DIRECTION('',(0.0,-1.0,0.0));
#11991=DIRECTION('',(0.,0.,1.));
#11992=FACE_OUTER_BOUND('',#11993,.T.);
#11993=EDGE_LOOP('',(#11994,#12004,#12014,#12024));
#11994=ORIENTED_EDGE('',*,*,#11878,.T.);
#12004=ORIENTED_EDGE('',*,*,#11760,.T.);
#12014=ORIENTED_EDGE('',*,*,#11809,.T.);
#12024=ORIENTED_EDGE('',*,*,#11691,.T.);
#12034=STYLED_ITEM('',(#34),#12035);
#12035=ADVANCED_FACE('',(#12041),#12036,.T.);
#12036=PLANE('',#12037);
#12037=AXIS2_PLACEMENT_3D('',#12038,#12039,#12040);
#12038=CARTESIAN_POINT('',(-1.098,2.553,0.0));
#12039=DIRECTION('',(0.0,0.0,-1.0));
#12040=DIRECTION('',(0.,1.,0.));
#12041=FACE_OUTER_BOUND('',#12042,.T.);
#12042=EDGE_LOOP('',(#12043,#12053,#12063,#12073));
#12043=ORIENTED_EDGE('',*,*,#11730,.T.);
#12053=ORIENTED_EDGE('',*,*,#11946,.T.);
#12063=ORIENTED_EDGE('',*,*,#11661,.T.);
#12073=ORIENTED_EDGE('',*,*,#11897,.T.);
#12083=MANIFOLD_SOLID_BREP($,#12084);
#12084=CLOSED_SHELL('',(#12086,#12155,#12224,#12273,#12322,#12371,#12420,#12469));
#12085=STYLED_ITEM('',(#34),#12086);
#12086=ADVANCED_FACE('',(#12092),#12087,.T.);
#12087=PLANE('',#12088);
#12088=AXIS2_PLACEMENT_3D('',#12089,#12090,#12091);
#12089=CARTESIAN_POINT('',(-1.902,2.553,0.0));
#12090=DIRECTION('',(-1.0,0.0,0.0));
#12091=DIRECTION('',(0.,0.,1.));
#12092=FACE_OUTER_BOUND('',#12093,.T.);
#12093=EDGE_LOOP('',(#12094,#12104,#12114,#12124,#12134,#12144));
#12097=CARTESIAN_POINT('',(-1.902,2.045,0.0));
#12096=VERTEX_POINT('',#12097);
#12099=CARTESIAN_POINT('',(-1.902,2.553,0.0));
#12098=VERTEX_POINT('',#12099);
#12095=EDGE_CURVE('',#12096,#12098,#12100,.T.);
#12100=LINE('',#12097,#12102);
#12102=VECTOR('',#12103,0.508);
#12103=DIRECTION('',(0.0,1.0,0.0));
#12094=ORIENTED_EDGE('',*,*,#12095,.F.);
#12107=CARTESIAN_POINT('',(-1.902,2.045,0.051));
#12106=VERTEX_POINT('',#12107);
#12105=EDGE_CURVE('',#12106,#12096,#12110,.T.);
#12110=LINE('',#12107,#12112);
#12112=VECTOR('',#12113,0.0508);
#12113=DIRECTION('',(0.0,0.0,-1.0));
#12104=ORIENTED_EDGE('',*,*,#12105,.F.);
#12117=CARTESIAN_POINT('',(-1.902,2.5,0.051));
#12116=VERTEX_POINT('',#12117);
#12115=EDGE_CURVE('',#12116,#12106,#12120,.T.);
#12120=LINE('',#12117,#12122);
#12122=VECTOR('',#12123,0.45530008);
#12123=DIRECTION('',(0.0,-1.0,0.0));
#12114=ORIENTED_EDGE('',*,*,#12115,.F.);
#12127=CARTESIAN_POINT('',(-1.902,2.5,0.394));
#12126=VERTEX_POINT('',#12127);
#12125=EDGE_CURVE('',#12126,#12116,#12130,.T.);
#12130=LINE('',#12127,#12132);
#12132=VECTOR('',#12133,0.3429);
#12133=DIRECTION('',(0.0,0.0,-1.0));
#12124=ORIENTED_EDGE('',*,*,#12125,.F.);
#12137=CARTESIAN_POINT('',(-1.902,2.553,0.394));
#12136=VERTEX_POINT('',#12137);
#12135=EDGE_CURVE('',#12136,#12126,#12140,.T.);
#12140=LINE('',#12137,#12142);
#12142=VECTOR('',#12143,0.0526999199999999);
#12143=DIRECTION('',(0.0,-1.0,0.0));
#12134=ORIENTED_EDGE('',*,*,#12135,.F.);
#12145=EDGE_CURVE('',#12098,#12136,#12150,.T.);
#12150=LINE('',#12099,#12152);
#12152=VECTOR('',#12153,0.3937);
#12153=DIRECTION('',(0.0,0.0,1.0));
#12144=ORIENTED_EDGE('',*,*,#12145,.F.);
#12154=STYLED_ITEM('',(#34),#12155);
#12155=ADVANCED_FACE('',(#12161),#12156,.T.);
#12156=PLANE('',#12157);
#12157=AXIS2_PLACEMENT_3D('',#12158,#12159,#12160);
#12158=CARTESIAN_POINT('',(-1.598,2.045,0.0));
#12159=DIRECTION('',(1.0,0.0,0.0));
#12160=DIRECTION('',(0.,0.,1.));
#12161=FACE_OUTER_BOUND('',#12162,.T.);
#12162=EDGE_LOOP('',(#12163,#12173,#12183,#12193,#12203,#12213));
#12166=CARTESIAN_POINT('',(-1.598,2.553,0.0));
#12165=VERTEX_POINT('',#12166);
#12168=CARTESIAN_POINT('',(-1.598,2.045,0.0));
#12167=VERTEX_POINT('',#12168);
#12164=EDGE_CURVE('',#12165,#12167,#12169,.T.);
#12169=LINE('',#12166,#12171);
#12171=VECTOR('',#12172,0.508);
#12172=DIRECTION('',(0.0,-1.0,0.0));
#12163=ORIENTED_EDGE('',*,*,#12164,.F.);
#12176=CARTESIAN_POINT('',(-1.598,2.553,0.394));
#12175=VERTEX_POINT('',#12176);
#12174=EDGE_CURVE('',#12175,#12165,#12179,.T.);
#12179=LINE('',#12176,#12181);
#12181=VECTOR('',#12182,0.3937);
#12182=DIRECTION('',(0.0,0.0,-1.0));
#12173=ORIENTED_EDGE('',*,*,#12174,.F.);
#12186=CARTESIAN_POINT('',(-1.598,2.5,0.394));
#12185=VERTEX_POINT('',#12186);
#12184=EDGE_CURVE('',#12185,#12175,#12189,.T.);
#12189=LINE('',#12186,#12191);
#12191=VECTOR('',#12192,0.0526999199999999);
#12192=DIRECTION('',(0.0,1.0,0.0));
#12183=ORIENTED_EDGE('',*,*,#12184,.F.);
#12196=CARTESIAN_POINT('',(-1.598,2.5,0.051));
#12195=VERTEX_POINT('',#12196);
#12194=EDGE_CURVE('',#12195,#12185,#12199,.T.);
#12199=LINE('',#12196,#12201);
#12201=VECTOR('',#12202,0.3429);
#12202=DIRECTION('',(0.0,0.0,1.0));
#12193=ORIENTED_EDGE('',*,*,#12194,.F.);
#12206=CARTESIAN_POINT('',(-1.598,2.045,0.051));
#12205=VERTEX_POINT('',#12206);
#12204=EDGE_CURVE('',#12205,#12195,#12209,.T.);
#12209=LINE('',#12206,#12211);
#12211=VECTOR('',#12212,0.45530008);
#12212=DIRECTION('',(0.0,1.0,0.0));
#12203=ORIENTED_EDGE('',*,*,#12204,.F.);
#12214=EDGE_CURVE('',#12167,#12205,#12219,.T.);
#12219=LINE('',#12168,#12221);
#12221=VECTOR('',#12222,0.0508);
#12222=DIRECTION('',(0.0,0.0,1.0));
#12213=ORIENTED_EDGE('',*,*,#12214,.F.);
#12223=STYLED_ITEM('',(#34),#12224);
#12224=ADVANCED_FACE('',(#12230),#12225,.T.);
#12225=PLANE('',#12226);
#12226=AXIS2_PLACEMENT_3D('',#12227,#12228,#12229);
#12227=CARTESIAN_POINT('',(-1.902,2.553,0.394));
#12228=DIRECTION('',(0.0,0.0,1.0));
#12229=DIRECTION('',(0.,1.,0.));
#12230=FACE_OUTER_BOUND('',#12231,.T.);
#12231=EDGE_LOOP('',(#12232,#12242,#12252,#12262));
#12232=ORIENTED_EDGE('',*,*,#12135,.T.);
#12243=EDGE_CURVE('',#12185,#12126,#12248,.T.);
#12248=LINE('',#12186,#12250);
#12250=VECTOR('',#12251,0.3048);
#12251=DIRECTION('',(-1.0,0.0,0.0));
#12242=ORIENTED_EDGE('',*,*,#12243,.F.);
#12252=ORIENTED_EDGE('',*,*,#12184,.T.);
#12263=EDGE_CURVE('',#12136,#12175,#12268,.T.);
#12268=LINE('',#12137,#12270);
#12270=VECTOR('',#12271,0.3048);
#12271=DIRECTION('',(1.0,0.0,0.0));
#12262=ORIENTED_EDGE('',*,*,#12263,.F.);
#12272=STYLED_ITEM('',(#34),#12273);
#12273=ADVANCED_FACE('',(#12279),#12274,.T.);
#12274=PLANE('',#12275);
#12275=AXIS2_PLACEMENT_3D('',#12276,#12277,#12278);
#12276=CARTESIAN_POINT('',(-1.902,2.5,0.051));
#12277=DIRECTION('',(0.0,0.0,1.0));
#12278=DIRECTION('',(0.,1.,0.));
#12279=FACE_OUTER_BOUND('',#12280,.T.);
#12280=EDGE_LOOP('',(#12281,#12291,#12301,#12311));
#12281=ORIENTED_EDGE('',*,*,#12115,.T.);
#12292=EDGE_CURVE('',#12205,#12106,#12297,.T.);
#12297=LINE('',#12206,#12299);
#12299=VECTOR('',#12300,0.3048);
#12300=DIRECTION('',(-1.0,0.0,0.0));
#12291=ORIENTED_EDGE('',*,*,#12292,.F.);
#12301=ORIENTED_EDGE('',*,*,#12204,.T.);
#12312=EDGE_CURVE('',#12116,#12195,#12317,.T.);
#12317=LINE('',#12117,#12319);
#12319=VECTOR('',#12320,0.3048);
#12320=DIRECTION('',(1.0,0.0,0.0));
#12311=ORIENTED_EDGE('',*,*,#12312,.F.);
#12321=STYLED_ITEM('',(#34),#12322);
#12322=ADVANCED_FACE('',(#12328),#12323,.T.);
#12323=PLANE('',#12324);
#12324=AXIS2_PLACEMENT_3D('',#12325,#12326,#12327);
#12325=CARTESIAN_POINT('',(-1.598,2.553,0.0));
#12326=DIRECTION('',(0.0,1.0,0.0));
#12327=DIRECTION('',(0.,0.,1.));
#12328=FACE_OUTER_BOUND('',#12329,.T.);
#12329=EDGE_LOOP('',(#12330,#12340,#12350,#12360));
#12331=EDGE_CURVE('',#12098,#12165,#12336,.T.);
#12336=LINE('',#12099,#12338);
#12338=VECTOR('',#12339,0.3048);
#12339=DIRECTION('',(1.0,0.0,0.0));
#12330=ORIENTED_EDGE('',*,*,#12331,.F.);
#12340=ORIENTED_EDGE('',*,*,#12145,.T.);
#12350=ORIENTED_EDGE('',*,*,#12263,.T.);
#12360=ORIENTED_EDGE('',*,*,#12174,.T.);
#12370=STYLED_ITEM('',(#34),#12371);
#12371=ADVANCED_FACE('',(#12377),#12372,.T.);
#12372=PLANE('',#12373);
#12373=AXIS2_PLACEMENT_3D('',#12374,#12375,#12376);
#12374=CARTESIAN_POINT('',(-1.902,2.045,0.0));
#12375=DIRECTION('',(0.0,-1.0,0.0));
#12376=DIRECTION('',(0.,0.,1.));
#12377=FACE_OUTER_BOUND('',#12378,.T.);
#12378=EDGE_LOOP('',(#12379,#12389,#12399,#12409));
#12380=EDGE_CURVE('',#12167,#12096,#12385,.T.);
#12385=LINE('',#12168,#12387);
#12387=VECTOR('',#12388,0.3048);
#12388=DIRECTION('',(-1.0,0.0,0.0));
#12379=ORIENTED_EDGE('',*,*,#12380,.F.);
#12389=ORIENTED_EDGE('',*,*,#12214,.T.);
#12399=ORIENTED_EDGE('',*,*,#12292,.T.);
#12409=ORIENTED_EDGE('',*,*,#12105,.T.);
#12419=STYLED_ITEM('',(#34),#12420);
#12420=ADVANCED_FACE('',(#12426),#12421,.T.);
#12421=PLANE('',#12422);
#12422=AXIS2_PLACEMENT_3D('',#12423,#12424,#12425);
#12423=CARTESIAN_POINT('',(-1.902,2.5,0.051));
#12424=DIRECTION('',(0.0,-1.0,0.0));
#12425=DIRECTION('',(0.,0.,1.));
#12426=FACE_OUTER_BOUND('',#12427,.T.);
#12427=EDGE_LOOP('',(#12428,#12438,#12448,#12458));
#12428=ORIENTED_EDGE('',*,*,#12312,.T.);
#12438=ORIENTED_EDGE('',*,*,#12194,.T.);
#12448=ORIENTED_EDGE('',*,*,#12243,.T.);
#12458=ORIENTED_EDGE('',*,*,#12125,.T.);
#12468=STYLED_ITEM('',(#34),#12469);
#12469=ADVANCED_FACE('',(#12475),#12470,.T.);
#12470=PLANE('',#12471);
#12471=AXIS2_PLACEMENT_3D('',#12472,#12473,#12474);
#12472=CARTESIAN_POINT('',(-1.598,2.553,0.0));
#12473=DIRECTION('',(0.0,0.0,-1.0));
#12474=DIRECTION('',(0.,1.,0.));
#12475=FACE_OUTER_BOUND('',#12476,.T.);
#12476=EDGE_LOOP('',(#12477,#12487,#12497,#12507));
#12477=ORIENTED_EDGE('',*,*,#12164,.T.);
#12487=ORIENTED_EDGE('',*,*,#12380,.T.);
#12497=ORIENTED_EDGE('',*,*,#12095,.T.);
#12507=ORIENTED_EDGE('',*,*,#12331,.T.);
ENDSEC;
END-ISO-10303-21;
